-10.63
-10.1
-10.1
-10.1
-10.12
-10.12
-10.3
-10.3
-10.54
-10.54
-10.79
-10.79
-10.79
-11.01
-11.01
-11.04
-11.04
-11.03
-11.03
-11.12
-11.12
-11.04
-11.04
-11.04
-11.12
-11.12
-10.4
-10.4
-13.0
-13.0
-10.0
-10.0
-9.19
-9.19
-9.19
-9.52
-9.52
-9.74
-9.74
-12.0
-12.0
-13.0
-13.0
-13.0
-13.0
-13.0
-12.0
-12.0
-11.83
-11.83
-10.97
-10.97
-10.46
-10.46
-10.46
-10.74
-10.74
-11.74
-11.74
-11.21
-11.21
-12.44
-12.44
-11.72
-11.72
-11.72
-12.09
-12.09
-11.62
-11.62
-12.1
-12.1
-12.18
-12.18
-12.26
-12.26
-12.26
-12.4
-12.4
-13.43
-13.43
-13.28
-13.28
-13.13
-13.13
-13.13
-12.49
-12.49
-23.0
-23.0
-34.01
-34.01
-35.46
-35.46
-35.29
-35.29
-35.29
-35.18
-35.18
-36.49
-36.49
-37.37
-37.37
-37.01
-37.01
-39.24
-39.24
-39.24
-41.58
-41.58
-40.77
-40.77
-40.43
-40.43
-40.61
-40.61
-39.78
-39.78
-39.78
-39.74
-39.74
-39.06
-39.06
-37.17
-37.17
-37.17
-37.17
-37.17
-38.47
-38.47
-40.11
-40.11
-41.7
-41.7
-41.45
-41.45
-40.64
-40.64
-40.64
-40.05
-40.05
-39.94
-39.94
-39.35
-39.35
-39.74
-39.74
-38.55
-38.55
-38.55
-40.01
-40.01
-38.95
-38.95
-36.54
-36.54
-38.41
-38.41
-40.23
-40.23
-40.23
-40.77
-40.77
-41.3
-41.3
-40.64
-40.64
-38.66
-38.66
-38.66
-35.01
-35.01
-30.88
-30.88
-25.0
-25.0
-17.65
-17.65
-15.63
-15.63
-15.63
-15.35
-15.35
-13.38
-13.38
-11.67
-11.67
-10.98
-10.98
-19.0
-19.0
-19.0
-22.0
-22.0
-22.0
-22.0
-22.0
-22.0
-11.7
-11.7
-11.05
-11.05
-10.2
-10.25
-10.25
-10.25
-10.43
-10.43
-10.56
-10.56
-10.86
-10.86
-11.0
-11.0
-11.0
-11.02
-11.02
-11.08
-11.08
-11.16
-11.16
-11.18
-11.18
-11.18
-11.18
-11.18
-11.22
-11.22
-10.66
-10.66
-13.0
-13.0
-9.69
-9.69
-11.19
-11.19
-11.19
-10.99
-10.99
-11.1
-11.1
-11.31
-11.31
-10.54
-10.54
-10.54
-10.61
-10.61
-10.79
-10.79
-11.19
-11.19
-12.33
-12.33
-10.37
-10.37
-10.37
-11.39
-11.39
-11.26
-11.26
-11.59
-11.59
-11.49
-11.49
-11.7
-11.7
-11.7
-11.97
-11.97
-11.77
-11.77
-12.16
-12.16
-12.19
-12.19
-12.35
-12.35
-12.35
-13.67
-13.67
-13.65
-13.65
-12.36
-12.36
-12.79
-12.79
-12.79
-16.22
-16.22
-30.0
-30.0
-33.12
-33.12
-34.18
-34.18
-34.02
-34.02
-34.02
-34.58
-34.58
-38.78
-38.78
-39.75
-39.75
-40.18
-40.18
-41.26
-41.26
-41.26
-41.12
-41.12
-40.65
-40.65
-40.5
-40.5
-41.33
-41.33
-42.31
-42.31
-42.31
-43.15
-43.15
-42.81
-42.81
-42.07
-42.07
-41.2
-41.2
-41.2
-39.83
-39.83
-39.87
-39.87
-41.82
-41.82
-39.93
-39.93
-39.23
-39.23
-39.23
-39.45
-39.45
-37.11
-37.11
-36.93
-36.93
-35.7
-35.7
-33.5
-33.5
-33.5
-35.62
-35.62
-38.51
-38.51
-38.42
-38.42
-38.05
-38.05
-39.45
-39.45
-39.45
-41.16
-41.16
-41.93
-41.93
-40.76
-40.76
-38.21
-38.21
-38.21
-35.5
-35.5
-32.73
-32.73
-27.91
-27.91
-26.21
-26.21
-20.96
-20.96
-20.96
-19.0
-19.0
-14.77
-14.77
-12.6
-12.6
-13.36
-13.36
-16.0
-16.0
-16.0
-22.0
-22.0
-22.0
-22.0
-21.0
-21.0
-14.0
-14.0
-14.0
-14.0
-10.2
-10.25
-10.25
-10.25
-10.43
-10.43
-10.56
-10.56
-10.86
-10.86
-11.0
-11.0
-11.0
-11.02
-11.02
-11.08
-11.08
-11.16
-11.16
-11.18
-11.18
-11.18
-11.18
-11.18
-11.22
-11.22
-10.66
-10.66
-13.0
-13.0
-9.69
-9.69
-11.19
-11.19
-11.19
-10.99
-10.99
-11.1
-11.1
-11.31
-11.31
-10.54
-10.54
-10.54
-10.61
-10.61
-10.79
-10.79
-11.19
-11.19
-12.33
-12.33
-10.37
-10.37
-10.37
-11.39
-11.39
-11.26
-11.26
-11.59
-11.59
-11.49
-11.49
-11.7
-11.7
-11.7
-11.97
-11.97
-11.77
-11.77
-12.16
-12.16
-12.19
-12.19
-12.35
-12.35
-12.35
-13.67
-13.67
-13.65
-13.65
-12.36
-12.36
-12.79
-12.79
-12.79
-16.22
-16.22
-30.0
-30.0
-33.12
-33.12
-34.18
-34.18
-34.02
-34.02
-34.02
-34.58
-34.58
-38.78
-38.78
-39.75
-39.75
-40.18
-40.18
-41.26
-41.26
-41.26
-41.12
-41.12
-40.65
-40.65
-40.5
-40.5
-41.33
-41.33
-42.31
-42.31
-42.31
-43.15
-43.15
-42.81
-42.81
-42.07
-42.07
-41.2
-41.2
-41.2
-39.83
-39.83
-39.87
-39.87
-41.82
-41.82
-39.93
-39.93
-39.23
-39.23
-39.23
-39.45
-39.45
-37.11
-37.11
-36.93
-36.93
-35.7
-35.7
-33.5
-33.5
-33.5
-35.62
-35.62
-38.51
-38.51
-38.42
-38.42
-38.05
-38.05
-39.45
-39.45
-39.45
-41.16
-41.16
-41.93
-41.93
-40.76
-40.76
-38.21
-38.21
-38.21
-35.5
-35.5
-32.73
-32.73
-27.91
-27.91
-26.21
-26.21
-20.96
-20.96
-20.96
-19.0
-19.0
-14.77
-14.77
-12.6
-12.6
-13.36
-13.36
-16.0
-16.0
-16.0
-22.0
-22.0
-22.0
-22.0
-21.0
-21.0
-14.0
-14.0
-14.0
-14.0
-10.2
-10.25
-10.25
-10.25
-10.43
-10.43
-10.56
-10.56
-10.86
-10.86
-11.0
-11.0
-11.0
-11.02
-11.02
-11.08
-11.08
-11.16
-11.16
-11.18
-11.18
-11.18
-11.18
-11.18
-11.22
-11.22
-10.66
-10.66
-13.0
-13.0
-9.69
-9.69
-11.19
-11.19
-11.19
-10.99
-10.99
-11.1
-11.1
-11.31
-11.31
-10.54
-10.54
-10.54
-10.61
-10.61
-10.79
-10.79
-11.19
-11.19
-12.33
-12.33
-10.37
-10.37
-10.37
-11.39
-11.39
-11.26
-11.26
-11.59
-11.59
-11.49
-11.49
-11.7
-11.7
-11.7
-11.97
-11.97
-11.77
-11.77
-12.16
-12.16
-12.19
-12.19
-12.35
-12.35
-12.35
-13.67
-13.67
-13.65
-13.65
-12.36
-12.36
-12.79
-12.79
-12.79
-16.22
-16.22
-30.0
-30.0
-33.12
-33.12
-34.18
-34.18
-34.02
-34.02
-34.02
-34.58
-34.58
-38.78
-38.78
-39.75
-39.75
-40.18
-40.18
-41.26
-41.26
-41.26
-41.12
-41.12
-40.65
-40.65
-40.5
-40.5
-41.33
-41.33
-42.31
-42.31
-42.31
-43.15
-43.15
-42.81
-42.81
-42.07
-42.07
-41.2
-41.2
-41.2
-39.83
-39.83
-39.87
-39.87
-41.82
-41.82
-39.93
-39.93
-39.23
-39.23
-39.23
-39.45
-39.45
-37.11
-37.11
-36.93
-36.93
-35.7
-35.7
-33.5
-33.5
-33.5
-35.62
-35.62
-38.51
-38.51
-38.42
-38.42
-38.05
-38.05
-39.45
-39.45
-39.45
-41.16
-41.16
-41.93
-41.93
-40.76
-40.76
-38.21
-38.21
-38.21
-35.5
-35.5
-32.73
-32.73
-27.91
-27.91
-26.21
-26.21
-20.96
-20.96
-20.96
-19.0
-19.0
-14.77
-14.77
-12.6
-12.6
-13.36
-13.36
-16.0
-16.0
-16.0
-22.0
-22.0
-22.0
-22.0
-21.0
-21.0
-14.0
-14.0
-14.0
-14.0
-10.32
-10.43
-10.43
-10.43
-10.66
-10.66
-10.86
-10.86
-11.0
-11.0
-11.01
-11.01
-11.01
-11.04
-11.04
-11.1
-11.1
-11.2
-11.2
-11.32
-11.32
-11.33
-11.33
-11.33
-11.28
-11.28
-10.79
-10.79
-14.0
-14.0
-10.96
-10.96
-12.11
-12.11
-12.11
-12.26
-12.26
-12.28
-12.28
-12.01
-12.01
-11.57
-11.57
-11.57
-11.32
-11.32
-11.27
-11.27
-11.85
-11.85
-11.96
-11.96
-10.65
-10.65
-10.65
-11.66
-11.66
-11.35
-11.35
-11.6
-11.6
-12.37
-12.37
-11.42
-11.42
-11.42
-11.76
-11.76
-11.72
-11.72
-12.02
-12.02
-12.09
-12.09
-12.34
-12.34
-12.34
-13.79
-13.79
-13.68
-13.68
-13.31
-13.31
-13.9
-13.9
-13.9
-30.0
-30.0
-29.64
-29.64
-33.24
-33.24
-33.14
-33.14
-32.44
-32.44
-32.44
-33.14
-33.14
-38.01
-38.01
-38.2
-38.2
-39.91
-39.91
-41.11
-41.11
-41.11
-41.67
-41.67
-42.52
-42.52
-42.21
-42.21
-42.92
-42.92
-44.29
-44.29
-44.29
-45.84
-45.84
-44.95
-44.95
-43.87
-43.87
-42.38
-42.38
-42.38
-40.8
-40.8
-39.64
-39.64
-38.85
-38.85
-34.76
-34.76
-34.19
-34.19
-34.19
-35.53
-35.53
-35.11
-35.11
-33.55
-33.55
-32.49
-32.49
-33.16
-33.16
-33.16
-34.8
-34.8
-37.13
-37.13
-37.39
-37.39
-36.98
-36.98
-39.51
-39.51
-39.51
-41.45
-41.45
-42.27
-42.27
-39.25
-39.25
-37.41
-37.41
-37.41
-35.83
-35.83
-35.09
-35.09
-30.45
-30.45
-21.92
-21.92
-18.02
-18.02
-18.02
-17.23
-17.23
-13.79
-13.79
-10.68
-10.68
-12.2
-12.2
-14.34
-14.34
-14.34
-21.0
-21.0
-22.0
-22.0
-22.0
-22.0
-14.0
-14.0
-14.0
-14.0
-10.32
-10.43
-10.43
-10.43
-10.66
-10.66
-10.86
-10.86
-11.0
-11.0
-11.01
-11.01
-11.01
-11.04
-11.04
-11.1
-11.1
-11.2
-11.2
-11.32
-11.32
-11.33
-11.33
-11.33
-11.28
-11.28
-10.79
-10.79
-14.0
-14.0
-10.96
-10.96
-12.11
-12.11
-12.11
-12.26
-12.26
-12.28
-12.28
-12.01
-12.01
-11.57
-11.57
-11.57
-11.32
-11.32
-11.27
-11.27
-11.85
-11.85
-11.96
-11.96
-10.65
-10.65
-10.65
-11.66
-11.66
-11.35
-11.35
-11.6
-11.6
-12.37
-12.37
-11.42
-11.42
-11.42
-11.76
-11.76
-11.72
-11.72
-12.02
-12.02
-12.09
-12.09
-12.34
-12.34
-12.34
-13.79
-13.79
-13.68
-13.68
-13.31
-13.31
-13.9
-13.9
-13.9
-30.0
-30.0
-29.64
-29.64
-33.24
-33.24
-33.14
-33.14
-32.44
-32.44
-32.44
-33.14
-33.14
-38.01
-38.01
-38.2
-38.2
-39.91
-39.91
-41.11
-41.11
-41.11
-41.67
-41.67
-42.52
-42.52
-42.21
-42.21
-42.92
-42.92
-44.29
-44.29
-44.29
-45.84
-45.84
-44.95
-44.95
-43.87
-43.87
-42.38
-42.38
-42.38
-40.8
-40.8
-39.64
-39.64
-38.85
-38.85
-34.76
-34.76
-34.19
-34.19
-34.19
-35.53
-35.53
-35.11
-35.11
-33.55
-33.55
-32.49
-32.49
-33.16
-33.16
-33.16
-34.8
-34.8
-37.13
-37.13
-37.39
-37.39
-36.98
-36.98
-39.51
-39.51
-39.51
-41.45
-41.45
-42.27
-42.27
-39.25
-39.25
-37.41
-37.41
-37.41
-35.83
-35.83
-35.09
-35.09
-30.45
-30.45
-21.92
-21.92
-18.02
-18.02
-18.02
-17.23
-17.23
-13.79
-13.79
-10.68
-10.68
-12.2
-12.2
-14.34
-14.34
-14.34
-21.0
-21.0
-22.0
-22.0
-22.0
-22.0
-14.0
-14.0
-14.0
-14.0
-10.32
-10.43
-10.43
-10.43
-10.66
-10.66
-10.86
-10.86
-11.0
-11.0
-11.01
-11.01
-11.01
-11.04
-11.04
-11.1
-11.1
-11.2
-11.2
-11.32
-11.32
-11.33
-11.33
-11.33
-11.28
-11.28
-10.79
-10.79
-14.0
-14.0
-10.96
-10.96
-12.11
-12.11
-12.11
-12.26
-12.26
-12.28
-12.28
-12.01
-12.01
-11.57
-11.57
-11.57
-11.32
-11.32
-11.27
-11.27
-11.85
-11.85
-11.96
-11.96
-10.65
-10.65
-10.65
-11.66
-11.66
-11.35
-11.35
-11.6
-11.6
-12.37
-12.37
-11.42
-11.42
-11.42
-11.76
-11.76
-11.72
-11.72
-12.02
-12.02
-12.09
-12.09
-12.34
-12.34
-12.34
-13.79
-13.79
-13.68
-13.68
-13.31
-13.31
-13.9
-13.9
-13.9
-30.0
-30.0
-29.64
-29.64
-33.24
-33.24
-33.14
-33.14
-32.44
-32.44
-32.44
-33.14
-33.14
-38.01
-38.01
-38.2
-38.2
-39.91
-39.91
-41.11
-41.11
-41.11
-41.67
-41.67
-42.52
-42.52
-42.21
-42.21
-42.92
-42.92
-44.29
-44.29
-44.29
-45.84
-45.84
-44.95
-44.95
-43.87
-43.87
-42.38
-42.38
-42.38
-40.8
-40.8
-39.64
-39.64
-38.85
-38.85
-34.76
-34.76
-34.19
-34.19
-34.19
-35.53
-35.53
-35.11
-35.11
-33.55
-33.55
-32.49
-32.49
-33.16
-33.16
-33.16
-34.8
-34.8
-37.13
-37.13
-37.39
-37.39
-36.98
-36.98
-39.51
-39.51
-39.51
-41.45
-41.45
-42.27
-42.27
-39.25
-39.25
-37.41
-37.41
-37.41
-35.83
-35.83
-35.09
-35.09
-30.45
-30.45
-21.92
-21.92
-18.02
-18.02
-18.02
-17.23
-17.23
-13.79
-13.79
-10.68
-10.68
-12.2
-12.2
-14.34
-14.34
-14.34
-21.0
-21.0
-22.0
-22.0
-22.0
-22.0
-14.0
-14.0
-14.0
-14.0
-10.24
-10.66
-10.66
-10.66
-10.82
-10.82
-11.21
-11.21
-11.29
-11.29
-11.12
-11.12
-11.12
-11.06
-11.06
-11.1
-11.1
-11.11
-11.11
-11.34
-11.34
-11.51
-11.51
-11.51
-11.37
-11.37
-10.65
-10.65
-13.0
-13.0
-11.41
-11.41
-12.51
-12.51
-12.51
-12.56
-12.56
-12.73
-12.73
-12.36
-12.36
-12.55
-12.55
-12.55
-11.56
-11.56
-12.44
-12.44
-12.53
-12.53
-12.55
-12.55
-12.04
-12.04
-12.04
-12.13
-12.13
-11.57
-11.57
-11.64
-11.64
-11.73
-11.73
-11.77
-11.77
-11.77
-11.64
-11.64
-11.96
-11.96
-12.29
-12.29
-12.39
-12.39
-12.44
-12.44
-12.44
-13.73
-13.73
-13.36
-13.36
-13.61
-13.61
-25.0
-25.0
-25.0
-31.0
-31.0
-30.19
-30.19
-33.52
-33.52
-33.64
-33.64
-33.0
-33.0
-33.0
-33.86
-33.86
-34.19
-34.19
-35.4
-35.4
-39.65
-39.65
-41.09
-41.09
-41.09
-41.84
-41.84
-42.58
-42.58
-43.31
-43.31
-44.47
-44.47
-45.95
-45.95
-45.95
-45.85
-45.85
-44.79
-44.79
-42.7
-42.7
-40.13
-40.13
-40.13
-40.84
-40.84
-44.56
-44.56
-41.06
-41.06
-32.78
-32.78
-32.86
-32.86
-32.86
-33.71
-33.71
-33.43
-33.43
-32.72
-32.72
-32.55
-32.55
-33.23
-33.23
-33.23
-34.53
-34.53
-37.54
-37.54
-37.82
-37.82
-38.21
-38.21
-40.59
-40.59
-40.59
-40.96
-40.96
-40.83
-40.83
-38.55
-38.55
-37.03
-37.03
-37.03
-36.63
-36.63
-36.32
-36.32
-31.64
-31.64
-21.92
-21.92
-11.9
-11.9
-11.9
-12.44
-12.44
-13.49
-13.49
-17.15
-17.15
-17.15
-17.15
-17.58
-17.58
-17.58
-21.0
-21.0
-22.0
-22.0
-22.0
-22.0
-16.0
-16.0
-16.79
-16.79
-10.24
-10.66
-10.66
-10.66
-10.82
-10.82
-11.21
-11.21
-11.29
-11.29
-11.12
-11.12
-11.12
-11.06
-11.06
-11.1
-11.1
-11.11
-11.11
-11.34
-11.34
-11.51
-11.51
-11.51
-11.37
-11.37
-10.65
-10.65
-13.0
-13.0
-11.41
-11.41
-12.51
-12.51
-12.51
-12.56
-12.56
-12.73
-12.73
-12.36
-12.36
-12.55
-12.55
-12.55
-11.56
-11.56
-12.44
-12.44
-12.53
-12.53
-12.55
-12.55
-12.04
-12.04
-12.04
-12.13
-12.13
-11.57
-11.57
-11.64
-11.64
-11.73
-11.73
-11.77
-11.77
-11.77
-11.64
-11.64
-11.96
-11.96
-12.29
-12.29
-12.39
-12.39
-12.44
-12.44
-12.44
-13.73
-13.73
-13.36
-13.36
-13.61
-13.61
-25.0
-25.0
-25.0
-31.0
-31.0
-30.19
-30.19
-33.52
-33.52
-33.64
-33.64
-33.0
-33.0
-33.0
-33.86
-33.86
-34.19
-34.19
-35.4
-35.4
-39.65
-39.65
-41.09
-41.09
-41.09
-41.84
-41.84
-42.58
-42.58
-43.31
-43.31
-44.47
-44.47
-45.95
-45.95
-45.95
-45.85
-45.85
-44.79
-44.79
-42.7
-42.7
-40.13
-40.13
-40.13
-40.84
-40.84
-44.56
-44.56
-41.06
-41.06
-32.78
-32.78
-32.86
-32.86
-32.86
-33.71
-33.71
-33.43
-33.43
-32.72
-32.72
-32.55
-32.55
-33.23
-33.23
-33.23
-34.53
-34.53
-37.54
-37.54
-37.82
-37.82
-38.21
-38.21
-40.59
-40.59
-40.59
-40.96
-40.96
-40.83
-40.83
-38.55
-38.55
-37.03
-37.03
-37.03
-36.63
-36.63
-36.32
-36.32
-31.64
-31.64
-21.92
-21.92
-11.9
-11.9
-11.9
-12.44
-12.44
-13.49
-13.49
-17.15
-17.15
-17.15
-17.15
-17.58
-17.58
-17.58
-21.0
-21.0
-22.0
-22.0
-22.0
-22.0
-16.0
-16.0
-16.79
-16.79
-10.51
-10.75
-10.75
-10.75
-10.98
-10.98
-11.25
-11.25
-11.28
-11.28
-11.1
-11.1
-11.1
-11.08
-11.08
-11.19
-11.19
-11.29
-11.29
-11.38
-11.38
-11.51
-11.51
-11.51
-11.51
-11.51
-10.55
-10.55
-13.0
-13.0
-10.82
-10.82
-12.53
-12.53
-12.53
-12.7
-12.7
-12.8
-12.8
-12.58
-12.58
-12.77
-12.77
-12.77
-11.84
-11.84
-11.89
-11.89
-11.95
-11.95
-12.99
-12.99
-12.65
-12.65
-12.65
-11.71
-11.71
-12.21
-12.21
-11.63
-11.63
-11.98
-11.98
-12.0
-12.0
-12.0
-11.92
-11.92
-11.93
-11.93
-12.22
-12.22
-12.35
-12.35
-12.57
-12.57
-12.57
-13.17
-13.17
-12.02
-12.02
-21.0
-21.0
-29.0
-29.0
-29.0
-26.0
-26.0
-31.07
-31.07
-34.71
-34.71
-34.9
-34.9
-33.96
-33.96
-33.96
-35.36
-35.36
-37.58
-37.58
-38.11
-38.11
-40.75
-40.75
-42.0
-42.0
-42.0
-42.1
-42.1
-42.53
-42.53
-44.18
-44.18
-46.54
-46.54
-47.91
-47.91
-47.91
-46.31
-46.31
-45.27
-45.27
-45.29
-45.29
-40.12
-40.12
-40.12
-40.52
-40.52
-42.81
-42.81
-38.38
-38.38
-32.31
-32.31
-32.48
-32.48
-32.48
-33.24
-33.24
-33.06
-33.06
-32.51
-32.51
-33.17
-33.17
-34.45
-34.45
-34.45
-36.43
-36.43
-38.36
-38.36
-39.48
-39.48
-43.15
-43.15
-42.68
-42.68
-42.68
-39.65
-39.65
-38.97
-38.97
-37.83
-37.83
-37.3
-37.3
-37.3
-36.78
-36.78
-35.01
-35.01
-33.0
-33.0
-21.66
-21.66
-12.5
-12.5
-12.5
-12.6
-12.6
-11.7
-11.7
-11.3
-11.3
-17.0
-17.0
-21.0
-21.0
-21.0
-22.0
-22.0
-22.0
-22.0
-22.0
-22.0
-16.0
-16.0
-11.87
-11.87
-10.51
-10.75
-10.75
-10.75
-10.98
-10.98
-11.25
-11.25
-11.28
-11.28
-11.1
-11.1
-11.1
-11.08
-11.08
-11.19
-11.19
-11.29
-11.29
-11.38
-11.38
-11.51
-11.51
-11.51
-11.51
-11.51
-10.55
-10.55
-13.0
-13.0
-10.82
-10.82
-12.53
-12.53
-12.53
-12.7
-12.7
-12.8
-12.8
-12.58
-12.58
-12.77
-12.77
-12.77
-11.84
-11.84
-11.89
-11.89
-11.95
-11.95
-12.99
-12.99
-12.65
-12.65
-12.65
-11.71
-11.71
-12.21
-12.21
-11.63
-11.63
-11.98
-11.98
-12.0
-12.0
-12.0
-11.92
-11.92
-11.93
-11.93
-12.22
-12.22
-12.35
-12.35
-12.57
-12.57
-12.57
-13.17
-13.17
-12.02
-12.02
-21.0
-21.0
-29.0
-29.0
-29.0
-26.0
-26.0
-31.07
-31.07
-34.71
-34.71
-34.9
-34.9
-33.96
-33.96
-33.96
-35.36
-35.36
-37.58
-37.58
-38.11
-38.11
-40.75
-40.75
-42.0
-42.0
-42.0
-42.1
-42.1
-42.53
-42.53
-44.18
-44.18
-46.54
-46.54
-47.91
-47.91
-47.91
-46.31
-46.31
-45.27
-45.27
-45.29
-45.29
-40.12
-40.12
-40.12
-40.52
-40.52
-42.81
-42.81
-38.38
-38.38
-32.31
-32.31
-32.48
-32.48
-32.48
-33.24
-33.24
-33.06
-33.06
-32.51
-32.51
-33.17
-33.17
-34.45
-34.45
-34.45
-36.43
-36.43
-38.36
-38.36
-39.48
-39.48
-43.15
-43.15
-42.68
-42.68
-42.68
-39.65
-39.65
-38.97
-38.97
-37.83
-37.83
-37.3
-37.3
-37.3
-36.78
-36.78
-35.01
-35.01
-33.0
-33.0
-21.66
-21.66
-12.5
-12.5
-12.5
-12.6
-12.6
-11.7
-11.7
-11.3
-11.3
-17.0
-17.0
-21.0
-21.0
-21.0
-22.0
-22.0
-22.0
-22.0
-22.0
-22.0
-16.0
-16.0
-11.87
-11.87
-10.51
-10.75
-10.75
-10.75
-10.98
-10.98
-11.25
-11.25
-11.28
-11.28
-11.1
-11.1
-11.1
-11.08
-11.08
-11.19
-11.19
-11.29
-11.29
-11.38
-11.38
-11.51
-11.51
-11.51
-11.51
-11.51
-10.55
-10.55
-13.0
-13.0
-10.82
-10.82
-12.53
-12.53
-12.53
-12.7
-12.7
-12.8
-12.8
-12.58
-12.58
-12.77
-12.77
-12.77
-11.84
-11.84
-11.89
-11.89
-11.95
-11.95
-12.99
-12.99
-12.65
-12.65
-12.65
-11.71
-11.71
-12.21
-12.21
-11.63
-11.63
-11.98
-11.98
-12.0
-12.0
-12.0
-11.92
-11.92
-11.93
-11.93
-12.22
-12.22
-12.35
-12.35
-12.57
-12.57
-12.57
-13.17
-13.17
-12.02
-12.02
-21.0
-21.0
-29.0
-29.0
-29.0
-26.0
-26.0
-31.07
-31.07
-34.71
-34.71
-34.9
-34.9
-33.96
-33.96
-33.96
-35.36
-35.36
-37.58
-37.58
-38.11
-38.11
-40.75
-40.75
-42.0
-42.0
-42.0
-42.1
-42.1
-42.53
-42.53
-44.18
-44.18
-46.54
-46.54
-47.91
-47.91
-47.91
-46.31
-46.31
-45.27
-45.27
-45.29
-45.29
-40.12
-40.12
-40.12
-40.52
-40.52
-42.81
-42.81
-38.38
-38.38
-32.31
-32.31
-32.48
-32.48
-32.48
-33.24
-33.24
-33.06
-33.06
-32.51
-32.51
-33.17
-33.17
-34.45
-34.45
-34.45
-36.43
-36.43
-38.36
-38.36
-39.48
-39.48
-43.15
-43.15
-42.68
-42.68
-42.68
-39.65
-39.65
-38.97
-38.97
-37.83
-37.83
-37.3
-37.3
-37.3
-36.78
-36.78
-35.01
-35.01
-33.0
-33.0
-21.66
-21.66
-12.5
-12.5
-12.5
-12.6
-12.6
-11.7
-11.7
-11.3
-11.3
-17.0
-17.0
-21.0
-21.0
-21.0
-22.0
-22.0
-22.0
-22.0
-22.0
-22.0
-16.0
-16.0
-11.87
-11.87
-10.81
-10.95
-10.95
-10.95
-11.04
-11.04
-11.07
-11.07
-11.33
-11.33
-11.31
-11.31
-11.31
-11.05
-11.05
-11.2
-11.2
-11.38
-11.38
-11.44
-11.44
-11.46
-11.46
-11.46
-11.53
-11.53
-11.84
-11.84
-9.0
-9.0
-11.45
-11.45
-12.8
-12.8
-12.8
-12.72
-12.72
-12.74
-12.74
-12.85
-12.85
-12.99
-12.99
-12.99
-12.16
-12.16
-12.23
-12.23
-12.35
-12.35
-12.47
-12.47
-12.46
-12.46
-12.46
-11.46
-11.46
-11.16
-11.16
-12.48
-12.48
-12.07
-12.07
-12.19
-12.19
-12.19
-11.99
-11.99
-12.06
-12.06
-12.03
-12.03
-12.41
-12.41
-12.44
-12.44
-12.44
-11.94
-11.94
-11.17
-11.17
-23.0
-23.0
-29.0
-29.0
-29.0
-24.64
-24.64
-30.47
-30.47
-38.15
-38.15
-40.37
-40.37
-37.93
-37.93
-37.93
-39.34
-39.34
-40.12
-40.12
-40.09
-40.09
-41.16
-41.16
-42.0
-42.0
-42.0
-42.06
-42.06
-42.63
-42.63
-44.47
-44.47
-47.61
-47.61
-49.3
-49.3
-49.3
-45.94
-45.94
-45.59
-45.59
-46.5
-46.5
-44.54
-44.54
-44.54
-43.58
-43.58
-43.29
-43.29
-35.06
-35.06
-31.92
-31.92
-33.61
-33.61
-33.61
-34.48
-34.48
-34.04
-34.04
-33.48
-33.48
-34.74
-34.74
-36.24
-36.24
-36.24
-38.36
-38.36
-38.96
-38.96
-40.15
-40.15
-42.65
-42.65
-40.49
-40.49
-40.49
-37.67
-37.67
-37.41
-37.41
-36.73
-36.73
-37.01
-37.01
-37.01
-35.83
-35.83
-32.74
-32.74
-32.0
-32.0
-20.16
-20.16
-12.4
-12.4
-12.4
-12.4
-12.4
-11.4
-11.4
-16.0
-16.0
-20.0
-20.0
-21.0
-21.0
-21.0
-22.0
-22.0
-22.0
-22.0
-21.0
-21.0
-15.0
-15.0
-12.5
-12.5
-10.81
-10.95
-10.95
-10.95
-11.04
-11.04
-11.07
-11.07
-11.33
-11.33
-11.31
-11.31
-11.31
-11.05
-11.05
-11.2
-11.2
-11.38
-11.38
-11.44
-11.44
-11.46
-11.46
-11.46
-11.53
-11.53
-11.84
-11.84
-9.0
-9.0
-11.45
-11.45
-12.8
-12.8
-12.8
-12.72
-12.72
-12.74
-12.74
-12.85
-12.85
-12.99
-12.99
-12.99
-12.16
-12.16
-12.23
-12.23
-12.35
-12.35
-12.47
-12.47
-12.46
-12.46
-12.46
-11.46
-11.46
-11.16
-11.16
-12.48
-12.48
-12.07
-12.07
-12.19
-12.19
-12.19
-11.99
-11.99
-12.06
-12.06
-12.03
-12.03
-12.41
-12.41
-12.44
-12.44
-12.44
-11.94
-11.94
-11.17
-11.17
-23.0
-23.0
-29.0
-29.0
-29.0
-24.64
-24.64
-30.47
-30.47
-38.15
-38.15
-40.37
-40.37
-37.93
-37.93
-37.93
-39.34
-39.34
-40.12
-40.12
-40.09
-40.09
-41.16
-41.16
-42.0
-42.0
-42.0
-42.06
-42.06
-42.63
-42.63
-44.47
-44.47
-47.61
-47.61
-49.3
-49.3
-49.3
-45.94
-45.94
-45.59
-45.59
-46.5
-46.5
-44.54
-44.54
-44.54
-43.58
-43.58
-43.29
-43.29
-35.06
-35.06
-31.92
-31.92
-33.61
-33.61
-33.61
-34.48
-34.48
-34.04
-34.04
-33.48
-33.48
-34.74
-34.74
-36.24
-36.24
-36.24
-38.36
-38.36
-38.96
-38.96
-40.15
-40.15
-42.65
-42.65
-40.49
-40.49
-40.49
-37.67
-37.67
-37.41
-37.41
-36.73
-36.73
-37.01
-37.01
-37.01
-35.83
-35.83
-32.74
-32.74
-32.0
-32.0
-20.16
-20.16
-12.4
-12.4
-12.4
-12.4
-12.4
-11.4
-11.4
-16.0
-16.0
-20.0
-20.0
-21.0
-21.0
-21.0
-22.0
-22.0
-22.0
-22.0
-21.0
-21.0
-15.0
-15.0
-12.5
-12.5
-10.81
-10.95
-10.95
-10.95
-11.04
-11.04
-11.07
-11.07
-11.33
-11.33
-11.31
-11.31
-11.31
-11.05
-11.05
-11.2
-11.2
-11.38
-11.38
-11.44
-11.44
-11.46
-11.46
-11.46
-11.53
-11.53
-11.84
-11.84
-9.0
-9.0
-11.45
-11.45
-12.8
-12.8
-12.8
-12.72
-12.72
-12.74
-12.74
-12.85
-12.85
-12.99
-12.99
-12.99
-12.16
-12.16
-12.23
-12.23
-12.35
-12.35
-12.47
-12.47
-12.46
-12.46
-12.46
-11.46
-11.46
-11.16
-11.16
-12.48
-12.48
-12.07
-12.07
-12.19
-12.19
-12.19
-11.99
-11.99
-12.06
-12.06
-12.03
-12.03
-12.41
-12.41
-12.44
-12.44
-12.44
-11.94
-11.94
-11.17
-11.17
-23.0
-23.0
-29.0
-29.0
-29.0
-24.64
-24.64
-30.47
-30.47
-38.15
-38.15
-40.37
-40.37
-37.93
-37.93
-37.93
-39.34
-39.34
-40.12
-40.12
-40.09
-40.09
-41.16
-41.16
-42.0
-42.0
-42.0
-42.06
-42.06
-42.63
-42.63
-44.47
-44.47
-47.61
-47.61
-49.3
-49.3
-49.3
-45.94
-45.94
-45.59
-45.59
-46.5
-46.5
-44.54
-44.54
-44.54
-43.58
-43.58
-43.29
-43.29
-35.06
-35.06
-31.92
-31.92
-33.61
-33.61
-33.61
-34.48
-34.48
-34.04
-34.04
-33.48
-33.48
-34.74
-34.74
-36.24
-36.24
-36.24
-38.36
-38.36
-38.96
-38.96
-40.15
-40.15
-42.65
-42.65
-40.49
-40.49
-40.49
-37.67
-37.67
-37.41
-37.41
-36.73
-36.73
-37.01
-37.01
-37.01
-35.83
-35.83
-32.74
-32.74
-32.0
-32.0
-20.16
-20.16
-12.4
-12.4
-12.4
-12.4
-12.4
-11.4
-11.4
-16.0
-16.0
-20.0
-20.0
-21.0
-21.0
-21.0
-22.0
-22.0
-22.0
-22.0
-21.0
-21.0
-15.0
-15.0
-12.5
-12.5
-10.92
-10.98
-10.98
-10.98
-10.99
-10.99
-11.15
-11.15
-11.21
-11.21
-11.41
-11.41
-11.41
-11.44
-11.44
-11.4
-11.4
-11.38
-11.38
-12.46
-12.46
-12.6
-12.6
-12.6
-12.6
-12.6
-11.96
-11.96
-10.43
-10.43
-11.67
-11.67
-12.86
-12.86
-12.86
-12.87
-12.87
-12.72
-12.72
-12.04
-12.04
-12.36
-12.36
-12.36
-12.34
-12.34
-12.37
-12.37
-12.48
-12.48
-12.59
-12.59
-12.63
-12.63
-12.63
-12.65
-12.65
-13.01
-13.01
-12.52
-12.52
-12.04
-12.04
-12.43
-12.43
-12.43
-12.31
-12.31
-12.01
-12.01
-12.01
-12.01
-11.74
-11.74
-10.82
-10.82
-10.82
-11.78
-11.78
-11.3
-11.3
-23.0
-23.0
-29.0
-29.0
-29.0
-22.0
-22.0
-29.62
-29.62
-35.08
-35.08
-38.42
-38.42
-39.09
-39.09
-39.09
-39.7
-39.7
-39.66
-39.66
-38.9
-38.9
-40.05
-40.05
-40.71
-40.71
-40.71
-41.2
-41.2
-41.93
-41.93
-43.56
-43.56
-45.83
-45.83
-47.27
-47.27
-47.27
-44.76
-44.76
-44.7
-44.7
-45.26
-45.26
-42.84
-42.84
-42.84
-45.42
-45.42
-43.46
-43.46
-38.63
-38.63
-38.21
-38.21
-38.37
-38.37
-38.37
-37.7
-37.7
-36.56
-36.56
-35.27
-35.27
-35.78
-35.78
-36.99
-36.99
-36.99
-37.83
-37.83
-38.68
-38.68
-38.14
-38.14
-39.02
-39.02
-38.81
-38.81
-38.81
-37.19
-37.19
-35.17
-35.17
-35.6
-35.6
-36.26
-36.26
-36.26
-33.91
-33.91
-30.45
-30.45
-30.0
-30.0
-19.0
-19.0
-12.0
-12.0
-12.0
-11.0
-11.0
-12.0
-12.0
-17.0
-17.0
-20.0
-20.0
-21.0
-21.0
-21.0
-22.0
-22.0
-22.0
-22.0
-18.0
-18.0
-16.0
-16.0
-12.83
-12.83
-10.92
-10.98
-10.98
-10.98
-10.99
-10.99
-11.15
-11.15
-11.21
-11.21
-11.41
-11.41
-11.41
-11.44
-11.44
-11.4
-11.4
-11.38
-11.38
-12.46
-12.46
-12.6
-12.6
-12.6
-12.6
-12.6
-11.96
-11.96
-10.43
-10.43
-11.67
-11.67
-12.86
-12.86
-12.86
-12.87
-12.87
-12.72
-12.72
-12.04
-12.04
-12.36
-12.36
-12.36
-12.34
-12.34
-12.37
-12.37
-12.48
-12.48
-12.59
-12.59
-12.63
-12.63
-12.63
-12.65
-12.65
-13.01
-13.01
-12.52
-12.52
-12.04
-12.04
-12.43
-12.43
-12.43
-12.31
-12.31
-12.01
-12.01
-12.01
-12.01
-11.74
-11.74
-10.82
-10.82
-10.82
-11.78
-11.78
-11.3
-11.3
-23.0
-23.0
-29.0
-29.0
-29.0
-22.0
-22.0
-29.62
-29.62
-35.08
-35.08
-38.42
-38.42
-39.09
-39.09
-39.09
-39.7
-39.7
-39.66
-39.66
-38.9
-38.9
-40.05
-40.05
-40.71
-40.71
-40.71
-41.2
-41.2
-41.93
-41.93
-43.56
-43.56
-45.83
-45.83
-47.27
-47.27
-47.27
-44.76
-44.76
-44.7
-44.7
-45.26
-45.26
-42.84
-42.84
-42.84
-45.42
-45.42
-43.46
-43.46
-38.63
-38.63
-38.21
-38.21
-38.37
-38.37
-38.37
-37.7
-37.7
-36.56
-36.56
-35.27
-35.27
-35.78
-35.78
-36.99
-36.99
-36.99
-37.83
-37.83
-38.68
-38.68
-38.14
-38.14
-39.02
-39.02
-38.81
-38.81
-38.81
-37.19
-37.19
-35.17
-35.17
-35.6
-35.6
-36.26
-36.26
-36.26
-33.91
-33.91
-30.45
-30.45
-30.0
-30.0
-19.0
-19.0
-12.0
-12.0
-12.0
-11.0
-11.0
-12.0
-12.0
-17.0
-17.0
-20.0
-20.0
-21.0
-21.0
-21.0
-22.0
-22.0
-22.0
-22.0
-18.0
-18.0
-16.0
-16.0
-12.83
-12.83
-11.16
-11.18
-11.18
-11.18
-11.29
-11.29
-11.5
-11.5
-11.41
-11.41
-11.37
-11.37
-11.37
-11.47
-11.47
-11.58
-11.58
-11.59
-11.59
-11.52
-11.52
-12.58
-12.58
-12.58
-12.63
-12.63
-10.95
-10.95
-11.04
-11.04
-11.04
-11.04
-11.99
-11.99
-11.99
-11.82
-11.82
-11.73
-11.73
-12.03
-12.03
-12.36
-12.36
-12.36
-12.3
-12.3
-12.25
-12.25
-12.51
-12.51
-12.63
-12.63
-12.75
-12.75
-12.75
-12.72
-12.72
-12.58
-12.58
-12.89
-12.89
-12.23
-12.23
-12.14
-12.14
-12.14
-11.86
-11.86
-12.38
-12.38
-12.32
-12.32
-11.76
-11.76
-10.86
-10.86
-10.86
-11.88
-11.88
-12.8
-12.8
-11.3
-11.3
-17.0
-17.0
-17.0
-22.0
-22.0
-31.39
-31.39
-34.93
-34.93
-35.96
-35.96
-36.41
-36.41
-36.41
-35.09
-35.09
-36.24
-36.24
-37.12
-37.12
-38.69
-38.69
-39.71
-39.71
-39.71
-40.17
-40.17
-40.65
-40.65
-42.66
-42.66
-43.43
-43.43
-43.66
-43.66
-43.66
-43.54
-43.54
-43.76
-43.76
-42.9
-42.9
-42.94
-42.94
-42.94
-46.06
-46.06
-48.17
-48.17
-46.92
-46.92
-46.14
-46.14
-42.11
-42.11
-42.11
-40.55
-40.55
-38.68
-38.68
-35.96
-35.96
-35.74
-35.74
-37.31
-37.31
-37.31
-38.26
-38.26
-38.59
-38.59
-38.14
-38.14
-38.48
-38.48
-38.62
-38.62
-38.62
-37.42
-37.42
-35.68
-35.68
-35.84
-35.84
-34.99
-34.99
-34.99
-32.0
-32.0
-30.0
-30.0
-28.0
-28.0
-20.0
-20.0
-13.0
-13.0
-13.0
-13.0
-13.0
-13.0
-13.0
-17.0
-17.0
-20.0
-20.0
-20.0
-20.0
-20.0
-22.0
-22.0
-21.0
-21.0
-18.0
-18.0
-13.64
-13.64
-13.16
-13.16
-11.16
-11.18
-11.18
-11.18
-11.29
-11.29
-11.5
-11.5
-11.41
-11.41
-11.37
-11.37
-11.37
-11.47
-11.47
-11.58
-11.58
-11.59
-11.59
-11.52
-11.52
-12.58
-12.58
-12.58
-12.63
-12.63
-10.95
-10.95
-11.04
-11.04
-11.04
-11.04
-11.99
-11.99
-11.99
-11.82
-11.82
-11.73
-11.73
-12.03
-12.03
-12.36
-12.36
-12.36
-12.3
-12.3
-12.25
-12.25
-12.51
-12.51
-12.63
-12.63
-12.75
-12.75
-12.75
-12.72
-12.72
-12.58
-12.58
-12.89
-12.89
-12.23
-12.23
-12.14
-12.14
-12.14
-11.86
-11.86
-12.38
-12.38
-12.32
-12.32
-11.76
-11.76
-10.86
-10.86
-10.86
-11.88
-11.88
-12.8
-12.8
-11.3
-11.3
-17.0
-17.0
-17.0
-22.0
-22.0
-31.39
-31.39
-34.93
-34.93
-35.96
-35.96
-36.41
-36.41
-36.41
-35.09
-35.09
-36.24
-36.24
-37.12
-37.12
-38.69
-38.69
-39.71
-39.71
-39.71
-40.17
-40.17
-40.65
-40.65
-42.66
-42.66
-43.43
-43.43
-43.66
-43.66
-43.66
-43.54
-43.54
-43.76
-43.76
-42.9
-42.9
-42.94
-42.94
-42.94
-46.06
-46.06
-48.17
-48.17
-46.92
-46.92
-46.14
-46.14
-42.11
-42.11
-42.11
-40.55
-40.55
-38.68
-38.68
-35.96
-35.96
-35.74
-35.74
-37.31
-37.31
-37.31
-38.26
-38.26
-38.59
-38.59
-38.14
-38.14
-38.48
-38.48
-38.62
-38.62
-38.62
-37.42
-37.42
-35.68
-35.68
-35.84
-35.84
-34.99
-34.99
-34.99
-32.0
-32.0
-30.0
-30.0
-28.0
-28.0
-20.0
-20.0
-13.0
-13.0
-13.0
-13.0
-13.0
-13.0
-13.0
-17.0
-17.0
-20.0
-20.0
-20.0
-20.0
-20.0
-22.0
-22.0
-21.0
-21.0
-18.0
-18.0
-13.64
-13.64
-13.16
-13.16
-11.16
-11.18
-11.18
-11.18
-11.29
-11.29
-11.5
-11.5
-11.41
-11.41
-11.37
-11.37
-11.37
-11.47
-11.47
-11.58
-11.58
-11.59
-11.59
-11.52
-11.52
-12.58
-12.58
-12.58
-12.63
-12.63
-10.95
-10.95
-11.04
-11.04
-11.04
-11.04
-11.99
-11.99
-11.99
-11.82
-11.82
-11.73
-11.73
-12.03
-12.03
-12.36
-12.36
-12.36
-12.3
-12.3
-12.25
-12.25
-12.51
-12.51
-12.63
-12.63
-12.75
-12.75
-12.75
-12.72
-12.72
-12.58
-12.58
-12.89
-12.89
-12.23
-12.23
-12.14
-12.14
-12.14
-11.86
-11.86
-12.38
-12.38
-12.32
-12.32
-11.76
-11.76
-10.86
-10.86
-10.86
-11.88
-11.88
-12.8
-12.8
-11.3
-11.3
-17.0
-17.0
-17.0
-22.0
-22.0
-31.39
-31.39
-34.93
-34.93
-35.96
-35.96
-36.41
-36.41
-36.41
-35.09
-35.09
-36.24
-36.24
-37.12
-37.12
-38.69
-38.69
-39.71
-39.71
-39.71
-40.17
-40.17
-40.65
-40.65
-42.66
-42.66
-43.43
-43.43
-43.66
-43.66
-43.66
-43.54
-43.54
-43.76
-43.76
-42.9
-42.9
-42.94
-42.94
-42.94
-46.06
-46.06
-48.17
-48.17
-46.92
-46.92
-46.14
-46.14
-42.11
-42.11
-42.11
-40.55
-40.55
-38.68
-38.68
-35.96
-35.96
-35.74
-35.74
-37.31
-37.31
-37.31
-38.26
-38.26
-38.59
-38.59
-38.14
-38.14
-38.48
-38.48
-38.62
-38.62
-38.62
-37.42
-37.42
-35.68
-35.68
-35.84
-35.84
-34.99
-34.99
-34.99
-32.0
-32.0
-30.0
-30.0
-28.0
-28.0
-20.0
-20.0
-13.0
-13.0
-13.0
-13.0
-13.0
-13.0
-13.0
-17.0
-17.0
-20.0
-20.0
-20.0
-20.0
-20.0
-22.0
-22.0
-21.0
-21.0
-18.0
-18.0
-13.64
-13.64
-13.16
-13.16
-11.17
-11.5
-11.5
-11.5
-11.32
-11.32
-11.46
-11.46
-11.52
-11.52
-11.93
-11.93
-11.93
-11.92
-11.92
-11.71
-11.71
-11.79
-11.79
-11.73
-11.73
-11.52
-11.52
-11.52
-11.56
-11.56
-11.08
-11.08
-10.96
-10.96
-10.92
-10.92
-11.99
-11.99
-11.99
-11.8
-11.8
-11.83
-11.83
-12.02
-12.02
-12.22
-12.22
-12.22
-12.32
-12.32
-12.03
-12.03
-12.36
-12.36
-12.7
-12.7
-12.82
-12.82
-12.82
-12.86
-12.86
-12.72
-12.72
-13.34
-13.34
-12.29
-12.29
-11.47
-11.47
-11.47
-10.04
-10.04
-11.45
-11.45
-12.04
-12.04
-11.43
-11.43
-11.9
-11.9
-11.9
-12.58
-12.58
-13.03
-13.03
-13.99
-13.99
-19.86
-19.86
-19.86
-24.45
-24.45
-31.15
-31.15
-33.26
-33.26
-34.06
-34.06
-33.39
-33.39
-33.39
-32.15
-32.15
-33.24
-33.24
-36.27
-36.27
-38.22
-38.22
-39.02
-39.02
-39.02
-38.88
-38.88
-37.76
-37.76
-37.1
-37.1
-38.34
-38.34
-39.95
-39.95
-39.95
-41.43
-41.43
-42.04
-42.04
-43.0
-43.0
-39.97
-39.97
-39.97
-43.37
-43.37
-48.02
-48.02
-47.8
-47.8
-44.71
-44.71
-40.24
-40.24
-40.24
-39.32
-39.32
-39.82
-39.82
-36.55
-36.55
-37.52
-37.52
-38.83
-38.83
-38.83
-39.57
-39.57
-38.87
-38.87
-38.13
-38.13
-38.55
-38.55
-39.09
-39.09
-39.09
-38.12
-38.12
-36.33
-36.33
-35.15
-35.15
-32.62
-32.62
-32.62
-30.0
-30.0
-28.0
-28.0
-27.0
-27.0
-20.0
-20.0
-14.0
-14.0
-14.0
-14.0
-14.0
-14.0
-14.0
-17.0
-17.0
-21.0
-21.0
-20.0
-20.0
-20.0
-22.0
-22.0
-21.0
-21.0
-18.0
-18.0
-13.64
-13.64
-13.64
-13.64
-11.17
-11.5
-11.5
-11.5
-11.32
-11.32
-11.46
-11.46
-11.52
-11.52
-11.93
-11.93
-11.93
-11.92
-11.92
-11.71
-11.71
-11.79
-11.79
-11.73
-11.73
-11.52
-11.52
-11.52
-11.56
-11.56
-11.08
-11.08
-10.96
-10.96
-10.92
-10.92
-11.99
-11.99
-11.99
-11.8
-11.8
-11.83
-11.83
-12.02
-12.02
-12.22
-12.22
-12.22
-12.32
-12.32
-12.03
-12.03
-12.36
-12.36
-12.7
-12.7
-12.82
-12.82
-12.82
-12.86
-12.86
-12.72
-12.72
-13.34
-13.34
-12.29
-12.29
-11.47
-11.47
-11.47
-10.04
-10.04
-11.45
-11.45
-12.04
-12.04
-11.43
-11.43
-11.9
-11.9
-11.9
-12.58
-12.58
-13.03
-13.03
-13.99
-13.99
-19.86
-19.86
-19.86
-24.45
-24.45
-31.15
-31.15
-33.26
-33.26
-34.06
-34.06
-33.39
-33.39
-33.39
-32.15
-32.15
-33.24
-33.24
-36.27
-36.27
-38.22
-38.22
-39.02
-39.02
-39.02
-38.88
-38.88
-37.76
-37.76
-37.1
-37.1
-38.34
-38.34
-39.95
-39.95
-39.95
-41.43
-41.43
-42.04
-42.04
-43.0
-43.0
-39.97
-39.97
-39.97
-43.37
-43.37
-48.02
-48.02
-47.8
-47.8
-44.71
-44.71
-40.24
-40.24
-40.24
-39.32
-39.32
-39.82
-39.82
-36.55
-36.55
-37.52
-37.52
-38.83
-38.83
-38.83
-39.57
-39.57
-38.87
-38.87
-38.13
-38.13
-38.55
-38.55
-39.09
-39.09
-39.09
-38.12
-38.12
-36.33
-36.33
-35.15
-35.15
-32.62
-32.62
-32.62
-30.0
-30.0
-28.0
-28.0
-27.0
-27.0
-20.0
-20.0
-14.0
-14.0
-14.0
-14.0
-14.0
-14.0
-14.0
-17.0
-17.0
-21.0
-21.0
-20.0
-20.0
-20.0
-22.0
-22.0
-21.0
-21.0
-18.0
-18.0
-13.64
-13.64
-13.64
-13.64
-11.17
-11.5
-11.5
-11.5
-11.32
-11.32
-11.46
-11.46
-11.52
-11.52
-11.93
-11.93
-11.93
-11.92
-11.92
-11.71
-11.71
-11.79
-11.79
-11.73
-11.73
-11.52
-11.52
-11.52
-11.56
-11.56
-11.08
-11.08
-10.96
-10.96
-10.92
-10.92
-11.99
-11.99
-11.99
-11.8
-11.8
-11.83
-11.83
-12.02
-12.02
-12.22
-12.22
-12.22
-12.32
-12.32
-12.03
-12.03
-12.36
-12.36
-12.7
-12.7
-12.82
-12.82
-12.82
-12.86
-12.86
-12.72
-12.72
-13.34
-13.34
-12.29
-12.29
-11.47
-11.47
-11.47
-10.04
-10.04
-11.45
-11.45
-12.04
-12.04
-11.43
-11.43
-11.9
-11.9
-11.9
-12.58
-12.58
-13.03
-13.03
-13.99
-13.99
-19.86
-19.86
-19.86
-24.45
-24.45
-31.15
-31.15
-33.26
-33.26
-34.06
-34.06
-33.39
-33.39
-33.39
-32.15
-32.15
-33.24
-33.24
-36.27
-36.27
-38.22
-38.22
-39.02
-39.02
-39.02
-38.88
-38.88
-37.76
-37.76
-37.1
-37.1
-38.34
-38.34
-39.95
-39.95
-39.95
-41.43
-41.43
-42.04
-42.04
-43.0
-43.0
-39.97
-39.97
-39.97
-43.37
-43.37
-48.02
-48.02
-47.8
-47.8
-44.71
-44.71
-40.24
-40.24
-40.24
-39.32
-39.32
-39.82
-39.82
-36.55
-36.55
-37.52
-37.52
-38.83
-38.83
-38.83
-39.57
-39.57
-38.87
-38.87
-38.13
-38.13
-38.55
-38.55
-39.09
-39.09
-39.09
-38.12
-38.12
-36.33
-36.33
-35.15
-35.15
-32.62
-32.62
-32.62
-30.0
-30.0
-28.0
-28.0
-27.0
-27.0
-20.0
-20.0
-14.0
-14.0
-14.0
-14.0
-14.0
-14.0
-14.0
-17.0
-17.0
-21.0
-21.0
-20.0
-20.0
-20.0
-22.0
-22.0
-21.0
-21.0
-18.0
-18.0
-13.64
-13.64
-13.64
-13.64
-11.36
-11.48
-11.48
-11.48
-11.55
-11.55
-11.45
-11.45
-11.67
-11.67
-12.07
-12.07
-12.07
-12.38
-12.38
-12.05
-12.05
-11.93
-11.93
-11.85
-11.85
-11.69
-11.69
-11.69
-11.5
-11.5
-10.9
-10.9
-10.75
-10.75
-10.84
-10.84
-11.87
-11.87
-11.87
-11.68
-11.68
-11.87
-11.87
-12.03
-12.03
-12.02
-12.02
-12.02
-12.2
-12.2
-12.09
-12.09
-12.27
-12.27
-12.75
-12.75
-12.99
-12.99
-12.99
-13.07
-13.07
-13.07
-13.07
-12.83
-12.83
-12.48
-12.48
-12.1
-12.1
-12.1
-11.31
-11.31
-12.72
-12.72
-12.0
-12.0
-12.6
-12.6
-12.44
-12.44
-12.44
-13.0
-13.0
-13.04
-13.04
-12.56
-12.56
-22.31
-22.31
-22.31
-25.73
-25.73
-29.55
-29.55
-32.99
-32.99
-33.51
-33.51
-31.69
-31.69
-31.69
-29.32
-29.32
-29.98
-29.98
-33.67
-33.67
-37.53
-37.53
-38.63
-38.63
-38.63
-37.25
-37.25
-36.14
-36.14
-35.22
-35.22
-34.81
-34.81
-36.8
-36.8
-36.8
-39.17
-39.17
-41.5
-41.5
-46.39
-46.39
-46.22
-46.22
-46.22
-45.23
-45.23
-46.01
-46.01
-45.97
-45.97
-42.7
-42.7
-39.59
-39.59
-39.59
-37.43
-37.43
-40.25
-40.25
-41.69
-41.69
-43.56
-43.56
-43.09
-43.09
-43.09
-41.53
-41.53
-39.82
-39.82
-38.66
-38.66
-39.27
-39.27
-39.62
-39.62
-39.62
-38.13
-38.13
-35.59
-35.59
-33.13
-33.13
-31.0
-31.0
-31.0
-29.0
-29.0
-27.0
-27.0
-26.0
-26.0
-17.0
-17.0
-15.0
-15.0
-15.0
-13.0
-13.0
-13.0
-13.0
-18.0
-18.0
-21.0
-21.0
-21.0
-21.0
-21.0
-22.0
-22.0
-22.0
-22.0
-13.0
-13.0
-16.0
-16.0
-22.0
-22.0
-11.36
-11.48
-11.48
-11.48
-11.55
-11.55
-11.45
-11.45
-11.67
-11.67
-12.07
-12.07
-12.07
-12.38
-12.38
-12.05
-12.05
-11.93
-11.93
-11.85
-11.85
-11.69
-11.69
-11.69
-11.5
-11.5
-10.9
-10.9
-10.75
-10.75
-10.84
-10.84
-11.87
-11.87
-11.87
-11.68
-11.68
-11.87
-11.87
-12.03
-12.03
-12.02
-12.02
-12.02
-12.2
-12.2
-12.09
-12.09
-12.27
-12.27
-12.75
-12.75
-12.99
-12.99
-12.99
-13.07
-13.07
-13.07
-13.07
-12.83
-12.83
-12.48
-12.48
-12.1
-12.1
-12.1
-11.31
-11.31
-12.72
-12.72
-12.0
-12.0
-12.6
-12.6
-12.44
-12.44
-12.44
-13.0
-13.0
-13.04
-13.04
-12.56
-12.56
-22.31
-22.31
-22.31
-25.73
-25.73
-29.55
-29.55
-32.99
-32.99
-33.51
-33.51
-31.69
-31.69
-31.69
-29.32
-29.32
-29.98
-29.98
-33.67
-33.67
-37.53
-37.53
-38.63
-38.63
-38.63
-37.25
-37.25
-36.14
-36.14
-35.22
-35.22
-34.81
-34.81
-36.8
-36.8
-36.8
-39.17
-39.17
-41.5
-41.5
-46.39
-46.39
-46.22
-46.22
-46.22
-45.23
-45.23
-46.01
-46.01
-45.97
-45.97
-42.7
-42.7
-39.59
-39.59
-39.59
-37.43
-37.43
-40.25
-40.25
-41.69
-41.69
-43.56
-43.56
-43.09
-43.09
-43.09
-41.53
-41.53
-39.82
-39.82
-38.66
-38.66
-39.27
-39.27
-39.62
-39.62
-39.62
-38.13
-38.13
-35.59
-35.59
-33.13
-33.13
-31.0
-31.0
-31.0
-29.0
-29.0
-27.0
-27.0
-26.0
-26.0
-17.0
-17.0
-15.0
-15.0
-15.0
-13.0
-13.0
-13.0
-13.0
-18.0
-18.0
-21.0
-21.0
-21.0
-21.0
-21.0
-22.0
-22.0
-22.0
-22.0
-13.0
-13.0
-16.0
-16.0
-22.0
-22.0
-11.49
-11.52
-11.52
-11.52
-11.63
-11.63
-11.56
-11.56
-11.93
-11.93
-11.97
-11.97
-11.97
-12.26
-12.26
-12.01
-12.01
-12.01
-12.01
-11.85
-11.85
-11.74
-11.74
-11.74
-11.44
-11.44
-10.93
-10.93
-9.54
-9.54
-10.76
-10.76
-11.88
-11.88
-11.88
-11.64
-11.64
-11.81
-11.81
-12.1
-12.1
-12.09
-12.09
-12.09
-12.2
-12.2
-12.29
-12.29
-12.41
-12.41
-12.76
-12.76
-13.05
-13.05
-13.05
-13.06
-13.06
-13.08
-13.08
-12.89
-12.89
-12.89
-12.89
-13.4
-13.4
-13.4
-13.17
-13.17
-13.34
-13.34
-12.41
-12.41
-13.24
-13.24
-13.06
-13.06
-13.06
-12.9
-12.9
-12.29
-12.29
-24.27
-24.27
-25.18
-25.18
-25.18
-25.55
-25.55
-27.82
-27.82
-30.82
-30.82
-32.82
-32.82
-31.64
-31.64
-31.64
-29.15
-29.15
-29.41
-29.41
-32.21
-32.21
-34.97
-34.97
-35.79
-35.79
-35.79
-35.11
-35.11
-34.62
-34.62
-33.72
-33.72
-31.99
-31.99
-34.66
-34.66
-34.66
-36.43
-36.43
-39.8
-39.8
-43.32
-43.32
-46.25
-46.25
-46.25
-44.74
-44.74
-44.5
-44.5
-43.99
-43.99
-43.41
-43.41
-42.01
-42.01
-42.01
-42.57
-42.57
-45.53
-45.53
-45.49
-45.49
-46.32
-46.32
-43.88
-43.88
-43.88
-41.37
-41.37
-40.09
-40.09
-39.24
-39.24
-39.75
-39.75
-39.46
-39.46
-39.46
-36.79
-36.79
-34.08
-34.08
-32.0
-32.0
-30.0
-30.0
-30.0
-28.0
-28.0
-26.0
-26.0
-25.0
-25.0
-15.0
-15.0
-15.0
-15.0
-15.0
-14.0
-14.0
-14.0
-14.0
-20.0
-20.0
-21.0
-21.0
-21.0
-21.0
-21.0
-22.0
-22.0
-13.0
-13.0
-13.0
-13.0
-22.0
-22.0
-21.0
-21.0
-11.49
-11.52
-11.52
-11.52
-11.63
-11.63
-11.56
-11.56
-11.93
-11.93
-11.97
-11.97
-11.97
-12.26
-12.26
-12.01
-12.01
-12.01
-12.01
-11.85
-11.85
-11.74
-11.74
-11.74
-11.44
-11.44
-10.93
-10.93
-9.54
-9.54
-10.76
-10.76
-11.88
-11.88
-11.88
-11.64
-11.64
-11.81
-11.81
-12.1
-12.1
-12.09
-12.09
-12.09
-12.2
-12.2
-12.29
-12.29
-12.41
-12.41
-12.76
-12.76
-13.05
-13.05
-13.05
-13.06
-13.06
-13.08
-13.08
-12.89
-12.89
-12.89
-12.89
-13.4
-13.4
-13.4
-13.17
-13.17
-13.34
-13.34
-12.41
-12.41
-13.24
-13.24
-13.06
-13.06
-13.06
-12.9
-12.9
-12.29
-12.29
-24.27
-24.27
-25.18
-25.18
-25.18
-25.55
-25.55
-27.82
-27.82
-30.82
-30.82
-32.82
-32.82
-31.64
-31.64
-31.64
-29.15
-29.15
-29.41
-29.41
-32.21
-32.21
-34.97
-34.97
-35.79
-35.79
-35.79
-35.11
-35.11
-34.62
-34.62
-33.72
-33.72
-31.99
-31.99
-34.66
-34.66
-34.66
-36.43
-36.43
-39.8
-39.8
-43.32
-43.32
-46.25
-46.25
-46.25
-44.74
-44.74
-44.5
-44.5
-43.99
-43.99
-43.41
-43.41
-42.01
-42.01
-42.01
-42.57
-42.57
-45.53
-45.53
-45.49
-45.49
-46.32
-46.32
-43.88
-43.88
-43.88
-41.37
-41.37
-40.09
-40.09
-39.24
-39.24
-39.75
-39.75
-39.46
-39.46
-39.46
-36.79
-36.79
-34.08
-34.08
-32.0
-32.0
-30.0
-30.0
-30.0
-28.0
-28.0
-26.0
-26.0
-25.0
-25.0
-15.0
-15.0
-15.0
-15.0
-15.0
-14.0
-14.0
-14.0
-14.0
-20.0
-20.0
-21.0
-21.0
-21.0
-21.0
-21.0
-22.0
-22.0
-13.0
-13.0
-13.0
-13.0
-22.0
-22.0
-21.0
-21.0
-11.49
-11.52
-11.52
-11.52
-11.63
-11.63
-11.56
-11.56
-11.93
-11.93
-11.97
-11.97
-11.97
-12.26
-12.26
-12.01
-12.01
-12.01
-12.01
-11.85
-11.85
-11.74
-11.74
-11.74
-11.44
-11.44
-10.93
-10.93
-9.54
-9.54
-10.76
-10.76
-11.88
-11.88
-11.88
-11.64
-11.64
-11.81
-11.81
-12.1
-12.1
-12.09
-12.09
-12.09
-12.2
-12.2
-12.29
-12.29
-12.41
-12.41
-12.76
-12.76
-13.05
-13.05
-13.05
-13.06
-13.06
-13.08
-13.08
-12.89
-12.89
-12.89
-12.89
-13.4
-13.4
-13.4
-13.17
-13.17
-13.34
-13.34
-12.41
-12.41
-13.24
-13.24
-13.06
-13.06
-13.06
-12.9
-12.9
-12.29
-12.29
-24.27
-24.27
-25.18
-25.18
-25.18
-25.55
-25.55
-27.82
-27.82
-30.82
-30.82
-32.82
-32.82
-31.64
-31.64
-31.64
-29.15
-29.15
-29.41
-29.41
-32.21
-32.21
-34.97
-34.97
-35.79
-35.79
-35.79
-35.11
-35.11
-34.62
-34.62
-33.72
-33.72
-31.99
-31.99
-34.66
-34.66
-34.66
-36.43
-36.43
-39.8
-39.8
-43.32
-43.32
-46.25
-46.25
-46.25
-44.74
-44.74
-44.5
-44.5
-43.99
-43.99
-43.41
-43.41
-42.01
-42.01
-42.01
-42.57
-42.57
-45.53
-45.53
-45.49
-45.49
-46.32
-46.32
-43.88
-43.88
-43.88
-41.37
-41.37
-40.09
-40.09
-39.24
-39.24
-39.75
-39.75
-39.46
-39.46
-39.46
-36.79
-36.79
-34.08
-34.08
-32.0
-32.0
-30.0
-30.0
-30.0
-28.0
-28.0
-26.0
-26.0
-25.0
-25.0
-15.0
-15.0
-15.0
-15.0
-15.0
-14.0
-14.0
-14.0
-14.0
-20.0
-20.0
-21.0
-21.0
-21.0
-21.0
-21.0
-22.0
-22.0
-13.0
-13.0
-13.0
-13.0
-22.0
-22.0
-21.0
-21.0
-11.58
-11.62
-11.62
-11.62
-11.77
-11.77
-11.72
-11.72
-12.24
-12.24
-12.0
-12.0
-12.0
-12.0
-12.0
-12.0
-12.0
-12.2
-12.2
-12.05
-12.05
-11.98
-11.98
-11.98
-11.7
-11.7
-11.16
-11.16
-10.21
-10.21
-10.43
-10.43
-11.91
-11.91
-11.91
-12.08
-12.08
-12.27
-12.27
-12.08
-12.08
-12.09
-12.09
-12.09
-12.3
-12.3
-12.38
-12.38
-12.54
-12.54
-12.71
-12.71
-12.98
-12.98
-12.98
-13.05
-13.05
-13.06
-13.06
-13.05
-13.05
-13.05
-13.05
-13.75
-13.75
-13.75
-13.56
-13.56
-13.61
-13.61
-12.63
-12.63
-13.57
-13.57
-13.23
-13.23
-13.23
-12.57
-12.57
-11.63
-11.63
-22.35
-22.35
-23.27
-23.27
-23.27
-23.55
-23.55
-25.45
-25.45
-28.27
-28.27
-30.82
-30.82
-33.18
-33.18
-33.18
-31.82
-31.82
-29.64
-29.64
-31.0
-31.0
-33.14
-33.14
-33.07
-33.07
-33.07
-34.11
-34.11
-35.18
-35.18
-35.43
-35.43
-35.23
-35.23
-37.48
-37.48
-37.48
-38.41
-38.41
-39.97
-39.97
-39.25
-39.25
-42.07
-42.07
-42.07
-42.72
-42.72
-42.98
-42.98
-45.04
-45.04
-45.68
-45.68
-43.58
-43.58
-43.58
-42.56
-42.56
-40.81
-40.81
-40.14
-40.14
-39.27
-39.27
-36.09
-36.09
-36.09
-38.71
-38.71
-39.36
-39.36
-38.88
-38.88
-39.06
-39.06
-36.83
-36.83
-36.83
-34.36
-34.36
-32.0
-32.0
-30.0
-30.0
-29.0
-29.0
-29.0
-27.0
-27.0
-25.0
-25.0
-16.0
-16.0
-13.0
-13.0
-12.1
-12.1
-12.1
-15.0
-15.0
-16.0
-16.0
-21.0
-21.0
-19.0
-19.0
-17.0
-17.0
-17.0
-13.0
-13.0
-13.0
-13.0
-20.0
-20.0
-17.0
-17.0
-17.0
-17.0
-11.58
-11.62
-11.62
-11.62
-11.77
-11.77
-11.72
-11.72
-12.24
-12.24
-12.0
-12.0
-12.0
-12.0
-12.0
-12.0
-12.0
-12.2
-12.2
-12.05
-12.05
-11.98
-11.98
-11.98
-11.7
-11.7
-11.16
-11.16
-10.21
-10.21
-10.43
-10.43
-11.91
-11.91
-11.91
-12.08
-12.08
-12.27
-12.27
-12.08
-12.08
-12.09
-12.09
-12.09
-12.3
-12.3
-12.38
-12.38
-12.54
-12.54
-12.71
-12.71
-12.98
-12.98
-12.98
-13.05
-13.05
-13.06
-13.06
-13.05
-13.05
-13.05
-13.05
-13.75
-13.75
-13.75
-13.56
-13.56
-13.61
-13.61
-12.63
-12.63
-13.57
-13.57
-13.23
-13.23
-13.23
-12.57
-12.57
-11.63
-11.63
-22.35
-22.35
-23.27
-23.27
-23.27
-23.55
-23.55
-25.45
-25.45
-28.27
-28.27
-30.82
-30.82
-33.18
-33.18
-33.18
-31.82
-31.82
-29.64
-29.64
-31.0
-31.0
-33.14
-33.14
-33.07
-33.07
-33.07
-34.11
-34.11
-35.18
-35.18
-35.43
-35.43
-35.23
-35.23
-37.48
-37.48
-37.48
-38.41
-38.41
-39.97
-39.97
-39.25
-39.25
-42.07
-42.07
-42.07
-42.72
-42.72
-42.98
-42.98
-45.04
-45.04
-45.68
-45.68
-43.58
-43.58
-43.58
-42.56
-42.56
-40.81
-40.81
-40.14
-40.14
-39.27
-39.27
-36.09
-36.09
-36.09
-38.71
-38.71
-39.36
-39.36
-38.88
-38.88
-39.06
-39.06
-36.83
-36.83
-36.83
-34.36
-34.36
-32.0
-32.0
-30.0
-30.0
-29.0
-29.0
-29.0
-27.0
-27.0
-25.0
-25.0
-16.0
-16.0
-13.0
-13.0
-12.1
-12.1
-12.1
-15.0
-15.0
-16.0
-16.0
-21.0
-21.0
-19.0
-19.0
-17.0
-17.0
-17.0
-13.0
-13.0
-13.0
-13.0
-20.0
-20.0
-17.0
-17.0
-17.0
-17.0
-11.58
-11.62
-11.62
-11.62
-11.77
-11.77
-11.72
-11.72
-12.24
-12.24
-12.0
-12.0
-12.0
-12.0
-12.0
-12.0
-12.0
-12.2
-12.2
-12.05
-12.05
-11.98
-11.98
-11.98
-11.7
-11.7
-11.16
-11.16
-10.21
-10.21
-10.43
-10.43
-11.91
-11.91
-11.91
-12.08
-12.08
-12.27
-12.27
-12.08
-12.08
-12.09
-12.09
-12.09
-12.3
-12.3
-12.38
-12.38
-12.54
-12.54
-12.71
-12.71
-12.98
-12.98
-12.98
-13.05
-13.05
-13.06
-13.06
-13.05
-13.05
-13.05
-13.05
-13.75
-13.75
-13.75
-13.56
-13.56
-13.61
-13.61
-12.63
-12.63
-13.57
-13.57
-13.23
-13.23
-13.23
-12.57
-12.57
-11.63
-11.63
-22.35
-22.35
-23.27
-23.27
-23.27
-23.55
-23.55
-25.45
-25.45
-28.27
-28.27
-30.82
-30.82
-33.18
-33.18
-33.18
-31.82
-31.82
-29.64
-29.64
-31.0
-31.0
-33.14
-33.14
-33.07
-33.07
-33.07
-34.11
-34.11
-35.18
-35.18
-35.43
-35.43
-35.23
-35.23
-37.48
-37.48
-37.48
-38.41
-38.41
-39.97
-39.97
-39.25
-39.25
-42.07
-42.07
-42.07
-42.72
-42.72
-42.98
-42.98
-45.04
-45.04
-45.68
-45.68
-43.58
-43.58
-43.58
-42.56
-42.56
-40.81
-40.81
-40.14
-40.14
-39.27
-39.27
-36.09
-36.09
-36.09
-38.71
-38.71
-39.36
-39.36
-38.88
-38.88
-39.06
-39.06
-36.83
-36.83
-36.83
-34.36
-34.36
-32.0
-32.0
-30.0
-30.0
-29.0
-29.0
-29.0
-27.0
-27.0
-25.0
-25.0
-16.0
-16.0
-13.0
-13.0
-12.1
-12.1
-12.1
-15.0
-15.0
-16.0
-16.0
-21.0
-21.0
-19.0
-19.0
-17.0
-17.0
-17.0
-13.0
-13.0
-13.0
-13.0
-20.0
-20.0
-17.0
-17.0
-17.0
-17.0
-11.57
-11.65
-11.65
-11.65
-11.78
-11.78
-11.81
-11.81
-12.21
-12.21
-12.02
-12.02
-12.02
-12.09
-12.09
-12.05
-12.05
-12.32
-12.32
-12.32
-12.32
-12.01
-12.01
-12.01
-11.79
-11.79
-11.56
-11.56
-10.76
-10.76
-10.4
-10.4
-11.96
-11.96
-11.96
-12.12
-12.12
-12.5
-12.5
-12.22
-12.22
-12.02
-12.02
-12.02
-12.35
-12.35
-12.6
-12.6
-12.61
-12.61
-12.55
-12.55
-12.92
-12.92
-12.92
-12.9
-12.9
-12.87
-12.87
-13.06
-13.06
-12.97
-12.97
-12.79
-12.79
-12.79
-13.66
-13.66
-13.66
-13.66
-13.67
-13.67
-13.64
-13.64
-13.56
-13.56
-13.56
-13.23
-13.23
-12.65
-12.65
-12.54
-12.54
-21.46
-21.46
-21.46
-22.64
-22.64
-23.27
-23.27
-24.09
-24.09
-27.55
-27.55
-34.09
-34.09
-34.09
-34.82
-34.82
-32.09
-32.09
-32.09
-32.09
-33.36
-33.36
-33.62
-33.62
-33.62
-35.23
-35.23
-37.16
-37.16
-39.98
-39.98
-40.42
-40.42
-42.57
-42.57
-42.57
-41.6
-41.6
-39.77
-39.77
-39.65
-39.65
-40.85
-40.85
-40.85
-41.85
-41.85
-42.66
-42.66
-45.05
-45.05
-45.79
-45.79
-43.56
-43.56
-43.56
-41.73
-41.73
-40.12
-40.12
-38.49
-38.49
-36.42
-36.42
-34.77
-34.77
-34.77
-37.09
-37.09
-38.24
-38.24
-36.93
-36.93
-34.66
-34.66
-33.52
-33.52
-33.52
-32.0
-32.0
-30.0
-30.0
-29.0
-29.0
-27.0
-27.0
-27.0
-25.0
-25.0
-16.0
-16.0
-15.0
-15.0
-13.5
-13.5
-11.4
-11.4
-11.4
-12.0
-12.0
-13.0
-13.0
-16.0
-16.0
-13.0
-13.0
-12.0
-12.0
-12.0
-11.0
-11.0
-10.0
-10.0
-10.0
-10.0
-14.0
-14.0
-12.0
-12.0
-11.57
-11.65
-11.65
-11.65
-11.78
-11.78
-11.81
-11.81
-12.21
-12.21
-12.02
-12.02
-12.02
-12.09
-12.09
-12.05
-12.05
-12.32
-12.32
-12.32
-12.32
-12.01
-12.01
-12.01
-11.79
-11.79
-11.56
-11.56
-10.76
-10.76
-10.4
-10.4
-11.96
-11.96
-11.96
-12.12
-12.12
-12.5
-12.5
-12.22
-12.22
-12.02
-12.02
-12.02
-12.35
-12.35
-12.6
-12.6
-12.61
-12.61
-12.55
-12.55
-12.92
-12.92
-12.92
-12.9
-12.9
-12.87
-12.87
-13.06
-13.06
-12.97
-12.97
-12.79
-12.79
-12.79
-13.66
-13.66
-13.66
-13.66
-13.67
-13.67
-13.64
-13.64
-13.56
-13.56
-13.56
-13.23
-13.23
-12.65
-12.65
-12.54
-12.54
-21.46
-21.46
-21.46
-22.64
-22.64
-23.27
-23.27
-24.09
-24.09
-27.55
-27.55
-34.09
-34.09
-34.09
-34.82
-34.82
-32.09
-32.09
-32.09
-32.09
-33.36
-33.36
-33.62
-33.62
-33.62
-35.23
-35.23
-37.16
-37.16
-39.98
-39.98
-40.42
-40.42
-42.57
-42.57
-42.57
-41.6
-41.6
-39.77
-39.77
-39.65
-39.65
-40.85
-40.85
-40.85
-41.85
-41.85
-42.66
-42.66
-45.05
-45.05
-45.79
-45.79
-43.56
-43.56
-43.56
-41.73
-41.73
-40.12
-40.12
-38.49
-38.49
-36.42
-36.42
-34.77
-34.77
-34.77
-37.09
-37.09
-38.24
-38.24
-36.93
-36.93
-34.66
-34.66
-33.52
-33.52
-33.52
-32.0
-32.0
-30.0
-30.0
-29.0
-29.0
-27.0
-27.0
-27.0
-25.0
-25.0
-16.0
-16.0
-15.0
-15.0
-13.5
-13.5
-11.4
-11.4
-11.4
-12.0
-12.0
-13.0
-13.0
-16.0
-16.0
-13.0
-13.0
-12.0
-12.0
-12.0
-11.0
-11.0
-10.0
-10.0
-10.0
-10.0
-14.0
-14.0
-12.0
-12.0
-11.67
-11.77
-11.77
-11.77
-11.65
-11.65
-11.67
-11.67
-11.83
-11.83
-12.02
-12.02
-12.02
-12.11
-12.11
-12.16
-12.16
-12.14
-12.14
-12.37
-12.37
-12.21
-12.21
-12.21
-11.79
-11.79
-11.47
-11.47
-10.94
-10.94
-10.0
-10.0
-12.06
-12.06
-12.06
-12.19
-12.19
-12.35
-12.35
-12.51
-12.51
-12.15
-12.15
-12.15
-12.0
-12.0
-12.52
-12.52
-12.67
-12.67
-12.48
-12.48
-12.8
-12.8
-12.8
-12.62
-12.62
-12.92
-12.92
-13.06
-13.06
-14.01
-14.01
-12.9
-12.9
-12.9
-12.77
-12.77
-13.78
-13.78
-13.79
-13.79
-13.61
-13.61
-13.61
-13.61
-13.61
-13.61
-13.61
-13.39
-13.39
-19.01
-19.01
-19.64
-19.64
-19.64
-21.1
-21.1
-20.97
-20.97
-21.34
-21.34
-23.51
-23.51
-28.74
-28.74
-28.74
-34.55
-34.55
-34.73
-34.73
-34.73
-34.73
-35.36
-35.36
-35.48
-35.48
-35.48
-36.33
-36.33
-38.19
-38.19
-39.59
-39.59
-41.07
-41.07
-43.09
-43.09
-43.09
-41.49
-41.49
-40.85
-40.85
-40.43
-40.43
-41.06
-41.06
-41.06
-41.95
-41.95
-44.14
-44.14
-48.12
-48.12
-46.21
-46.21
-42.47
-42.47
-42.47
-40.77
-40.77
-39.57
-39.57
-37.81
-37.81
-35.73
-35.73
-35.06
-35.06
-35.06
-35.44
-35.44
-35.5
-35.5
-33.35
-33.35
-32.51
-32.51
-32.0
-32.0
-32.0
-30.0
-30.0
-29.0
-29.0
-28.0
-28.0
-26.0
-26.0
-26.0
-24.0
-24.0
-16.0
-16.0
-12.0
-12.0
-13.0
-13.0
-10.0
-10.0
-10.0
-12.0
-12.0
-13.0
-13.0
-14.0
-14.0
-13.0
-13.0
-11.0
-11.0
-11.0
-11.0
-11.0
-11.0
-11.0
-11.0
-11.0
-11.0
-11.0
-11.0
-11.0
-11.67
-11.77
-11.77
-11.77
-11.65
-11.65
-11.67
-11.67
-11.83
-11.83
-12.02
-12.02
-12.02
-12.11
-12.11
-12.16
-12.16
-12.14
-12.14
-12.37
-12.37
-12.21
-12.21
-12.21
-11.79
-11.79
-11.47
-11.47
-10.94
-10.94
-10.0
-10.0
-12.06
-12.06
-12.06
-12.19
-12.19
-12.35
-12.35
-12.51
-12.51
-12.15
-12.15
-12.15
-12.0
-12.0
-12.52
-12.52
-12.67
-12.67
-12.48
-12.48
-12.8
-12.8
-12.8
-12.62
-12.62
-12.92
-12.92
-13.06
-13.06
-14.01
-14.01
-12.9
-12.9
-12.9
-12.77
-12.77
-13.78
-13.78
-13.79
-13.79
-13.61
-13.61
-13.61
-13.61
-13.61
-13.61
-13.61
-13.39
-13.39
-19.01
-19.01
-19.64
-19.64
-19.64
-21.1
-21.1
-20.97
-20.97
-21.34
-21.34
-23.51
-23.51
-28.74
-28.74
-28.74
-34.55
-34.55
-34.73
-34.73
-34.73
-34.73
-35.36
-35.36
-35.48
-35.48
-35.48
-36.33
-36.33
-38.19
-38.19
-39.59
-39.59
-41.07
-41.07
-43.09
-43.09
-43.09
-41.49
-41.49
-40.85
-40.85
-40.43
-40.43
-41.06
-41.06
-41.06
-41.95
-41.95
-44.14
-44.14
-48.12
-48.12
-46.21
-46.21
-42.47
-42.47
-42.47
-40.77
-40.77
-39.57
-39.57
-37.81
-37.81
-35.73
-35.73
-35.06
-35.06
-35.06
-35.44
-35.44
-35.5
-35.5
-33.35
-33.35
-32.51
-32.51
-32.0
-32.0
-32.0
-30.0
-30.0
-29.0
-29.0
-28.0
-28.0
-26.0
-26.0
-26.0
-24.0
-24.0
-16.0
-16.0
-12.0
-12.0
-13.0
-13.0
-10.0
-10.0
-10.0
-12.0
-12.0
-13.0
-13.0
-14.0
-14.0
-13.0
-13.0
-11.0
-11.0
-11.0
-11.0
-11.0
-11.0
-11.0
-11.0
-11.0
-11.0
-11.0
-11.0
-11.0
-11.67
-11.77
-11.77
-11.77
-11.65
-11.65
-11.67
-11.67
-11.83
-11.83
-12.02
-12.02
-12.02
-12.11
-12.11
-12.16
-12.16
-12.14
-12.14
-12.37
-12.37
-12.21
-12.21
-12.21
-11.79
-11.79
-11.47
-11.47
-10.94
-10.94
-10.0
-10.0
-12.06
-12.06
-12.06
-12.19
-12.19
-12.35
-12.35
-12.51
-12.51
-12.15
-12.15
-12.15
-12.0
-12.0
-12.52
-12.52
-12.67
-12.67
-12.48
-12.48
-12.8
-12.8
-12.8
-12.62
-12.62
-12.92
-12.92
-13.06
-13.06
-14.01
-14.01
-12.9
-12.9
-12.9
-12.77
-12.77
-13.78
-13.78
-13.79
-13.79
-13.61
-13.61
-13.61
-13.61
-13.61
-13.61
-13.61
-13.39
-13.39
-19.01
-19.01
-19.64
-19.64
-19.64
-21.1
-21.1
-20.97
-20.97
-21.34
-21.34
-23.51
-23.51
-28.74
-28.74
-28.74
-34.55
-34.55
-34.73
-34.73
-34.73
-34.73
-35.36
-35.36
-35.48
-35.48
-35.48
-36.33
-36.33
-38.19
-38.19
-39.59
-39.59
-41.07
-41.07
-43.09
-43.09
-43.09
-41.49
-41.49
-40.85
-40.85
-40.43
-40.43
-41.06
-41.06
-41.06
-41.95
-41.95
-44.14
-44.14
-48.12
-48.12
-46.21
-46.21
-42.47
-42.47
-42.47
-40.77
-40.77
-39.57
-39.57
-37.81
-37.81
-35.73
-35.73
-35.06
-35.06
-35.06
-35.44
-35.44
-35.5
-35.5
-33.35
-33.35
-32.51
-32.51
-32.0
-32.0
-32.0
-30.0
-30.0
-29.0
-29.0
-28.0
-28.0
-26.0
-26.0
-26.0
-24.0
-24.0
-16.0
-16.0
-12.0
-12.0
-13.0
-13.0
-10.0
-10.0
-10.0
-12.0
-12.0
-13.0
-13.0
-14.0
-14.0
-13.0
-13.0
-11.0
-11.0
-11.0
-11.0
-11.0
-11.0
-11.0
-11.0
-11.0
-11.0
-11.0
-11.0
-11.0
-11.62
-11.87
-11.87
-11.87
-11.97
-11.97
-11.75
-11.75
-11.86
-11.86
-12.01
-12.01
-12.01
-12.09
-12.09
-12.27
-12.27
-12.44
-12.44
-12.34
-12.34
-12.2
-12.2
-12.2
-12.05
-12.05
-11.77
-11.77
-11.08
-11.08
-10.84
-10.84
-12.07
-12.07
-12.07
-12.09
-12.09
-12.14
-12.14
-12.1
-12.1
-12.46
-12.46
-12.46
-12.03
-12.03
-12.33
-12.33
-12.42
-12.42
-12.37
-12.37
-12.62
-12.62
-12.62
-12.57
-12.57
-12.93
-12.93
-13.06
-13.06
-13.06
-13.06
-14.03
-14.03
-14.03
-12.96
-12.96
-13.99
-13.99
-13.96
-13.96
-13.68
-13.68
-12.55
-12.55
-12.55
-13.51
-13.51
-12.57
-12.57
-17.46
-17.46
-17.79
-17.79
-17.79
-18.68
-18.68
-18.43
-18.43
-18.58
-18.58
-19.04
-19.04
-19.8
-19.8
-19.8
-26.67
-26.67
-31.27
-31.27
-33.45
-33.45
-34.45
-34.45
-35.45
-35.45
-35.45
-36.71
-36.71
-37.55
-37.55
-38.78
-38.78
-41.17
-41.17
-40.64
-40.64
-40.64
-39.54
-39.54
-41.0
-41.0
-40.65
-40.65
-41.56
-41.56
-41.56
-42.11
-42.11
-42.91
-42.91
-50.09
-50.09
-50.21
-50.21
-43.73
-43.73
-43.73
-40.49
-40.49
-39.09
-39.09
-37.73
-37.73
-36.45
-36.45
-35.72
-35.72
-35.72
-35.48
-35.48
-34.76
-34.76
-32.52
-32.52
-31.94
-31.94
-30.0
-30.0
-30.0
-29.0
-29.0
-28.0
-28.0
-26.0
-26.0
-16.62
-16.62
-16.62
-12.93
-12.93
-12.0
-12.0
-12.0
-12.0
-11.0
-11.0
-11.0
-11.0
-11.0
-12.0
-12.0
-12.0
-12.0
-12.0
-12.0
-12.0
-12.0
-11.0
-11.0
-11.0
-11.0
-11.0
-11.0
-11.0
-11.0
-11.0
-11.0
-11.0
-11.0
-11.0
-11.62
-11.87
-11.87
-11.87
-11.97
-11.97
-11.75
-11.75
-11.86
-11.86
-12.01
-12.01
-12.01
-12.09
-12.09
-12.27
-12.27
-12.44
-12.44
-12.34
-12.34
-12.2
-12.2
-12.2
-12.05
-12.05
-11.77
-11.77
-11.08
-11.08
-10.84
-10.84
-12.07
-12.07
-12.07
-12.09
-12.09
-12.14
-12.14
-12.1
-12.1
-12.46
-12.46
-12.46
-12.03
-12.03
-12.33
-12.33
-12.42
-12.42
-12.37
-12.37
-12.62
-12.62
-12.62
-12.57
-12.57
-12.93
-12.93
-13.06
-13.06
-13.06
-13.06
-14.03
-14.03
-14.03
-12.96
-12.96
-13.99
-13.99
-13.96
-13.96
-13.68
-13.68
-12.55
-12.55
-12.55
-13.51
-13.51
-12.57
-12.57
-17.46
-17.46
-17.79
-17.79
-17.79
-18.68
-18.68
-18.43
-18.43
-18.58
-18.58
-19.04
-19.04
-19.8
-19.8
-19.8
-26.67
-26.67
-31.27
-31.27
-33.45
-33.45
-34.45
-34.45
-35.45
-35.45
-35.45
-36.71
-36.71
-37.55
-37.55
-38.78
-38.78
-41.17
-41.17
-40.64
-40.64
-40.64
-39.54
-39.54
-41.0
-41.0
-40.65
-40.65
-41.56
-41.56
-41.56
-42.11
-42.11
-42.91
-42.91
-50.09
-50.09
-50.21
-50.21
-43.73
-43.73
-43.73
-40.49
-40.49
-39.09
-39.09
-37.73
-37.73
-36.45
-36.45
-35.72
-35.72
-35.72
-35.48
-35.48
-34.76
-34.76
-32.52
-32.52
-31.94
-31.94
-30.0
-30.0
-30.0
-29.0
-29.0
-28.0
-28.0
-26.0
-26.0
-16.62
-16.62
-16.62
-12.93
-12.93
-12.0
-12.0
-12.0
-12.0
-11.0
-11.0
-11.0
-11.0
-11.0
-12.0
-12.0
-12.0
-12.0
-12.0
-12.0
-12.0
-12.0
-11.0
-11.0
-11.0
-11.0
-11.0
-11.0
-11.0
-11.0
-11.0
-11.0
-11.0
-11.0
-11.0
-11.62
-11.87
-11.87
-11.87
-11.97
-11.97
-11.75
-11.75
-11.86
-11.86
-12.01
-12.01
-12.01
-12.09
-12.09
-12.27
-12.27
-12.44
-12.44
-12.34
-12.34
-12.2
-12.2
-12.2
-12.05
-12.05
-11.77
-11.77
-11.08
-11.08
-10.84
-10.84
-12.07
-12.07
-12.07
-12.09
-12.09
-12.14
-12.14
-12.1
-12.1
-12.46
-12.46
-12.46
-12.03
-12.03
-12.33
-12.33
-12.42
-12.42
-12.37
-12.37
-12.62
-12.62
-12.62
-12.57
-12.57
-12.93
-12.93
-13.06
-13.06
-13.06
-13.06
-14.03
-14.03
-14.03
-12.96
-12.96
-13.99
-13.99
-13.96
-13.96
-13.68
-13.68
-12.55
-12.55
-12.55
-13.51
-13.51
-12.57
-12.57
-17.46
-17.46
-17.79
-17.79
-17.79
-18.68
-18.68
-18.43
-18.43
-18.58
-18.58
-19.04
-19.04
-19.8
-19.8
-19.8
-26.67
-26.67
-31.27
-31.27
-33.45
-33.45
-34.45
-34.45
-35.45
-35.45
-35.45
-36.71
-36.71
-37.55
-37.55
-38.78
-38.78
-41.17
-41.17
-40.64
-40.64
-40.64
-39.54
-39.54
-41.0
-41.0
-40.65
-40.65
-41.56
-41.56
-41.56
-42.11
-42.11
-42.91
-42.91
-50.09
-50.09
-50.21
-50.21
-43.73
-43.73
-43.73
-40.49
-40.49
-39.09
-39.09
-37.73
-37.73
-36.45
-36.45
-35.72
-35.72
-35.72
-35.48
-35.48
-34.76
-34.76
-32.52
-32.52
-31.94
-31.94
-30.0
-30.0
-30.0
-29.0
-29.0
-28.0
-28.0
-26.0
-26.0
-16.62
-16.62
-16.62
-12.93
-12.93
-12.0
-12.0
-12.0
-12.0
-11.0
-11.0
-11.0
-11.0
-11.0
-12.0
-12.0
-12.0
-12.0
-12.0
-12.0
-12.0
-12.0
-11.0
-11.0
-11.0
-11.0
-11.0
-11.0
-11.0
-11.0
-11.0
-11.0
-11.0
-11.0
-11.0
-12.02
-11.96
-11.96
-11.96
-12.06
-12.06
-12.03
-12.03
-12.02
-12.02
-12.03
-12.03
-12.03
-12.03
-12.03
-12.02
-12.02
-12.12
-12.12
-12.05
-12.05
-11.96
-11.96
-11.96
-11.51
-11.51
-10.51
-10.51
-10.68
-10.68
-11.1
-11.1
-12.13
-12.13
-12.13
-11.94
-11.94
-12.37
-12.37
-12.25
-12.25
-12.56
-12.56
-12.56
-12.37
-12.37
-12.23
-12.23
-12.22
-12.22
-12.19
-12.19
-12.55
-12.55
-12.55
-12.45
-12.45
-12.94
-12.94
-12.8
-12.8
-12.68
-12.68
-14.02
-14.02
-14.02
-14.02
-14.02
-12.94
-12.94
-13.98
-13.98
-13.79
-13.79
-12.59
-12.59
-12.59
-12.43
-12.43
-12.58
-12.58
-16.02
-16.02
-16.48
-16.48
-16.48
-17.35
-17.35
-16.49
-16.49
-16.33
-16.33
-15.69
-15.69
-16.06
-16.06
-16.06
-19.81
-19.81
-25.01
-25.01
-28.64
-28.64
-30.27
-30.27
-33.55
-33.55
-33.55
-36.0
-36.0
-36.25
-36.25
-37.53
-37.53
-38.43
-38.43
-33.9
-33.9
-33.9
-30.62
-30.62
-35.34
-35.34
-38.82
-38.82
-41.94
-41.94
-41.94
-43.11
-43.11
-42.28
-42.28
-45.3
-45.3
-47.76
-47.76
-43.81
-43.81
-43.81
-40.55
-40.55
-39.23
-39.23
-38.09
-38.09
-37.36
-37.36
-37.0
-37.0
-37.0
-36.55
-36.55
-35.43
-35.43
-33.36
-33.36
-31.36
-31.36
-29.0
-29.0
-29.0
-28.0
-28.0
-23.36
-23.36
-21.55
-21.55
-19.9
-19.9
-19.9
-18.91
-18.91
-18.27
-18.27
-18.14
-18.14
-12.5
-12.5
-10.5
-10.5
-10.5
-12.0
-12.0
-12.0
-12.0
-12.0
-12.0
-12.0
-12.0
-11.0
-11.0
-11.0
-11.0
-11.0
-11.0
-11.0
-11.0
-11.0
-11.0
-11.0
-11.0
-11.0
-12.02
-11.96
-11.96
-11.96
-12.06
-12.06
-12.03
-12.03
-12.02
-12.02
-12.03
-12.03
-12.03
-12.03
-12.03
-12.02
-12.02
-12.12
-12.12
-12.05
-12.05
-11.96
-11.96
-11.96
-11.51
-11.51
-10.51
-10.51
-10.68
-10.68
-11.1
-11.1
-12.13
-12.13
-12.13
-11.94
-11.94
-12.37
-12.37
-12.25
-12.25
-12.56
-12.56
-12.56
-12.37
-12.37
-12.23
-12.23
-12.22
-12.22
-12.19
-12.19
-12.55
-12.55
-12.55
-12.45
-12.45
-12.94
-12.94
-12.8
-12.8
-12.68
-12.68
-14.02
-14.02
-14.02
-14.02
-14.02
-12.94
-12.94
-13.98
-13.98
-13.79
-13.79
-12.59
-12.59
-12.59
-12.43
-12.43
-12.58
-12.58
-16.02
-16.02
-16.48
-16.48
-16.48
-17.35
-17.35
-16.49
-16.49
-16.33
-16.33
-15.69
-15.69
-16.06
-16.06
-16.06
-19.81
-19.81
-25.01
-25.01
-28.64
-28.64
-30.27
-30.27
-33.55
-33.55
-33.55
-36.0
-36.0
-36.25
-36.25
-37.53
-37.53
-38.43
-38.43
-33.9
-33.9
-33.9
-30.62
-30.62
-35.34
-35.34
-38.82
-38.82
-41.94
-41.94
-41.94
-43.11
-43.11
-42.28
-42.28
-45.3
-45.3
-47.76
-47.76
-43.81
-43.81
-43.81
-40.55
-40.55
-39.23
-39.23
-38.09
-38.09
-37.36
-37.36
-37.0
-37.0
-37.0
-36.55
-36.55
-35.43
-35.43
-33.36
-33.36
-31.36
-31.36
-29.0
-29.0
-29.0
-28.0
-28.0
-23.36
-23.36
-21.55
-21.55
-19.9
-19.9
-19.9
-18.91
-18.91
-18.27
-18.27
-18.14
-18.14
-12.5
-12.5
-10.5
-10.5
-10.5
-12.0
-12.0
-12.0
-12.0
-12.0
-12.0
-12.0
-12.0
-11.0
-11.0
-11.0
-11.0
-11.0
-11.0
-11.0
-11.0
-11.0
-11.0
-11.0
-11.0
-11.0
-12.13
-12.09
-12.09
-12.09
-12.15
-12.15
-12.21
-12.21
-12.03
-12.03
-12.0
-12.0
-12.0
-12.02
-12.02
-12.02
-12.02
-11.72
-11.72
-11.72
-11.72
-11.6
-11.6
-11.6
-10.78
-10.78
-9.39
-9.39
-10.79
-10.79
-9.85
-9.85
-12.13
-12.13
-12.13
-11.88
-11.88
-12.46
-12.46
-12.48
-12.48
-12.52
-12.52
-12.52
-12.58
-12.58
-12.08
-12.08
-11.82
-11.82
-11.68
-11.68
-12.49
-12.49
-12.49
-12.43
-12.43
-12.91
-12.91
-12.37
-12.37
-12.13
-12.13
-13.42
-13.42
-13.42
-14.06
-14.06
-12.85
-12.85
-12.28
-12.28
-12.64
-12.64
-11.54
-11.54
-11.54
-11.82
-11.82
-12.69
-12.69
-15.58
-15.58
-15.62
-15.62
-15.62
-15.74
-15.74
-15.66
-15.66
-15.33
-15.33
-14.42
-14.42
-14.42
-14.42
-14.42
-16.94
-16.94
-21.21
-21.21
-24.73
-24.73
-25.36
-25.36
-28.18
-28.18
-28.18
-31.73
-31.73
-33.73
-33.73
-34.77
-34.77
-35.13
-35.13
-31.67
-31.67
-31.67
-27.8
-27.8
-30.89
-30.89
-36.43
-36.43
-42.43
-42.43
-42.43
-43.09
-43.09
-40.36
-40.36
-40.73
-40.73
-42.9
-42.9
-41.63
-41.63
-41.63
-40.55
-40.55
-39.73
-39.73
-38.09
-38.09
-38.09
-38.09
-38.0
-38.0
-38.0
-37.75
-37.75
-36.38
-36.38
-33.64
-33.64
-28.0
-28.0
-28.0
-28.0
-28.0
-24.0
-24.0
-21.27
-21.27
-18.62
-18.62
-17.55
-17.55
-17.55
-17.5
-17.5
-17.14
-17.14
-17.05
-17.05
-15.0
-15.0
-11.0
-11.0
-11.0
-12.0
-12.0
-12.0
-12.0
-12.0
-12.0
-12.0
-12.0
-11.0
-11.0
-11.0
-11.0
-11.0
-11.0
-11.0
-11.0
-11.0
-12.0
-12.0
-13.0
-13.0
-12.13
-12.09
-12.09
-12.09
-12.15
-12.15
-12.21
-12.21
-12.03
-12.03
-12.0
-12.0
-12.0
-12.02
-12.02
-12.02
-12.02
-11.72
-11.72
-11.72
-11.72
-11.6
-11.6
-11.6
-10.78
-10.78
-9.39
-9.39
-10.79
-10.79
-9.85
-9.85
-12.13
-12.13
-12.13
-11.88
-11.88
-12.46
-12.46
-12.48
-12.48
-12.52
-12.52
-12.52
-12.58
-12.58
-12.08
-12.08
-11.82
-11.82
-11.68
-11.68
-12.49
-12.49
-12.49
-12.43
-12.43
-12.91
-12.91
-12.37
-12.37
-12.13
-12.13
-13.42
-13.42
-13.42
-14.06
-14.06
-12.85
-12.85
-12.28
-12.28
-12.64
-12.64
-11.54
-11.54
-11.54
-11.82
-11.82
-12.69
-12.69
-15.58
-15.58
-15.62
-15.62
-15.62
-15.74
-15.74
-15.66
-15.66
-15.33
-15.33
-14.42
-14.42
-14.42
-14.42
-14.42
-16.94
-16.94
-21.21
-21.21
-24.73
-24.73
-25.36
-25.36
-28.18
-28.18
-28.18
-31.73
-31.73
-33.73
-33.73
-34.77
-34.77
-35.13
-35.13
-31.67
-31.67
-31.67
-27.8
-27.8
-30.89
-30.89
-36.43
-36.43
-42.43
-42.43
-42.43
-43.09
-43.09
-40.36
-40.36
-40.73
-40.73
-42.9
-42.9
-41.63
-41.63
-41.63
-40.55
-40.55
-39.73
-39.73
-38.09
-38.09
-38.09
-38.09
-38.0
-38.0
-38.0
-37.75
-37.75
-36.38
-36.38
-33.64
-33.64
-28.0
-28.0
-28.0
-28.0
-28.0
-24.0
-24.0
-21.27
-21.27
-18.62
-18.62
-17.55
-17.55
-17.55
-17.5
-17.5
-17.14
-17.14
-17.05
-17.05
-15.0
-15.0
-11.0
-11.0
-11.0
-12.0
-12.0
-12.0
-12.0
-12.0
-12.0
-12.0
-12.0
-11.0
-11.0
-11.0
-11.0
-11.0
-11.0
-11.0
-11.0
-11.0
-12.0
-12.0
-13.0
-13.0
-12.13
-12.09
-12.09
-12.09
-12.15
-12.15
-12.21
-12.21
-12.03
-12.03
-12.0
-12.0
-12.0
-12.02
-12.02
-12.02
-12.02
-11.72
-11.72
-11.72
-11.72
-11.6
-11.6
-11.6
-10.78
-10.78
-9.39
-9.39
-10.79
-10.79
-9.85
-9.85
-12.13
-12.13
-12.13
-11.88
-11.88
-12.46
-12.46
-12.48
-12.48
-12.52
-12.52
-12.52
-12.58
-12.58
-12.08
-12.08
-11.82
-11.82
-11.68
-11.68
-12.49
-12.49
-12.49
-12.43
-12.43
-12.91
-12.91
-12.37
-12.37
-12.13
-12.13
-13.42
-13.42
-13.42
-14.06
-14.06
-12.85
-12.85
-12.28
-12.28
-12.64
-12.64
-11.54
-11.54
-11.54
-11.82
-11.82
-12.69
-12.69
-15.58
-15.58
-15.62
-15.62
-15.62
-15.74
-15.74
-15.66
-15.66
-15.33
-15.33
-14.42
-14.42
-14.42
-14.42
-14.42
-16.94
-16.94
-21.21
-21.21
-24.73
-24.73
-25.36
-25.36
-28.18
-28.18
-28.18
-31.73
-31.73
-33.73
-33.73
-34.77
-34.77
-35.13
-35.13
-31.67
-31.67
-31.67
-27.8
-27.8
-30.89
-30.89
-36.43
-36.43
-42.43
-42.43
-42.43
-43.09
-43.09
-40.36
-40.36
-40.73
-40.73
-42.9
-42.9
-41.63
-41.63
-41.63
-40.55
-40.55
-39.73
-39.73
-38.09
-38.09
-38.09
-38.09
-38.0
-38.0
-38.0
-37.75
-37.75
-36.38
-36.38
-33.64
-33.64
-28.0
-28.0
-28.0
-28.0
-28.0
-24.0
-24.0
-21.27
-21.27
-18.62
-18.62
-17.55
-17.55
-17.55
-17.5
-17.5
-17.14
-17.14
-17.05
-17.05
-15.0
-15.0
-11.0
-11.0
-11.0
-12.0
-12.0
-12.0
-12.0
-12.0
-12.0
-12.0
-12.0
-11.0
-11.0
-11.0
-11.0
-11.0
-11.0
-11.0
-11.0
-11.0
-12.0
-12.0
-13.0
-13.0
-12.15
-12.11
-12.11
-12.11
-12.28
-12.28
-12.15
-12.15
-12.08
-12.08
-11.92
-11.92
-11.92
-11.91
-11.91
-12.02
-12.02
-11.64
-11.64
-11.28
-11.28
-11.95
-11.95
-11.95
-11.73
-11.73
-11.08
-11.08
-11.0
-11.0
-9.59
-9.59
-12.04
-12.04
-12.04
-11.98
-11.98
-12.42
-12.42
-12.39
-12.39
-12.52
-12.52
-12.52
-12.67
-12.67
-11.4
-11.4
-10.96
-10.96
-11.9
-11.9
-12.33
-12.33
-12.33
-12.69
-12.69
-12.85
-12.85
-11.75
-11.75
-11.83
-11.83
-11.91
-11.91
-11.91
-13.73
-13.73
-13.0
-13.0
-13.24
-13.24
-11.94
-11.94
-10.89
-10.89
-10.89
-11.44
-11.44
-12.45
-12.45
-12.33
-12.33
-11.98
-11.98
-11.98
-15.52
-15.52
-14.96
-14.96
-13.51
-13.51
-13.69
-13.69
-13.97
-13.97
-13.97
-14.96
-14.96
-19.73
-19.73
-23.29
-23.29
-24.73
-24.73
-26.27
-26.27
-26.27
-28.73
-28.73
-30.73
-30.73
-31.45
-31.45
-31.82
-31.82
-31.36
-31.36
-31.36
-24.18
-24.18
-27.09
-27.09
-33.57
-33.57
-40.5
-40.5
-40.5
-41.48
-41.48
-39.77
-39.77
-39.86
-39.86
-40.74
-40.74
-41.18
-41.18
-41.18
-40.64
-40.64
-39.0
-39.0
-39.0
-39.0
-38.36
-38.36
-38.27
-38.27
-38.27
-37.99
-37.99
-36.51
-36.51
-26.0
-26.0
-24.0
-24.0
-24.0
-24.0
-24.0
-19.87
-19.87
-17.97
-17.97
-14.67
-14.67
-15.59
-15.59
-15.59
-16.23
-16.23
-16.41
-16.41
-16.32
-16.32
-15.0
-15.0
-10.0
-10.0
-10.0
-9.0
-9.0
-10.0
-10.0
-12.0
-12.0
-12.0
-12.0
-10.0
-10.0
-10.0
-10.0
-10.0
-10.0
-10.0
-10.0
-10.0
-12.0
-12.0
-13.0
-13.0
-12.15
-12.11
-12.11
-12.11
-12.28
-12.28
-12.15
-12.15
-12.08
-12.08
-11.92
-11.92
-11.92
-11.91
-11.91
-12.02
-12.02
-11.64
-11.64
-11.28
-11.28
-11.95
-11.95
-11.95
-11.73
-11.73
-11.08
-11.08
-11.0
-11.0
-9.59
-9.59
-12.04
-12.04
-12.04
-11.98
-11.98
-12.42
-12.42
-12.39
-12.39
-12.52
-12.52
-12.52
-12.67
-12.67
-11.4
-11.4
-10.96
-10.96
-11.9
-11.9
-12.33
-12.33
-12.33
-12.69
-12.69
-12.85
-12.85
-11.75
-11.75
-11.83
-11.83
-11.91
-11.91
-11.91
-13.73
-13.73
-13.0
-13.0
-13.24
-13.24
-11.94
-11.94
-10.89
-10.89
-10.89
-11.44
-11.44
-12.45
-12.45
-12.33
-12.33
-11.98
-11.98
-11.98
-15.52
-15.52
-14.96
-14.96
-13.51
-13.51
-13.69
-13.69
-13.97
-13.97
-13.97
-14.96
-14.96
-19.73
-19.73
-23.29
-23.29
-24.73
-24.73
-26.27
-26.27
-26.27
-28.73
-28.73
-30.73
-30.73
-31.45
-31.45
-31.82
-31.82
-31.36
-31.36
-31.36
-24.18
-24.18
-27.09
-27.09
-33.57
-33.57
-40.5
-40.5
-40.5
-41.48
-41.48
-39.77
-39.77
-39.86
-39.86
-40.74
-40.74
-41.18
-41.18
-41.18
-40.64
-40.64
-39.0
-39.0
-39.0
-39.0
-38.36
-38.36
-38.27
-38.27
-38.27
-37.99
-37.99
-36.51
-36.51
-26.0
-26.0
-24.0
-24.0
-24.0
-24.0
-24.0
-19.87
-19.87
-17.97
-17.97
-14.67
-14.67
-15.59
-15.59
-15.59
-16.23
-16.23
-16.41
-16.41
-16.32
-16.32
-15.0
-15.0
-10.0
-10.0
-10.0
-9.0
-9.0
-10.0
-10.0
-12.0
-12.0
-12.0
-12.0
-10.0
-10.0
-10.0
-10.0
-10.0
-10.0
-10.0
-10.0
-10.0
-12.0
-12.0
-13.0
-13.0
-12.15
-12.11
-12.11
-12.11
-12.28
-12.28
-12.15
-12.15
-12.08
-12.08
-11.92
-11.92
-11.92
-11.91
-11.91
-12.02
-12.02
-11.64
-11.64
-11.28
-11.28
-11.95
-11.95
-11.95
-11.73
-11.73
-11.08
-11.08
-11.0
-11.0
-9.59
-9.59
-12.04
-12.04
-12.04
-11.98
-11.98
-12.42
-12.42
-12.39
-12.39
-12.52
-12.52
-12.52
-12.67
-12.67
-11.4
-11.4
-10.96
-10.96
-11.9
-11.9
-12.33
-12.33
-12.33
-12.69
-12.69
-12.85
-12.85
-11.75
-11.75
-11.83
-11.83
-11.91
-11.91
-11.91
-13.73
-13.73
-13.0
-13.0
-13.24
-13.24
-11.94
-11.94
-10.89
-10.89
-10.89
-11.44
-11.44
-12.45
-12.45
-12.33
-12.33
-11.98
-11.98
-11.98
-15.52
-15.52
-14.96
-14.96
-13.51
-13.51
-13.69
-13.69
-13.97
-13.97
-13.97
-14.96
-14.96
-19.73
-19.73
-23.29
-23.29
-24.73
-24.73
-26.27
-26.27
-26.27
-28.73
-28.73
-30.73
-30.73
-31.45
-31.45
-31.82
-31.82
-31.36
-31.36
-31.36
-24.18
-24.18
-27.09
-27.09
-33.57
-33.57
-40.5
-40.5
-40.5
-41.48
-41.48
-39.77
-39.77
-39.86
-39.86
-40.74
-40.74
-41.18
-41.18
-41.18
-40.64
-40.64
-39.0
-39.0
-39.0
-39.0
-38.36
-38.36
-38.27
-38.27
-38.27
-37.99
-37.99
-36.51
-36.51
-26.0
-26.0
-24.0
-24.0
-24.0
-24.0
-24.0
-19.87
-19.87
-17.97
-17.97
-14.67
-14.67
-15.59
-15.59
-15.59
-16.23
-16.23
-16.41
-16.41
-16.32
-16.32
-15.0
-15.0
-10.0
-10.0
-10.0
-9.0
-9.0
-10.0
-10.0
-12.0
-12.0
-12.0
-12.0
-10.0
-10.0
-10.0
-10.0
-10.0
-10.0
-10.0
-10.0
-10.0
-12.0
-12.0
-13.0
-13.0
-12.01
-12.11
-12.11
-12.11
-12.21
-12.21
-12.15
-12.15
-12.11
-12.11
-12.01
-12.01
-12.01
-11.98
-11.98
-12.01
-12.01
-11.8
-11.8
-11.41
-11.41
-12.04
-12.04
-12.04
-12.07
-12.07
-11.8
-11.8
-11.85
-11.85
-9.84
-9.84
-11.91
-11.91
-11.91
-12.03
-12.03
-12.38
-12.38
-12.68
-12.68
-12.53
-12.53
-12.53
-12.03
-12.03
-11.07
-11.07
-11.16
-11.16
-11.76
-11.76
-12.07
-12.07
-12.07
-12.5
-12.5
-12.33
-12.33
-11.18
-11.18
-11.52
-11.52
-11.92
-11.92
-11.92
-13.31
-13.31
-12.23
-12.23
-12.0
-12.0
-11.63
-11.63
-11.42
-11.42
-11.42
-11.19
-11.19
-11.04
-11.04
-11.01
-11.01
-11.27
-11.27
-11.27
-15.59
-15.59
-14.45
-14.45
-13.02
-13.02
-13.77
-13.77
-14.6
-14.6
-14.6
-15.76
-15.76
-19.12
-19.12
-22.45
-22.45
-23.64
-23.64
-25.41
-25.41
-25.41
-27.0
-27.0
-28.73
-28.73
-29.64
-29.64
-29.91
-29.91
-30.73
-30.73
-30.73
-27.55
-27.55
-29.45
-29.45
-33.64
-33.64
-36.59
-36.59
-36.59
-38.97
-38.97
-39.33
-39.33
-39.66
-39.66
-39.86
-39.86
-37.98
-37.98
-37.98
-37.0
-37.0
-37.0
-37.0
-37.0
-37.0
-38.14
-38.14
-38.0
-38.0
-38.0
-37.3
-37.3
-35.73
-35.73
-26.0
-26.0
-24.0
-24.0
-23.98
-23.98
-23.98
-21.98
-21.98
-18.3
-18.3
-15.11
-15.11
-15.58
-15.58
-15.58
-16.23
-16.23
-16.36
-16.36
-16.45
-16.45
-11.5
-11.5
-10.4
-10.4
-10.4
-9.0
-9.0
-9.0
-9.0
-12.0
-12.0
-12.0
-12.0
-10.0
-10.0
-10.0
-10.0
-10.0
-11.0
-11.0
-11.0
-11.0
-13.0
-13.0
-14.0
-14.0
-12.01
-12.11
-12.11
-12.11
-12.21
-12.21
-12.15
-12.15
-12.11
-12.11
-12.01
-12.01
-12.01
-11.98
-11.98
-12.01
-12.01
-11.8
-11.8
-11.41
-11.41
-12.04
-12.04
-12.04
-12.07
-12.07
-11.8
-11.8
-11.85
-11.85
-9.84
-9.84
-11.91
-11.91
-11.91
-12.03
-12.03
-12.38
-12.38
-12.68
-12.68
-12.53
-12.53
-12.53
-12.03
-12.03
-11.07
-11.07
-11.16
-11.16
-11.76
-11.76
-12.07
-12.07
-12.07
-12.5
-12.5
-12.33
-12.33
-11.18
-11.18
-11.52
-11.52
-11.92
-11.92
-11.92
-13.31
-13.31
-12.23
-12.23
-12.0
-12.0
-11.63
-11.63
-11.42
-11.42
-11.42
-11.19
-11.19
-11.04
-11.04
-11.01
-11.01
-11.27
-11.27
-11.27
-15.59
-15.59
-14.45
-14.45
-13.02
-13.02
-13.77
-13.77
-14.6
-14.6
-14.6
-15.76
-15.76
-19.12
-19.12
-22.45
-22.45
-23.64
-23.64
-25.41
-25.41
-25.41
-27.0
-27.0
-28.73
-28.73
-29.64
-29.64
-29.91
-29.91
-30.73
-30.73
-30.73
-27.55
-27.55
-29.45
-29.45
-33.64
-33.64
-36.59
-36.59
-36.59
-38.97
-38.97
-39.33
-39.33
-39.66
-39.66
-39.86
-39.86
-37.98
-37.98
-37.98
-37.0
-37.0
-37.0
-37.0
-37.0
-37.0
-38.14
-38.14
-38.0
-38.0
-38.0
-37.3
-37.3
-35.73
-35.73
-26.0
-26.0
-24.0
-24.0
-23.98
-23.98
-23.98
-21.98
-21.98
-18.3
-18.3
-15.11
-15.11
-15.58
-15.58
-15.58
-16.23
-16.23
-16.36
-16.36
-16.45
-16.45
-11.5
-11.5
-10.4
-10.4
-10.4
-9.0
-9.0
-9.0
-9.0
-12.0
-12.0
-12.0
-12.0
-10.0
-10.0
-10.0
-10.0
-10.0
-11.0
-11.0
-11.0
-11.0
-13.0
-13.0
-14.0
-14.0
-12.03
-12.08
-12.08
-12.08
-12.27
-12.27
-12.2
-12.2
-12.13
-12.13
-12.1
-12.1
-12.1
-12.05
-12.05
-12.03
-12.03
-12.03
-12.03
-11.66
-11.66
-12.06
-12.06
-12.06
-12.3
-12.3
-12.1
-12.1
-11.92
-11.92
-9.79
-9.79
-11.6
-11.6
-11.6
-12.03
-12.03
-11.96
-11.96
-12.63
-12.63
-12.42
-12.42
-12.42
-12.22
-12.22
-12.08
-12.08
-11.28
-11.28
-11.72
-11.72
-11.88
-11.88
-11.88
-11.54
-11.54
-11.79
-11.79
-11.69
-11.69
-11.84
-11.84
-11.64
-11.64
-11.64
-11.01
-11.01
-11.91
-11.91
-12.33
-12.33
-12.01
-12.01
-12.07
-12.07
-12.07
-11.61
-11.61
-11.55
-11.55
-12.09
-12.09
-12.05
-12.05
-12.05
-11.72
-11.72
-16.89
-16.89
-17.88
-17.88
-16.79
-16.79
-16.34
-16.34
-16.34
-17.13
-17.13
-18.88
-18.88
-20.69
-20.69
-22.82
-22.82
-24.5
-24.5
-24.5
-25.64
-25.64
-26.64
-26.64
-28.18
-28.18
-29.18
-29.18
-30.45
-30.45
-30.45
-31.55
-31.55
-32.91
-32.91
-33.09
-33.09
-34.82
-34.82
-34.82
-37.09
-37.09
-37.95
-37.95
-38.0
-38.0
-38.0
-38.0
-38.0
-38.0
-38.0
-37.0
-37.0
-37.0
-37.0
-36.0
-36.0
-35.0
-35.0
-37.18
-37.18
-37.18
-36.5
-36.5
-35.0
-35.0
-33.0
-33.0
-27.0
-27.0
-24.0
-24.0
-24.0
-22.17
-22.17
-18.58
-18.58
-16.0
-16.0
-15.0
-15.0
-15.0
-15.0
-15.0
-18.0
-18.0
-22.0
-22.0
-18.0
-18.0
-12.0
-12.0
-12.0
-11.0
-11.0
-11.0
-11.0
-11.0
-11.0
-11.0
-11.0
-11.0
-11.0
-11.0
-12.0
-12.0
-12.0
-12.0
-11.0
-11.0
-12.0
-12.0
-13.0
-13.0
-12.03
-12.08
-12.08
-12.08
-12.27
-12.27
-12.2
-12.2
-12.13
-12.13
-12.1
-12.1
-12.1
-12.05
-12.05
-12.03
-12.03
-12.03
-12.03
-11.66
-11.66
-12.06
-12.06
-12.06
-12.3
-12.3
-12.1
-12.1
-11.92
-11.92
-9.79
-9.79
-11.6
-11.6
-11.6
-12.03
-12.03
-11.96
-11.96
-12.63
-12.63
-12.42
-12.42
-12.42
-12.22
-12.22
-12.08
-12.08
-11.28
-11.28
-11.72
-11.72
-11.88
-11.88
-11.88
-11.54
-11.54
-11.79
-11.79
-11.69
-11.69
-11.84
-11.84
-11.64
-11.64
-11.64
-11.01
-11.01
-11.91
-11.91
-12.33
-12.33
-12.01
-12.01
-12.07
-12.07
-12.07
-11.61
-11.61
-11.55
-11.55
-12.09
-12.09
-12.05
-12.05
-12.05
-11.72
-11.72
-16.89
-16.89
-17.88
-17.88
-16.79
-16.79
-16.34
-16.34
-16.34
-17.13
-17.13
-18.88
-18.88
-20.69
-20.69
-22.82
-22.82
-24.5
-24.5
-24.5
-25.64
-25.64
-26.64
-26.64
-28.18
-28.18
-29.18
-29.18
-30.45
-30.45
-30.45
-31.55
-31.55
-32.91
-32.91
-33.09
-33.09
-34.82
-34.82
-34.82
-37.09
-37.09
-37.95
-37.95
-38.0
-38.0
-38.0
-38.0
-38.0
-38.0
-38.0
-37.0
-37.0
-37.0
-37.0
-36.0
-36.0
-35.0
-35.0
-37.18
-37.18
-37.18
-36.5
-36.5
-35.0
-35.0
-33.0
-33.0
-27.0
-27.0
-24.0
-24.0
-24.0
-22.17
-22.17
-18.58
-18.58
-16.0
-16.0
-15.0
-15.0
-15.0
-15.0
-15.0
-18.0
-18.0
-22.0
-22.0
-18.0
-18.0
-12.0
-12.0
-12.0
-11.0
-11.0
-11.0
-11.0
-11.0
-11.0
-11.0
-11.0
-11.0
-11.0
-11.0
-12.0
-12.0
-12.0
-12.0
-11.0
-11.0
-12.0
-12.0
-13.0
-13.0
-12.03
-12.08
-12.08
-12.08
-12.27
-12.27
-12.2
-12.2
-12.13
-12.13
-12.1
-12.1
-12.1
-12.05
-12.05
-12.03
-12.03
-12.03
-12.03
-11.66
-11.66
-12.06
-12.06
-12.06
-12.3
-12.3
-12.1
-12.1
-11.92
-11.92
-9.79
-9.79
-11.6
-11.6
-11.6
-12.03
-12.03
-11.96
-11.96
-12.63
-12.63
-12.42
-12.42
-12.42
-12.22
-12.22
-12.08
-12.08
-11.28
-11.28
-11.72
-11.72
-11.88
-11.88
-11.88
-11.54
-11.54
-11.79
-11.79
-11.69
-11.69
-11.84
-11.84
-11.64
-11.64
-11.64
-11.01
-11.01
-11.91
-11.91
-12.33
-12.33
-12.01
-12.01
-12.07
-12.07
-12.07
-11.61
-11.61
-11.55
-11.55
-12.09
-12.09
-12.05
-12.05
-12.05
-11.72
-11.72
-16.89
-16.89
-17.88
-17.88
-16.79
-16.79
-16.34
-16.34
-16.34
-17.13
-17.13
-18.88
-18.88
-20.69
-20.69
-22.82
-22.82
-24.5
-24.5
-24.5
-25.64
-25.64
-26.64
-26.64
-28.18
-28.18
-29.18
-29.18
-30.45
-30.45
-30.45
-31.55
-31.55
-32.91
-32.91
-33.09
-33.09
-34.82
-34.82
-34.82
-37.09
-37.09
-37.95
-37.95
-38.0
-38.0
-38.0
-38.0
-38.0
-38.0
-38.0
-37.0
-37.0
-37.0
-37.0
-36.0
-36.0
-35.0
-35.0
-37.18
-37.18
-37.18
-36.5
-36.5
-35.0
-35.0
-33.0
-33.0
-27.0
-27.0
-24.0
-24.0
-24.0
-22.17
-22.17
-18.58
-18.58
-16.0
-16.0
-15.0
-15.0
-15.0
-15.0
-15.0
-18.0
-18.0
-22.0
-22.0
-18.0
-18.0
-12.0
-12.0
-12.0
-11.0
-11.0
-11.0
-11.0
-11.0
-11.0
-11.0
-11.0
-11.0
-11.0
-11.0
-12.0
-12.0
-12.0
-12.0
-11.0
-11.0
-12.0
-12.0
-13.0
-13.0
-12.21
-12.04
-12.04
-12.04
-12.07
-12.07
-12.12
-12.12
-12.12
-12.12
-12.12
-12.12
-12.12
-12.07
-12.07
-12.06
-12.06
-12.04
-12.04
-11.99
-11.99
-11.81
-11.81
-11.81
-11.99
-11.99
-12.02
-12.02
-12.03
-12.03
-10.87
-10.87
-11.7
-11.7
-11.7
-12.28
-12.28
-12.23
-12.23
-12.18
-12.18
-12.45
-12.45
-12.45
-12.25
-12.25
-12.11
-12.11
-12.1
-12.1
-12.17
-12.17
-12.22
-12.22
-12.22
-11.47
-11.47
-11.9
-11.9
-12.29
-12.29
-12.06
-12.06
-12.38
-12.38
-12.38
-11.52
-11.52
-11.21
-11.21
-12.8
-12.8
-14.06
-14.06
-13.82
-13.82
-13.82
-13.34
-13.34
-13.41
-13.41
-12.89
-12.89
-13.08
-13.08
-13.08
-12.46
-12.46
-17.31
-17.31
-18.07
-18.07
-17.53
-17.53
-17.27
-17.27
-17.27
-17.79
-17.79
-16.0
-16.0
-24.0
-24.0
-24.0
-24.0
-24.36
-24.36
-24.36
-24.91
-24.91
-25.27
-25.27
-27.36
-27.36
-28.82
-28.82
-29.82
-29.82
-29.82
-30.91
-30.91
-32.45
-32.45
-33.82
-33.82
-35.45
-35.45
-35.45
-36.45
-36.45
-37.68
-37.68
-35.0
-35.0
-35.0
-35.0
-35.0
-35.0
-35.0
-35.0
-35.0
-35.0
-35.0
-35.0
-35.0
-34.0
-34.0
-35.0
-35.0
-35.0
-35.0
-35.0
-35.0
-35.0
-33.0
-33.0
-31.0
-31.0
-28.0
-28.0
-28.0
-24.0
-24.0
-22.17
-22.17
-25.0
-25.0
-25.0
-25.0
-25.0
-23.0
-23.0
-20.0
-20.0
-15.0
-15.0
-15.0
-15.0
-15.0
-15.0
-15.0
-11.0
-11.0
-10.0
-10.0
-11.0
-11.0
-12.0
-12.0
-12.0
-12.0
-12.0
-23.0
-23.0
-24.0
-24.0
-11.48
-11.48
-11.68
-11.68
-11.0
-11.0
-12.21
-12.04
-12.04
-12.04
-12.07
-12.07
-12.12
-12.12
-12.12
-12.12
-12.12
-12.12
-12.12
-12.07
-12.07
-12.06
-12.06
-12.04
-12.04
-11.99
-11.99
-11.81
-11.81
-11.81
-11.99
-11.99
-12.02
-12.02
-12.03
-12.03
-10.87
-10.87
-11.7
-11.7
-11.7
-12.28
-12.28
-12.23
-12.23
-12.18
-12.18
-12.45
-12.45
-12.45
-12.25
-12.25
-12.11
-12.11
-12.1
-12.1
-12.17
-12.17
-12.22
-12.22
-12.22
-11.47
-11.47
-11.9
-11.9
-12.29
-12.29
-12.06
-12.06
-12.38
-12.38
-12.38
-11.52
-11.52
-11.21
-11.21
-12.8
-12.8
-14.06
-14.06
-13.82
-13.82
-13.82
-13.34
-13.34
-13.41
-13.41
-12.89
-12.89
-13.08
-13.08
-13.08
-12.46
-12.46
-17.31
-17.31
-18.07
-18.07
-17.53
-17.53
-17.27
-17.27
-17.27
-17.79
-17.79
-16.0
-16.0
-24.0
-24.0
-24.0
-24.0
-24.36
-24.36
-24.36
-24.91
-24.91
-25.27
-25.27
-27.36
-27.36
-28.82
-28.82
-29.82
-29.82
-29.82
-30.91
-30.91
-32.45
-32.45
-33.82
-33.82
-35.45
-35.45
-35.45
-36.45
-36.45
-37.68
-37.68
-35.0
-35.0
-35.0
-35.0
-35.0
-35.0
-35.0
-35.0
-35.0
-35.0
-35.0
-35.0
-35.0
-34.0
-34.0
-35.0
-35.0
-35.0
-35.0
-35.0
-35.0
-35.0
-33.0
-33.0
-31.0
-31.0
-28.0
-28.0
-28.0
-24.0
-24.0
-22.17
-22.17
-25.0
-25.0
-25.0
-25.0
-25.0
-23.0
-23.0
-20.0
-20.0
-15.0
-15.0
-15.0
-15.0
-15.0
-15.0
-15.0
-11.0
-11.0
-10.0
-10.0
-11.0
-11.0
-12.0
-12.0
-12.0
-12.0
-12.0
-23.0
-23.0
-24.0
-24.0
-11.48
-11.48
-11.68
-11.68
-11.0
-11.0
-12.06
-12.05
-12.05
-12.05
-12.05
-12.05
-12.04
-12.04
-12.05
-12.05
-12.07
-12.07
-12.07
-12.07
-12.07
-11.85
-11.85
-11.98
-11.98
-11.93
-11.93
-11.74
-11.74
-11.74
-12.18
-12.18
-12.03
-12.03
-11.94
-11.94
-10.96
-10.96
-11.66
-11.66
-11.66
-12.29
-12.29
-12.04
-12.04
-12.23
-12.23
-12.2
-12.2
-12.2
-12.43
-12.43
-11.87
-11.87
-12.06
-12.06
-12.16
-12.16
-12.29
-12.29
-12.29
-12.43
-12.43
-12.33
-12.33
-12.54
-12.54
-12.52
-12.52
-12.55
-12.55
-12.55
-12.22
-12.22
-13.46
-13.46
-13.78
-13.78
-12.65
-12.65
-13.23
-13.23
-13.23
-15.0
-15.0
-16.0
-16.0
-16.0
-16.0
-15.0
-15.0
-15.0
-15.0
-15.0
-17.33
-17.33
-17.66
-17.66
-13.04
-13.04
-17.0
-17.0
-17.0
-23.0
-23.0
-31.0
-31.0
-31.0
-31.0
-25.0
-25.0
-20.0
-20.0
-20.0
-25.0
-25.0
-31.93
-31.93
-26.0
-26.0
-25.0
-25.0
-25.0
-25.0
-25.0
-24.75
-24.75
-28.88
-28.88
-33.0
-33.0
-34.0
-34.0
-34.0
-34.0
-34.0
-33.0
-33.0
-33.0
-33.0
-33.0
-33.0
-33.0
-33.0
-33.0
-33.0
-33.0
-33.0
-33.0
-33.0
-33.0
-34.0
-34.0
-35.0
-35.0
-35.0
-35.0
-35.0
-34.0
-34.0
-32.0
-32.0
-31.0
-31.0
-29.0
-29.0
-29.0
-28.74
-28.74
-30.34
-30.34
-23.85
-23.85
-24.0
-24.0
-24.0
-21.0
-21.0
-21.0
-21.0
-17.0
-17.0
-12.0
-12.0
-12.0
-12.0
-12.0
-11.0
-11.0
-25.0
-25.0
-30.0
-30.0
-30.0
-30.0
-30.0
-30.0
-30.0
-23.0
-23.0
-15.0
-15.0
-10.65
-10.65
-10.4
-10.4
-9.18
-9.18
-12.06
-12.05
-12.05
-12.05
-12.05
-12.05
-12.04
-12.04
-12.05
-12.05
-12.07
-12.07
-12.07
-12.07
-12.07
-11.85
-11.85
-11.98
-11.98
-11.93
-11.93
-11.74
-11.74
-11.74
-12.18
-12.18
-12.03
-12.03
-11.94
-11.94
-10.96
-10.96
-11.66
-11.66
-11.66
-12.29
-12.29
-12.04
-12.04
-12.23
-12.23
-12.2
-12.2
-12.2
-12.43
-12.43
-11.87
-11.87
-12.06
-12.06
-12.16
-12.16
-12.29
-12.29
-12.29
-12.43
-12.43
-12.33
-12.33
-12.54
-12.54
-12.52
-12.52
-12.55
-12.55
-12.55
-12.22
-12.22
-13.46
-13.46
-13.78
-13.78
-12.65
-12.65
-13.23
-13.23
-13.23
-15.0
-15.0
-16.0
-16.0
-16.0
-16.0
-15.0
-15.0
-15.0
-15.0
-15.0
-17.33
-17.33
-17.66
-17.66
-13.04
-13.04
-17.0
-17.0
-17.0
-23.0
-23.0
-31.0
-31.0
-31.0
-31.0
-25.0
-25.0
-20.0
-20.0
-20.0
-25.0
-25.0
-31.93
-31.93
-26.0
-26.0
-25.0
-25.0
-25.0
-25.0
-25.0
-24.75
-24.75
-28.88
-28.88
-33.0
-33.0
-34.0
-34.0
-34.0
-34.0
-34.0
-33.0
-33.0
-33.0
-33.0
-33.0
-33.0
-33.0
-33.0
-33.0
-33.0
-33.0
-33.0
-33.0
-33.0
-33.0
-34.0
-34.0
-35.0
-35.0
-35.0
-35.0
-35.0
-34.0
-34.0
-32.0
-32.0
-31.0
-31.0
-29.0
-29.0
-29.0
-28.74
-28.74
-30.34
-30.34
-23.85
-23.85
-24.0
-24.0
-24.0
-21.0
-21.0
-21.0
-21.0
-17.0
-17.0
-12.0
-12.0
-12.0
-12.0
-12.0
-11.0
-11.0
-25.0
-25.0
-30.0
-30.0
-30.0
-30.0
-30.0
-30.0
-30.0
-23.0
-23.0
-15.0
-15.0
-10.65
-10.65
-10.4
-10.4
-9.18
-9.18
-12.06
-12.05
-12.05
-12.05
-12.05
-12.05
-12.04
-12.04
-12.05
-12.05
-12.07
-12.07
-12.07
-12.07
-12.07
-11.85
-11.85
-11.98
-11.98
-11.93
-11.93
-11.74
-11.74
-11.74
-12.18
-12.18
-12.03
-12.03
-11.94
-11.94
-10.96
-10.96
-11.66
-11.66
-11.66
-12.29
-12.29
-12.04
-12.04
-12.23
-12.23
-12.2
-12.2
-12.2
-12.43
-12.43
-11.87
-11.87
-12.06
-12.06
-12.16
-12.16
-12.29
-12.29
-12.29
-12.43
-12.43
-12.33
-12.33
-12.54
-12.54
-12.52
-12.52
-12.55
-12.55
-12.55
-12.22
-12.22
-13.46
-13.46
-13.78
-13.78
-12.65
-12.65
-13.23
-13.23
-13.23
-15.0
-15.0
-16.0
-16.0
-16.0
-16.0
-15.0
-15.0
-15.0
-15.0
-15.0
-17.33
-17.33
-17.66
-17.66
-13.04
-13.04
-17.0
-17.0
-17.0
-23.0
-23.0
-31.0
-31.0
-31.0
-31.0
-25.0
-25.0
-20.0
-20.0
-20.0
-25.0
-25.0
-31.93
-31.93
-26.0
-26.0
-25.0
-25.0
-25.0
-25.0
-25.0
-24.75
-24.75
-28.88
-28.88
-33.0
-33.0
-34.0
-34.0
-34.0
-34.0
-34.0
-33.0
-33.0
-33.0
-33.0
-33.0
-33.0
-33.0
-33.0
-33.0
-33.0
-33.0
-33.0
-33.0
-33.0
-33.0
-34.0
-34.0
-35.0
-35.0
-35.0
-35.0
-35.0
-34.0
-34.0
-32.0
-32.0
-31.0
-31.0
-29.0
-29.0
-29.0
-28.74
-28.74
-30.34
-30.34
-23.85
-23.85
-24.0
-24.0
-24.0
-21.0
-21.0
-21.0
-21.0
-17.0
-17.0
-12.0
-12.0
-12.0
-12.0
-12.0
-11.0
-11.0
-25.0
-25.0
-30.0
-30.0
-30.0
-30.0
-30.0
-30.0
-30.0
-23.0
-23.0
-15.0
-15.0
-10.65
-10.65
-10.4
-10.4
-9.18
-9.18
-12.03
-12.04
-12.04
-12.04
-12.06
-12.06
-12.06
-12.06
-12.04
-12.04
-12.07
-12.07
-12.07
-12.07
-12.07
-11.99
-11.99
-12.02
-12.02
-12.02
-12.02
-11.6
-11.6
-11.6
-12.13
-12.13
-12.16
-12.16
-12.02
-12.02
-10.87
-10.87
-11.41
-11.41
-11.41
-12.21
-12.21
-11.93
-11.93
-12.14
-12.14
-12.09
-12.09
-12.09
-12.03
-12.03
-12.09
-12.09
-12.03
-12.03
-12.0
-12.0
-12.17
-12.17
-12.17
-12.37
-12.37
-12.15
-12.15
-12.48
-12.48
-12.45
-12.45
-13.7
-13.7
-13.7
-14.01
-14.01
-12.7
-12.7
-15.0
-15.0
-16.0
-16.0
-16.0
-16.0
-16.0
-20.0
-20.0
-25.0
-25.0
-27.0
-27.0
-28.0
-28.0
-28.0
-30.0
-30.0
-30.0
-30.0
-30.0
-30.0
-31.0
-31.0
-31.93
-31.93
-31.93
-33.0
-33.0
-32.0
-32.0
-32.0
-32.0
-30.0
-30.0
-27.0
-27.0
-27.0
-23.0
-23.0
-25.0
-25.0
-30.0
-30.0
-30.0
-30.0
-25.0
-25.0
-25.0
-24.75
-24.75
-25.0
-25.0
-33.0
-33.0
-33.0
-33.0
-33.0
-33.0
-33.0
-32.0
-32.0
-32.0
-32.0
-32.0
-32.0
-32.0
-32.0
-32.0
-32.0
-32.0
-32.0
-32.0
-32.0
-32.0
-34.99
-34.99
-34.97
-34.97
-34.97
-34.97
-34.97
-32.99
-32.99
-31.0
-31.0
-30.0
-30.0
-31.84
-31.84
-31.84
-30.77
-30.77
-24.0
-24.0
-24.0
-24.0
-24.0
-24.0
-24.0
-21.0
-21.0
-15.0
-15.0
-12.0
-12.0
-10.0
-10.0
-11.0
-11.0
-11.0
-15.0
-15.0
-30.0
-30.0
-32.0
-32.0
-32.0
-32.0
-30.0
-30.0
-30.0
-25.0
-25.0
-17.0
-17.0
-9.93
-9.93
-10.37
-10.37
-11.0
-11.0
-12.03
-12.04
-12.04
-12.04
-12.06
-12.06
-12.06
-12.06
-12.04
-12.04
-12.07
-12.07
-12.07
-12.07
-12.07
-11.99
-11.99
-12.02
-12.02
-12.02
-12.02
-11.6
-11.6
-11.6
-12.13
-12.13
-12.16
-12.16
-12.02
-12.02
-10.87
-10.87
-11.41
-11.41
-11.41
-12.21
-12.21
-11.93
-11.93
-12.14
-12.14
-12.09
-12.09
-12.09
-12.03
-12.03
-12.09
-12.09
-12.03
-12.03
-12.0
-12.0
-12.17
-12.17
-12.17
-12.37
-12.37
-12.15
-12.15
-12.48
-12.48
-12.45
-12.45
-13.7
-13.7
-13.7
-14.01
-14.01
-12.7
-12.7
-15.0
-15.0
-16.0
-16.0
-16.0
-16.0
-16.0
-20.0
-20.0
-25.0
-25.0
-27.0
-27.0
-28.0
-28.0
-28.0
-30.0
-30.0
-30.0
-30.0
-30.0
-30.0
-31.0
-31.0
-31.93
-31.93
-31.93
-33.0
-33.0
-32.0
-32.0
-32.0
-32.0
-30.0
-30.0
-27.0
-27.0
-27.0
-23.0
-23.0
-25.0
-25.0
-30.0
-30.0
-30.0
-30.0
-25.0
-25.0
-25.0
-24.75
-24.75
-25.0
-25.0
-33.0
-33.0
-33.0
-33.0
-33.0
-33.0
-33.0
-32.0
-32.0
-32.0
-32.0
-32.0
-32.0
-32.0
-32.0
-32.0
-32.0
-32.0
-32.0
-32.0
-32.0
-32.0
-34.99
-34.99
-34.97
-34.97
-34.97
-34.97
-34.97
-32.99
-32.99
-31.0
-31.0
-30.0
-30.0
-31.84
-31.84
-31.84
-30.77
-30.77
-24.0
-24.0
-24.0
-24.0
-24.0
-24.0
-24.0
-21.0
-21.0
-15.0
-15.0
-12.0
-12.0
-10.0
-10.0
-11.0
-11.0
-11.0
-15.0
-15.0
-30.0
-30.0
-32.0
-32.0
-32.0
-32.0
-30.0
-30.0
-30.0
-25.0
-25.0
-17.0
-17.0
-9.93
-9.93
-10.37
-10.37
-11.0
-11.0
-12.03
-12.04
-12.04
-12.04
-12.06
-12.06
-12.06
-12.06
-12.04
-12.04
-12.07
-12.07
-12.07
-12.07
-12.07
-11.99
-11.99
-12.02
-12.02
-12.02
-12.02
-11.6
-11.6
-11.6
-12.13
-12.13
-12.16
-12.16
-12.02
-12.02
-10.87
-10.87
-11.41
-11.41
-11.41
-12.21
-12.21
-11.93
-11.93
-12.14
-12.14
-12.09
-12.09
-12.09
-12.03
-12.03
-12.09
-12.09
-12.03
-12.03
-12.0
-12.0
-12.17
-12.17
-12.17
-12.37
-12.37
-12.15
-12.15
-12.48
-12.48
-12.45
-12.45
-13.7
-13.7
-13.7
-14.01
-14.01
-12.7
-12.7
-15.0
-15.0
-16.0
-16.0
-16.0
-16.0
-16.0
-20.0
-20.0
-25.0
-25.0
-27.0
-27.0
-28.0
-28.0
-28.0
-30.0
-30.0
-30.0
-30.0
-30.0
-30.0
-31.0
-31.0
-31.93
-31.93
-31.93
-33.0
-33.0
-32.0
-32.0
-32.0
-32.0
-30.0
-30.0
-27.0
-27.0
-27.0
-23.0
-23.0
-25.0
-25.0
-30.0
-30.0
-30.0
-30.0
-25.0
-25.0
-25.0
-24.75
-24.75
-25.0
-25.0
-33.0
-33.0
-33.0
-33.0
-33.0
-33.0
-33.0
-32.0
-32.0
-32.0
-32.0
-32.0
-32.0
-32.0
-32.0
-32.0
-32.0
-32.0
-32.0
-32.0
-32.0
-32.0
-34.99
-34.99
-34.97
-34.97
-34.97
-34.97
-34.97
-32.99
-32.99
-31.0
-31.0
-30.0
-30.0
-31.84
-31.84
-31.84
-30.77
-30.77
-24.0
-24.0
-24.0
-24.0
-24.0
-24.0
-24.0
-21.0
-21.0
-15.0
-15.0
-12.0
-12.0
-10.0
-10.0
-11.0
-11.0
-11.0
-15.0
-15.0
-30.0
-30.0
-32.0
-32.0
-32.0
-32.0
-30.0
-30.0
-30.0
-25.0
-25.0
-17.0
-17.0
-9.93
-9.93
-10.37
-10.37
-11.0
-11.0
-12.02
-12.05
-12.05
-12.05
-12.06
-12.06
-12.06
-12.06
-12.06
-12.06
-12.07
-12.07
-12.07
-12.07
-12.07
-12.03
-12.03
-12.02
-12.02
-12.03
-12.03
-11.84
-11.84
-11.84
-11.94
-11.94
-12.05
-12.05
-12.18
-12.18
-11.29
-11.29
-11.04
-11.04
-11.04
-12.19
-12.19
-11.98
-11.98
-12.03
-12.03
-12.07
-12.07
-12.07
-12.05
-12.05
-12.04
-12.04
-11.96
-11.96
-12.05
-12.05
-12.13
-12.13
-12.13
-12.19
-12.19
-12.44
-12.44
-12.48
-12.48
-12.63
-12.63
-11.7
-11.7
-11.7
-12.49
-12.49
-17.0
-17.0
-25.0
-25.0
-30.0
-30.0
-31.79
-31.79
-31.79
-31.69
-31.69
-31.67
-31.67
-31.74
-31.74
-31.74
-31.74
-31.74
-30.87
-30.87
-30.0
-30.0
-30.0
-30.0
-28.0
-28.0
-28.0
-28.0
-28.0
-22.0
-22.0
-13.0
-13.0
-14.0
-14.0
-17.0
-17.0
-17.0
-17.0
-17.0
-14.0
-14.0
-14.0
-14.0
-14.0
-14.0
-16.0
-16.0
-15.0
-15.0
-15.0
-16.0
-16.0
-16.0
-16.0
-22.0
-22.0
-25.0
-25.0
-25.0
-32.0
-32.0
-32.0
-32.0
-32.0
-32.0
-32.0
-32.0
-32.0
-32.0
-32.0
-32.0
-32.0
-35.0
-35.0
-34.98
-34.98
-34.97
-34.97
-34.97
-34.97
-34.97
-34.94
-34.94
-34.94
-34.94
-34.95
-34.95
-34.56
-34.56
-33.77
-33.77
-33.77
-25.0
-25.0
-12.0
-12.0
-12.0
-12.0
-12.0
-12.0
-12.0
-12.0
-12.0
-11.0
-11.0
-12.0
-12.0
-12.0
-12.0
-15.0
-15.0
-15.0
-26.0
-26.0
-30.0
-30.0
-32.0
-32.0
-30.0
-30.0
-25.0
-25.0
-25.0
-21.0
-21.0
-19.0
-19.0
-10.43
-10.43
-10.58
-10.58
-10.61
-10.61
-12.02
-12.05
-12.05
-12.05
-12.06
-12.06
-12.06
-12.06
-12.06
-12.06
-12.07
-12.07
-12.07
-12.07
-12.07
-12.03
-12.03
-12.02
-12.02
-12.03
-12.03
-11.84
-11.84
-11.84
-11.94
-11.94
-12.05
-12.05
-12.18
-12.18
-11.29
-11.29
-11.04
-11.04
-11.04
-12.19
-12.19
-11.98
-11.98
-12.03
-12.03
-12.07
-12.07
-12.07
-12.05
-12.05
-12.04
-12.04
-11.96
-11.96
-12.05
-12.05
-12.13
-12.13
-12.13
-12.19
-12.19
-12.44
-12.44
-12.48
-12.48
-12.63
-12.63
-11.7
-11.7
-11.7
-12.49
-12.49
-17.0
-17.0
-25.0
-25.0
-30.0
-30.0
-31.79
-31.79
-31.79
-31.69
-31.69
-31.67
-31.67
-31.74
-31.74
-31.74
-31.74
-31.74
-30.87
-30.87
-30.0
-30.0
-30.0
-30.0
-28.0
-28.0
-28.0
-28.0
-28.0
-22.0
-22.0
-13.0
-13.0
-14.0
-14.0
-17.0
-17.0
-17.0
-17.0
-17.0
-14.0
-14.0
-14.0
-14.0
-14.0
-14.0
-16.0
-16.0
-15.0
-15.0
-15.0
-16.0
-16.0
-16.0
-16.0
-22.0
-22.0
-25.0
-25.0
-25.0
-32.0
-32.0
-32.0
-32.0
-32.0
-32.0
-32.0
-32.0
-32.0
-32.0
-32.0
-32.0
-32.0
-35.0
-35.0
-34.98
-34.98
-34.97
-34.97
-34.97
-34.97
-34.97
-34.94
-34.94
-34.94
-34.94
-34.95
-34.95
-34.56
-34.56
-33.77
-33.77
-33.77
-25.0
-25.0
-12.0
-12.0
-12.0
-12.0
-12.0
-12.0
-12.0
-12.0
-12.0
-11.0
-11.0
-12.0
-12.0
-12.0
-12.0
-15.0
-15.0
-15.0
-26.0
-26.0
-30.0
-30.0
-32.0
-32.0
-30.0
-30.0
-25.0
-25.0
-25.0
-21.0
-21.0
-19.0
-19.0
-10.43
-10.43
-10.58
-10.58
-10.61
-10.61
-12.05
-12.05
-12.05
-12.05
-12.05
-12.05
-12.09
-12.09
-13.1
-13.1
-13.05
-13.05
-13.05
-13.04
-13.04
-12.05
-12.05
-12.06
-12.06
-12.05
-12.05
-12.04
-12.04
-12.04
-12.05
-12.05
-12.05
-12.05
-12.13
-12.13
-11.15
-11.15
-10.31
-10.31
-10.31
-11.52
-11.52
-12.05
-12.05
-11.97
-11.97
-13.02
-13.02
-13.02
-13.1
-13.1
-12.03
-12.03
-11.97
-11.97
-12.09
-12.09
-12.22
-12.22
-12.22
-11.97
-11.97
-12.16
-12.16
-13.59
-13.59
-10.32
-10.32
-20.0
-20.0
-20.0
-22.0
-22.0
-30.0
-30.0
-31.72
-31.72
-31.71
-31.71
-30.93
-30.93
-30.93
-30.0
-30.0
-30.0
-30.0
-29.99
-29.99
-30.0
-30.0
-30.0
-30.0
-30.0
-29.0
-29.0
-29.0
-29.0
-29.0
-29.0
-29.0
-29.0
-29.0
-29.0
-29.0
-25.0
-25.0
-25.0
-25.0
-23.0
-23.0
-23.0
-23.0
-23.0
-15.0
-15.0
-14.0
-14.0
-14.0
-14.0
-15.0
-15.0
-14.0
-14.0
-14.0
-15.0
-15.0
-15.0
-15.0
-14.0
-14.0
-16.0
-16.0
-16.0
-32.0
-32.0
-32.0
-32.0
-31.99
-31.99
-32.0
-32.0
-32.0
-32.0
-32.0
-32.0
-32.0
-33.99
-33.99
-34.97
-34.97
-34.96
-34.96
-34.94
-34.94
-34.94
-34.61
-34.61
-33.81
-33.81
-33.77
-33.77
-33.33
-33.33
-33.94
-33.94
-33.94
-34.85
-34.85
-15.0
-15.0
-13.0
-13.0
-13.0
-13.0
-13.0
-13.0
-13.0
-13.0
-13.0
-14.0
-14.0
-14.0
-14.0
-29.0
-29.0
-29.0
-30.0
-30.0
-32.0
-32.0
-34.0
-34.0
-30.0
-30.0
-25.0
-25.0
-25.0
-19.0
-19.0
-13.0
-13.0
-10.57
-10.57
-10.67
-10.67
-10.65
-10.65
-12.05
-12.05
-12.05
-12.05
-12.05
-12.05
-12.09
-12.09
-13.1
-13.1
-13.05
-13.05
-13.05
-13.04
-13.04
-12.05
-12.05
-12.06
-12.06
-12.05
-12.05
-12.04
-12.04
-12.04
-12.05
-12.05
-12.05
-12.05
-12.13
-12.13
-11.15
-11.15
-10.31
-10.31
-10.31
-11.52
-11.52
-12.05
-12.05
-11.97
-11.97
-13.02
-13.02
-13.02
-13.1
-13.1
-12.03
-12.03
-11.97
-11.97
-12.09
-12.09
-12.22
-12.22
-12.22
-11.97
-11.97
-12.16
-12.16
-13.59
-13.59
-10.32
-10.32
-20.0
-20.0
-20.0
-22.0
-22.0
-30.0
-30.0
-31.72
-31.72
-31.71
-31.71
-30.93
-30.93
-30.93
-30.0
-30.0
-30.0
-30.0
-29.99
-29.99
-30.0
-30.0
-30.0
-30.0
-30.0
-29.0
-29.0
-29.0
-29.0
-29.0
-29.0
-29.0
-29.0
-29.0
-29.0
-29.0
-25.0
-25.0
-25.0
-25.0
-23.0
-23.0
-23.0
-23.0
-23.0
-15.0
-15.0
-14.0
-14.0
-14.0
-14.0
-15.0
-15.0
-14.0
-14.0
-14.0
-15.0
-15.0
-15.0
-15.0
-14.0
-14.0
-16.0
-16.0
-16.0
-32.0
-32.0
-32.0
-32.0
-31.99
-31.99
-32.0
-32.0
-32.0
-32.0
-32.0
-32.0
-32.0
-33.99
-33.99
-34.97
-34.97
-34.96
-34.96
-34.94
-34.94
-34.94
-34.61
-34.61
-33.81
-33.81
-33.77
-33.77
-33.33
-33.33
-33.94
-33.94
-33.94
-34.85
-34.85
-15.0
-15.0
-13.0
-13.0
-13.0
-13.0
-13.0
-13.0
-13.0
-13.0
-13.0
-14.0
-14.0
-14.0
-14.0
-29.0
-29.0
-29.0
-30.0
-30.0
-32.0
-32.0
-34.0
-34.0
-30.0
-30.0
-25.0
-25.0
-25.0
-19.0
-19.0
-13.0
-13.0
-10.57
-10.57
-10.67
-10.67
-10.65
-10.65
-12.05
-12.05
-12.05
-12.05
-12.05
-12.05
-12.09
-12.09
-13.1
-13.1
-13.05
-13.05
-13.05
-13.04
-13.04
-12.05
-12.05
-12.06
-12.06
-12.05
-12.05
-12.04
-12.04
-12.04
-12.05
-12.05
-12.05
-12.05
-12.13
-12.13
-11.15
-11.15
-10.31
-10.31
-10.31
-11.52
-11.52
-12.05
-12.05
-11.97
-11.97
-13.02
-13.02
-13.02
-13.1
-13.1
-12.03
-12.03
-11.97
-11.97
-12.09
-12.09
-12.22
-12.22
-12.22
-11.97
-11.97
-12.16
-12.16
-13.59
-13.59
-10.32
-10.32
-20.0
-20.0
-20.0
-22.0
-22.0
-30.0
-30.0
-31.72
-31.72
-31.71
-31.71
-30.93
-30.93
-30.93
-30.0
-30.0
-30.0
-30.0
-29.99
-29.99
-30.0
-30.0
-30.0
-30.0
-30.0
-29.0
-29.0
-29.0
-29.0
-29.0
-29.0
-29.0
-29.0
-29.0
-29.0
-29.0
-25.0
-25.0
-25.0
-25.0
-23.0
-23.0
-23.0
-23.0
-23.0
-15.0
-15.0
-14.0
-14.0
-14.0
-14.0
-15.0
-15.0
-14.0
-14.0
-14.0
-15.0
-15.0
-15.0
-15.0
-14.0
-14.0
-16.0
-16.0
-16.0
-32.0
-32.0
-32.0
-32.0
-31.99
-31.99
-32.0
-32.0
-32.0
-32.0
-32.0
-32.0
-32.0
-33.99
-33.99
-34.97
-34.97
-34.96
-34.96
-34.94
-34.94
-34.94
-34.61
-34.61
-33.81
-33.81
-33.77
-33.77
-33.33
-33.33
-33.94
-33.94
-33.94
-34.85
-34.85
-15.0
-15.0
-13.0
-13.0
-13.0
-13.0
-13.0
-13.0
-13.0
-13.0
-13.0
-14.0
-14.0
-14.0
-14.0
-29.0
-29.0
-29.0
-30.0
-30.0
-32.0
-32.0
-34.0
-34.0
-30.0
-30.0
-25.0
-25.0
-25.0
-19.0
-19.0
-13.0
-13.0
-10.57
-10.57
-10.67
-10.67
-10.65
-10.65
-12.0
-12.05
-12.05
-12.05
-12.04
-12.04
-12.06
-12.06
-12.08
-12.08
-13.05
-13.05
-13.05
-13.05
-13.05
-12.04
-12.04
-11.89
-11.89
-12.04
-12.04
-12.04
-12.04
-12.04
-12.04
-12.04
-12.04
-12.04
-12.05
-12.05
-11.44
-11.44
-10.6
-10.6
-10.6
-12.73
-12.73
-12.02
-12.02
-12.93
-12.93
-12.98
-12.98
-12.98
-13.06
-13.06
-11.88
-11.88
-11.97
-11.97
-11.94
-11.94
-12.18
-12.18
-12.18
-12.14
-12.14
-13.45
-13.45
-10.35
-10.35
-24.0
-24.0
-23.0
-23.0
-23.0
-30.92
-30.92
-30.98
-30.98
-30.0
-30.0
-30.0
-30.0
-29.0
-29.0
-29.0
-29.0
-29.0
-29.0
-29.0
-29.0
-29.0
-29.0
-29.0
-29.0
-29.0
-29.0
-29.0
-29.0
-29.0
-29.0
-29.0
-29.0
-29.0
-29.0
-29.0
-31.0
-31.0
-33.0
-33.0
-33.0
-33.0
-32.0
-32.0
-32.0
-32.0
-32.0
-23.0
-23.0
-20.0
-20.0
-16.0
-16.0
-14.0
-14.0
-14.0
-14.0
-14.0
-15.0
-15.0
-15.0
-15.0
-14.0
-14.0
-15.0
-15.0
-15.0
-29.0
-29.0
-30.0
-30.0
-32.0
-32.0
-32.0
-32.0
-32.0
-32.0
-32.0
-32.0
-32.0
-34.98
-34.98
-36.97
-36.97
-34.77
-34.77
-34.14
-34.14
-34.14
-33.48
-33.48
-32.65
-32.65
-33.61
-33.61
-34.42
-34.42
-27.0
-27.0
-27.0
-23.0
-23.0
-26.0
-26.0
-26.0
-26.0
-26.96
-26.96
-26.96
-28.0
-28.0
-12.0
-12.0
-12.0
-12.0
-30.0
-30.0
-30.0
-30.0
-30.0
-34.0
-34.0
-34.0
-34.0
-34.0
-34.0
-30.0
-30.0
-25.0
-25.0
-25.0
-19.0
-19.0
-13.0
-13.0
-10.26
-10.26
-9.77
-9.77
-9.76
-9.76
-12.0
-12.05
-12.05
-12.05
-12.04
-12.04
-12.06
-12.06
-12.08
-12.08
-13.05
-13.05
-13.05
-13.05
-13.05
-12.04
-12.04
-11.89
-11.89
-12.04
-12.04
-12.04
-12.04
-12.04
-12.04
-12.04
-12.04
-12.04
-12.05
-12.05
-11.44
-11.44
-10.6
-10.6
-10.6
-12.73
-12.73
-12.02
-12.02
-12.93
-12.93
-12.98
-12.98
-12.98
-13.06
-13.06
-11.88
-11.88
-11.97
-11.97
-11.94
-11.94
-12.18
-12.18
-12.18
-12.14
-12.14
-13.45
-13.45
-10.35
-10.35
-24.0
-24.0
-23.0
-23.0
-23.0
-30.92
-30.92
-30.98
-30.98
-30.0
-30.0
-30.0
-30.0
-29.0
-29.0
-29.0
-29.0
-29.0
-29.0
-29.0
-29.0
-29.0
-29.0
-29.0
-29.0
-29.0
-29.0
-29.0
-29.0
-29.0
-29.0
-29.0
-29.0
-29.0
-29.0
-29.0
-31.0
-31.0
-33.0
-33.0
-33.0
-33.0
-32.0
-32.0
-32.0
-32.0
-32.0
-23.0
-23.0
-20.0
-20.0
-16.0
-16.0
-14.0
-14.0
-14.0
-14.0
-14.0
-15.0
-15.0
-15.0
-15.0
-14.0
-14.0
-15.0
-15.0
-15.0
-29.0
-29.0
-30.0
-30.0
-32.0
-32.0
-32.0
-32.0
-32.0
-32.0
-32.0
-32.0
-32.0
-34.98
-34.98
-36.97
-36.97
-34.77
-34.77
-34.14
-34.14
-34.14
-33.48
-33.48
-32.65
-32.65
-33.61
-33.61
-34.42
-34.42
-27.0
-27.0
-27.0
-23.0
-23.0
-26.0
-26.0
-26.0
-26.0
-26.96
-26.96
-26.96
-28.0
-28.0
-12.0
-12.0
-12.0
-12.0
-30.0
-30.0
-30.0
-30.0
-30.0
-34.0
-34.0
-34.0
-34.0
-34.0
-34.0
-30.0
-30.0
-25.0
-25.0
-25.0
-19.0
-19.0
-13.0
-13.0
-10.26
-10.26
-9.77
-9.77
-9.76
-9.76
-12.0
-12.05
-12.05
-12.05
-12.04
-12.04
-12.06
-12.06
-12.08
-12.08
-13.05
-13.05
-13.05
-13.05
-13.05
-12.04
-12.04
-11.89
-11.89
-12.04
-12.04
-12.04
-12.04
-12.04
-12.04
-12.04
-12.04
-12.04
-12.05
-12.05
-11.44
-11.44
-10.6
-10.6
-10.6
-12.73
-12.73
-12.02
-12.02
-12.93
-12.93
-12.98
-12.98
-12.98
-13.06
-13.06
-11.88
-11.88
-11.97
-11.97
-11.94
-11.94
-12.18
-12.18
-12.18
-12.14
-12.14
-13.45
-13.45
-10.35
-10.35
-24.0
-24.0
-23.0
-23.0
-23.0
-30.92
-30.92
-30.98
-30.98
-30.0
-30.0
-30.0
-30.0
-29.0
-29.0
-29.0
-29.0
-29.0
-29.0
-29.0
-29.0
-29.0
-29.0
-29.0
-29.0
-29.0
-29.0
-29.0
-29.0
-29.0
-29.0
-29.0
-29.0
-29.0
-29.0
-29.0
-31.0
-31.0
-33.0
-33.0
-33.0
-33.0
-32.0
-32.0
-32.0
-32.0
-32.0
-23.0
-23.0
-20.0
-20.0
-16.0
-16.0
-14.0
-14.0
-14.0
-14.0
-14.0
-15.0
-15.0
-15.0
-15.0
-14.0
-14.0
-15.0
-15.0
-15.0
-29.0
-29.0
-30.0
-30.0
-32.0
-32.0
-32.0
-32.0
-32.0
-32.0
-32.0
-32.0
-32.0
-34.98
-34.98
-36.97
-36.97
-34.77
-34.77
-34.14
-34.14
-34.14
-33.48
-33.48
-32.65
-32.65
-33.61
-33.61
-34.42
-34.42
-27.0
-27.0
-27.0
-23.0
-23.0
-26.0
-26.0
-26.0
-26.0
-26.96
-26.96
-26.96
-28.0
-28.0
-12.0
-12.0
-12.0
-12.0
-30.0
-30.0
-30.0
-30.0
-30.0
-34.0
-34.0
-34.0
-34.0
-34.0
-34.0
-30.0
-30.0
-25.0
-25.0
-25.0
-19.0
-19.0
-13.0
-13.0
-10.26
-10.26
-9.77
-9.77
-9.76
-9.76
-11.94
-12.03
-12.03
-12.03
-12.03
-12.03
-12.02
-12.02
-12.02
-12.02
-12.98
-12.98
-12.98
-12.99
-12.99
-13.0
-13.0
-12.17
-12.17
-12.72
-12.72
-12.95
-12.95
-12.95
-12.93
-12.93
-12.97
-12.97
-13.02
-13.02
-11.24
-11.24
-10.84
-10.84
-10.84
-12.7
-12.7
-12.79
-12.79
-12.97
-12.97
-12.67
-12.67
-12.67
-12.85
-12.85
-12.84
-12.84
-11.99
-11.99
-11.59
-11.59
-12.7
-12.7
-12.7
-13.07
-13.07
-11.13
-11.13
-24.0
-24.0
-26.0
-26.0
-32.43
-32.43
-32.43
-31.79
-31.79
-30.98
-30.98
-30.0
-30.0
-29.0
-29.0
-29.0
-29.0
-29.0
-29.0
-29.0
-29.0
-29.0
-29.0
-29.0
-29.0
-29.0
-29.0
-29.0
-29.0
-29.0
-29.0
-29.0
-29.0
-29.0
-29.0
-29.0
-29.0
-29.0
-29.0
-29.0
-35.0
-35.0
-34.0
-34.0
-34.0
-34.0
-30.93
-30.93
-30.93
-15.0
-15.0
-14.0
-14.0
-14.0
-14.0
-14.0
-14.0
-14.0
-14.0
-14.0
-14.0
-14.0
-14.0
-14.0
-14.0
-14.0
-19.0
-19.0
-19.0
-30.0
-30.0
-30.0
-30.0
-33.0
-33.0
-31.7
-31.7
-31.56
-31.56
-31.56
-31.03
-31.03
-35.71
-35.71
-35.51
-35.51
-33.61
-33.61
-34.4
-34.4
-34.4
-34.65
-34.65
-34.81
-34.81
-34.93
-34.93
-27.0
-27.0
-23.0
-23.0
-23.0
-23.0
-23.0
-23.0
-23.0
-23.0
-23.0
-25.0
-25.0
-25.0
-28.0
-28.0
-28.0
-28.0
-30.0
-30.0
-32.0
-32.0
-33.0
-33.0
-33.0
-34.0
-34.0
-34.0
-34.0
-30.0
-30.0
-28.0
-28.0
-30.0
-30.0
-30.0
-20.0
-20.0
-13.0
-13.0
-9.49
-9.49
-9.7
-9.7
-11.33
-11.33
-11.94
-12.03
-12.03
-12.03
-12.03
-12.03
-12.02
-12.02
-12.02
-12.02
-12.98
-12.98
-12.98
-12.99
-12.99
-13.0
-13.0
-12.17
-12.17
-12.72
-12.72
-12.95
-12.95
-12.95
-12.93
-12.93
-12.97
-12.97
-13.02
-13.02
-11.24
-11.24
-10.84
-10.84
-10.84
-12.7
-12.7
-12.79
-12.79
-12.97
-12.97
-12.67
-12.67
-12.67
-12.85
-12.85
-12.84
-12.84
-11.99
-11.99
-11.59
-11.59
-12.7
-12.7
-12.7
-13.07
-13.07
-11.13
-11.13
-24.0
-24.0
-26.0
-26.0
-32.43
-32.43
-32.43
-31.79
-31.79
-30.98
-30.98
-30.0
-30.0
-29.0
-29.0
-29.0
-29.0
-29.0
-29.0
-29.0
-29.0
-29.0
-29.0
-29.0
-29.0
-29.0
-29.0
-29.0
-29.0
-29.0
-29.0
-29.0
-29.0
-29.0
-29.0
-29.0
-29.0
-29.0
-29.0
-29.0
-35.0
-35.0
-34.0
-34.0
-34.0
-34.0
-30.93
-30.93
-30.93
-15.0
-15.0
-14.0
-14.0
-14.0
-14.0
-14.0
-14.0
-14.0
-14.0
-14.0
-14.0
-14.0
-14.0
-14.0
-14.0
-14.0
-19.0
-19.0
-19.0
-30.0
-30.0
-30.0
-30.0
-33.0
-33.0
-31.7
-31.7
-31.56
-31.56
-31.56
-31.03
-31.03
-35.71
-35.71
-35.51
-35.51
-33.61
-33.61
-34.4
-34.4
-34.4
-34.65
-34.65
-34.81
-34.81
-34.93
-34.93
-27.0
-27.0
-23.0
-23.0
-23.0
-23.0
-23.0
-23.0
-23.0
-23.0
-23.0
-25.0
-25.0
-25.0
-28.0
-28.0
-28.0
-28.0
-30.0
-30.0
-32.0
-32.0
-33.0
-33.0
-33.0
-34.0
-34.0
-34.0
-34.0
-30.0
-30.0
-28.0
-28.0
-30.0
-30.0
-30.0
-20.0
-20.0
-13.0
-13.0
-9.49
-9.49
-9.7
-9.7
-11.33
-11.33
-11.91
-12.02
-12.02
-12.02
-12.02
-12.02
-12.02
-12.02
-12.03
-12.03
-13.01
-13.01
-13.01
-14.01
-14.01
-14.05
-14.05
-12.19
-12.19
-12.39
-12.39
-12.81
-12.81
-12.81
-12.79
-12.79
-12.72
-12.72
-12.65
-12.65
-10.97
-10.97
-10.34
-10.34
-10.34
-11.13
-11.13
-12.63
-12.63
-12.79
-12.79
-12.66
-12.66
-12.66
-12.65
-12.65
-12.59
-12.59
-11.86
-11.86
-11.63
-11.63
-11.83
-11.83
-11.83
-12.61
-12.61
-22.0
-22.0
-27.0
-27.0
-32.51
-32.51
-32.83
-32.83
-32.83
-31.97
-31.97
-30.99
-30.99
-30.0
-30.0
-29.0
-29.0
-29.0
-29.0
-29.0
-29.0
-29.0
-30.0
-30.0
-30.0
-30.0
-30.0
-30.0
-30.0
-30.0
-30.0
-29.99
-29.99
-31.9
-31.9
-30.0
-30.0
-29.0
-29.0
-29.0
-29.0
-29.0
-31.7
-31.7
-31.0
-31.0
-30.33
-30.33
-23.0
-23.0
-23.0
-20.0
-20.0
-15.0
-15.0
-15.0
-15.0
-25.0
-25.0
-24.0
-24.0
-24.0
-25.0
-25.0
-24.0
-24.0
-25.0
-25.0
-24.0
-24.0
-24.0
-30.0
-30.0
-31.86
-31.86
-34.59
-34.59
-34.51
-34.51
-33.55
-33.55
-33.55
-33.65
-33.65
-33.65
-33.65
-34.5
-34.5
-34.64
-34.64
-34.73
-34.73
-34.73
-33.91
-33.91
-27.0
-27.0
-24.0
-24.0
-20.0
-20.0
-20.0
-20.0
-20.0
-20.0
-20.0
-20.0
-20.0
-20.0
-20.0
-20.0
-20.0
-20.0
-22.0
-22.0
-25.0
-25.0
-30.0
-30.0
-32.0
-32.0
-32.0
-32.0
-32.0
-34.0
-34.0
-30.0
-30.0
-28.0
-28.0
-30.0
-30.0
-30.0
-30.0
-30.0
-18.0
-18.0
-12.0
-12.0
-10.33
-10.33
-10.54
-10.54
-11.74
-11.74
-11.91
-12.02
-12.02
-12.02
-12.02
-12.02
-12.02
-12.02
-12.03
-12.03
-13.01
-13.01
-13.01
-14.01
-14.01
-14.05
-14.05
-12.19
-12.19
-12.39
-12.39
-12.81
-12.81
-12.81
-12.79
-12.79
-12.72
-12.72
-12.65
-12.65
-10.97
-10.97
-10.34
-10.34
-10.34
-11.13
-11.13
-12.63
-12.63
-12.79
-12.79
-12.66
-12.66
-12.66
-12.65
-12.65
-12.59
-12.59
-11.86
-11.86
-11.63
-11.63
-11.83
-11.83
-11.83
-12.61
-12.61
-22.0
-22.0
-27.0
-27.0
-32.51
-32.51
-32.83
-32.83
-32.83
-31.97
-31.97
-30.99
-30.99
-30.0
-30.0
-29.0
-29.0
-29.0
-29.0
-29.0
-29.0
-29.0
-30.0
-30.0
-30.0
-30.0
-30.0
-30.0
-30.0
-30.0
-30.0
-29.99
-29.99
-31.9
-31.9
-30.0
-30.0
-29.0
-29.0
-29.0
-29.0
-29.0
-31.7
-31.7
-31.0
-31.0
-30.33
-30.33
-23.0
-23.0
-23.0
-20.0
-20.0
-15.0
-15.0
-15.0
-15.0
-25.0
-25.0
-24.0
-24.0
-24.0
-25.0
-25.0
-24.0
-24.0
-25.0
-25.0
-24.0
-24.0
-24.0
-30.0
-30.0
-31.86
-31.86
-34.59
-34.59
-34.51
-34.51
-33.55
-33.55
-33.55
-33.65
-33.65
-33.65
-33.65
-34.5
-34.5
-34.64
-34.64
-34.73
-34.73
-34.73
-33.91
-33.91
-27.0
-27.0
-24.0
-24.0
-20.0
-20.0
-20.0
-20.0
-20.0
-20.0
-20.0
-20.0
-20.0
-20.0
-20.0
-20.0
-20.0
-20.0
-22.0
-22.0
-25.0
-25.0
-30.0
-30.0
-32.0
-32.0
-32.0
-32.0
-32.0
-34.0
-34.0
-30.0
-30.0
-28.0
-28.0
-30.0
-30.0
-30.0
-30.0
-30.0
-18.0
-18.0
-12.0
-12.0
-10.33
-10.33
-10.54
-10.54
-11.74
-11.74
-11.91
-12.02
-12.02
-12.02
-12.02
-12.02
-12.02
-12.02
-12.03
-12.03
-13.01
-13.01
-13.01
-14.01
-14.01
-14.05
-14.05
-12.19
-12.19
-12.39
-12.39
-12.81
-12.81
-12.81
-12.79
-12.79
-12.72
-12.72
-12.65
-12.65
-10.97
-10.97
-10.34
-10.34
-10.34
-11.13
-11.13
-12.63
-12.63
-12.79
-12.79
-12.66
-12.66
-12.66
-12.65
-12.65
-12.59
-12.59
-11.86
-11.86
-11.63
-11.63
-11.83
-11.83
-11.83
-12.61
-12.61
-22.0
-22.0
-27.0
-27.0
-32.51
-32.51
-32.83
-32.83
-32.83
-31.97
-31.97
-30.99
-30.99
-30.0
-30.0
-29.0
-29.0
-29.0
-29.0
-29.0
-29.0
-29.0
-30.0
-30.0
-30.0
-30.0
-30.0
-30.0
-30.0
-30.0
-30.0
-29.99
-29.99
-31.9
-31.9
-30.0
-30.0
-29.0
-29.0
-29.0
-29.0
-29.0
-31.7
-31.7
-31.0
-31.0
-30.33
-30.33
-23.0
-23.0
-23.0
-20.0
-20.0
-15.0
-15.0
-15.0
-15.0
-25.0
-25.0
-24.0
-24.0
-24.0
-25.0
-25.0
-24.0
-24.0
-25.0
-25.0
-24.0
-24.0
-24.0
-30.0
-30.0
-31.86
-31.86
-34.59
-34.59
-34.51
-34.51
-33.55
-33.55
-33.55
-33.65
-33.65
-33.65
-33.65
-34.5
-34.5
-34.64
-34.64
-34.73
-34.73
-34.73
-33.91
-33.91
-27.0
-27.0
-24.0
-24.0
-20.0
-20.0
-20.0
-20.0
-20.0
-20.0
-20.0
-20.0
-20.0
-20.0
-20.0
-20.0
-20.0
-20.0
-22.0
-22.0
-25.0
-25.0
-30.0
-30.0
-32.0
-32.0
-32.0
-32.0
-32.0
-34.0
-34.0
-30.0
-30.0
-28.0
-28.0
-30.0
-30.0
-30.0
-30.0
-30.0
-18.0
-18.0
-12.0
-12.0
-10.33
-10.33
-10.54
-10.54
-11.74
-11.74
-11.31
-11.78
-11.78
-11.78
-12.89
-12.89
-12.86
-12.86
-12.84
-12.84
-12.8
-12.8
-12.8
-12.77
-12.77
-12.84
-12.84
-12.26
-12.26
-12.46
-12.46
-12.74
-12.74
-12.74
-12.74
-12.74
-12.67
-12.67
-12.53
-12.53
-11.28
-11.28
-10.52
-10.52
-10.52
-12.17
-12.17
-12.59
-12.59
-12.66
-12.66
-12.67
-12.67
-12.67
-12.52
-12.52
-12.5
-12.5
-11.7
-11.7
-12.75
-12.75
-12.58
-12.58
-12.58
-22.0
-22.0
-25.0
-25.0
-32.48
-32.48
-32.7
-32.7
-32.96
-32.96
-32.96
-31.99
-31.99
-30.99
-30.99
-30.0
-30.0
-29.0
-29.0
-29.0
-29.0
-29.0
-29.0
-29.0
-29.98
-29.98
-30.97
-30.97
-30.97
-30.97
-30.97
-31.98
-31.98
-32.99
-32.99
-32.81
-32.81
-30.0
-30.0
-29.0
-29.0
-29.0
-30.0
-30.0
-32.02
-32.02
-32.3
-32.3
-30.63
-30.63
-23.0
-23.0
-23.0
-21.0
-21.0
-15.0
-15.0
-15.0
-15.0
-23.0
-23.0
-23.0
-23.0
-23.0
-24.0
-24.0
-25.0
-25.0
-25.0
-25.0
-26.0
-26.0
-26.0
-32.92
-32.92
-32.95
-32.95
-33.94
-33.94
-34.0
-34.0
-34.91
-34.91
-34.91
-34.75
-34.75
-34.69
-34.69
-34.93
-34.93
-32.0
-32.0
-22.0
-22.0
-22.0
-16.0
-16.0
-17.0
-17.0
-20.0
-20.0
-20.0
-20.0
-20.0
-20.0
-20.0
-20.0
-20.0
-20.0
-20.0
-20.0
-20.0
-20.0
-20.0
-20.0
-20.0
-20.0
-19.0
-19.0
-30.0
-30.0
-32.0
-32.0
-34.0
-34.0
-34.0
-34.0
-34.0
-30.0
-30.0
-30.0
-30.0
-30.0
-30.0
-30.0
-30.0
-30.0
-16.0
-16.0
-12.0
-12.0
-10.85
-10.85
-11.34
-11.34
-11.19
-11.19
-11.31
-11.78
-11.78
-11.78
-12.89
-12.89
-12.86
-12.86
-12.84
-12.84
-12.8
-12.8
-12.8
-12.77
-12.77
-12.84
-12.84
-12.26
-12.26
-12.46
-12.46
-12.74
-12.74
-12.74
-12.74
-12.74
-12.67
-12.67
-12.53
-12.53
-11.28
-11.28
-10.52
-10.52
-10.52
-12.17
-12.17
-12.59
-12.59
-12.66
-12.66
-12.67
-12.67
-12.67
-12.52
-12.52
-12.5
-12.5
-11.7
-11.7
-12.75
-12.75
-12.58
-12.58
-12.58
-22.0
-22.0
-25.0
-25.0
-32.48
-32.48
-32.7
-32.7
-32.96
-32.96
-32.96
-31.99
-31.99
-30.99
-30.99
-30.0
-30.0
-29.0
-29.0
-29.0
-29.0
-29.0
-29.0
-29.0
-29.98
-29.98
-30.97
-30.97
-30.97
-30.97
-30.97
-31.98
-31.98
-32.99
-32.99
-32.81
-32.81
-30.0
-30.0
-29.0
-29.0
-29.0
-30.0
-30.0
-32.02
-32.02
-32.3
-32.3
-30.63
-30.63
-23.0
-23.0
-23.0
-21.0
-21.0
-15.0
-15.0
-15.0
-15.0
-23.0
-23.0
-23.0
-23.0
-23.0
-24.0
-24.0
-25.0
-25.0
-25.0
-25.0
-26.0
-26.0
-26.0
-32.92
-32.92
-32.95
-32.95
-33.94
-33.94
-34.0
-34.0
-34.91
-34.91
-34.91
-34.75
-34.75
-34.69
-34.69
-34.93
-34.93
-32.0
-32.0
-22.0
-22.0
-22.0
-16.0
-16.0
-17.0
-17.0
-20.0
-20.0
-20.0
-20.0
-20.0
-20.0
-20.0
-20.0
-20.0
-20.0
-20.0
-20.0
-20.0
-20.0
-20.0
-20.0
-20.0
-20.0
-19.0
-19.0
-30.0
-30.0
-32.0
-32.0
-34.0
-34.0
-34.0
-34.0
-34.0
-30.0
-30.0
-30.0
-30.0
-30.0
-30.0
-30.0
-30.0
-30.0
-16.0
-16.0
-12.0
-12.0
-10.85
-10.85
-11.34
-11.34
-11.19
-11.19
-11.31
-11.78
-11.78
-11.78
-12.89
-12.89
-12.86
-12.86
-12.84
-12.84
-12.8
-12.8
-12.8
-12.77
-12.77
-12.84
-12.84
-12.26
-12.26
-12.46
-12.46
-12.74
-12.74
-12.74
-12.74
-12.74
-12.67
-12.67
-12.53
-12.53
-11.28
-11.28
-10.52
-10.52
-10.52
-12.17
-12.17
-12.59
-12.59
-12.66
-12.66
-12.67
-12.67
-12.67
-12.52
-12.52
-12.5
-12.5
-11.7
-11.7
-12.75
-12.75
-12.58
-12.58
-12.58
-22.0
-22.0
-25.0
-25.0
-32.48
-32.48
-32.7
-32.7
-32.96
-32.96
-32.96
-31.99
-31.99
-30.99
-30.99
-30.0
-30.0
-29.0
-29.0
-29.0
-29.0
-29.0
-29.0
-29.0
-29.98
-29.98
-30.97
-30.97
-30.97
-30.97
-30.97
-31.98
-31.98
-32.99
-32.99
-32.81
-32.81
-30.0
-30.0
-29.0
-29.0
-29.0
-30.0
-30.0
-32.02
-32.02
-32.3
-32.3
-30.63
-30.63
-23.0
-23.0
-23.0
-21.0
-21.0
-15.0
-15.0
-15.0
-15.0
-23.0
-23.0
-23.0
-23.0
-23.0
-24.0
-24.0
-25.0
-25.0
-25.0
-25.0
-26.0
-26.0
-26.0
-32.92
-32.92
-32.95
-32.95
-33.94
-33.94
-34.0
-34.0
-34.91
-34.91
-34.91
-34.75
-34.75
-34.69
-34.69
-34.93
-34.93
-32.0
-32.0
-22.0
-22.0
-22.0
-16.0
-16.0
-17.0
-17.0
-20.0
-20.0
-20.0
-20.0
-20.0
-20.0
-20.0
-20.0
-20.0
-20.0
-20.0
-20.0
-20.0
-20.0
-20.0
-20.0
-20.0
-20.0
-19.0
-19.0
-30.0
-30.0
-32.0
-32.0
-34.0
-34.0
-34.0
-34.0
-34.0
-30.0
-30.0
-30.0
-30.0
-30.0
-30.0
-30.0
-30.0
-30.0
-16.0
-16.0
-12.0
-12.0
-10.85
-10.85
-11.34
-11.34
-11.19
-11.19
-11.04
-11.68
-11.68
-11.68
-11.71
-11.71
-12.69
-12.69
-12.68
-12.68
-13.65
-13.65
-13.65
-13.62
-13.62
-12.7
-12.7
-12.69
-12.69
-13.68
-13.68
-13.64
-13.64
-13.64
-13.68
-13.68
-12.64
-12.64
-12.6
-12.6
-11.12
-11.12
-10.23
-10.23
-10.23
-12.36
-12.36
-12.6
-12.6
-12.62
-12.62
-12.62
-12.62
-12.62
-12.58
-12.58
-12.43
-12.43
-12.32
-12.32
-13.09
-13.09
-24.0
-24.0
-24.0
-24.0
-24.0
-30.0
-30.0
-32.38
-32.38
-32.9
-32.9
-32.97
-32.97
-32.97
-30.0
-30.0
-30.0
-30.0
-29.0
-29.0
-29.0
-29.0
-29.0
-29.0
-29.0
-29.0
-29.0
-30.91
-30.91
-30.79
-30.79
-30.88
-30.88
-30.88
-31.94
-31.94
-32.94
-32.94
-32.82
-32.82
-30.95
-30.95
-29.0
-29.0
-29.0
-29.0
-29.0
-30.82
-30.82
-32.18
-32.18
-30.47
-30.47
-30.0
-30.0
-30.0
-29.0
-29.0
-23.0
-23.0
-22.0
-22.0
-22.0
-22.0
-23.0
-23.0
-23.0
-23.0
-23.0
-23.0
-23.0
-27.0
-27.0
-29.98
-29.98
-29.98
-34.73
-34.73
-34.16
-34.16
-28.0
-28.0
-27.0
-27.0
-28.0
-28.0
-28.0
-27.0
-27.0
-23.0
-23.0
-14.0
-14.0
-14.0
-14.0
-13.0
-13.0
-13.0
-11.0
-11.0
-10.0
-10.0
-17.0
-17.0
-17.0
-17.0
-17.0
-17.0
-17.0
-17.0
-17.0
-17.0
-17.0
-17.0
-17.0
-11.0
-11.0
-11.0
-12.0
-12.0
-13.0
-13.0
-16.0
-16.0
-30.0
-30.0
-34.0
-34.0
-34.0
-30.0
-30.0
-28.0
-28.0
-30.0
-30.0
-30.0
-30.0
-15.0
-15.0
-15.0
-12.0
-12.0
-12.0
-12.0
-11.24
-11.24
-11.41
-11.41
-11.42
-11.42
-11.04
-11.68
-11.68
-11.68
-11.71
-11.71
-12.69
-12.69
-12.68
-12.68
-13.65
-13.65
-13.65
-13.62
-13.62
-12.7
-12.7
-12.69
-12.69
-13.68
-13.68
-13.64
-13.64
-13.64
-13.68
-13.68
-12.64
-12.64
-12.6
-12.6
-11.12
-11.12
-10.23
-10.23
-10.23
-12.36
-12.36
-12.6
-12.6
-12.62
-12.62
-12.62
-12.62
-12.62
-12.58
-12.58
-12.43
-12.43
-12.32
-12.32
-13.09
-13.09
-24.0
-24.0
-24.0
-24.0
-24.0
-30.0
-30.0
-32.38
-32.38
-32.9
-32.9
-32.97
-32.97
-32.97
-30.0
-30.0
-30.0
-30.0
-29.0
-29.0
-29.0
-29.0
-29.0
-29.0
-29.0
-29.0
-29.0
-30.91
-30.91
-30.79
-30.79
-30.88
-30.88
-30.88
-31.94
-31.94
-32.94
-32.94
-32.82
-32.82
-30.95
-30.95
-29.0
-29.0
-29.0
-29.0
-29.0
-30.82
-30.82
-32.18
-32.18
-30.47
-30.47
-30.0
-30.0
-30.0
-29.0
-29.0
-23.0
-23.0
-22.0
-22.0
-22.0
-22.0
-23.0
-23.0
-23.0
-23.0
-23.0
-23.0
-23.0
-27.0
-27.0
-29.98
-29.98
-29.98
-34.73
-34.73
-34.16
-34.16
-28.0
-28.0
-27.0
-27.0
-28.0
-28.0
-28.0
-27.0
-27.0
-23.0
-23.0
-14.0
-14.0
-14.0
-14.0
-13.0
-13.0
-13.0
-11.0
-11.0
-10.0
-10.0
-17.0
-17.0
-17.0
-17.0
-17.0
-17.0
-17.0
-17.0
-17.0
-17.0
-17.0
-17.0
-17.0
-11.0
-11.0
-11.0
-12.0
-12.0
-13.0
-13.0
-16.0
-16.0
-30.0
-30.0
-34.0
-34.0
-34.0
-30.0
-30.0
-28.0
-28.0
-30.0
-30.0
-30.0
-30.0
-15.0
-15.0
-15.0
-12.0
-12.0
-12.0
-12.0
-11.24
-11.24
-11.41
-11.41
-11.42
-11.42
-10.57
-11.43
-11.43
-11.43
-12.59
-12.59
-12.68
-12.68
-12.7
-12.7
-13.67
-13.67
-13.67
-13.62
-13.62
-13.65
-13.65
-13.56
-13.56
-13.58
-13.58
-13.53
-13.53
-13.53
-13.59
-13.59
-13.6
-13.6
-12.59
-12.59
-11.32
-11.32
-10.09
-10.09
-10.09
-11.9
-11.9
-12.57
-12.57
-12.58
-12.58
-12.56
-12.56
-12.56
-12.55
-12.55
-12.51
-12.51
-12.61
-12.61
-12.0
-12.0
-28.0
-28.0
-28.0
-28.0
-28.0
-32.47
-32.47
-32.83
-32.83
-32.94
-32.94
-33.0
-33.0
-33.0
-29.0
-29.0
-29.0
-29.0
-29.0
-29.0
-29.0
-29.0
-29.0
-29.0
-29.0
-28.99
-28.99
-30.89
-30.89
-30.79
-30.79
-31.71
-31.71
-31.71
-31.68
-31.68
-32.8
-32.8
-32.9
-32.9
-32.93
-32.93
-31.0
-31.0
-31.0
-30.0
-30.0
-30.0
-30.0
-30.0
-30.0
-30.0
-30.0
-30.0
-30.0
-30.0
-30.0
-30.0
-23.0
-23.0
-23.0
-23.0
-23.0
-23.0
-28.0
-28.0
-28.0
-26.0
-26.0
-25.0
-25.0
-28.0
-28.0
-30.0
-30.0
-30.0
-32.0
-32.0
-30.0
-30.0
-24.0
-24.0
-24.0
-24.0
-16.0
-16.0
-16.0
-12.0
-12.0
-11.0
-11.0
-13.0
-13.0
-14.0
-14.0
-14.0
-14.0
-14.0
-11.0
-11.0
-12.0
-12.0
-12.0
-12.0
-10.0
-10.0
-11.0
-11.0
-11.0
-12.0
-12.0
-12.0
-12.0
-13.0
-13.0
-12.0
-12.0
-12.0
-13.0
-13.0
-13.0
-13.0
-13.0
-13.0
-16.0
-16.0
-30.0
-30.0
-30.0
-30.0
-30.0
-28.0
-28.0
-30.0
-30.0
-30.0
-30.0
-15.0
-15.0
-15.0
-12.0
-12.0
-12.0
-12.0
-11.46
-11.46
-11.46
-11.46
-11.41
-11.41
-10.57
-11.43
-11.43
-11.43
-12.59
-12.59
-12.68
-12.68
-12.7
-12.7
-13.67
-13.67
-13.67
-13.62
-13.62
-13.65
-13.65
-13.56
-13.56
-13.58
-13.58
-13.53
-13.53
-13.53
-13.59
-13.59
-13.6
-13.6
-12.59
-12.59
-11.32
-11.32
-10.09
-10.09
-10.09
-11.9
-11.9
-12.57
-12.57
-12.58
-12.58
-12.56
-12.56
-12.56
-12.55
-12.55
-12.51
-12.51
-12.61
-12.61
-12.0
-12.0
-28.0
-28.0
-28.0
-28.0
-28.0
-32.47
-32.47
-32.83
-32.83
-32.94
-32.94
-33.0
-33.0
-33.0
-29.0
-29.0
-29.0
-29.0
-29.0
-29.0
-29.0
-29.0
-29.0
-29.0
-29.0
-28.99
-28.99
-30.89
-30.89
-30.79
-30.79
-31.71
-31.71
-31.71
-31.68
-31.68
-32.8
-32.8
-32.9
-32.9
-32.93
-32.93
-31.0
-31.0
-31.0
-30.0
-30.0
-30.0
-30.0
-30.0
-30.0
-30.0
-30.0
-30.0
-30.0
-30.0
-30.0
-30.0
-23.0
-23.0
-23.0
-23.0
-23.0
-23.0
-28.0
-28.0
-28.0
-26.0
-26.0
-25.0
-25.0
-28.0
-28.0
-30.0
-30.0
-30.0
-32.0
-32.0
-30.0
-30.0
-24.0
-24.0
-24.0
-24.0
-16.0
-16.0
-16.0
-12.0
-12.0
-11.0
-11.0
-13.0
-13.0
-14.0
-14.0
-14.0
-14.0
-14.0
-11.0
-11.0
-12.0
-12.0
-12.0
-12.0
-10.0
-10.0
-11.0
-11.0
-11.0
-12.0
-12.0
-12.0
-12.0
-13.0
-13.0
-12.0
-12.0
-12.0
-13.0
-13.0
-13.0
-13.0
-13.0
-13.0
-16.0
-16.0
-30.0
-30.0
-30.0
-30.0
-30.0
-28.0
-28.0
-30.0
-30.0
-30.0
-30.0
-15.0
-15.0
-15.0
-12.0
-12.0
-12.0
-12.0
-11.46
-11.46
-11.46
-11.46
-11.41
-11.41
-10.57
-11.43
-11.43
-11.43
-12.59
-12.59
-12.68
-12.68
-12.7
-12.7
-13.67
-13.67
-13.67
-13.62
-13.62
-13.65
-13.65
-13.56
-13.56
-13.58
-13.58
-13.53
-13.53
-13.53
-13.59
-13.59
-13.6
-13.6
-12.59
-12.59
-11.32
-11.32
-10.09
-10.09
-10.09
-11.9
-11.9
-12.57
-12.57
-12.58
-12.58
-12.56
-12.56
-12.56
-12.55
-12.55
-12.51
-12.51
-12.61
-12.61
-12.0
-12.0
-28.0
-28.0
-28.0
-28.0
-28.0
-32.47
-32.47
-32.83
-32.83
-32.94
-32.94
-33.0
-33.0
-33.0
-29.0
-29.0
-29.0
-29.0
-29.0
-29.0
-29.0
-29.0
-29.0
-29.0
-29.0
-28.99
-28.99
-30.89
-30.89
-30.79
-30.79
-31.71
-31.71
-31.71
-31.68
-31.68
-32.8
-32.8
-32.9
-32.9
-32.93
-32.93
-31.0
-31.0
-31.0
-30.0
-30.0
-30.0
-30.0
-30.0
-30.0
-30.0
-30.0
-30.0
-30.0
-30.0
-30.0
-30.0
-23.0
-23.0
-23.0
-23.0
-23.0
-23.0
-28.0
-28.0
-28.0
-26.0
-26.0
-25.0
-25.0
-28.0
-28.0
-30.0
-30.0
-30.0
-32.0
-32.0
-30.0
-30.0
-24.0
-24.0
-24.0
-24.0
-16.0
-16.0
-16.0
-12.0
-12.0
-11.0
-11.0
-13.0
-13.0
-14.0
-14.0
-14.0
-14.0
-14.0
-11.0
-11.0
-12.0
-12.0
-12.0
-12.0
-10.0
-10.0
-11.0
-11.0
-11.0
-12.0
-12.0
-12.0
-12.0
-13.0
-13.0
-12.0
-12.0
-12.0
-13.0
-13.0
-13.0
-13.0
-13.0
-13.0
-16.0
-16.0
-30.0
-30.0
-30.0
-30.0
-30.0
-28.0
-28.0
-30.0
-30.0
-30.0
-30.0
-15.0
-15.0
-15.0
-12.0
-12.0
-12.0
-12.0
-11.46
-11.46
-11.46
-11.46
-11.41
-11.41
-10.02
-11.06
-11.06
-11.06
-12.41
-12.41
-12.65
-12.65
-12.68
-12.68
-12.67
-12.67
-12.67
-13.6
-13.6
-13.53
-13.53
-14.39
-14.39
-14.41
-14.41
-14.51
-14.51
-14.51
-14.51
-14.51
-13.53
-13.53
-12.52
-12.52
-12.41
-12.41
-10.53
-10.53
-10.53
-12.2
-12.2
-12.48
-12.48
-13.47
-13.47
-13.44
-13.44
-13.44
-13.43
-13.43
-12.38
-12.38
-13.73
-13.73
-23.0
-23.0
-29.0
-29.0
-29.0
-32.57
-32.57
-31.69
-31.69
-30.96
-30.96
-30.98
-30.98
-30.0
-30.0
-30.0
-30.0
-30.0
-29.0
-29.0
-29.0
-29.0
-29.0
-29.0
-30.0
-30.0
-30.0
-30.91
-30.91
-30.9
-30.9
-30.94
-30.94
-30.82
-30.82
-30.82
-31.44
-31.44
-32.48
-32.48
-33.64
-33.64
-32.9
-32.9
-31.0
-31.0
-31.0
-30.0
-30.0
-30.0
-30.0
-30.0
-30.0
-30.0
-30.0
-30.0
-30.0
-30.0
-30.0
-30.0
-30.0
-30.0
-22.0
-22.0
-22.0
-22.0
-31.0
-31.0
-31.0
-31.0
-31.0
-26.0
-26.0
-22.0
-22.0
-17.0
-17.0
-17.0
-10.91
-10.91
-10.96
-10.96
-10.92
-10.92
-11.6
-11.6
-12.33
-12.33
-12.33
-12.2
-12.2
-11.92
-11.92
-11.46
-11.46
-11.25
-11.25
-11.09
-11.09
-11.09
-11.01
-11.01
-11.42
-11.42
-11.68
-11.68
-11.82
-11.82
-12.26
-12.26
-12.26
-11.48
-11.48
-11.87
-11.87
-11.73
-11.73
-12.2
-12.2
-12.2
-12.22
-12.22
-12.51
-12.51
-12.0
-12.0
-15.0
-15.0
-26.0
-26.0
-26.0
-26.0
-26.0
-26.0
-26.0
-30.0
-30.0
-30.0
-30.0
-15.0
-15.0
-15.0
-11.79
-11.79
-11.22
-11.22
-11.33
-11.33
-11.36
-11.36
-11.39
-11.39
-10.02
-11.06
-11.06
-11.06
-12.41
-12.41
-12.65
-12.65
-12.68
-12.68
-12.67
-12.67
-12.67
-13.6
-13.6
-13.53
-13.53
-14.39
-14.39
-14.41
-14.41
-14.51
-14.51
-14.51
-14.51
-14.51
-13.53
-13.53
-12.52
-12.52
-12.41
-12.41
-10.53
-10.53
-10.53
-12.2
-12.2
-12.48
-12.48
-13.47
-13.47
-13.44
-13.44
-13.44
-13.43
-13.43
-12.38
-12.38
-13.73
-13.73
-23.0
-23.0
-29.0
-29.0
-29.0
-32.57
-32.57
-31.69
-31.69
-30.96
-30.96
-30.98
-30.98
-30.0
-30.0
-30.0
-30.0
-30.0
-29.0
-29.0
-29.0
-29.0
-29.0
-29.0
-30.0
-30.0
-30.0
-30.91
-30.91
-30.9
-30.9
-30.94
-30.94
-30.82
-30.82
-30.82
-31.44
-31.44
-32.48
-32.48
-33.64
-33.64
-32.9
-32.9
-31.0
-31.0
-31.0
-30.0
-30.0
-30.0
-30.0
-30.0
-30.0
-30.0
-30.0
-30.0
-30.0
-30.0
-30.0
-30.0
-30.0
-30.0
-22.0
-22.0
-22.0
-22.0
-31.0
-31.0
-31.0
-31.0
-31.0
-26.0
-26.0
-22.0
-22.0
-17.0
-17.0
-17.0
-10.91
-10.91
-10.96
-10.96
-10.92
-10.92
-11.6
-11.6
-12.33
-12.33
-12.33
-12.2
-12.2
-11.92
-11.92
-11.46
-11.46
-11.25
-11.25
-11.09
-11.09
-11.09
-11.01
-11.01
-11.42
-11.42
-11.68
-11.68
-11.82
-11.82
-12.26
-12.26
-12.26
-11.48
-11.48
-11.87
-11.87
-11.73
-11.73
-12.2
-12.2
-12.2
-12.22
-12.22
-12.51
-12.51
-12.0
-12.0
-15.0
-15.0
-26.0
-26.0
-26.0
-26.0
-26.0
-26.0
-26.0
-30.0
-30.0
-30.0
-30.0
-15.0
-15.0
-15.0
-11.79
-11.79
-11.22
-11.22
-11.33
-11.33
-11.36
-11.36
-11.39
-11.39
-10.02
-11.06
-11.06
-11.06
-12.41
-12.41
-12.65
-12.65
-12.68
-12.68
-12.67
-12.67
-12.67
-13.6
-13.6
-13.53
-13.53
-14.39
-14.39
-14.41
-14.41
-14.51
-14.51
-14.51
-14.51
-14.51
-13.53
-13.53
-12.52
-12.52
-12.41
-12.41
-10.53
-10.53
-10.53
-12.2
-12.2
-12.48
-12.48
-13.47
-13.47
-13.44
-13.44
-13.44
-13.43
-13.43
-12.38
-12.38
-13.73
-13.73
-23.0
-23.0
-29.0
-29.0
-29.0
-32.57
-32.57
-31.69
-31.69
-30.96
-30.96
-30.98
-30.98
-30.0
-30.0
-30.0
-30.0
-30.0
-29.0
-29.0
-29.0
-29.0
-29.0
-29.0
-30.0
-30.0
-30.0
-30.91
-30.91
-30.9
-30.9
-30.94
-30.94
-30.82
-30.82
-30.82
-31.44
-31.44
-32.48
-32.48
-33.64
-33.64
-32.9
-32.9
-31.0
-31.0
-31.0
-30.0
-30.0
-30.0
-30.0
-30.0
-30.0
-30.0
-30.0
-30.0
-30.0
-30.0
-30.0
-30.0
-30.0
-30.0
-22.0
-22.0
-22.0
-22.0
-31.0
-31.0
-31.0
-31.0
-31.0
-26.0
-26.0
-22.0
-22.0
-17.0
-17.0
-17.0
-10.91
-10.91
-10.96
-10.96
-10.92
-10.92
-11.6
-11.6
-12.33
-12.33
-12.33
-12.2
-12.2
-11.92
-11.92
-11.46
-11.46
-11.25
-11.25
-11.09
-11.09
-11.09
-11.01
-11.01
-11.42
-11.42
-11.68
-11.68
-11.82
-11.82
-12.26
-12.26
-12.26
-11.48
-11.48
-11.87
-11.87
-11.73
-11.73
-12.2
-12.2
-12.2
-12.22
-12.22
-12.51
-12.51
-12.0
-12.0
-15.0
-15.0
-26.0
-26.0
-26.0
-26.0
-26.0
-26.0
-26.0
-30.0
-30.0
-30.0
-30.0
-15.0
-15.0
-15.0
-11.79
-11.79
-11.22
-11.22
-11.33
-11.33
-11.36
-11.36
-11.39
-11.39
-10.39
-11.41
-11.41
-11.41
-11.99
-11.99
-12.45
-12.45
-12.47
-12.47
-12.43
-12.43
-12.43
-13.45
-13.45
-14.46
-14.46
-14.43
-14.43
-14.42
-14.42
-14.43
-14.43
-14.43
-14.41
-14.41
-13.4
-13.4
-13.36
-13.36
-12.01
-12.01
-9.97
-9.97
-9.97
-10.28
-10.28
-12.3
-12.3
-14.34
-14.34
-14.34
-14.34
-14.34
-14.48
-14.48
-14.61
-14.61
-12.0
-12.0
-27.0
-27.0
-30.0
-30.0
-30.0
-32.55
-32.55
-30.96
-30.96
-29.98
-29.98
-30.0
-30.0
-31.98
-31.98
-31.98
-30.0
-30.0
-29.0
-29.0
-29.0
-29.0
-29.0
-29.0
-30.0
-30.0
-30.0
-30.94
-30.94
-31.94
-31.94
-30.9
-30.9
-30.71
-30.71
-30.71
-31.51
-31.51
-32.22
-32.22
-33.14
-33.14
-32.41
-32.41
-32.8
-32.8
-32.8
-30.0
-30.0
-14.0
-14.0
-20.0
-20.0
-20.0
-20.0
-20.0
-20.0
-20.0
-10.15
-10.15
-23.0
-23.0
-23.0
-23.0
-22.0
-22.0
-31.0
-31.0
-31.0
-31.0
-31.0
-13.0
-13.0
-11.82
-11.82
-10.6
-10.6
-10.6
-10.68
-10.68
-11.06
-11.06
-11.15
-11.15
-11.28
-11.28
-11.09
-11.09
-11.09
-11.25
-11.25
-11.3
-11.3
-11.2
-11.2
-11.72
-11.72
-12.0
-12.0
-12.0
-12.0
-12.0
-11.94
-11.94
-11.35
-11.35
-12.48
-12.48
-11.52
-11.52
-11.52
-11.43
-11.43
-11.82
-11.82
-11.13
-11.13
-12.28
-12.28
-12.28
-11.86
-11.86
-11.25
-11.25
-11.67
-11.67
-16.0
-16.0
-21.0
-21.0
-21.0
-21.0
-21.0
-21.0
-21.0
-26.0
-26.0
-30.0
-30.0
-11.26
-11.26
-11.26
-11.7
-11.7
-11.18
-11.18
-11.33
-11.33
-11.39
-11.39
-11.42
-11.42
-10.39
-11.41
-11.41
-11.41
-11.99
-11.99
-12.45
-12.45
-12.47
-12.47
-12.43
-12.43
-12.43
-13.45
-13.45
-14.46
-14.46
-14.43
-14.43
-14.42
-14.42
-14.43
-14.43
-14.43
-14.41
-14.41
-13.4
-13.4
-13.36
-13.36
-12.01
-12.01
-9.97
-9.97
-9.97
-10.28
-10.28
-12.3
-12.3
-14.34
-14.34
-14.34
-14.34
-14.34
-14.48
-14.48
-14.61
-14.61
-12.0
-12.0
-27.0
-27.0
-30.0
-30.0
-30.0
-32.55
-32.55
-30.96
-30.96
-29.98
-29.98
-30.0
-30.0
-31.98
-31.98
-31.98
-30.0
-30.0
-29.0
-29.0
-29.0
-29.0
-29.0
-29.0
-30.0
-30.0
-30.0
-30.94
-30.94
-31.94
-31.94
-30.9
-30.9
-30.71
-30.71
-30.71
-31.51
-31.51
-32.22
-32.22
-33.14
-33.14
-32.41
-32.41
-32.8
-32.8
-32.8
-30.0
-30.0
-14.0
-14.0
-20.0
-20.0
-20.0
-20.0
-20.0
-20.0
-20.0
-10.15
-10.15
-23.0
-23.0
-23.0
-23.0
-22.0
-22.0
-31.0
-31.0
-31.0
-31.0
-31.0
-13.0
-13.0
-11.82
-11.82
-10.6
-10.6
-10.6
-10.68
-10.68
-11.06
-11.06
-11.15
-11.15
-11.28
-11.28
-11.09
-11.09
-11.09
-11.25
-11.25
-11.3
-11.3
-11.2
-11.2
-11.72
-11.72
-12.0
-12.0
-12.0
-12.0
-12.0
-11.94
-11.94
-11.35
-11.35
-12.48
-12.48
-11.52
-11.52
-11.52
-11.43
-11.43
-11.82
-11.82
-11.13
-11.13
-12.28
-12.28
-12.28
-11.86
-11.86
-11.25
-11.25
-11.67
-11.67
-16.0
-16.0
-21.0
-21.0
-21.0
-21.0
-21.0
-21.0
-21.0
-26.0
-26.0
-30.0
-30.0
-11.26
-11.26
-11.26
-11.7
-11.7
-11.18
-11.18
-11.33
-11.33
-11.39
-11.39
-11.42
-11.42
-10.3
-11.19
-11.19
-11.19
-11.87
-11.87
-12.08
-12.08
-11.71
-11.71
-12.27
-12.27
-12.27
-13.4
-13.4
-14.41
-14.41
-14.36
-14.36
-14.34
-14.34
-14.31
-14.31
-14.31
-14.27
-14.27
-14.21
-14.21
-13.27
-13.27
-11.9
-11.9
-10.8
-10.8
-10.8
-10.65
-10.65
-12.01
-12.01
-13.27
-13.27
-14.47
-14.47
-14.47
-12.69
-12.69
-21.0
-21.0
-26.0
-26.0
-29.0
-29.0
-34.11
-34.11
-34.11
-32.56
-32.56
-30.0
-30.0
-29.99
-29.99
-30.92
-30.92
-30.93
-30.93
-30.93
-29.0
-29.0
-29.0
-29.0
-29.0
-29.0
-29.0
-29.0
-29.0
-29.0
-29.0
-29.0
-29.0
-29.0
-29.0
-28.99
-28.99
-30.9
-30.9
-30.9
-31.76
-31.76
-32.27
-32.27
-33.08
-33.08
-32.5
-32.5
-30.94
-30.94
-30.94
-30.0
-30.0
-13.46
-13.46
-13.99
-13.99
-14.14
-14.14
-15.21
-15.21
-15.21
-14.13
-14.13
-12.95
-12.95
-23.0
-23.0
-21.0
-21.0
-18.0
-18.0
-18.0
-22.0
-22.0
-10.88
-10.88
-10.88
-10.88
-10.6
-10.6
-10.6
-10.97
-10.97
-10.98
-10.98
-11.05
-11.05
-11.24
-11.24
-11.28
-11.28
-11.28
-11.48
-11.48
-11.39
-11.39
-11.27
-11.27
-10.82
-10.82
-12.0
-12.0
-12.0
-12.0
-12.0
-12.25
-12.25
-12.47
-12.47
-11.55
-11.55
-11.51
-11.51
-11.51
-11.48
-11.48
-11.54
-11.54
-11.51
-11.51
-12.24
-12.24
-12.24
-11.83
-11.83
-11.5
-11.5
-10.68
-10.68
-15.0
-15.0
-16.0
-16.0
-16.0
-16.0
-16.0
-16.0
-16.0
-20.0
-20.0
-15.0
-15.0
-11.5
-11.5
-11.5
-11.87
-11.87
-11.21
-11.21
-11.39
-11.39
-11.43
-11.43
-11.34
-11.34
-10.3
-11.19
-11.19
-11.19
-11.87
-11.87
-12.08
-12.08
-11.71
-11.71
-12.27
-12.27
-12.27
-13.4
-13.4
-14.41
-14.41
-14.36
-14.36
-14.34
-14.34
-14.31
-14.31
-14.31
-14.27
-14.27
-14.21
-14.21
-13.27
-13.27
-11.9
-11.9
-10.8
-10.8
-10.8
-10.65
-10.65
-12.01
-12.01
-13.27
-13.27
-14.47
-14.47
-14.47
-12.69
-12.69
-21.0
-21.0
-26.0
-26.0
-29.0
-29.0
-34.11
-34.11
-34.11
-32.56
-32.56
-30.0
-30.0
-29.99
-29.99
-30.92
-30.92
-30.93
-30.93
-30.93
-29.0
-29.0
-29.0
-29.0
-29.0
-29.0
-29.0
-29.0
-29.0
-29.0
-29.0
-29.0
-29.0
-29.0
-29.0
-28.99
-28.99
-30.9
-30.9
-30.9
-31.76
-31.76
-32.27
-32.27
-33.08
-33.08
-32.5
-32.5
-30.94
-30.94
-30.94
-30.0
-30.0
-13.46
-13.46
-13.99
-13.99
-14.14
-14.14
-15.21
-15.21
-15.21
-14.13
-14.13
-12.95
-12.95
-23.0
-23.0
-21.0
-21.0
-18.0
-18.0
-18.0
-22.0
-22.0
-10.88
-10.88
-10.88
-10.88
-10.6
-10.6
-10.6
-10.97
-10.97
-10.98
-10.98
-11.05
-11.05
-11.24
-11.24
-11.28
-11.28
-11.28
-11.48
-11.48
-11.39
-11.39
-11.27
-11.27
-10.82
-10.82
-12.0
-12.0
-12.0
-12.0
-12.0
-12.25
-12.25
-12.47
-12.47
-11.55
-11.55
-11.51
-11.51
-11.51
-11.48
-11.48
-11.54
-11.54
-11.51
-11.51
-12.24
-12.24
-12.24
-11.83
-11.83
-11.5
-11.5
-10.68
-10.68
-15.0
-15.0
-16.0
-16.0
-16.0
-16.0
-16.0
-16.0
-16.0
-20.0
-20.0
-15.0
-15.0
-11.5
-11.5
-11.5
-11.87
-11.87
-11.21
-11.21
-11.39
-11.39
-11.43
-11.43
-11.34
-11.34
-10.3
-11.19
-11.19
-11.19
-11.87
-11.87
-12.08
-12.08
-11.71
-11.71
-12.27
-12.27
-12.27
-13.4
-13.4
-14.41
-14.41
-14.36
-14.36
-14.34
-14.34
-14.31
-14.31
-14.31
-14.27
-14.27
-14.21
-14.21
-13.27
-13.27
-11.9
-11.9
-10.8
-10.8
-10.8
-10.65
-10.65
-12.01
-12.01
-13.27
-13.27
-14.47
-14.47
-14.47
-12.69
-12.69
-21.0
-21.0
-26.0
-26.0
-29.0
-29.0
-34.11
-34.11
-34.11
-32.56
-32.56
-30.0
-30.0
-29.99
-29.99
-30.92
-30.92
-30.93
-30.93
-30.93
-29.0
-29.0
-29.0
-29.0
-29.0
-29.0
-29.0
-29.0
-29.0
-29.0
-29.0
-29.0
-29.0
-29.0
-29.0
-28.99
-28.99
-30.9
-30.9
-30.9
-31.76
-31.76
-32.27
-32.27
-33.08
-33.08
-32.5
-32.5
-30.94
-30.94
-30.94
-30.0
-30.0
-13.46
-13.46
-13.99
-13.99
-14.14
-14.14
-15.21
-15.21
-15.21
-14.13
-14.13
-12.95
-12.95
-23.0
-23.0
-21.0
-21.0
-18.0
-18.0
-18.0
-22.0
-22.0
-10.88
-10.88
-10.88
-10.88
-10.6
-10.6
-10.6
-10.97
-10.97
-10.98
-10.98
-11.05
-11.05
-11.24
-11.24
-11.28
-11.28
-11.28
-11.48
-11.48
-11.39
-11.39
-11.27
-11.27
-10.82
-10.82
-12.0
-12.0
-12.0
-12.0
-12.0
-12.25
-12.25
-12.47
-12.47
-11.55
-11.55
-11.51
-11.51
-11.51
-11.48
-11.48
-11.54
-11.54
-11.51
-11.51
-12.24
-12.24
-12.24
-11.83
-11.83
-11.5
-11.5
-10.68
-10.68
-15.0
-15.0
-16.0
-16.0
-16.0
-16.0
-16.0
-16.0
-16.0
-20.0
-20.0
-15.0
-15.0
-11.5
-11.5
-11.5
-11.87
-11.87
-11.21
-11.21
-11.39
-11.39
-11.43
-11.43
-11.34
-11.34
-10.56
-10.95
-10.95
-10.95
-10.55
-10.55
-11.55
-11.55
-11.51
-11.51
-13.27
-13.27
-13.27
-14.33
-14.33
-14.31
-14.31
-14.26
-14.26
-14.22
-14.22
-13.15
-13.15
-13.15
-13.17
-13.17
-13.19
-13.19
-13.16
-13.16
-12.07
-12.07
-11.21
-11.21
-11.21
-9.57
-9.57
-11.99
-11.99
-14.31
-14.31
-12.72
-12.72
-12.72
-22.0
-22.0
-25.0
-25.0
-27.0
-27.0
-33.92
-33.92
-32.67
-32.67
-32.67
-29.0
-29.0
-26.0
-26.0
-30.8
-30.8
-30.84
-30.84
-30.0
-30.0
-30.0
-29.0
-29.0
-29.0
-29.0
-29.0
-29.0
-29.0
-29.0
-29.0
-29.0
-29.0
-29.0
-29.0
-29.0
-29.0
-29.0
-29.0
-30.0
-30.0
-30.0
-30.95
-30.95
-31.71
-31.71
-32.01
-32.01
-31.67
-31.67
-30.99
-30.99
-30.99
-30.0
-30.0
-12.83
-12.83
-14.63
-14.63
-15.0
-15.0
-15.05
-15.05
-15.05
-13.94
-13.94
-13.66
-13.66
-23.0
-23.0
-19.0
-19.0
-18.0
-18.0
-18.0
-12.0
-12.0
-11.42
-11.42
-11.4
-11.4
-10.74
-10.74
-10.74
-10.95
-10.95
-10.9
-10.9
-11.76
-11.76
-11.69
-11.69
-11.63
-11.63
-11.63
-11.63
-11.63
-11.43
-11.43
-11.34
-11.34
-10.95
-10.95
-9.78
-9.78
-9.78
-10.15
-10.15
-10.99
-10.99
-11.39
-11.39
-11.45
-11.45
-11.46
-11.46
-11.46
-11.35
-11.35
-11.44
-11.44
-12.01
-12.01
-12.0
-12.0
-12.0
-11.79
-11.79
-11.65
-11.65
-10.86
-10.86
-9.91
-9.91
-10.73
-10.73
-10.73
-11.0
-11.0
-11.09
-11.09
-11.36
-11.36
-11.54
-11.54
-11.66
-11.66
-11.66
-10.57
-10.57
-11.19
-11.19
-11.53
-11.53
-11.48
-11.48
-11.55
-11.55
-10.56
-10.95
-10.95
-10.95
-10.55
-10.55
-11.55
-11.55
-11.51
-11.51
-13.27
-13.27
-13.27
-14.33
-14.33
-14.31
-14.31
-14.26
-14.26
-14.22
-14.22
-13.15
-13.15
-13.15
-13.17
-13.17
-13.19
-13.19
-13.16
-13.16
-12.07
-12.07
-11.21
-11.21
-11.21
-9.57
-9.57
-11.99
-11.99
-14.31
-14.31
-12.72
-12.72
-12.72
-22.0
-22.0
-25.0
-25.0
-27.0
-27.0
-33.92
-33.92
-32.67
-32.67
-32.67
-29.0
-29.0
-26.0
-26.0
-30.8
-30.8
-30.84
-30.84
-30.0
-30.0
-30.0
-29.0
-29.0
-29.0
-29.0
-29.0
-29.0
-29.0
-29.0
-29.0
-29.0
-29.0
-29.0
-29.0
-29.0
-29.0
-29.0
-29.0
-30.0
-30.0
-30.0
-30.95
-30.95
-31.71
-31.71
-32.01
-32.01
-31.67
-31.67
-30.99
-30.99
-30.99
-30.0
-30.0
-12.83
-12.83
-14.63
-14.63
-15.0
-15.0
-15.05
-15.05
-15.05
-13.94
-13.94
-13.66
-13.66
-23.0
-23.0
-19.0
-19.0
-18.0
-18.0
-18.0
-12.0
-12.0
-11.42
-11.42
-11.4
-11.4
-10.74
-10.74
-10.74
-10.95
-10.95
-10.9
-10.9
-11.76
-11.76
-11.69
-11.69
-11.63
-11.63
-11.63
-11.63
-11.63
-11.43
-11.43
-11.34
-11.34
-10.95
-10.95
-9.78
-9.78
-9.78
-10.15
-10.15
-10.99
-10.99
-11.39
-11.39
-11.45
-11.45
-11.46
-11.46
-11.46
-11.35
-11.35
-11.44
-11.44
-12.01
-12.01
-12.0
-12.0
-12.0
-11.79
-11.79
-11.65
-11.65
-10.86
-10.86
-9.91
-9.91
-10.73
-10.73
-10.73
-11.0
-11.0
-11.09
-11.09
-11.36
-11.36
-11.54
-11.54
-11.66
-11.66
-11.66
-10.57
-10.57
-11.19
-11.19
-11.53
-11.53
-11.48
-11.48
-11.55
-11.55
-10.56
-10.95
-10.95
-10.95
-10.55
-10.55
-11.55
-11.55
-11.51
-11.51
-13.27
-13.27
-13.27
-14.33
-14.33
-14.31
-14.31
-14.26
-14.26
-14.22
-14.22
-13.15
-13.15
-13.15
-13.17
-13.17
-13.19
-13.19
-13.16
-13.16
-12.07
-12.07
-11.21
-11.21
-11.21
-9.57
-9.57
-11.99
-11.99
-14.31
-14.31
-12.72
-12.72
-12.72
-22.0
-22.0
-25.0
-25.0
-27.0
-27.0
-33.92
-33.92
-32.67
-32.67
-32.67
-29.0
-29.0
-26.0
-26.0
-30.8
-30.8
-30.84
-30.84
-30.0
-30.0
-30.0
-29.0
-29.0
-29.0
-29.0
-29.0
-29.0
-29.0
-29.0
-29.0
-29.0
-29.0
-29.0
-29.0
-29.0
-29.0
-29.0
-29.0
-30.0
-30.0
-30.0
-30.95
-30.95
-31.71
-31.71
-32.01
-32.01
-31.67
-31.67
-30.99
-30.99
-30.99
-30.0
-30.0
-12.83
-12.83
-14.63
-14.63
-15.0
-15.0
-15.05
-15.05
-15.05
-13.94
-13.94
-13.66
-13.66
-23.0
-23.0
-19.0
-19.0
-18.0
-18.0
-18.0
-12.0
-12.0
-11.42
-11.42
-11.4
-11.4
-10.74
-10.74
-10.74
-10.95
-10.95
-10.9
-10.9
-11.76
-11.76
-11.69
-11.69
-11.63
-11.63
-11.63
-11.63
-11.63
-11.43
-11.43
-11.34
-11.34
-10.95
-10.95
-9.78
-9.78
-9.78
-10.15
-10.15
-10.99
-10.99
-11.39
-11.39
-11.45
-11.45
-11.46
-11.46
-11.46
-11.35
-11.35
-11.44
-11.44
-12.01
-12.01
-12.0
-12.0
-12.0
-11.79
-11.79
-11.65
-11.65
-10.86
-10.86
-9.91
-9.91
-10.73
-10.73
-10.73
-11.0
-11.0
-11.09
-11.09
-11.36
-11.36
-11.54
-11.54
-11.66
-11.66
-11.66
-10.57
-10.57
-11.19
-11.19
-11.53
-11.53
-11.48
-11.48
-11.55
-11.55
-10.6
-9.49
-9.49
-9.49
-10.15
-10.15
-11.03
-11.03
-11.73
-11.73
-13.27
-13.27
-13.27
-14.3
-14.3
-14.25
-14.25
-15.2
-15.2
-14.15
-14.15
-14.09
-14.09
-14.09
-11.99
-11.99
-14.08
-14.08
-13.05
-13.05
-11.99
-11.99
-11.59
-11.59
-11.59
-10.0
-10.0
-11.67
-11.67
-14.28
-14.28
-10.15
-10.15
-10.15
-21.0
-21.0
-28.0
-28.0
-34.15
-34.15
-32.4
-32.4
-29.0
-29.0
-29.0
-29.0
-29.0
-27.98
-27.98
-31.52
-31.52
-30.66
-30.66
-29.98
-29.98
-29.98
-30.0
-30.0
-30.0
-30.0
-30.0
-30.0
-30.0
-30.0
-29.0
-29.0
-29.0
-29.0
-29.0
-29.0
-29.0
-29.0
-29.0
-29.0
-29.0
-29.0
-30.0
-30.0
-30.94
-30.94
-32.25
-32.25
-32.41
-32.41
-32.74
-32.74
-32.74
-30.0
-30.0
-25.0
-25.0
-12.83
-12.83
-13.81
-13.81
-13.93
-13.93
-13.93
-13.98
-13.98
-14.03
-14.03
-23.0
-23.0
-19.0
-19.0
-17.0
-17.0
-17.0
-12.62
-12.62
-12.12
-12.12
-11.47
-11.47
-11.29
-11.29
-11.29
-10.54
-10.54
-10.63
-10.63
-11.91
-11.91
-11.85
-11.85
-11.66
-11.66
-11.66
-11.65
-11.65
-11.42
-11.42
-11.26
-11.26
-11.01
-11.01
-10.03
-10.03
-10.03
-10.78
-10.78
-10.57
-10.57
-11.06
-11.06
-11.25
-11.25
-11.36
-11.36
-11.36
-11.17
-11.17
-10.95
-10.95
-11.86
-11.86
-11.96
-11.96
-11.96
-11.78
-11.78
-11.6
-11.6
-10.7
-10.7
-10.49
-10.49
-11.35
-11.35
-11.35
-11.42
-11.42
-11.14
-11.14
-11.56
-11.56
-11.92
-11.92
-11.07
-11.07
-11.07
-10.85
-10.85
-11.26
-11.26
-11.57
-11.57
-11.6
-11.6
-11.62
-11.62
-10.6
-9.49
-9.49
-9.49
-10.15
-10.15
-11.03
-11.03
-11.73
-11.73
-13.27
-13.27
-13.27
-14.3
-14.3
-14.25
-14.25
-15.2
-15.2
-14.15
-14.15
-14.09
-14.09
-14.09
-11.99
-11.99
-14.08
-14.08
-13.05
-13.05
-11.99
-11.99
-11.59
-11.59
-11.59
-10.0
-10.0
-11.67
-11.67
-14.28
-14.28
-10.15
-10.15
-10.15
-21.0
-21.0
-28.0
-28.0
-34.15
-34.15
-32.4
-32.4
-29.0
-29.0
-29.0
-29.0
-29.0
-27.98
-27.98
-31.52
-31.52
-30.66
-30.66
-29.98
-29.98
-29.98
-30.0
-30.0
-30.0
-30.0
-30.0
-30.0
-30.0
-30.0
-29.0
-29.0
-29.0
-29.0
-29.0
-29.0
-29.0
-29.0
-29.0
-29.0
-29.0
-29.0
-30.0
-30.0
-30.94
-30.94
-32.25
-32.25
-32.41
-32.41
-32.74
-32.74
-32.74
-30.0
-30.0
-25.0
-25.0
-12.83
-12.83
-13.81
-13.81
-13.93
-13.93
-13.93
-13.98
-13.98
-14.03
-14.03
-23.0
-23.0
-19.0
-19.0
-17.0
-17.0
-17.0
-12.62
-12.62
-12.12
-12.12
-11.47
-11.47
-11.29
-11.29
-11.29
-10.54
-10.54
-10.63
-10.63
-11.91
-11.91
-11.85
-11.85
-11.66
-11.66
-11.66
-11.65
-11.65
-11.42
-11.42
-11.26
-11.26
-11.01
-11.01
-10.03
-10.03
-10.03
-10.78
-10.78
-10.57
-10.57
-11.06
-11.06
-11.25
-11.25
-11.36
-11.36
-11.36
-11.17
-11.17
-10.95
-10.95
-11.86
-11.86
-11.96
-11.96
-11.96
-11.78
-11.78
-11.6
-11.6
-10.7
-10.7
-10.49
-10.49
-11.35
-11.35
-11.35
-11.42
-11.42
-11.14
-11.14
-11.56
-11.56
-11.92
-11.92
-11.07
-11.07
-11.07
-10.85
-10.85
-11.26
-11.26
-11.57
-11.57
-11.6
-11.6
-11.62
-11.62
-10.64
-10.33
-10.33
-10.33
-10.53
-10.53
-10.69
-10.69
-11.59
-11.59
-12.75
-12.75
-12.75
-13.03
-13.03
-12.49
-12.49
-14.11
-14.11
-15.06
-15.06
-14.03
-14.03
-14.03
-13.98
-13.98
-12.96
-12.96
-12.96
-12.96
-12.88
-12.88
-11.23
-11.23
-11.23
-10.05
-10.05
-11.75
-11.75
-13.84
-13.84
-22.0
-22.0
-22.0
-22.0
-22.0
-30.0
-30.0
-30.0
-30.0
-30.0
-30.0
-29.0
-29.0
-29.0
-29.0
-29.0
-33.88
-33.88
-32.46
-32.46
-30.85
-30.85
-30.0
-30.0
-30.0
-30.0
-30.0
-30.0
-30.0
-30.0
-30.0
-30.0
-30.0
-30.0
-30.0
-30.0
-29.0
-29.0
-28.0
-28.0
-28.0
-28.0
-28.0
-28.0
-28.0
-25.0
-25.0
-29.0
-29.0
-29.95
-29.95
-30.41
-30.41
-30.86
-30.86
-30.86
-29.97
-29.97
-28.0
-28.0
-25.0
-25.0
-12.04
-12.04
-13.6
-13.6
-13.6
-13.83
-13.83
-13.4
-13.4
-23.0
-23.0
-16.0
-16.0
-13.05
-13.05
-13.05
-12.64
-12.64
-12.46
-12.46
-12.39
-12.39
-11.97
-11.97
-11.97
-10.54
-10.54
-11.13
-11.13
-11.81
-11.81
-11.82
-11.82
-11.57
-11.57
-11.57
-11.56
-11.56
-11.5
-11.5
-11.21
-11.21
-10.91
-10.91
-10.62
-10.62
-10.62
-9.54
-9.54
-10.49
-10.49
-10.9
-10.9
-10.79
-10.79
-11.27
-11.27
-11.27
-11.07
-11.07
-10.78
-10.78
-10.77
-10.77
-11.46
-11.46
-11.46
-11.72
-11.72
-11.47
-11.47
-9.63
-9.63
-10.74
-10.74
-10.98
-10.98
-10.98
-10.74
-10.74
-10.91
-10.91
-11.53
-11.53
-11.17
-11.17
-11.29
-11.29
-11.29
-11.47
-11.47
-11.1
-11.1
-11.41
-11.41
-11.66
-11.66
-11.67
-11.67
-10.64
-10.33
-10.33
-10.33
-10.53
-10.53
-10.69
-10.69
-11.59
-11.59
-12.75
-12.75
-12.75
-13.03
-13.03
-12.49
-12.49
-14.11
-14.11
-15.06
-15.06
-14.03
-14.03
-14.03
-13.98
-13.98
-12.96
-12.96
-12.96
-12.96
-12.88
-12.88
-11.23
-11.23
-11.23
-10.05
-10.05
-11.75
-11.75
-13.84
-13.84
-22.0
-22.0
-22.0
-22.0
-22.0
-30.0
-30.0
-30.0
-30.0
-30.0
-30.0
-29.0
-29.0
-29.0
-29.0
-29.0
-33.88
-33.88
-32.46
-32.46
-30.85
-30.85
-30.0
-30.0
-30.0
-30.0
-30.0
-30.0
-30.0
-30.0
-30.0
-30.0
-30.0
-30.0
-30.0
-30.0
-29.0
-29.0
-28.0
-28.0
-28.0
-28.0
-28.0
-28.0
-28.0
-25.0
-25.0
-29.0
-29.0
-29.95
-29.95
-30.41
-30.41
-30.86
-30.86
-30.86
-29.97
-29.97
-28.0
-28.0
-25.0
-25.0
-12.04
-12.04
-13.6
-13.6
-13.6
-13.83
-13.83
-13.4
-13.4
-23.0
-23.0
-16.0
-16.0
-13.05
-13.05
-13.05
-12.64
-12.64
-12.46
-12.46
-12.39
-12.39
-11.97
-11.97
-11.97
-10.54
-10.54
-11.13
-11.13
-11.81
-11.81
-11.82
-11.82
-11.57
-11.57
-11.57
-11.56
-11.56
-11.5
-11.5
-11.21
-11.21
-10.91
-10.91
-10.62
-10.62
-10.62
-9.54
-9.54
-10.49
-10.49
-10.9
-10.9
-10.79
-10.79
-11.27
-11.27
-11.27
-11.07
-11.07
-10.78
-10.78
-10.77
-10.77
-11.46
-11.46
-11.46
-11.72
-11.72
-11.47
-11.47
-9.63
-9.63
-10.74
-10.74
-10.98
-10.98
-10.98
-10.74
-10.74
-10.91
-10.91
-11.53
-11.53
-11.17
-11.17
-11.29
-11.29
-11.29
-11.47
-11.47
-11.1
-11.1
-11.41
-11.41
-11.66
-11.66
-11.67
-11.67
-10.64
-10.33
-10.33
-10.33
-10.53
-10.53
-10.69
-10.69
-11.59
-11.59
-12.75
-12.75
-12.75
-13.03
-13.03
-12.49
-12.49
-14.11
-14.11
-15.06
-15.06
-14.03
-14.03
-14.03
-13.98
-13.98
-12.96
-12.96
-12.96
-12.96
-12.88
-12.88
-11.23
-11.23
-11.23
-10.05
-10.05
-11.75
-11.75
-13.84
-13.84
-22.0
-22.0
-22.0
-22.0
-22.0
-30.0
-30.0
-30.0
-30.0
-30.0
-30.0
-29.0
-29.0
-29.0
-29.0
-29.0
-33.88
-33.88
-32.46
-32.46
-30.85
-30.85
-30.0
-30.0
-30.0
-30.0
-30.0
-30.0
-30.0
-30.0
-30.0
-30.0
-30.0
-30.0
-30.0
-30.0
-29.0
-29.0
-28.0
-28.0
-28.0
-28.0
-28.0
-28.0
-28.0
-25.0
-25.0
-29.0
-29.0
-29.95
-29.95
-30.41
-30.41
-30.86
-30.86
-30.86
-29.97
-29.97
-28.0
-28.0
-25.0
-25.0
-12.04
-12.04
-13.6
-13.6
-13.6
-13.83
-13.83
-13.4
-13.4
-23.0
-23.0
-16.0
-16.0
-13.05
-13.05
-13.05
-12.64
-12.64
-12.46
-12.46
-12.39
-12.39
-11.97
-11.97
-11.97
-10.54
-10.54
-11.13
-11.13
-11.81
-11.81
-11.82
-11.82
-11.57
-11.57
-11.57
-11.56
-11.56
-11.5
-11.5
-11.21
-11.21
-10.91
-10.91
-10.62
-10.62
-10.62
-9.54
-9.54
-10.49
-10.49
-10.9
-10.9
-10.79
-10.79
-11.27
-11.27
-11.27
-11.07
-11.07
-10.78
-10.78
-10.77
-10.77
-11.46
-11.46
-11.46
-11.72
-11.72
-11.47
-11.47
-9.63
-9.63
-10.74
-10.74
-10.98
-10.98
-10.98
-10.74
-10.74
-10.91
-10.91
-11.53
-11.53
-11.17
-11.17
-11.29
-11.29
-11.29
-11.47
-11.47
-11.1
-11.1
-11.41
-11.41
-11.66
-11.66
-11.67
-11.67
-10.63
-10.23
-10.23
-10.23
-11.04
-11.04
-10.31
-10.31
-10.76
-10.76
-23.0
-23.0
-23.0
-34.66
-34.66
-26.0
-26.0
-12.73
-12.73
-14.98
-14.98
-14.92
-14.92
-14.92
-14.86
-14.86
-12.83
-12.83
-12.86
-12.86
-12.85
-12.85
-12.32
-12.32
-12.32
-10.77
-10.77
-11.56
-11.56
-12.61
-12.61
-22.0
-22.0
-22.0
-22.0
-22.0
-23.0
-23.0
-25.0
-25.0
-30.0
-30.0
-29.0
-29.0
-29.0
-30.0
-30.0
-30.9
-30.9
-30.89
-30.89
-30.0
-30.0
-30.0
-30.0
-30.0
-30.0
-30.0
-30.0
-30.0
-30.0
-30.0
-29.0
-29.0
-29.0
-29.0
-29.0
-26.0
-26.0
-23.0
-23.0
-23.0
-23.0
-23.0
-23.0
-23.0
-20.0
-20.0
-20.0
-20.0
-28.0
-28.0
-29.81
-29.81
-29.96
-29.96
-29.96
-28.0
-28.0
-17.0
-17.0
-20.0
-20.0
-25.0
-25.0
-18.0
-18.0
-18.0
-12.79
-12.79
-30.79
-30.79
-31.0
-31.0
-21.0
-21.0
-13.86
-13.86
-13.86
-12.41
-12.41
-12.61
-12.61
-12.62
-12.62
-12.25
-12.25
-12.25
-10.98
-10.98
-10.47
-10.47
-11.87
-11.87
-11.63
-11.63
-11.49
-11.49
-11.49
-11.4
-11.4
-11.14
-11.14
-10.97
-10.97
-10.95
-10.95
-10.19
-10.19
-10.19
-9.5
-9.5
-10.08
-10.08
-10.09
-10.09
-10.63
-10.63
-10.67
-10.67
-10.67
-10.83
-10.83
-10.38
-10.38
-10.08
-10.08
-11.48
-11.48
-11.48
-11.22
-11.22
-10.64
-10.64
-10.91
-10.91
-11.44
-11.44
-11.24
-11.24
-11.24
-11.06
-11.06
-10.27
-10.27
-10.29
-10.29
-11.28
-11.28
-11.32
-11.32
-11.32
-11.66
-11.66
-11.67
-11.67
-11.68
-11.68
-11.71
-11.71
-11.7
-11.7
-10.63
-10.23
-10.23
-10.23
-11.04
-11.04
-10.31
-10.31
-10.76
-10.76
-23.0
-23.0
-23.0
-34.66
-34.66
-26.0
-26.0
-12.73
-12.73
-14.98
-14.98
-14.92
-14.92
-14.92
-14.86
-14.86
-12.83
-12.83
-12.86
-12.86
-12.85
-12.85
-12.32
-12.32
-12.32
-10.77
-10.77
-11.56
-11.56
-12.61
-12.61
-22.0
-22.0
-22.0
-22.0
-22.0
-23.0
-23.0
-25.0
-25.0
-30.0
-30.0
-29.0
-29.0
-29.0
-30.0
-30.0
-30.9
-30.9
-30.89
-30.89
-30.0
-30.0
-30.0
-30.0
-30.0
-30.0
-30.0
-30.0
-30.0
-30.0
-30.0
-29.0
-29.0
-29.0
-29.0
-29.0
-26.0
-26.0
-23.0
-23.0
-23.0
-23.0
-23.0
-23.0
-23.0
-20.0
-20.0
-20.0
-20.0
-28.0
-28.0
-29.81
-29.81
-29.96
-29.96
-29.96
-28.0
-28.0
-17.0
-17.0
-20.0
-20.0
-25.0
-25.0
-18.0
-18.0
-18.0
-12.79
-12.79
-30.79
-30.79
-31.0
-31.0
-21.0
-21.0
-13.86
-13.86
-13.86
-12.41
-12.41
-12.61
-12.61
-12.62
-12.62
-12.25
-12.25
-12.25
-10.98
-10.98
-10.47
-10.47
-11.87
-11.87
-11.63
-11.63
-11.49
-11.49
-11.49
-11.4
-11.4
-11.14
-11.14
-10.97
-10.97
-10.95
-10.95
-10.19
-10.19
-10.19
-9.5
-9.5
-10.08
-10.08
-10.09
-10.09
-10.63
-10.63
-10.67
-10.67
-10.67
-10.83
-10.83
-10.38
-10.38
-10.08
-10.08
-11.48
-11.48
-11.48
-11.22
-11.22
-10.64
-10.64
-10.91
-10.91
-11.44
-11.44
-11.24
-11.24
-11.24
-11.06
-11.06
-10.27
-10.27
-10.29
-10.29
-11.28
-11.28
-11.32
-11.32
-11.32
-11.66
-11.66
-11.67
-11.67
-11.68
-11.68
-11.71
-11.71
-11.7
-11.7
-10.63
-10.23
-10.23
-10.23
-11.04
-11.04
-10.31
-10.31
-10.76
-10.76
-23.0
-23.0
-23.0
-34.66
-34.66
-26.0
-26.0
-12.73
-12.73
-14.98
-14.98
-14.92
-14.92
-14.92
-14.86
-14.86
-12.83
-12.83
-12.86
-12.86
-12.85
-12.85
-12.32
-12.32
-12.32
-10.77
-10.77
-11.56
-11.56
-12.61
-12.61
-22.0
-22.0
-22.0
-22.0
-22.0
-23.0
-23.0
-25.0
-25.0
-30.0
-30.0
-29.0
-29.0
-29.0
-30.0
-30.0
-30.9
-30.9
-30.89
-30.89
-30.0
-30.0
-30.0
-30.0
-30.0
-30.0
-30.0
-30.0
-30.0
-30.0
-30.0
-29.0
-29.0
-29.0
-29.0
-29.0
-26.0
-26.0
-23.0
-23.0
-23.0
-23.0
-23.0
-23.0
-23.0
-20.0
-20.0
-20.0
-20.0
-28.0
-28.0
-29.81
-29.81
-29.96
-29.96
-29.96
-28.0
-28.0
-17.0
-17.0
-20.0
-20.0
-25.0
-25.0
-18.0
-18.0
-18.0
-12.79
-12.79
-30.79
-30.79
-31.0
-31.0
-21.0
-21.0
-13.86
-13.86
-13.86
-12.41
-12.41
-12.61
-12.61
-12.62
-12.62
-12.25
-12.25
-12.25
-10.98
-10.98
-10.47
-10.47
-11.87
-11.87
-11.63
-11.63
-11.49
-11.49
-11.49
-11.4
-11.4
-11.14
-11.14
-10.97
-10.97
-10.95
-10.95
-10.19
-10.19
-10.19
-9.5
-9.5
-10.08
-10.08
-10.09
-10.09
-10.63
-10.63
-10.67
-10.67
-10.67
-10.83
-10.83
-10.38
-10.38
-10.08
-10.08
-11.48
-11.48
-11.48
-11.22
-11.22
-10.64
-10.64
-10.91
-10.91
-11.44
-11.44
-11.24
-11.24
-11.24
-11.06
-11.06
-10.27
-10.27
-10.29
-10.29
-11.28
-11.28
-11.32
-11.32
-11.32
-11.66
-11.66
-11.67
-11.67
-11.68
-11.68
-11.71
-11.71
-11.7
-11.7
-10.69
-10.06
-10.06
-10.06
-22.0
-22.0
-28.0
-28.0
-22.0
-22.0
-27.0
-27.0
-27.0
-39.69
-39.69
-29.0
-29.0
-13.51
-13.51
-15.89
-15.89
-15.82
-15.82
-15.82
-14.8
-14.8
-12.78
-12.78
-13.73
-13.73
-13.71
-13.71
-12.38
-12.38
-12.38
-11.03
-11.03
-11.59
-11.59
-15.0
-15.0
-24.0
-24.0
-24.0
-18.0
-18.0
-22.0
-22.0
-28.0
-28.0
-30.0
-30.0
-29.0
-29.0
-29.0
-30.93
-30.93
-30.99
-30.99
-30.0
-30.0
-30.0
-30.0
-30.0
-30.0
-30.0
-30.0
-30.0
-30.0
-30.0
-30.0
-30.0
-28.0
-28.0
-27.0
-27.0
-27.0
-24.0
-24.0
-22.0
-22.0
-23.0
-23.0
-23.0
-23.0
-23.0
-23.0
-23.0
-23.0
-23.0
-20.0
-20.0
-23.0
-23.0
-23.0
-23.0
-23.0
-24.0
-24.0
-18.0
-18.0
-18.0
-18.0
-18.0
-18.0
-30.0
-30.0
-30.0
-31.0
-31.0
-30.5
-30.5
-30.65
-30.65
-24.0
-24.0
-13.58
-13.58
-13.58
-12.54
-12.54
-12.76
-12.76
-12.61
-12.61
-11.72
-11.72
-11.72
-11.47
-11.47
-11.17
-11.17
-10.32
-10.32
-11.56
-11.56
-10.97
-10.97
-10.97
-11.62
-11.62
-10.42
-10.42
-9.82
-9.82
-9.8
-9.8
-9.99
-9.99
-9.99
-10.38
-10.38
-9.56
-9.56
-9.66
-9.66
-9.38
-9.38
-9.07
-9.07
-9.07
-9.24
-9.24
-9.5
-9.5
-9.58
-9.58
-11.4
-11.4
-11.4
-9.43
-9.43
-10.57
-10.57
-11.59
-11.59
-11.25
-11.25
-10.06
-10.06
-10.06
-11.56
-11.56
-11.26
-11.26
-11.19
-11.19
-11.81
-11.81
-11.54
-11.54
-11.54
-11.64
-11.64
-11.48
-11.48
-11.51
-11.51
-11.93
-11.93
-11.78
-11.78
-10.69
-10.06
-10.06
-10.06
-22.0
-22.0
-28.0
-28.0
-22.0
-22.0
-27.0
-27.0
-27.0
-39.69
-39.69
-29.0
-29.0
-13.51
-13.51
-15.89
-15.89
-15.82
-15.82
-15.82
-14.8
-14.8
-12.78
-12.78
-13.73
-13.73
-13.71
-13.71
-12.38
-12.38
-12.38
-11.03
-11.03
-11.59
-11.59
-15.0
-15.0
-24.0
-24.0
-24.0
-18.0
-18.0
-22.0
-22.0
-28.0
-28.0
-30.0
-30.0
-29.0
-29.0
-29.0
-30.93
-30.93
-30.99
-30.99
-30.0
-30.0
-30.0
-30.0
-30.0
-30.0
-30.0
-30.0
-30.0
-30.0
-30.0
-30.0
-30.0
-28.0
-28.0
-27.0
-27.0
-27.0
-24.0
-24.0
-22.0
-22.0
-23.0
-23.0
-23.0
-23.0
-23.0
-23.0
-23.0
-23.0
-23.0
-20.0
-20.0
-23.0
-23.0
-23.0
-23.0
-23.0
-24.0
-24.0
-18.0
-18.0
-18.0
-18.0
-18.0
-18.0
-30.0
-30.0
-30.0
-31.0
-31.0
-30.5
-30.5
-30.65
-30.65
-24.0
-24.0
-13.58
-13.58
-13.58
-12.54
-12.54
-12.76
-12.76
-12.61
-12.61
-11.72
-11.72
-11.72
-11.47
-11.47
-11.17
-11.17
-10.32
-10.32
-11.56
-11.56
-10.97
-10.97
-10.97
-11.62
-11.62
-10.42
-10.42
-9.82
-9.82
-9.8
-9.8
-9.99
-9.99
-9.99
-10.38
-10.38
-9.56
-9.56
-9.66
-9.66
-9.38
-9.38
-9.07
-9.07
-9.07
-9.24
-9.24
-9.5
-9.5
-9.58
-9.58
-11.4
-11.4
-11.4
-9.43
-9.43
-10.57
-10.57
-11.59
-11.59
-11.25
-11.25
-10.06
-10.06
-10.06
-11.56
-11.56
-11.26
-11.26
-11.19
-11.19
-11.81
-11.81
-11.54
-11.54
-11.54
-11.64
-11.64
-11.48
-11.48
-11.51
-11.51
-11.93
-11.93
-11.78
-11.78
-10.64
-28.54
-28.54
-28.54
-35.91
-35.91
-35.85
-35.85
-31.0
-31.0
-32.0
-32.0
-32.0
-34.91
-34.91
-22.0
-22.0
-15.8
-15.8
-16.77
-16.77
-15.74
-15.74
-15.74
-14.72
-14.72
-13.67
-13.67
-13.62
-13.62
-13.58
-13.58
-12.38
-12.38
-12.38
-11.28
-11.28
-11.31
-11.31
-21.0
-21.0
-22.0
-22.0
-22.0
-17.0
-17.0
-17.0
-17.0
-28.0
-28.0
-30.0
-30.0
-30.92
-30.92
-30.92
-30.86
-30.86
-30.0
-30.0
-30.0
-30.0
-30.0
-30.0
-30.0
-30.0
-30.0
-30.0
-30.0
-30.0
-30.0
-30.0
-30.0
-28.0
-28.0
-26.0
-26.0
-26.0
-23.0
-23.0
-22.0
-22.0
-23.0
-23.0
-23.0
-23.0
-23.0
-23.0
-23.0
-23.0
-23.0
-23.0
-23.0
-23.0
-23.0
-23.0
-23.0
-23.0
-24.0
-24.0
-23.0
-23.0
-18.0
-18.0
-18.0
-18.0
-30.0
-30.0
-30.0
-31.0
-31.0
-31.0
-31.0
-30.61
-30.61
-22.0
-22.0
-13.67
-13.67
-13.67
-12.73
-12.73
-12.81
-12.81
-12.93
-12.93
-12.71
-12.71
-12.71
-12.02
-12.02
-11.78
-11.78
-10.53
-10.53
-10.93
-10.93
-10.36
-10.36
-10.36
-10.22
-10.22
-10.73
-10.73
-10.03
-10.03
-10.48
-10.48
-10.11
-10.11
-10.11
-9.28
-9.28
-10.04
-10.04
-10.47
-10.47
-9.4
-9.4
-9.87
-9.87
-9.87
-9.43
-9.43
-9.5
-9.5
-9.44
-9.44
-10.01
-10.01
-10.01
-10.32
-10.32
-10.65
-10.65
-12.06
-12.06
-11.82
-11.82
-11.7
-11.7
-11.7
-11.98
-11.98
-11.98
-11.98
-12.06
-12.06
-12.04
-12.04
-11.27
-11.27
-11.27
-11.31
-11.31
-11.29
-11.29
-11.52
-11.52
-11.98
-11.98
-11.54
-11.54
-10.64
-28.54
-28.54
-28.54
-35.91
-35.91
-35.85
-35.85
-31.0
-31.0
-32.0
-32.0
-32.0
-34.91
-34.91
-22.0
-22.0
-15.8
-15.8
-16.77
-16.77
-15.74
-15.74
-15.74
-14.72
-14.72
-13.67
-13.67
-13.62
-13.62
-13.58
-13.58
-12.38
-12.38
-12.38
-11.28
-11.28
-11.31
-11.31
-21.0
-21.0
-22.0
-22.0
-22.0
-17.0
-17.0
-17.0
-17.0
-28.0
-28.0
-30.0
-30.0
-30.92
-30.92
-30.92
-30.86
-30.86
-30.0
-30.0
-30.0
-30.0
-30.0
-30.0
-30.0
-30.0
-30.0
-30.0
-30.0
-30.0
-30.0
-30.0
-30.0
-28.0
-28.0
-26.0
-26.0
-26.0
-23.0
-23.0
-22.0
-22.0
-23.0
-23.0
-23.0
-23.0
-23.0
-23.0
-23.0
-23.0
-23.0
-23.0
-23.0
-23.0
-23.0
-23.0
-23.0
-23.0
-24.0
-24.0
-23.0
-23.0
-18.0
-18.0
-18.0
-18.0
-30.0
-30.0
-30.0
-31.0
-31.0
-31.0
-31.0
-30.61
-30.61
-22.0
-22.0
-13.67
-13.67
-13.67
-12.73
-12.73
-12.81
-12.81
-12.93
-12.93
-12.71
-12.71
-12.71
-12.02
-12.02
-11.78
-11.78
-10.53
-10.53
-10.93
-10.93
-10.36
-10.36
-10.36
-10.22
-10.22
-10.73
-10.73
-10.03
-10.03
-10.48
-10.48
-10.11
-10.11
-10.11
-9.28
-9.28
-10.04
-10.04
-10.47
-10.47
-9.4
-9.4
-9.87
-9.87
-9.87
-9.43
-9.43
-9.5
-9.5
-9.44
-9.44
-10.01
-10.01
-10.01
-10.32
-10.32
-10.65
-10.65
-12.06
-12.06
-11.82
-11.82
-11.7
-11.7
-11.7
-11.98
-11.98
-11.98
-11.98
-12.06
-12.06
-12.04
-12.04
-11.27
-11.27
-11.27
-11.31
-11.31
-11.29
-11.29
-11.52
-11.52
-11.98
-11.98
-11.54
-11.54
-10.64
-28.54
-28.54
-28.54
-35.91
-35.91
-35.85
-35.85
-31.0
-31.0
-32.0
-32.0
-32.0
-34.91
-34.91
-22.0
-22.0
-15.8
-15.8
-16.77
-16.77
-15.74
-15.74
-15.74
-14.72
-14.72
-13.67
-13.67
-13.62
-13.62
-13.58
-13.58
-12.38
-12.38
-12.38
-11.28
-11.28
-11.31
-11.31
-21.0
-21.0
-22.0
-22.0
-22.0
-17.0
-17.0
-17.0
-17.0
-28.0
-28.0
-30.0
-30.0
-30.92
-30.92
-30.92
-30.86
-30.86
-30.0
-30.0
-30.0
-30.0
-30.0
-30.0
-30.0
-30.0
-30.0
-30.0
-30.0
-30.0
-30.0
-30.0
-30.0
-28.0
-28.0
-26.0
-26.0
-26.0
-23.0
-23.0
-22.0
-22.0
-23.0
-23.0
-23.0
-23.0
-23.0
-23.0
-23.0
-23.0
-23.0
-23.0
-23.0
-23.0
-23.0
-23.0
-23.0
-23.0
-24.0
-24.0
-23.0
-23.0
-18.0
-18.0
-18.0
-18.0
-30.0
-30.0
-30.0
-31.0
-31.0
-31.0
-31.0
-30.61
-30.61
-22.0
-22.0
-13.67
-13.67
-13.67
-12.73
-12.73
-12.81
-12.81
-12.93
-12.93
-12.71
-12.71
-12.71
-12.02
-12.02
-11.78
-11.78
-10.53
-10.53
-10.93
-10.93
-10.36
-10.36
-10.36
-10.22
-10.22
-10.73
-10.73
-10.03
-10.03
-10.48
-10.48
-10.11
-10.11
-10.11
-9.28
-9.28
-10.04
-10.04
-10.47
-10.47
-9.4
-9.4
-9.87
-9.87
-9.87
-9.43
-9.43
-9.5
-9.5
-9.44
-9.44
-10.01
-10.01
-10.01
-10.32
-10.32
-10.65
-10.65
-12.06
-12.06
-11.82
-11.82
-11.7
-11.7
-11.7
-11.98
-11.98
-11.98
-11.98
-12.06
-12.06
-12.04
-12.04
-11.27
-11.27
-11.27
-11.31
-11.31
-11.29
-11.29
-11.52
-11.52
-11.98
-11.98
-11.54
-11.54
-10.49
-30.0
-30.0
-30.0
-39.77
-39.77
-43.81
-43.81
-33.96
-33.96
-32.0
-32.0
-32.0
-30.0
-30.0
-15.24
-15.24
-16.7
-16.7
-16.65
-16.65
-15.63
-15.63
-15.63
-15.62
-15.62
-14.57
-14.57
-14.52
-14.52
-14.46
-14.46
-13.36
-13.36
-13.36
-11.3
-11.3
-11.63
-11.63
-23.0
-23.0
-17.0
-17.0
-17.0
-17.0
-17.0
-16.0
-16.0
-28.0
-28.0
-30.0
-30.0
-30.87
-30.87
-30.87
-29.98
-29.98
-30.0
-30.0
-30.0
-30.0
-30.0
-30.0
-30.0
-30.0
-30.0
-30.0
-30.0
-30.0
-30.0
-30.0
-30.0
-28.0
-28.0
-28.0
-28.0
-28.0
-22.0
-22.0
-17.0
-17.0
-18.0
-18.0
-20.0
-20.0
-20.0
-20.0
-20.0
-23.0
-23.0
-23.0
-23.0
-23.0
-23.0
-23.0
-23.0
-23.0
-23.0
-23.0
-23.0
-23.0
-23.0
-23.0
-18.0
-18.0
-30.0
-30.0
-30.0
-31.0
-31.0
-31.0
-31.0
-29.0
-29.0
-20.0
-20.0
-13.41
-13.41
-13.41
-12.72
-12.72
-12.88
-12.88
-13.03
-13.03
-13.11
-13.11
-13.11
-12.91
-12.91
-12.25
-12.25
-10.96
-10.96
-11.17
-11.17
-11.4
-11.4
-11.4
-10.62
-10.62
-11.37
-11.37
-9.86
-9.86
-9.34
-9.34
-9.48
-9.48
-9.48
-10.54
-10.54
-11.66
-11.66
-11.09
-11.09
-10.53
-10.53
-11.04
-11.04
-11.04
-10.89
-10.89
-10.38
-10.38
-11.79
-11.79
-12.05
-12.05
-12.05
-12.23
-12.23
-12.16
-12.16
-12.45
-12.45
-12.48
-12.48
-12.42
-12.42
-12.42
-12.39
-12.39
-12.29
-12.29
-12.25
-12.25
-12.11
-12.11
-10.85
-10.85
-10.85
-11.07
-11.07
-10.79
-10.79
-11.64
-11.64
-11.77
-11.77
-10.97
-10.97
-10.49
-30.0
-30.0
-30.0
-39.77
-39.77
-43.81
-43.81
-33.96
-33.96
-32.0
-32.0
-32.0
-30.0
-30.0
-15.24
-15.24
-16.7
-16.7
-16.65
-16.65
-15.63
-15.63
-15.63
-15.62
-15.62
-14.57
-14.57
-14.52
-14.52
-14.46
-14.46
-13.36
-13.36
-13.36
-11.3
-11.3
-11.63
-11.63
-23.0
-23.0
-17.0
-17.0
-17.0
-17.0
-17.0
-16.0
-16.0
-28.0
-28.0
-30.0
-30.0
-30.87
-30.87
-30.87
-29.98
-29.98
-30.0
-30.0
-30.0
-30.0
-30.0
-30.0
-30.0
-30.0
-30.0
-30.0
-30.0
-30.0
-30.0
-30.0
-30.0
-28.0
-28.0
-28.0
-28.0
-28.0
-22.0
-22.0
-17.0
-17.0
-18.0
-18.0
-20.0
-20.0
-20.0
-20.0
-20.0
-23.0
-23.0
-23.0
-23.0
-23.0
-23.0
-23.0
-23.0
-23.0
-23.0
-23.0
-23.0
-23.0
-23.0
-23.0
-18.0
-18.0
-30.0
-30.0
-30.0
-31.0
-31.0
-31.0
-31.0
-29.0
-29.0
-20.0
-20.0
-13.41
-13.41
-13.41
-12.72
-12.72
-12.88
-12.88
-13.03
-13.03
-13.11
-13.11
-13.11
-12.91
-12.91
-12.25
-12.25
-10.96
-10.96
-11.17
-11.17
-11.4
-11.4
-11.4
-10.62
-10.62
-11.37
-11.37
-9.86
-9.86
-9.34
-9.34
-9.48
-9.48
-9.48
-10.54
-10.54
-11.66
-11.66
-11.09
-11.09
-10.53
-10.53
-11.04
-11.04
-11.04
-10.89
-10.89
-10.38
-10.38
-11.79
-11.79
-12.05
-12.05
-12.05
-12.23
-12.23
-12.16
-12.16
-12.45
-12.45
-12.48
-12.48
-12.42
-12.42
-12.42
-12.39
-12.39
-12.29
-12.29
-12.25
-12.25
-12.11
-12.11
-10.85
-10.85
-10.85
-11.07
-11.07
-10.79
-10.79
-11.64
-11.64
-11.77
-11.77
-10.97
-10.97
-10.11
-35.0
-35.0
-35.0
-39.17
-39.17
-43.67
-43.67
-36.84
-36.84
-34.99
-34.99
-34.99
-25.0
-25.0
-16.57
-16.57
-17.62
-17.62
-16.55
-16.55
-15.51
-15.51
-15.51
-15.5
-15.5
-16.46
-16.46
-15.43
-15.43
-15.36
-15.36
-13.28
-13.28
-13.28
-12.33
-12.33
-11.56
-11.56
-24.0
-24.0
-17.0
-17.0
-17.0
-15.0
-15.0
-16.61
-16.61
-28.0
-28.0
-30.0
-30.0
-30.94
-30.94
-30.94
-29.99
-29.99
-30.0
-30.0
-30.0
-30.0
-30.0
-30.0
-29.98
-29.98
-29.98
-31.96
-31.96
-30.0
-30.0
-30.0
-30.0
-29.97
-29.97
-28.0
-28.0
-28.0
-26.0
-26.0
-20.0
-20.0
-12.0
-12.0
-12.34
-12.34
-12.34
-10.87
-10.87
-23.0
-23.0
-23.0
-23.0
-23.0
-23.0
-23.0
-23.0
-23.0
-23.0
-23.0
-23.0
-23.0
-23.0
-23.0
-23.0
-23.0
-30.0
-30.0
-30.0
-30.89
-30.89
-30.0
-30.0
-30.0
-30.0
-13.04
-13.04
-12.92
-12.92
-12.92
-12.66
-12.66
-12.83
-12.83
-12.91
-12.91
-12.96
-12.96
-12.96
-12.93
-12.93
-12.66
-12.66
-11.3
-11.3
-12.0
-12.0
-11.88
-11.88
-11.88
-11.7
-11.7
-11.56
-11.56
-11.04
-11.04
-10.77
-10.77
-12.09
-12.09
-12.09
-12.16
-12.16
-12.06
-12.06
-10.67
-10.67
-10.83
-10.83
-11.86
-11.86
-11.86
-12.0
-12.0
-12.21
-12.21
-12.64
-12.64
-12.81
-12.81
-12.81
-12.79
-12.79
-12.71
-12.71
-12.68
-12.68
-12.67
-12.67
-12.59
-12.59
-12.59
-11.99
-11.99
-12.5
-12.5
-12.5
-12.5
-12.14
-12.14
-10.57
-10.57
-10.57
-10.69
-10.69
-9.94
-9.94
-11.36
-11.36
-11.58
-11.58
-11.34
-11.34
-10.11
-35.0
-35.0
-35.0
-39.17
-39.17
-43.67
-43.67
-36.84
-36.84
-34.99
-34.99
-34.99
-25.0
-25.0
-16.57
-16.57
-17.62
-17.62
-16.55
-16.55
-15.51
-15.51
-15.51
-15.5
-15.5
-16.46
-16.46
-15.43
-15.43
-15.36
-15.36
-13.28
-13.28
-13.28
-12.33
-12.33
-11.56
-11.56
-24.0
-24.0
-17.0
-17.0
-17.0
-15.0
-15.0
-16.61
-16.61
-28.0
-28.0
-30.0
-30.0
-30.94
-30.94
-30.94
-29.99
-29.99
-30.0
-30.0
-30.0
-30.0
-30.0
-30.0
-29.98
-29.98
-29.98
-31.96
-31.96
-30.0
-30.0
-30.0
-30.0
-29.97
-29.97
-28.0
-28.0
-28.0
-26.0
-26.0
-20.0
-20.0
-12.0
-12.0
-12.34
-12.34
-12.34
-10.87
-10.87
-23.0
-23.0
-23.0
-23.0
-23.0
-23.0
-23.0
-23.0
-23.0
-23.0
-23.0
-23.0
-23.0
-23.0
-23.0
-23.0
-23.0
-30.0
-30.0
-30.0
-30.89
-30.89
-30.0
-30.0
-30.0
-30.0
-13.04
-13.04
-12.92
-12.92
-12.92
-12.66
-12.66
-12.83
-12.83
-12.91
-12.91
-12.96
-12.96
-12.96
-12.93
-12.93
-12.66
-12.66
-11.3
-11.3
-12.0
-12.0
-11.88
-11.88
-11.88
-11.7
-11.7
-11.56
-11.56
-11.04
-11.04
-10.77
-10.77
-12.09
-12.09
-12.09
-12.16
-12.16
-12.06
-12.06
-10.67
-10.67
-10.83
-10.83
-11.86
-11.86
-11.86
-12.0
-12.0
-12.21
-12.21
-12.64
-12.64
-12.81
-12.81
-12.81
-12.79
-12.79
-12.71
-12.71
-12.68
-12.68
-12.67
-12.67
-12.59
-12.59
-12.59
-11.99
-11.99
-12.5
-12.5
-12.5
-12.5
-12.14
-12.14
-10.57
-10.57
-10.57
-10.69
-10.69
-9.94
-9.94
-11.36
-11.36
-11.58
-11.58
-11.34
-11.34
-10.11
-35.0
-35.0
-35.0
-39.17
-39.17
-43.67
-43.67
-36.84
-36.84
-34.99
-34.99
-34.99
-25.0
-25.0
-16.57
-16.57
-17.62
-17.62
-16.55
-16.55
-15.51
-15.51
-15.51
-15.5
-15.5
-16.46
-16.46
-15.43
-15.43
-15.36
-15.36
-13.28
-13.28
-13.28
-12.33
-12.33
-11.56
-11.56
-24.0
-24.0
-17.0
-17.0
-17.0
-15.0
-15.0
-16.61
-16.61
-28.0
-28.0
-30.0
-30.0
-30.94
-30.94
-30.94
-29.99
-29.99
-30.0
-30.0
-30.0
-30.0
-30.0
-30.0
-29.98
-29.98
-29.98
-31.96
-31.96
-30.0
-30.0
-30.0
-30.0
-29.97
-29.97
-28.0
-28.0
-28.0
-26.0
-26.0
-20.0
-20.0
-12.0
-12.0
-12.34
-12.34
-12.34
-10.87
-10.87
-23.0
-23.0
-23.0
-23.0
-23.0
-23.0
-23.0
-23.0
-23.0
-23.0
-23.0
-23.0
-23.0
-23.0
-23.0
-23.0
-23.0
-30.0
-30.0
-30.0
-30.89
-30.89
-30.0
-30.0
-30.0
-30.0
-13.04
-13.04
-12.92
-12.92
-12.92
-12.66
-12.66
-12.83
-12.83
-12.91
-12.91
-12.96
-12.96
-12.96
-12.93
-12.93
-12.66
-12.66
-11.3
-11.3
-12.0
-12.0
-11.88
-11.88
-11.88
-11.7
-11.7
-11.56
-11.56
-11.04
-11.04
-10.77
-10.77
-12.09
-12.09
-12.09
-12.16
-12.16
-12.06
-12.06
-10.67
-10.67
-10.83
-10.83
-11.86
-11.86
-11.86
-12.0
-12.0
-12.21
-12.21
-12.64
-12.64
-12.81
-12.81
-12.81
-12.79
-12.79
-12.71
-12.71
-12.68
-12.68
-12.67
-12.67
-12.59
-12.59
-12.59
-11.99
-11.99
-12.5
-12.5
-12.5
-12.5
-12.14
-12.14
-10.57
-10.57
-10.57
-10.69
-10.69
-9.94
-9.94
-11.36
-11.36
-11.58
-11.58
-11.34
-11.34
-31.77
-39.64
-39.64
-39.64
-47.73
-47.73
-53.57
-53.57
-40.14
-40.14
-35.97
-35.97
-35.97
-17.01
-17.01
-16.5
-16.5
-17.54
-17.54
-17.47
-17.47
-15.42
-15.42
-15.42
-15.38
-15.38
-17.33
-17.33
-16.28
-16.28
-15.23
-15.23
-13.17
-13.17
-13.17
-12.19
-12.19
-13.76
-13.76
-24.0
-24.0
-22.0
-22.0
-22.0
-17.0
-17.0
-15.72
-15.72
-28.0
-28.0
-30.0
-30.0
-30.97
-30.97
-30.97
-30.87
-30.87
-30.0
-30.0
-30.0
-30.0
-30.0
-30.0
-31.71
-31.71
-31.71
-31.9
-31.9
-31.35
-31.35
-31.12
-31.12
-34.43
-34.43
-33.63
-33.63
-33.63
-29.0
-29.0
-20.0
-20.0
-11.69
-11.69
-13.22
-13.22
-13.22
-12.19
-12.19
-10.67
-10.67
-11.11
-11.11
-23.0
-23.0
-23.0
-23.0
-23.0
-23.0
-23.0
-23.0
-23.0
-25.0
-25.0
-26.0
-26.0
-29.98
-29.98
-29.98
-31.0
-31.0
-31.0
-31.0
-28.0
-28.0
-13.56
-13.56
-12.66
-12.66
-12.66
-12.62
-12.62
-12.78
-12.78
-12.88
-12.88
-12.95
-12.95
-12.95
-12.92
-12.92
-12.79
-12.79
-11.74
-11.74
-11.65
-11.65
-11.92
-11.92
-11.92
-11.87
-11.87
-11.45
-11.45
-11.14
-11.14
-10.69
-10.69
-12.57
-12.57
-12.57
-13.68
-13.68
-13.64
-13.64
-13.08
-13.08
-12.3
-12.3
-12.17
-12.17
-12.17
-12.4
-12.4
-12.69
-12.69
-12.92
-12.92
-13.02
-13.02
-13.02
-12.89
-12.89
-12.81
-12.81
-12.82
-12.82
-12.81
-12.81
-12.75
-12.75
-12.75
-11.63
-11.63
-12.46
-12.46
-12.58
-12.58
-12.27
-12.27
-11.87
-11.87
-11.87
-10.59
-10.59
-10.38
-10.38
-11.59
-11.59
-12.0
-12.0
-12.0
-12.0
-31.77
-39.64
-39.64
-39.64
-47.73
-47.73
-53.57
-53.57
-40.14
-40.14
-35.97
-35.97
-35.97
-17.01
-17.01
-16.5
-16.5
-17.54
-17.54
-17.47
-17.47
-15.42
-15.42
-15.42
-15.38
-15.38
-17.33
-17.33
-16.28
-16.28
-15.23
-15.23
-13.17
-13.17
-13.17
-12.19
-12.19
-13.76
-13.76
-24.0
-24.0
-22.0
-22.0
-22.0
-17.0
-17.0
-15.72
-15.72
-28.0
-28.0
-30.0
-30.0
-30.97
-30.97
-30.97
-30.87
-30.87
-30.0
-30.0
-30.0
-30.0
-30.0
-30.0
-31.71
-31.71
-31.71
-31.9
-31.9
-31.35
-31.35
-31.12
-31.12
-34.43
-34.43
-33.63
-33.63
-33.63
-29.0
-29.0
-20.0
-20.0
-11.69
-11.69
-13.22
-13.22
-13.22
-12.19
-12.19
-10.67
-10.67
-11.11
-11.11
-23.0
-23.0
-23.0
-23.0
-23.0
-23.0
-23.0
-23.0
-23.0
-25.0
-25.0
-26.0
-26.0
-29.98
-29.98
-29.98
-31.0
-31.0
-31.0
-31.0
-28.0
-28.0
-13.56
-13.56
-12.66
-12.66
-12.66
-12.62
-12.62
-12.78
-12.78
-12.88
-12.88
-12.95
-12.95
-12.95
-12.92
-12.92
-12.79
-12.79
-11.74
-11.74
-11.65
-11.65
-11.92
-11.92
-11.92
-11.87
-11.87
-11.45
-11.45
-11.14
-11.14
-10.69
-10.69
-12.57
-12.57
-12.57
-13.68
-13.68
-13.64
-13.64
-13.08
-13.08
-12.3
-12.3
-12.17
-12.17
-12.17
-12.4
-12.4
-12.69
-12.69
-12.92
-12.92
-13.02
-13.02
-13.02
-12.89
-12.89
-12.81
-12.81
-12.82
-12.82
-12.81
-12.81
-12.75
-12.75
-12.75
-11.63
-11.63
-12.46
-12.46
-12.58
-12.58
-12.27
-12.27
-11.87
-11.87
-11.87
-10.59
-10.59
-10.38
-10.38
-11.59
-11.59
-12.0
-12.0
-12.0
-12.0
-31.77
-39.64
-39.64
-39.64
-47.73
-47.73
-53.57
-53.57
-40.14
-40.14
-35.97
-35.97
-35.97
-17.01
-17.01
-16.5
-16.5
-17.54
-17.54
-17.47
-17.47
-15.42
-15.42
-15.42
-15.38
-15.38
-17.33
-17.33
-16.28
-16.28
-15.23
-15.23
-13.17
-13.17
-13.17
-12.19
-12.19
-13.76
-13.76
-24.0
-24.0
-22.0
-22.0
-22.0
-17.0
-17.0
-15.72
-15.72
-28.0
-28.0
-30.0
-30.0
-30.97
-30.97
-30.97
-30.87
-30.87
-30.0
-30.0
-30.0
-30.0
-30.0
-30.0
-31.71
-31.71
-31.71
-31.9
-31.9
-31.35
-31.35
-31.12
-31.12
-34.43
-34.43
-33.63
-33.63
-33.63
-29.0
-29.0
-20.0
-20.0
-11.69
-11.69
-13.22
-13.22
-13.22
-12.19
-12.19
-10.67
-10.67
-11.11
-11.11
-23.0
-23.0
-23.0
-23.0
-23.0
-23.0
-23.0
-23.0
-23.0
-25.0
-25.0
-26.0
-26.0
-29.98
-29.98
-29.98
-31.0
-31.0
-31.0
-31.0
-28.0
-28.0
-13.56
-13.56
-12.66
-12.66
-12.66
-12.62
-12.62
-12.78
-12.78
-12.88
-12.88
-12.95
-12.95
-12.95
-12.92
-12.92
-12.79
-12.79
-11.74
-11.74
-11.65
-11.65
-11.92
-11.92
-11.92
-11.87
-11.87
-11.45
-11.45
-11.14
-11.14
-10.69
-10.69
-12.57
-12.57
-12.57
-13.68
-13.68
-13.64
-13.64
-13.08
-13.08
-12.3
-12.3
-12.17
-12.17
-12.17
-12.4
-12.4
-12.69
-12.69
-12.92
-12.92
-13.02
-13.02
-13.02
-12.89
-12.89
-12.81
-12.81
-12.82
-12.82
-12.81
-12.81
-12.75
-12.75
-12.75
-11.63
-11.63
-12.46
-12.46
-12.58
-12.58
-12.27
-12.27
-11.87
-11.87
-11.87
-10.59
-10.59
-10.38
-10.38
-11.59
-11.59
-12.0
-12.0
-12.0
-12.0
-36.08
-47.55
-47.55
-47.55
-46.3
-46.3
-34.21
-34.21
-32.89
-32.89
-36.6
-36.6
-36.6
-25.0
-25.0
-16.43
-16.43
-18.44
-18.44
-17.38
-17.38
-15.31
-15.31
-15.31
-16.25
-16.25
-17.21
-17.21
-17.16
-17.16
-16.12
-16.12
-15.05
-15.05
-15.05
-12.06
-12.06
-14.02
-14.02
-24.0
-24.0
-22.0
-22.0
-22.0
-22.0
-22.0
-17.0
-17.0
-28.0
-28.0
-30.0
-30.0
-31.96
-31.96
-31.96
-31.73
-31.73
-30.0
-30.0
-29.99
-29.99
-30.81
-30.81
-31.81
-31.81
-31.81
-32.94
-32.94
-32.22
-32.22
-34.89
-34.89
-37.15
-37.15
-33.66
-33.66
-33.66
-30.0
-30.0
-14.72
-14.72
-13.41
-13.41
-12.09
-12.09
-12.09
-12.21
-12.21
-12.24
-12.24
-12.21
-12.21
-12.67
-12.67
-12.6
-12.6
-12.6
-17.0
-17.0
-23.0
-23.0
-20.0
-20.0
-31.0
-31.0
-31.0
-31.0
-31.0
-30.0
-30.0
-27.0
-27.0
-13.0
-13.0
-12.84
-12.84
-12.5
-12.5
-12.5
-12.61
-12.61
-12.74
-12.74
-12.89
-12.89
-12.96
-12.96
-12.96
-12.98
-12.98
-12.71
-12.71
-11.2
-11.2
-11.77
-11.77
-12.08
-12.08
-12.08
-11.8
-11.8
-11.73
-11.73
-11.09
-11.09
-10.89
-10.89
-10.12
-10.12
-10.12
-10.29
-10.29
-10.63
-10.63
-12.33
-12.33
-14.36
-14.36
-13.26
-13.26
-13.26
-11.6
-11.6
-12.46
-12.46
-12.77
-12.77
-12.94
-12.94
-12.94
-12.89
-12.89
-12.92
-12.92
-13.96
-13.96
-13.96
-13.96
-13.86
-13.86
-13.86
-12.16
-12.16
-12.19
-12.19
-12.4
-12.4
-12.56
-12.56
-12.69
-12.69
-12.69
-12.02
-12.02
-11.79
-11.79
-12.14
-12.14
-11.32
-11.32
-11.66
-11.66
-36.08
-47.55
-47.55
-47.55
-46.3
-46.3
-34.21
-34.21
-32.89
-32.89
-36.6
-36.6
-36.6
-25.0
-25.0
-16.43
-16.43
-18.44
-18.44
-17.38
-17.38
-15.31
-15.31
-15.31
-16.25
-16.25
-17.21
-17.21
-17.16
-17.16
-16.12
-16.12
-15.05
-15.05
-15.05
-12.06
-12.06
-14.02
-14.02
-24.0
-24.0
-22.0
-22.0
-22.0
-22.0
-22.0
-17.0
-17.0
-28.0
-28.0
-30.0
-30.0
-31.96
-31.96
-31.96
-31.73
-31.73
-30.0
-30.0
-29.99
-29.99
-30.81
-30.81
-31.81
-31.81
-31.81
-32.94
-32.94
-32.22
-32.22
-34.89
-34.89
-37.15
-37.15
-33.66
-33.66
-33.66
-30.0
-30.0
-14.72
-14.72
-13.41
-13.41
-12.09
-12.09
-12.09
-12.21
-12.21
-12.24
-12.24
-12.21
-12.21
-12.67
-12.67
-12.6
-12.6
-12.6
-17.0
-17.0
-23.0
-23.0
-20.0
-20.0
-31.0
-31.0
-31.0
-31.0
-31.0
-30.0
-30.0
-27.0
-27.0
-13.0
-13.0
-12.84
-12.84
-12.5
-12.5
-12.5
-12.61
-12.61
-12.74
-12.74
-12.89
-12.89
-12.96
-12.96
-12.96
-12.98
-12.98
-12.71
-12.71
-11.2
-11.2
-11.77
-11.77
-12.08
-12.08
-12.08
-11.8
-11.8
-11.73
-11.73
-11.09
-11.09
-10.89
-10.89
-10.12
-10.12
-10.12
-10.29
-10.29
-10.63
-10.63
-12.33
-12.33
-14.36
-14.36
-13.26
-13.26
-13.26
-11.6
-11.6
-12.46
-12.46
-12.77
-12.77
-12.94
-12.94
-12.94
-12.89
-12.89
-12.92
-12.92
-13.96
-13.96
-13.96
-13.96
-13.86
-13.86
-13.86
-12.16
-12.16
-12.19
-12.19
-12.4
-12.4
-12.56
-12.56
-12.69
-12.69
-12.69
-12.02
-12.02
-11.79
-11.79
-12.14
-12.14
-11.32
-11.32
-11.66
-11.66
-37.84
-42.81
-42.81
-42.81
-43.59
-43.59
-34.17
-34.17
-33.28
-33.28
-37.58
-37.58
-37.58
-25.0
-25.0
-17.39
-17.39
-18.38
-18.38
-17.31
-17.31
-15.22
-15.22
-15.22
-16.15
-16.15
-18.11
-18.11
-18.06
-18.06
-18.02
-18.02
-15.94
-15.94
-15.94
-12.94
-12.94
-12.01
-12.01
-24.0
-24.0
-25.0
-25.0
-25.0
-24.0
-24.0
-25.0
-25.0
-28.0
-28.0
-30.0
-30.0
-31.77
-31.77
-31.77
-32.77
-32.77
-32.0
-32.0
-31.93
-31.93
-33.91
-33.91
-33.98
-33.98
-33.98
-33.92
-33.92
-33.9
-33.9
-34.89
-34.89
-37.49
-37.49
-35.29
-35.29
-35.29
-20.0
-20.0
-13.74
-13.74
-13.35
-13.35
-10.86
-10.86
-10.86
-12.0
-12.0
-12.12
-12.12
-12.02
-12.02
-12.19
-12.19
-12.01
-12.01
-12.01
-11.51
-11.51
-12.0
-12.0
-28.0
-28.0
-31.0
-31.0
-31.0
-31.0
-31.0
-29.98
-29.98
-24.0
-24.0
-12.39
-12.39
-12.09
-12.09
-12.3
-12.3
-12.3
-12.59
-12.59
-12.79
-12.79
-12.87
-12.87
-12.95
-12.95
-12.95
-12.92
-12.92
-12.45
-12.45
-11.17
-11.17
-11.89
-11.89
-12.17
-12.17
-12.17
-11.92
-11.92
-11.75
-11.75
-11.7
-11.7
-11.71
-11.71
-11.22
-11.22
-11.22
-10.11
-10.11
-10.58
-10.58
-9.27
-9.27
-10.47
-10.47
-14.35
-14.35
-14.35
-12.67
-12.67
-12.37
-12.37
-12.98
-12.98
-13.02
-13.02
-13.02
-12.94
-12.94
-13.04
-13.04
-13.07
-13.07
-14.08
-14.08
-14.07
-14.07
-14.07
-13.96
-13.96
-12.73
-12.73
-12.7
-12.7
-12.61
-12.61
-12.42
-12.42
-12.42
-11.91
-11.91
-11.84
-11.84
-11.1
-11.1
-11.2
-11.2
-12.26
-12.26
-37.84
-42.81
-42.81
-42.81
-43.59
-43.59
-34.17
-34.17
-33.28
-33.28
-37.58
-37.58
-37.58
-25.0
-25.0
-17.39
-17.39
-18.38
-18.38
-17.31
-17.31
-15.22
-15.22
-15.22
-16.15
-16.15
-18.11
-18.11
-18.06
-18.06
-18.02
-18.02
-15.94
-15.94
-15.94
-12.94
-12.94
-12.01
-12.01
-24.0
-24.0
-25.0
-25.0
-25.0
-24.0
-24.0
-25.0
-25.0
-28.0
-28.0
-30.0
-30.0
-31.77
-31.77
-31.77
-32.77
-32.77
-32.0
-32.0
-31.93
-31.93
-33.91
-33.91
-33.98
-33.98
-33.98
-33.92
-33.92
-33.9
-33.9
-34.89
-34.89
-37.49
-37.49
-35.29
-35.29
-35.29
-20.0
-20.0
-13.74
-13.74
-13.35
-13.35
-10.86
-10.86
-10.86
-12.0
-12.0
-12.12
-12.12
-12.02
-12.02
-12.19
-12.19
-12.01
-12.01
-12.01
-11.51
-11.51
-12.0
-12.0
-28.0
-28.0
-31.0
-31.0
-31.0
-31.0
-31.0
-29.98
-29.98
-24.0
-24.0
-12.39
-12.39
-12.09
-12.09
-12.3
-12.3
-12.3
-12.59
-12.59
-12.79
-12.79
-12.87
-12.87
-12.95
-12.95
-12.95
-12.92
-12.92
-12.45
-12.45
-11.17
-11.17
-11.89
-11.89
-12.17
-12.17
-12.17
-11.92
-11.92
-11.75
-11.75
-11.7
-11.7
-11.71
-11.71
-11.22
-11.22
-11.22
-10.11
-10.11
-10.58
-10.58
-9.27
-9.27
-10.47
-10.47
-14.35
-14.35
-14.35
-12.67
-12.67
-12.37
-12.37
-12.98
-12.98
-13.02
-13.02
-13.02
-12.94
-12.94
-13.04
-13.04
-13.07
-13.07
-14.08
-14.08
-14.07
-14.07
-14.07
-13.96
-13.96
-12.73
-12.73
-12.7
-12.7
-12.61
-12.61
-12.42
-12.42
-12.42
-11.91
-11.91
-11.84
-11.84
-11.1
-11.1
-11.2
-11.2
-12.26
-12.26
-37.84
-42.81
-42.81
-42.81
-43.59
-43.59
-34.17
-34.17
-33.28
-33.28
-37.58
-37.58
-37.58
-25.0
-25.0
-17.39
-17.39
-18.38
-18.38
-17.31
-17.31
-15.22
-15.22
-15.22
-16.15
-16.15
-18.11
-18.11
-18.06
-18.06
-18.02
-18.02
-15.94
-15.94
-15.94
-12.94
-12.94
-12.01
-12.01
-24.0
-24.0
-25.0
-25.0
-25.0
-24.0
-24.0
-25.0
-25.0
-28.0
-28.0
-30.0
-30.0
-31.77
-31.77
-31.77
-32.77
-32.77
-32.0
-32.0
-31.93
-31.93
-33.91
-33.91
-33.98
-33.98
-33.98
-33.92
-33.92
-33.9
-33.9
-34.89
-34.89
-37.49
-37.49
-35.29
-35.29
-35.29
-20.0
-20.0
-13.74
-13.74
-13.35
-13.35
-10.86
-10.86
-10.86
-12.0
-12.0
-12.12
-12.12
-12.02
-12.02
-12.19
-12.19
-12.01
-12.01
-12.01
-11.51
-11.51
-12.0
-12.0
-28.0
-28.0
-31.0
-31.0
-31.0
-31.0
-31.0
-29.98
-29.98
-24.0
-24.0
-12.39
-12.39
-12.09
-12.09
-12.3
-12.3
-12.3
-12.59
-12.59
-12.79
-12.79
-12.87
-12.87
-12.95
-12.95
-12.95
-12.92
-12.92
-12.45
-12.45
-11.17
-11.17
-11.89
-11.89
-12.17
-12.17
-12.17
-11.92
-11.92
-11.75
-11.75
-11.7
-11.7
-11.71
-11.71
-11.22
-11.22
-11.22
-10.11
-10.11
-10.58
-10.58
-9.27
-9.27
-10.47
-10.47
-14.35
-14.35
-14.35
-12.67
-12.67
-12.37
-12.37
-12.98
-12.98
-13.02
-13.02
-13.02
-12.94
-12.94
-13.04
-13.04
-13.07
-13.07
-14.08
-14.08
-14.07
-14.07
-14.07
-13.96
-13.96
-12.73
-12.73
-12.7
-12.7
-12.61
-12.61
-12.42
-12.42
-12.42
-11.91
-11.91
-11.84
-11.84
-11.1
-11.1
-11.2
-11.2
-12.26
-12.26
-39.64
-41.25
-41.25
-41.25
-40.47
-40.47
-35.87
-35.87
-35.69
-35.69
-35.37
-35.37
-35.37
-25.0
-25.0
-16.13
-16.13
-17.23
-17.23
-18.23
-18.23
-15.12
-15.12
-15.12
-16.03
-16.03
-16.97
-16.97
-18.94
-18.94
-17.91
-17.91
-16.85
-16.85
-16.85
-14.8
-14.8
-12.8
-12.8
-17.0
-17.0
-25.0
-25.0
-25.0
-30.0
-30.0
-30.0
-30.0
-30.0
-30.0
-30.0
-30.0
-32.64
-32.64
-32.64
-33.8
-33.8
-33.98
-33.98
-33.71
-33.71
-33.74
-33.74
-33.86
-33.86
-33.86
-34.84
-34.84
-34.83
-34.83
-36.54
-36.54
-37.13
-37.13
-34.13
-34.13
-34.13
-29.0
-29.0
-23.0
-23.0
-20.0
-20.0
-10.67
-10.67
-10.67
-11.49
-11.49
-12.18
-12.18
-12.07
-12.07
-12.1
-12.1
-12.16
-12.16
-12.16
-12.06
-12.06
-13.0
-13.0
-30.0
-30.0
-31.84
-31.84
-28.0
-28.0
-28.0
-27.0
-27.0
-12.0
-12.0
-13.04
-13.04
-12.26
-12.26
-12.35
-12.35
-12.35
-12.63
-12.63
-12.68
-12.68
-12.79
-12.79
-12.66
-12.66
-12.66
-12.49
-12.49
-11.96
-11.96
-11.19
-11.19
-11.99
-11.99
-12.05
-12.05
-12.05
-11.97
-11.97
-11.73
-11.73
-11.72
-11.72
-11.89
-11.89
-12.67
-12.67
-12.67
-10.4
-10.4
-10.6
-10.6
-10.26
-10.26
-9.2
-9.2
-12.13
-12.13
-12.13
-13.34
-13.34
-12.29
-12.29
-12.66
-12.66
-12.89
-12.89
-12.89
-12.95
-12.95
-12.99
-12.99
-12.94
-12.94
-12.49
-12.49
-13.61
-13.61
-13.61
-13.56
-13.56
-12.76
-12.76
-12.73
-12.73
-12.58
-12.58
-11.62
-11.62
-11.62
-11.89
-11.89
-12.15
-12.15
-11.65
-11.65
-12.12
-12.12
-11.71
-11.71
-39.64
-41.25
-41.25
-41.25
-40.47
-40.47
-35.87
-35.87
-35.69
-35.69
-35.37
-35.37
-35.37
-25.0
-25.0
-16.13
-16.13
-17.23
-17.23
-18.23
-18.23
-15.12
-15.12
-15.12
-16.03
-16.03
-16.97
-16.97
-18.94
-18.94
-17.91
-17.91
-16.85
-16.85
-16.85
-14.8
-14.8
-12.8
-12.8
-17.0
-17.0
-25.0
-25.0
-25.0
-30.0
-30.0
-30.0
-30.0
-30.0
-30.0
-30.0
-30.0
-32.64
-32.64
-32.64
-33.8
-33.8
-33.98
-33.98
-33.71
-33.71
-33.74
-33.74
-33.86
-33.86
-33.86
-34.84
-34.84
-34.83
-34.83
-36.54
-36.54
-37.13
-37.13
-34.13
-34.13
-34.13
-29.0
-29.0
-23.0
-23.0
-20.0
-20.0
-10.67
-10.67
-10.67
-11.49
-11.49
-12.18
-12.18
-12.07
-12.07
-12.1
-12.1
-12.16
-12.16
-12.16
-12.06
-12.06
-13.0
-13.0
-30.0
-30.0
-31.84
-31.84
-28.0
-28.0
-28.0
-27.0
-27.0
-12.0
-12.0
-13.04
-13.04
-12.26
-12.26
-12.35
-12.35
-12.35
-12.63
-12.63
-12.68
-12.68
-12.79
-12.79
-12.66
-12.66
-12.66
-12.49
-12.49
-11.96
-11.96
-11.19
-11.19
-11.99
-11.99
-12.05
-12.05
-12.05
-11.97
-11.97
-11.73
-11.73
-11.72
-11.72
-11.89
-11.89
-12.67
-12.67
-12.67
-10.4
-10.4
-10.6
-10.6
-10.26
-10.26
-9.2
-9.2
-12.13
-12.13
-12.13
-13.34
-13.34
-12.29
-12.29
-12.66
-12.66
-12.89
-12.89
-12.89
-12.95
-12.95
-12.99
-12.99
-12.94
-12.94
-12.49
-12.49
-13.61
-13.61
-13.61
-13.56
-13.56
-12.76
-12.76
-12.73
-12.73
-12.58
-12.58
-11.62
-11.62
-11.62
-11.89
-11.89
-12.15
-12.15
-11.65
-11.65
-12.12
-12.12
-11.71
-11.71
-39.64
-41.25
-41.25
-41.25
-40.47
-40.47
-35.87
-35.87
-35.69
-35.69
-35.37
-35.37
-35.37
-25.0
-25.0
-16.13
-16.13
-17.23
-17.23
-18.23
-18.23
-15.12
-15.12
-15.12
-16.03
-16.03
-16.97
-16.97
-18.94
-18.94
-17.91
-17.91
-16.85
-16.85
-16.85
-14.8
-14.8
-12.8
-12.8
-17.0
-17.0
-25.0
-25.0
-25.0
-30.0
-30.0
-30.0
-30.0
-30.0
-30.0
-30.0
-30.0
-32.64
-32.64
-32.64
-33.8
-33.8
-33.98
-33.98
-33.71
-33.71
-33.74
-33.74
-33.86
-33.86
-33.86
-34.84
-34.84
-34.83
-34.83
-36.54
-36.54
-37.13
-37.13
-34.13
-34.13
-34.13
-29.0
-29.0
-23.0
-23.0
-20.0
-20.0
-10.67
-10.67
-10.67
-11.49
-11.49
-12.18
-12.18
-12.07
-12.07
-12.1
-12.1
-12.16
-12.16
-12.16
-12.06
-12.06
-13.0
-13.0
-30.0
-30.0
-31.84
-31.84
-28.0
-28.0
-28.0
-27.0
-27.0
-12.0
-12.0
-13.04
-13.04
-12.26
-12.26
-12.35
-12.35
-12.35
-12.63
-12.63
-12.68
-12.68
-12.79
-12.79
-12.66
-12.66
-12.66
-12.49
-12.49
-11.96
-11.96
-11.19
-11.19
-11.99
-11.99
-12.05
-12.05
-12.05
-11.97
-11.97
-11.73
-11.73
-11.72
-11.72
-11.89
-11.89
-12.67
-12.67
-12.67
-10.4
-10.4
-10.6
-10.6
-10.26
-10.26
-9.2
-9.2
-12.13
-12.13
-12.13
-13.34
-13.34
-12.29
-12.29
-12.66
-12.66
-12.89
-12.89
-12.89
-12.95
-12.95
-12.99
-12.99
-12.94
-12.94
-12.49
-12.49
-13.61
-13.61
-13.61
-13.56
-13.56
-12.76
-12.76
-12.73
-12.73
-12.58
-12.58
-11.62
-11.62
-11.62
-11.89
-11.89
-12.15
-12.15
-11.65
-11.65
-12.12
-12.12
-11.71
-11.71
-40.46
-44.57
-44.57
-44.57
-39.7
-39.7
-34.45
-34.45
-33.67
-33.67
-34.32
-34.32
-34.32
-30.0
-30.0
-21.0
-21.0
-14.54
-14.54
-17.09
-17.09
-16.02
-16.02
-16.02
-15.92
-15.92
-16.82
-16.82
-17.79
-17.79
-17.79
-17.79
-16.71
-16.71
-16.71
-15.63
-15.63
-13.59
-13.59
-15.62
-15.62
-24.0
-24.0
-24.0
-30.0
-30.0
-30.0
-30.0
-30.0
-30.0
-29.99
-29.99
-33.5
-33.5
-33.5
-33.68
-33.68
-33.94
-33.94
-34.78
-34.78
-34.82
-34.82
-34.86
-34.86
-34.86
-34.87
-34.87
-36.63
-36.63
-37.14
-37.14
-36.74
-36.74
-34.58
-34.58
-34.58
-28.0
-28.0
-26.0
-26.0
-23.0
-23.0
-19.0
-19.0
-19.0
-11.52
-11.52
-11.07
-11.07
-12.17
-12.17
-11.89
-11.89
-11.71
-11.71
-11.71
-11.63
-11.63
-17.0
-17.0
-31.8
-31.8
-30.0
-30.0
-13.0
-13.0
-13.0
-10.31
-10.31
-10.95
-10.95
-11.57
-11.57
-12.18
-12.18
-12.17
-12.17
-12.17
-12.54
-12.54
-12.59
-12.59
-12.63
-12.63
-12.48
-12.48
-12.48
-12.47
-12.47
-12.18
-12.18
-11.32
-11.32
-12.08
-12.08
-12.07
-12.07
-12.07
-11.89
-11.89
-11.75
-11.75
-11.86
-11.86
-11.89
-11.89
-11.63
-11.63
-11.63
-11.71
-11.71
-10.37
-10.37
-10.88
-10.88
-9.1
-9.1
-11.17
-11.17
-11.17
-12.79
-12.79
-11.42
-11.42
-12.22
-12.22
-12.9
-12.9
-12.9
-12.37
-12.37
-12.18
-12.18
-12.47
-12.47
-11.96
-11.96
-12.89
-12.89
-12.89
-14.04
-14.04
-12.87
-12.87
-12.35
-12.35
-12.39
-12.39
-11.6
-11.6
-11.6
-12.49
-12.49
-11.85
-11.85
-11.4
-11.4
-12.07
-12.07
-12.12
-12.12
-40.46
-44.57
-44.57
-44.57
-39.7
-39.7
-34.45
-34.45
-33.67
-33.67
-34.32
-34.32
-34.32
-30.0
-30.0
-21.0
-21.0
-14.54
-14.54
-17.09
-17.09
-16.02
-16.02
-16.02
-15.92
-15.92
-16.82
-16.82
-17.79
-17.79
-17.79
-17.79
-16.71
-16.71
-16.71
-15.63
-15.63
-13.59
-13.59
-15.62
-15.62
-24.0
-24.0
-24.0
-30.0
-30.0
-30.0
-30.0
-30.0
-30.0
-29.99
-29.99
-33.5
-33.5
-33.5
-33.68
-33.68
-33.94
-33.94
-34.78
-34.78
-34.82
-34.82
-34.86
-34.86
-34.86
-34.87
-34.87
-36.63
-36.63
-37.14
-37.14
-36.74
-36.74
-34.58
-34.58
-34.58
-28.0
-28.0
-26.0
-26.0
-23.0
-23.0
-19.0
-19.0
-19.0
-11.52
-11.52
-11.07
-11.07
-12.17
-12.17
-11.89
-11.89
-11.71
-11.71
-11.71
-11.63
-11.63
-17.0
-17.0
-31.8
-31.8
-30.0
-30.0
-13.0
-13.0
-13.0
-10.31
-10.31
-10.95
-10.95
-11.57
-11.57
-12.18
-12.18
-12.17
-12.17
-12.17
-12.54
-12.54
-12.59
-12.59
-12.63
-12.63
-12.48
-12.48
-12.48
-12.47
-12.47
-12.18
-12.18
-11.32
-11.32
-12.08
-12.08
-12.07
-12.07
-12.07
-11.89
-11.89
-11.75
-11.75
-11.86
-11.86
-11.89
-11.89
-11.63
-11.63
-11.63
-11.71
-11.71
-10.37
-10.37
-10.88
-10.88
-9.1
-9.1
-11.17
-11.17
-11.17
-12.79
-12.79
-11.42
-11.42
-12.22
-12.22
-12.9
-12.9
-12.9
-12.37
-12.37
-12.18
-12.18
-12.47
-12.47
-11.96
-11.96
-12.89
-12.89
-12.89
-14.04
-14.04
-12.87
-12.87
-12.35
-12.35
-12.39
-12.39
-11.6
-11.6
-11.6
-12.49
-12.49
-11.85
-11.85
-11.4
-11.4
-12.07
-12.07
-12.12
-12.12
-38.18
-39.54
-39.54
-39.54
-36.85
-36.85
-34.29
-34.29
-33.54
-33.54
-33.81
-33.81
-33.81
-36.3
-36.3
-33.0
-33.0
-26.0
-26.0
-14.56
-14.56
-14.95
-14.95
-14.95
-15.8
-15.8
-16.68
-16.68
-16.65
-16.65
-17.65
-17.65
-16.56
-16.56
-16.56
-16.45
-16.45
-13.42
-13.42
-16.0
-16.0
-27.0
-27.0
-27.0
-32.0
-32.0
-32.0
-32.0
-30.0
-30.0
-31.99
-31.99
-34.55
-34.55
-34.55
-34.78
-34.78
-33.82
-33.82
-34.51
-34.51
-34.77
-34.77
-34.82
-34.82
-34.82
-34.8
-34.8
-35.72
-35.72
-37.18
-37.18
-31.77
-31.77
-32.95
-32.95
-32.95
-28.0
-28.0
-23.0
-23.0
-24.0
-24.0
-24.0
-24.0
-24.0
-11.32
-11.32
-11.5
-11.5
-11.55
-11.55
-11.72
-11.72
-11.93
-11.93
-11.93
-11.72
-11.72
-19.0
-19.0
-30.55
-30.55
-30.52
-30.52
-17.0
-17.0
-17.0
-11.22
-11.22
-9.86
-9.86
-10.59
-10.59
-11.69
-11.69
-12.14
-12.14
-12.14
-12.42
-12.42
-12.35
-12.35
-12.52
-12.52
-12.65
-12.65
-12.65
-12.9
-12.9
-12.7
-12.7
-11.59
-11.59
-11.84
-11.84
-12.04
-12.04
-12.04
-12.02
-12.02
-11.66
-11.66
-11.83
-11.83
-11.83
-11.83
-11.61
-11.61
-11.61
-10.64
-10.64
-10.04
-10.04
-10.75
-10.75
-9.49
-9.49
-10.13
-10.13
-10.13
-12.47
-12.47
-12.24
-12.24
-11.8
-11.8
-12.05
-12.05
-12.05
-12.33
-12.33
-12.13
-12.13
-12.49
-12.49
-11.61
-11.61
-12.55
-12.55
-12.55
-12.93
-12.93
-12.85
-12.85
-12.73
-12.73
-12.63
-12.63
-12.6
-12.6
-12.6
-12.58
-12.58
-11.92
-11.92
-11.76
-11.76
-12.18
-12.18
-11.94
-11.94
-38.18
-39.54
-39.54
-39.54
-36.85
-36.85
-34.29
-34.29
-33.54
-33.54
-33.81
-33.81
-33.81
-36.3
-36.3
-33.0
-33.0
-26.0
-26.0
-14.56
-14.56
-14.95
-14.95
-14.95
-15.8
-15.8
-16.68
-16.68
-16.65
-16.65
-17.65
-17.65
-16.56
-16.56
-16.56
-16.45
-16.45
-13.42
-13.42
-16.0
-16.0
-27.0
-27.0
-27.0
-32.0
-32.0
-32.0
-32.0
-30.0
-30.0
-31.99
-31.99
-34.55
-34.55
-34.55
-34.78
-34.78
-33.82
-33.82
-34.51
-34.51
-34.77
-34.77
-34.82
-34.82
-34.82
-34.8
-34.8
-35.72
-35.72
-37.18
-37.18
-31.77
-31.77
-32.95
-32.95
-32.95
-28.0
-28.0
-23.0
-23.0
-24.0
-24.0
-24.0
-24.0
-24.0
-11.32
-11.32
-11.5
-11.5
-11.55
-11.55
-11.72
-11.72
-11.93
-11.93
-11.93
-11.72
-11.72
-19.0
-19.0
-30.55
-30.55
-30.52
-30.52
-17.0
-17.0
-17.0
-11.22
-11.22
-9.86
-9.86
-10.59
-10.59
-11.69
-11.69
-12.14
-12.14
-12.14
-12.42
-12.42
-12.35
-12.35
-12.52
-12.52
-12.65
-12.65
-12.65
-12.9
-12.9
-12.7
-12.7
-11.59
-11.59
-11.84
-11.84
-12.04
-12.04
-12.04
-12.02
-12.02
-11.66
-11.66
-11.83
-11.83
-11.83
-11.83
-11.61
-11.61
-11.61
-10.64
-10.64
-10.04
-10.04
-10.75
-10.75
-9.49
-9.49
-10.13
-10.13
-10.13
-12.47
-12.47
-12.24
-12.24
-11.8
-11.8
-12.05
-12.05
-12.05
-12.33
-12.33
-12.13
-12.13
-12.49
-12.49
-11.61
-11.61
-12.55
-12.55
-12.55
-12.93
-12.93
-12.85
-12.85
-12.73
-12.73
-12.63
-12.63
-12.6
-12.6
-12.6
-12.58
-12.58
-11.92
-11.92
-11.76
-11.76
-12.18
-12.18
-11.94
-11.94
-38.18
-39.54
-39.54
-39.54
-36.85
-36.85
-34.29
-34.29
-33.54
-33.54
-33.81
-33.81
-33.81
-36.3
-36.3
-33.0
-33.0
-26.0
-26.0
-14.56
-14.56
-14.95
-14.95
-14.95
-15.8
-15.8
-16.68
-16.68
-16.65
-16.65
-17.65
-17.65
-16.56
-16.56
-16.56
-16.45
-16.45
-13.42
-13.42
-16.0
-16.0
-27.0
-27.0
-27.0
-32.0
-32.0
-32.0
-32.0
-30.0
-30.0
-31.99
-31.99
-34.55
-34.55
-34.55
-34.78
-34.78
-33.82
-33.82
-34.51
-34.51
-34.77
-34.77
-34.82
-34.82
-34.82
-34.8
-34.8
-35.72
-35.72
-37.18
-37.18
-31.77
-31.77
-32.95
-32.95
-32.95
-28.0
-28.0
-23.0
-23.0
-24.0
-24.0
-24.0
-24.0
-24.0
-11.32
-11.32
-11.5
-11.5
-11.55
-11.55
-11.72
-11.72
-11.93
-11.93
-11.93
-11.72
-11.72
-19.0
-19.0
-30.55
-30.55
-30.52
-30.52
-17.0
-17.0
-17.0
-11.22
-11.22
-9.86
-9.86
-10.59
-10.59
-11.69
-11.69
-12.14
-12.14
-12.14
-12.42
-12.42
-12.35
-12.35
-12.52
-12.52
-12.65
-12.65
-12.65
-12.9
-12.9
-12.7
-12.7
-11.59
-11.59
-11.84
-11.84
-12.04
-12.04
-12.04
-12.02
-12.02
-11.66
-11.66
-11.83
-11.83
-11.83
-11.83
-11.61
-11.61
-11.61
-10.64
-10.64
-10.04
-10.04
-10.75
-10.75
-9.49
-9.49
-10.13
-10.13
-10.13
-12.47
-12.47
-12.24
-12.24
-11.8
-11.8
-12.05
-12.05
-12.05
-12.33
-12.33
-12.13
-12.13
-12.49
-12.49
-11.61
-11.61
-12.55
-12.55
-12.55
-12.93
-12.93
-12.85
-12.85
-12.73
-12.73
-12.63
-12.63
-12.6
-12.6
-12.6
-12.58
-12.58
-11.92
-11.92
-11.76
-11.76
-12.18
-12.18
-11.94
-11.94
-36.48
-37.01
-37.01
-37.01
-36.7
-36.7
-34.15
-34.15
-32.46
-32.46
-31.74
-31.74
-31.74
-41.83
-41.83
-38.31
-38.31
-34.77
-34.77
-30.0
-30.0
-14.37
-14.37
-14.37
-15.66
-15.66
-16.53
-16.53
-16.43
-16.43
-17.36
-17.36
-18.32
-18.32
-18.32
-16.25
-16.25
-14.27
-14.27
-15.35
-15.35
-27.0
-27.0
-27.0
-31.0
-31.0
-34.98
-34.98
-31.96
-31.96
-32.78
-32.78
-34.31
-34.31
-34.31
-35.74
-35.74
-35.66
-35.66
-36.51
-36.51
-34.77
-34.77
-34.81
-34.81
-34.81
-33.78
-33.78
-36.22
-36.22
-34.63
-34.63
-32.95
-32.95
-31.95
-31.95
-31.95
-30.42
-30.42
-25.0
-25.0
-22.0
-22.0
-19.5
-19.5
-19.5
-17.21
-17.21
-12.1
-12.1
-12.18
-12.18
-11.87
-11.87
-11.85
-11.85
-11.85
-11.75
-11.75
-16.0
-16.0
-30.0
-30.0
-30.56
-30.56
-20.0
-20.0
-20.0
-11.45
-11.45
-10.71
-10.71
-10.64
-10.64
-11.88
-11.88
-12.3
-12.3
-12.3
-12.33
-12.33
-12.48
-12.48
-12.78
-12.78
-12.81
-12.81
-12.81
-12.93
-12.93
-12.79
-12.79
-11.95
-11.95
-11.69
-11.69
-12.05
-12.05
-12.05
-11.99
-11.99
-11.77
-11.77
-11.69
-11.69
-11.78
-11.78
-11.66
-11.66
-11.66
-10.65
-10.65
-10.2
-10.2
-10.81
-10.81
-9.84
-9.84
-12.0
-12.0
-12.0
-12.61
-12.61
-13.23
-13.23
-12.01
-12.01
-10.12
-10.12
-10.12
-11.23
-11.23
-11.23
-11.23
-11.91
-11.91
-11.64
-11.64
-12.63
-12.63
-12.63
-12.61
-12.61
-12.74
-12.74
-12.71
-12.71
-12.64
-12.64
-12.53
-12.53
-12.53
-12.49
-12.49
-12.13
-12.13
-12.01
-12.01
-12.12
-12.12
-12.22
-12.22
-36.48
-37.01
-37.01
-37.01
-36.7
-36.7
-34.15
-34.15
-32.46
-32.46
-31.74
-31.74
-31.74
-41.83
-41.83
-38.31
-38.31
-34.77
-34.77
-30.0
-30.0
-14.37
-14.37
-14.37
-15.66
-15.66
-16.53
-16.53
-16.43
-16.43
-17.36
-17.36
-18.32
-18.32
-18.32
-16.25
-16.25
-14.27
-14.27
-15.35
-15.35
-27.0
-27.0
-27.0
-31.0
-31.0
-34.98
-34.98
-31.96
-31.96
-32.78
-32.78
-34.31
-34.31
-34.31
-35.74
-35.74
-35.66
-35.66
-36.51
-36.51
-34.77
-34.77
-34.81
-34.81
-34.81
-33.78
-33.78
-36.22
-36.22
-34.63
-34.63
-32.95
-32.95
-31.95
-31.95
-31.95
-30.42
-30.42
-25.0
-25.0
-22.0
-22.0
-19.5
-19.5
-19.5
-17.21
-17.21
-12.1
-12.1
-12.18
-12.18
-11.87
-11.87
-11.85
-11.85
-11.85
-11.75
-11.75
-16.0
-16.0
-30.0
-30.0
-30.56
-30.56
-20.0
-20.0
-20.0
-11.45
-11.45
-10.71
-10.71
-10.64
-10.64
-11.88
-11.88
-12.3
-12.3
-12.3
-12.33
-12.33
-12.48
-12.48
-12.78
-12.78
-12.81
-12.81
-12.81
-12.93
-12.93
-12.79
-12.79
-11.95
-11.95
-11.69
-11.69
-12.05
-12.05
-12.05
-11.99
-11.99
-11.77
-11.77
-11.69
-11.69
-11.78
-11.78
-11.66
-11.66
-11.66
-10.65
-10.65
-10.2
-10.2
-10.81
-10.81
-9.84
-9.84
-12.0
-12.0
-12.0
-12.61
-12.61
-13.23
-13.23
-12.01
-12.01
-10.12
-10.12
-10.12
-11.23
-11.23
-11.23
-11.23
-11.91
-11.91
-11.64
-11.64
-12.63
-12.63
-12.63
-12.61
-12.61
-12.74
-12.74
-12.71
-12.71
-12.64
-12.64
-12.53
-12.53
-12.53
-12.49
-12.49
-12.13
-12.13
-12.01
-12.01
-12.12
-12.12
-12.22
-12.22
-36.48
-37.01
-37.01
-37.01
-36.7
-36.7
-34.15
-34.15
-32.46
-32.46
-31.74
-31.74
-31.74
-41.83
-41.83
-38.31
-38.31
-34.77
-34.77
-30.0
-30.0
-14.37
-14.37
-14.37
-15.66
-15.66
-16.53
-16.53
-16.43
-16.43
-17.36
-17.36
-18.32
-18.32
-18.32
-16.25
-16.25
-14.27
-14.27
-15.35
-15.35
-27.0
-27.0
-27.0
-31.0
-31.0
-34.98
-34.98
-31.96
-31.96
-32.78
-32.78
-34.31
-34.31
-34.31
-35.74
-35.74
-35.66
-35.66
-36.51
-36.51
-34.77
-34.77
-34.81
-34.81
-34.81
-33.78
-33.78
-36.22
-36.22
-34.63
-34.63
-32.95
-32.95
-31.95
-31.95
-31.95
-30.42
-30.42
-25.0
-25.0
-22.0
-22.0
-19.5
-19.5
-19.5
-17.21
-17.21
-12.1
-12.1
-12.18
-12.18
-11.87
-11.87
-11.85
-11.85
-11.85
-11.75
-11.75
-16.0
-16.0
-30.0
-30.0
-30.56
-30.56
-20.0
-20.0
-20.0
-11.45
-11.45
-10.71
-10.71
-10.64
-10.64
-11.88
-11.88
-12.3
-12.3
-12.3
-12.33
-12.33
-12.48
-12.48
-12.78
-12.78
-12.81
-12.81
-12.81
-12.93
-12.93
-12.79
-12.79
-11.95
-11.95
-11.69
-11.69
-12.05
-12.05
-12.05
-11.99
-11.99
-11.77
-11.77
-11.69
-11.69
-11.78
-11.78
-11.66
-11.66
-11.66
-10.65
-10.65
-10.2
-10.2
-10.81
-10.81
-9.84
-9.84
-12.0
-12.0
-12.0
-12.61
-12.61
-13.23
-13.23
-12.01
-12.01
-10.12
-10.12
-10.12
-11.23
-11.23
-11.23
-11.23
-11.91
-11.91
-11.64
-11.64
-12.63
-12.63
-12.63
-12.61
-12.61
-12.74
-12.74
-12.71
-12.71
-12.64
-12.64
-12.53
-12.53
-12.53
-12.49
-12.49
-12.13
-12.13
-12.01
-12.01
-12.12
-12.12
-12.22
-12.22
-35.76
-36.32
-36.32
-36.32
-36.61
-36.61
-35.79
-35.79
-32.53
-32.53
-40.77
-40.77
-40.77
-39.93
-39.93
-38.82
-38.82
-39.63
-39.63
-36.78
-36.78
-30.0
-30.0
-30.0
-20.0
-20.0
-17.0
-17.0
-18.0
-18.0
-20.05
-20.05
-20.02
-20.02
-20.02
-20.0
-20.0
-18.0
-18.0
-18.0
-18.0
-27.0
-27.0
-27.0
-31.73
-31.73
-34.9
-34.9
-34.74
-34.74
-33.35
-33.35
-33.2
-33.2
-33.2
-36.52
-36.52
-36.57
-36.57
-36.46
-36.46
-35.6
-35.6
-34.56
-34.56
-34.56
-33.36
-33.36
-34.44
-34.44
-33.8
-33.8
-33.03
-33.03
-32.43
-32.43
-32.43
-31.68
-31.68
-29.72
-29.72
-24.24
-24.24
-20.5
-20.5
-20.5
-22.06
-22.06
-16.89
-16.89
-13.27
-13.27
-13.06
-13.06
-12.83
-12.83
-12.83
-13.9
-13.9
-12.0
-12.0
-23.0
-23.0
-29.0
-29.0
-16.0
-16.0
-16.0
-11.84
-11.84
-12.37
-12.37
-12.23
-12.23
-12.18
-12.18
-12.29
-12.29
-12.29
-12.45
-12.45
-12.69
-12.69
-12.89
-12.89
-13.0
-13.0
-13.0
-13.02
-13.02
-12.97
-12.97
-12.67
-12.67
-11.81
-11.81
-11.88
-11.88
-11.88
-11.92
-11.92
-11.94
-11.94
-11.84
-11.84
-11.78
-11.78
-11.58
-11.58
-11.58
-10.45
-10.45
-10.29
-10.29
-10.87
-10.87
-9.95
-9.95
-10.39
-10.39
-10.39
-11.99
-11.99
-12.58
-12.58
-12.35
-12.35
-12.06
-12.06
-12.06
-11.74
-11.74
-12.22
-12.22
-12.61
-12.61
-12.66
-12.66
-12.59
-12.59
-12.59
-12.72
-12.72
-12.68
-12.68
-12.52
-12.52
-12.67
-12.67
-12.38
-12.38
-12.38
-11.82
-11.82
-12.25
-12.25
-12.17
-12.17
-11.9
-11.9
-11.58
-11.58
-35.76
-36.32
-36.32
-36.32
-36.61
-36.61
-35.79
-35.79
-32.53
-32.53
-40.77
-40.77
-40.77
-39.93
-39.93
-38.82
-38.82
-39.63
-39.63
-36.78
-36.78
-30.0
-30.0
-30.0
-20.0
-20.0
-17.0
-17.0
-18.0
-18.0
-20.05
-20.05
-20.02
-20.02
-20.02
-20.0
-20.0
-18.0
-18.0
-18.0
-18.0
-27.0
-27.0
-27.0
-31.73
-31.73
-34.9
-34.9
-34.74
-34.74
-33.35
-33.35
-33.2
-33.2
-33.2
-36.52
-36.52
-36.57
-36.57
-36.46
-36.46
-35.6
-35.6
-34.56
-34.56
-34.56
-33.36
-33.36
-34.44
-34.44
-33.8
-33.8
-33.03
-33.03
-32.43
-32.43
-32.43
-31.68
-31.68
-29.72
-29.72
-24.24
-24.24
-20.5
-20.5
-20.5
-22.06
-22.06
-16.89
-16.89
-13.27
-13.27
-13.06
-13.06
-12.83
-12.83
-12.83
-13.9
-13.9
-12.0
-12.0
-23.0
-23.0
-29.0
-29.0
-16.0
-16.0
-16.0
-11.84
-11.84
-12.37
-12.37
-12.23
-12.23
-12.18
-12.18
-12.29
-12.29
-12.29
-12.45
-12.45
-12.69
-12.69
-12.89
-12.89
-13.0
-13.0
-13.0
-13.02
-13.02
-12.97
-12.97
-12.67
-12.67
-11.81
-11.81
-11.88
-11.88
-11.88
-11.92
-11.92
-11.94
-11.94
-11.84
-11.84
-11.78
-11.78
-11.58
-11.58
-11.58
-10.45
-10.45
-10.29
-10.29
-10.87
-10.87
-9.95
-9.95
-10.39
-10.39
-10.39
-11.99
-11.99
-12.58
-12.58
-12.35
-12.35
-12.06
-12.06
-12.06
-11.74
-11.74
-12.22
-12.22
-12.61
-12.61
-12.66
-12.66
-12.59
-12.59
-12.59
-12.72
-12.72
-12.68
-12.68
-12.52
-12.52
-12.67
-12.67
-12.38
-12.38
-12.38
-11.82
-11.82
-12.25
-12.25
-12.17
-12.17
-11.9
-11.9
-11.58
-11.58
-36.04
-35.79
-35.79
-35.79
-36.1
-36.1
-35.84
-35.84
-39.65
-39.65
-41.47
-41.47
-41.47
-39.44
-39.44
-38.28
-38.28
-40.88
-40.88
-41.42
-41.42
-35.7
-35.7
-35.7
-32.0
-32.0
-26.0
-26.0
-22.0
-22.0
-22.0
-22.0
-23.0
-23.0
-23.0
-23.0
-23.0
-23.0
-23.0
-25.0
-25.0
-30.0
-30.0
-30.0
-33.67
-33.67
-34.81
-34.81
-34.42
-34.42
-35.27
-35.27
-35.06
-35.06
-35.06
-36.33
-36.33
-37.41
-37.41
-36.21
-36.21
-36.05
-36.05
-33.9
-33.9
-33.9
-38.67
-38.67
-34.7
-34.7
-33.58
-33.58
-32.75
-32.75
-32.18
-32.18
-32.18
-31.73
-31.73
-31.68
-31.68
-25.5
-25.5
-23.97
-23.97
-23.97
-23.24
-23.24
-24.03
-24.03
-22.5
-22.5
-14.59
-14.59
-12.06
-12.06
-12.06
-12.16
-12.16
-12.61
-12.61
-13.0
-13.0
-22.0
-22.0
-13.0
-13.0
-13.0
-12.16
-12.16
-12.62
-12.62
-12.62
-12.62
-12.44
-12.44
-12.5
-12.5
-12.5
-12.61
-12.61
-12.79
-12.79
-12.83
-12.83
-12.98
-12.98
-12.98
-13.02
-13.02
-12.98
-12.98
-12.81
-12.81
-12.04
-12.04
-11.48
-11.48
-11.48
-11.73
-11.73
-11.85
-11.85
-11.96
-11.96
-11.72
-11.72
-11.45
-11.45
-11.45
-10.19
-10.19
-10.57
-10.57
-10.82
-10.82
-9.66
-9.66
-10.62
-10.62
-10.62
-12.09
-12.09
-11.47
-11.47
-11.43
-11.43
-11.17
-11.17
-11.17
-11.91
-11.91
-12.27
-12.27
-12.37
-12.37
-12.69
-12.69
-12.72
-12.72
-12.72
-12.32
-12.32
-11.82
-11.82
-12.4
-12.4
-12.25
-12.25
-11.87
-11.87
-11.87
-11.74
-11.74
-11.26
-11.26
-12.13
-12.13
-11.43
-11.43
-11.97
-11.97
-36.04
-35.79
-35.79
-35.79
-36.1
-36.1
-35.84
-35.84
-39.65
-39.65
-41.47
-41.47
-41.47
-39.44
-39.44
-38.28
-38.28
-40.88
-40.88
-41.42
-41.42
-35.7
-35.7
-35.7
-32.0
-32.0
-26.0
-26.0
-22.0
-22.0
-22.0
-22.0
-23.0
-23.0
-23.0
-23.0
-23.0
-23.0
-23.0
-25.0
-25.0
-30.0
-30.0
-30.0
-33.67
-33.67
-34.81
-34.81
-34.42
-34.42
-35.27
-35.27
-35.06
-35.06
-35.06
-36.33
-36.33
-37.41
-37.41
-36.21
-36.21
-36.05
-36.05
-33.9
-33.9
-33.9
-38.67
-38.67
-34.7
-34.7
-33.58
-33.58
-32.75
-32.75
-32.18
-32.18
-32.18
-31.73
-31.73
-31.68
-31.68
-25.5
-25.5
-23.97
-23.97
-23.97
-23.24
-23.24
-24.03
-24.03
-22.5
-22.5
-14.59
-14.59
-12.06
-12.06
-12.06
-12.16
-12.16
-12.61
-12.61
-13.0
-13.0
-22.0
-22.0
-13.0
-13.0
-13.0
-12.16
-12.16
-12.62
-12.62
-12.62
-12.62
-12.44
-12.44
-12.5
-12.5
-12.5
-12.61
-12.61
-12.79
-12.79
-12.83
-12.83
-12.98
-12.98
-12.98
-13.02
-13.02
-12.98
-12.98
-12.81
-12.81
-12.04
-12.04
-11.48
-11.48
-11.48
-11.73
-11.73
-11.85
-11.85
-11.96
-11.96
-11.72
-11.72
-11.45
-11.45
-11.45
-10.19
-10.19
-10.57
-10.57
-10.82
-10.82
-9.66
-9.66
-10.62
-10.62
-10.62
-12.09
-12.09
-11.47
-11.47
-11.43
-11.43
-11.17
-11.17
-11.17
-11.91
-11.91
-12.27
-12.27
-12.37
-12.37
-12.69
-12.69
-12.72
-12.72
-12.72
-12.32
-12.32
-11.82
-11.82
-12.4
-12.4
-12.25
-12.25
-11.87
-11.87
-11.87
-11.74
-11.74
-11.26
-11.26
-12.13
-12.13
-11.43
-11.43
-11.97
-11.97
-36.04
-35.79
-35.79
-35.79
-36.1
-36.1
-35.84
-35.84
-39.65
-39.65
-41.47
-41.47
-41.47
-39.44
-39.44
-38.28
-38.28
-40.88
-40.88
-41.42
-41.42
-35.7
-35.7
-35.7
-32.0
-32.0
-26.0
-26.0
-22.0
-22.0
-22.0
-22.0
-23.0
-23.0
-23.0
-23.0
-23.0
-23.0
-23.0
-25.0
-25.0
-30.0
-30.0
-30.0
-33.67
-33.67
-34.81
-34.81
-34.42
-34.42
-35.27
-35.27
-35.06
-35.06
-35.06
-36.33
-36.33
-37.41
-37.41
-36.21
-36.21
-36.05
-36.05
-33.9
-33.9
-33.9
-38.67
-38.67
-34.7
-34.7
-33.58
-33.58
-32.75
-32.75
-32.18
-32.18
-32.18
-31.73
-31.73
-31.68
-31.68
-25.5
-25.5
-23.97
-23.97
-23.97
-23.24
-23.24
-24.03
-24.03
-22.5
-22.5
-14.59
-14.59
-12.06
-12.06
-12.06
-12.16
-12.16
-12.61
-12.61
-13.0
-13.0
-22.0
-22.0
-13.0
-13.0
-13.0
-12.16
-12.16
-12.62
-12.62
-12.62
-12.62
-12.44
-12.44
-12.5
-12.5
-12.5
-12.61
-12.61
-12.79
-12.79
-12.83
-12.83
-12.98
-12.98
-12.98
-13.02
-13.02
-12.98
-12.98
-12.81
-12.81
-12.04
-12.04
-11.48
-11.48
-11.48
-11.73
-11.73
-11.85
-11.85
-11.96
-11.96
-11.72
-11.72
-11.45
-11.45
-11.45
-10.19
-10.19
-10.57
-10.57
-10.82
-10.82
-9.66
-9.66
-10.62
-10.62
-10.62
-12.09
-12.09
-11.47
-11.47
-11.43
-11.43
-11.17
-11.17
-11.17
-11.91
-11.91
-12.27
-12.27
-12.37
-12.37
-12.69
-12.69
-12.72
-12.72
-12.72
-12.32
-12.32
-11.82
-11.82
-12.4
-12.4
-12.25
-12.25
-11.87
-11.87
-11.87
-11.74
-11.74
-11.26
-11.26
-12.13
-12.13
-11.43
-11.43
-11.97
-11.97
-34.9
-35.31
-35.31
-35.31
-38.5
-38.5
-40.16
-40.16
-46.72
-46.72
-44.03
-44.03
-44.03
-37.3
-37.3
-36.97
-36.97
-37.22
-37.22
-38.13
-38.13
-37.87
-37.87
-37.87
-36.66
-36.66
-33.0
-33.0
-29.0
-29.0
-27.0
-27.0
-27.0
-27.0
-27.0
-28.0
-28.0
-28.0
-28.0
-31.0
-31.0
-34.65
-34.65
-34.65
-34.71
-34.71
-34.73
-34.73
-34.2
-34.2
-35.9
-35.9
-36.17
-36.17
-36.17
-36.09
-36.09
-36.32
-36.32
-36.13
-36.13
-36.23
-36.23
-35.65
-35.65
-35.65
-38.64
-38.64
-34.8
-34.8
-32.0
-32.0
-32.45
-32.45
-32.45
-32.45
-32.45
-30.45
-30.45
-30.95
-30.95
-28.16
-28.16
-26.62
-26.62
-26.62
-25.96
-25.96
-25.98
-25.98
-26.0
-26.0
-27.0
-27.0
-23.0
-23.0
-23.0
-13.79
-13.79
-12.11
-12.11
-9.78
-9.78
-9.05
-9.05
-10.36
-10.36
-10.36
-13.43
-13.43
-12.68
-12.68
-12.75
-12.75
-12.58
-12.58
-12.47
-12.47
-12.47
-12.4
-12.4
-12.69
-12.69
-12.81
-12.81
-12.92
-12.92
-12.92
-13.0
-13.0
-12.98
-12.98
-12.86
-12.86
-12.41
-12.41
-11.21
-11.21
-11.21
-11.6
-11.6
-11.65
-11.65
-11.75
-11.75
-11.66
-11.66
-11.35
-11.35
-11.35
-9.94
-9.94
-10.64
-10.64
-9.98
-9.98
-9.51
-9.51
-10.69
-10.69
-10.69
-11.85
-11.85
-11.07
-11.07
-10.97
-10.97
-11.28
-11.28
-11.28
-12.22
-12.22
-12.7
-12.7
-12.67
-12.67
-12.43
-12.43
-12.04
-12.04
-12.04
-10.8
-10.8
-11.71
-11.71
-12.28
-12.28
-12.56
-12.56
-11.26
-11.26
-11.26
-11.65
-11.65
-11.49
-11.49
-10.97
-10.97
-12.21
-12.21
-12.46
-12.46
-34.9
-35.31
-35.31
-35.31
-38.5
-38.5
-40.16
-40.16
-46.72
-46.72
-44.03
-44.03
-44.03
-37.3
-37.3
-36.97
-36.97
-37.22
-37.22
-38.13
-38.13
-37.87
-37.87
-37.87
-36.66
-36.66
-33.0
-33.0
-29.0
-29.0
-27.0
-27.0
-27.0
-27.0
-27.0
-28.0
-28.0
-28.0
-28.0
-31.0
-31.0
-34.65
-34.65
-34.65
-34.71
-34.71
-34.73
-34.73
-34.2
-34.2
-35.9
-35.9
-36.17
-36.17
-36.17
-36.09
-36.09
-36.32
-36.32
-36.13
-36.13
-36.23
-36.23
-35.65
-35.65
-35.65
-38.64
-38.64
-34.8
-34.8
-32.0
-32.0
-32.45
-32.45
-32.45
-32.45
-32.45
-30.45
-30.45
-30.95
-30.95
-28.16
-28.16
-26.62
-26.62
-26.62
-25.96
-25.96
-25.98
-25.98
-26.0
-26.0
-27.0
-27.0
-23.0
-23.0
-23.0
-13.79
-13.79
-12.11
-12.11
-9.78
-9.78
-9.05
-9.05
-10.36
-10.36
-10.36
-13.43
-13.43
-12.68
-12.68
-12.75
-12.75
-12.58
-12.58
-12.47
-12.47
-12.47
-12.4
-12.4
-12.69
-12.69
-12.81
-12.81
-12.92
-12.92
-12.92
-13.0
-13.0
-12.98
-12.98
-12.86
-12.86
-12.41
-12.41
-11.21
-11.21
-11.21
-11.6
-11.6
-11.65
-11.65
-11.75
-11.75
-11.66
-11.66
-11.35
-11.35
-11.35
-9.94
-9.94
-10.64
-10.64
-9.98
-9.98
-9.51
-9.51
-10.69
-10.69
-10.69
-11.85
-11.85
-11.07
-11.07
-10.97
-10.97
-11.28
-11.28
-11.28
-12.22
-12.22
-12.7
-12.7
-12.67
-12.67
-12.43
-12.43
-12.04
-12.04
-12.04
-10.8
-10.8
-11.71
-11.71
-12.28
-12.28
-12.56
-12.56
-11.26
-11.26
-11.26
-11.65
-11.65
-11.49
-11.49
-10.97
-10.97
-12.21
-12.21
-12.46
-12.46
-34.9
-35.31
-35.31
-35.31
-38.5
-38.5
-40.16
-40.16
-46.72
-46.72
-44.03
-44.03
-44.03
-37.3
-37.3
-36.97
-36.97
-37.22
-37.22
-38.13
-38.13
-37.87
-37.87
-37.87
-36.66
-36.66
-33.0
-33.0
-29.0
-29.0
-27.0
-27.0
-27.0
-27.0
-27.0
-28.0
-28.0
-28.0
-28.0
-31.0
-31.0
-34.65
-34.65
-34.65
-34.71
-34.71
-34.73
-34.73
-34.2
-34.2
-35.9
-35.9
-36.17
-36.17
-36.17
-36.09
-36.09
-36.32
-36.32
-36.13
-36.13
-36.23
-36.23
-35.65
-35.65
-35.65
-38.64
-38.64
-34.8
-34.8
-32.0
-32.0
-32.45
-32.45
-32.45
-32.45
-32.45
-30.45
-30.45
-30.95
-30.95
-28.16
-28.16
-26.62
-26.62
-26.62
-25.96
-25.96
-25.98
-25.98
-26.0
-26.0
-27.0
-27.0
-23.0
-23.0
-23.0
-13.79
-13.79
-12.11
-12.11
-9.78
-9.78
-9.05
-9.05
-10.36
-10.36
-10.36
-13.43
-13.43
-12.68
-12.68
-12.75
-12.75
-12.58
-12.58
-12.47
-12.47
-12.47
-12.4
-12.4
-12.69
-12.69
-12.81
-12.81
-12.92
-12.92
-12.92
-13.0
-13.0
-12.98
-12.98
-12.86
-12.86
-12.41
-12.41
-11.21
-11.21
-11.21
-11.6
-11.6
-11.65
-11.65
-11.75
-11.75
-11.66
-11.66
-11.35
-11.35
-11.35
-9.94
-9.94
-10.64
-10.64
-9.98
-9.98
-9.51
-9.51
-10.69
-10.69
-10.69
-11.85
-11.85
-11.07
-11.07
-10.97
-10.97
-11.28
-11.28
-11.28
-12.22
-12.22
-12.7
-12.7
-12.67
-12.67
-12.43
-12.43
-12.04
-12.04
-12.04
-10.8
-10.8
-11.71
-11.71
-12.28
-12.28
-12.56
-12.56
-11.26
-11.26
-11.26
-11.65
-11.65
-11.49
-11.49
-10.97
-10.97
-12.21
-12.21
-12.46
-12.46
-34.66
-39.25
-39.25
-39.25
-42.52
-42.52
-44.87
-44.87
-44.0
-44.0
-46.13
-46.13
-46.13
-42.36
-42.36
-33.34
-33.34
-34.64
-34.64
-34.59
-34.59
-35.44
-35.44
-35.44
-47.64
-47.64
-39.34
-39.34
-32.0
-32.0
-32.0
-32.0
-31.0
-31.0
-31.0
-31.0
-31.0
-31.0
-31.0
-34.81
-34.81
-34.95
-34.95
-34.95
-35.66
-35.66
-34.84
-34.84
-34.34
-34.34
-34.94
-34.94
-35.11
-35.11
-35.11
-35.8
-35.8
-29.59
-29.59
-29.58
-29.58
-32.97
-32.97
-35.65
-35.65
-35.65
-34.61
-34.61
-34.79
-34.79
-35.61
-35.61
-32.75
-32.75
-29.48
-29.48
-29.48
-28.98
-28.98
-29.97
-29.97
-29.96
-29.96
-28.65
-28.65
-28.65
-27.99
-27.99
-28.0
-28.0
-27.97
-27.97
-28.0
-28.0
-27.0
-27.0
-27.0
-16.03
-16.03
-15.41
-15.41
-26.0
-26.0
-22.0
-22.0
-11.29
-11.29
-11.29
-13.19
-13.19
-12.57
-12.57
-12.5
-12.5
-12.59
-12.59
-12.15
-12.15
-12.15
-11.76
-11.76
-12.59
-12.59
-12.76
-12.76
-12.74
-12.74
-12.74
-12.65
-12.65
-12.66
-12.66
-12.61
-12.61
-12.48
-12.48
-11.26
-11.26
-11.26
-11.6
-11.6
-11.62
-11.62
-11.64
-11.64
-11.48
-11.48
-10.66
-10.66
-10.66
-10.38
-10.38
-10.0
-10.0
-9.68
-9.68
-11.43
-11.43
-13.01
-13.01
-13.01
-12.43
-12.43
-12.31
-12.31
-12.5
-12.5
-12.51
-12.51
-12.51
-12.53
-12.53
-12.66
-12.66
-12.4
-12.4
-11.82
-11.82
-11.93
-11.93
-11.93
-11.69
-11.69
-11.66
-11.66
-11.4
-11.4
-11.09
-11.09
-11.51
-11.51
-11.51
-11.83
-11.83
-11.71
-11.71
-11.38
-11.38
-12.38
-12.38
-12.67
-12.67
-34.66
-39.25
-39.25
-39.25
-42.52
-42.52
-44.87
-44.87
-44.0
-44.0
-46.13
-46.13
-46.13
-42.36
-42.36
-33.34
-33.34
-34.64
-34.64
-34.59
-34.59
-35.44
-35.44
-35.44
-47.64
-47.64
-39.34
-39.34
-32.0
-32.0
-32.0
-32.0
-31.0
-31.0
-31.0
-31.0
-31.0
-31.0
-31.0
-34.81
-34.81
-34.95
-34.95
-34.95
-35.66
-35.66
-34.84
-34.84
-34.34
-34.34
-34.94
-34.94
-35.11
-35.11
-35.11
-35.8
-35.8
-29.59
-29.59
-29.58
-29.58
-32.97
-32.97
-35.65
-35.65
-35.65
-34.61
-34.61
-34.79
-34.79
-35.61
-35.61
-32.75
-32.75
-29.48
-29.48
-29.48
-28.98
-28.98
-29.97
-29.97
-29.96
-29.96
-28.65
-28.65
-28.65
-27.99
-27.99
-28.0
-28.0
-27.97
-27.97
-28.0
-28.0
-27.0
-27.0
-27.0
-16.03
-16.03
-15.41
-15.41
-26.0
-26.0
-22.0
-22.0
-11.29
-11.29
-11.29
-13.19
-13.19
-12.57
-12.57
-12.5
-12.5
-12.59
-12.59
-12.15
-12.15
-12.15
-11.76
-11.76
-12.59
-12.59
-12.76
-12.76
-12.74
-12.74
-12.74
-12.65
-12.65
-12.66
-12.66
-12.61
-12.61
-12.48
-12.48
-11.26
-11.26
-11.26
-11.6
-11.6
-11.62
-11.62
-11.64
-11.64
-11.48
-11.48
-10.66
-10.66
-10.66
-10.38
-10.38
-10.0
-10.0
-9.68
-9.68
-11.43
-11.43
-13.01
-13.01
-13.01
-12.43
-12.43
-12.31
-12.31
-12.5
-12.5
-12.51
-12.51
-12.51
-12.53
-12.53
-12.66
-12.66
-12.4
-12.4
-11.82
-11.82
-11.93
-11.93
-11.93
-11.69
-11.69
-11.66
-11.66
-11.4
-11.4
-11.09
-11.09
-11.51
-11.51
-11.51
-11.83
-11.83
-11.71
-11.71
-11.38
-11.38
-12.38
-12.38
-12.67
-12.67
-34.14
-39.07
-39.07
-39.07
-43.42
-43.42
-47.61
-47.61
-40.03
-40.03
-52.45
-52.45
-52.45
-48.39
-48.39
-38.4
-38.4
-34.31
-34.31
-33.43
-33.43
-39.95
-39.95
-39.95
-46.27
-46.27
-38.4
-38.4
-37.97
-37.97
-35.99
-35.99
-35.99
-35.99
-35.99
-37.0
-37.0
-34.99
-34.99
-36.74
-36.74
-34.84
-34.84
-34.84
-35.67
-35.67
-34.87
-34.87
-34.26
-34.26
-33.15
-33.15
-32.5
-32.5
-32.5
-32.14
-32.14
-30.0
-30.0
-30.75
-30.75
-33.48
-33.48
-36.22
-36.22
-36.22
-35.61
-35.61
-40.91
-40.91
-39.21
-39.21
-31.04
-31.04
-30.07
-30.07
-30.07
-29.86
-29.86
-29.79
-29.79
-29.71
-29.71
-29.89
-29.89
-29.89
-29.92
-29.92
-29.89
-29.89
-30.0
-30.0
-28.99
-28.99
-29.0
-29.0
-29.0
-29.0
-29.0
-31.2
-31.2
-37.95
-37.95
-22.83
-22.83
-15.9
-15.9
-15.9
-13.39
-13.39
-12.69
-12.69
-12.48
-12.48
-12.61
-12.61
-12.52
-12.52
-12.52
-12.04
-12.04
-12.45
-12.45
-12.75
-12.75
-12.78
-12.78
-12.78
-12.65
-12.65
-12.29
-12.29
-11.39
-11.39
-12.99
-12.99
-11.8
-11.8
-11.8
-11.74
-11.74
-11.67
-11.67
-11.54
-11.54
-11.09
-11.09
-9.91
-9.91
-9.91
-9.81
-9.81
-10.37
-10.37
-11.48
-11.48
-13.45
-13.45
-13.38
-13.38
-13.38
-12.68
-12.68
-12.46
-12.46
-12.66
-12.66
-12.65
-12.65
-12.65
-12.74
-12.74
-12.52
-12.52
-12.01
-12.01
-12.02
-12.02
-11.93
-11.93
-11.93
-12.19
-12.19
-12.18
-12.18
-12.37
-12.37
-12.09
-12.09
-12.17
-12.17
-12.17
-12.12
-12.12
-12.15
-12.15
-12.45
-12.45
-12.67
-12.67
-12.76
-12.76
-34.14
-39.07
-39.07
-39.07
-43.42
-43.42
-47.61
-47.61
-40.03
-40.03
-52.45
-52.45
-52.45
-48.39
-48.39
-38.4
-38.4
-34.31
-34.31
-33.43
-33.43
-39.95
-39.95
-39.95
-46.27
-46.27
-38.4
-38.4
-37.97
-37.97
-35.99
-35.99
-35.99
-35.99
-35.99
-37.0
-37.0
-34.99
-34.99
-36.74
-36.74
-34.84
-34.84
-34.84
-35.67
-35.67
-34.87
-34.87
-34.26
-34.26
-33.15
-33.15
-32.5
-32.5
-32.5
-32.14
-32.14
-30.0
-30.0
-30.75
-30.75
-33.48
-33.48
-36.22
-36.22
-36.22
-35.61
-35.61
-40.91
-40.91
-39.21
-39.21
-31.04
-31.04
-30.07
-30.07
-30.07
-29.86
-29.86
-29.79
-29.79
-29.71
-29.71
-29.89
-29.89
-29.89
-29.92
-29.92
-29.89
-29.89
-30.0
-30.0
-28.99
-28.99
-29.0
-29.0
-29.0
-29.0
-29.0
-31.2
-31.2
-37.95
-37.95
-22.83
-22.83
-15.9
-15.9
-15.9
-13.39
-13.39
-12.69
-12.69
-12.48
-12.48
-12.61
-12.61
-12.52
-12.52
-12.52
-12.04
-12.04
-12.45
-12.45
-12.75
-12.75
-12.78
-12.78
-12.78
-12.65
-12.65
-12.29
-12.29
-11.39
-11.39
-12.99
-12.99
-11.8
-11.8
-11.8
-11.74
-11.74
-11.67
-11.67
-11.54
-11.54
-11.09
-11.09
-9.91
-9.91
-9.91
-9.81
-9.81
-10.37
-10.37
-11.48
-11.48
-13.45
-13.45
-13.38
-13.38
-13.38
-12.68
-12.68
-12.46
-12.46
-12.66
-12.66
-12.65
-12.65
-12.65
-12.74
-12.74
-12.52
-12.52
-12.01
-12.01
-12.02
-12.02
-11.93
-11.93
-11.93
-12.19
-12.19
-12.18
-12.18
-12.37
-12.37
-12.09
-12.09
-12.17
-12.17
-12.17
-12.12
-12.12
-12.15
-12.15
-12.45
-12.45
-12.67
-12.67
-12.76
-12.76
-34.14
-39.07
-39.07
-39.07
-43.42
-43.42
-47.61
-47.61
-40.03
-40.03
-52.45
-52.45
-52.45
-48.39
-48.39
-38.4
-38.4
-34.31
-34.31
-33.43
-33.43
-39.95
-39.95
-39.95
-46.27
-46.27
-38.4
-38.4
-37.97
-37.97
-35.99
-35.99
-35.99
-35.99
-35.99
-37.0
-37.0
-34.99
-34.99
-36.74
-36.74
-34.84
-34.84
-34.84
-35.67
-35.67
-34.87
-34.87
-34.26
-34.26
-33.15
-33.15
-32.5
-32.5
-32.5
-32.14
-32.14
-30.0
-30.0
-30.75
-30.75
-33.48
-33.48
-36.22
-36.22
-36.22
-35.61
-35.61
-40.91
-40.91
-39.21
-39.21
-31.04
-31.04
-30.07
-30.07
-30.07
-29.86
-29.86
-29.79
-29.79
-29.71
-29.71
-29.89
-29.89
-29.89
-29.92
-29.92
-29.89
-29.89
-30.0
-30.0
-28.99
-28.99
-29.0
-29.0
-29.0
-29.0
-29.0
-31.2
-31.2
-37.95
-37.95
-22.83
-22.83
-15.9
-15.9
-15.9
-13.39
-13.39
-12.69
-12.69
-12.48
-12.48
-12.61
-12.61
-12.52
-12.52
-12.52
-12.04
-12.04
-12.45
-12.45
-12.75
-12.75
-12.78
-12.78
-12.78
-12.65
-12.65
-12.29
-12.29
-11.39
-11.39
-12.99
-12.99
-11.8
-11.8
-11.8
-11.74
-11.74
-11.67
-11.67
-11.54
-11.54
-11.09
-11.09
-9.91
-9.91
-9.91
-9.81
-9.81
-10.37
-10.37
-11.48
-11.48
-13.45
-13.45
-13.38
-13.38
-13.38
-12.68
-12.68
-12.46
-12.46
-12.66
-12.66
-12.65
-12.65
-12.65
-12.74
-12.74
-12.52
-12.52
-12.01
-12.01
-12.02
-12.02
-11.93
-11.93
-11.93
-12.19
-12.19
-12.18
-12.18
-12.37
-12.37
-12.09
-12.09
-12.17
-12.17
-12.17
-12.12
-12.12
-12.15
-12.15
-12.45
-12.45
-12.67
-12.67
-12.76
-12.76
-34.03
-38.75
-38.75
-38.75
-43.52
-43.52
-47.54
-47.54
-39.54
-39.54
-52.23
-52.23
-52.23
-54.51
-54.51
-41.67
-41.67
-41.68
-41.68
-39.36
-39.36
-43.29
-43.29
-43.29
-53.36
-53.36
-45.79
-45.79
-37.94
-37.94
-38.87
-38.87
-39.14
-39.14
-39.14
-38.99
-38.99
-38.94
-38.94
-38.58
-38.58
-35.84
-35.84
-35.84
-35.68
-35.68
-35.76
-35.76
-33.35
-33.35
-31.28
-31.28
-31.82
-31.82
-31.82
-32.67
-32.67
-33.24
-33.24
-34.5
-34.5
-35.86
-35.86
-36.62
-36.62
-36.62
-34.63
-34.63
-31.82
-31.82
-31.71
-31.71
-30.92
-30.92
-31.24
-31.24
-31.24
-30.82
-30.82
-30.82
-30.82
-30.8
-30.8
-31.32
-31.32
-31.32
-30.19
-30.19
-30.07
-30.07
-30.2
-30.2
-29.88
-29.88
-29.99
-29.99
-29.99
-31.0
-31.0
-33.64
-33.64
-39.39
-39.39
-40.18
-40.18
-17.02
-17.02
-17.02
-14.96
-14.96
-12.15
-12.15
-12.58
-12.58
-12.89
-12.89
-12.86
-12.86
-12.86
-12.54
-12.54
-11.89
-11.89
-11.68
-11.68
-11.76
-11.76
-11.76
-11.42
-11.42
-11.01
-11.01
-12.47
-12.47
-11.99
-11.99
-11.43
-11.43
-11.43
-11.88
-11.88
-11.89
-11.89
-11.47
-11.47
-10.49
-10.49
-9.5
-9.5
-9.5
-9.91
-9.91
-11.88
-11.88
-13.0
-13.0
-12.92
-12.92
-12.92
-12.92
-12.92
-12.84
-12.84
-12.36
-12.36
-12.59
-12.59
-11.83
-11.83
-11.83
-12.39
-12.39
-11.56
-11.56
-11.03
-11.03
-12.45
-12.45
-12.5
-12.5
-12.5
-12.36
-12.36
-12.16
-12.16
-12.19
-12.19
-11.84
-11.84
-12.42
-12.42
-12.42
-12.35
-12.35
-12.01
-12.01
-12.63
-12.63
-12.89
-12.89
-12.99
-12.99
-34.03
-38.75
-38.75
-38.75
-43.52
-43.52
-47.54
-47.54
-39.54
-39.54
-52.23
-52.23
-52.23
-54.51
-54.51
-41.67
-41.67
-41.68
-41.68
-39.36
-39.36
-43.29
-43.29
-43.29
-53.36
-53.36
-45.79
-45.79
-37.94
-37.94
-38.87
-38.87
-39.14
-39.14
-39.14
-38.99
-38.99
-38.94
-38.94
-38.58
-38.58
-35.84
-35.84
-35.84
-35.68
-35.68
-35.76
-35.76
-33.35
-33.35
-31.28
-31.28
-31.82
-31.82
-31.82
-32.67
-32.67
-33.24
-33.24
-34.5
-34.5
-35.86
-35.86
-36.62
-36.62
-36.62
-34.63
-34.63
-31.82
-31.82
-31.71
-31.71
-30.92
-30.92
-31.24
-31.24
-31.24
-30.82
-30.82
-30.82
-30.82
-30.8
-30.8
-31.32
-31.32
-31.32
-30.19
-30.19
-30.07
-30.07
-30.2
-30.2
-29.88
-29.88
-29.99
-29.99
-29.99
-31.0
-31.0
-33.64
-33.64
-39.39
-39.39
-40.18
-40.18
-17.02
-17.02
-17.02
-14.96
-14.96
-12.15
-12.15
-12.58
-12.58
-12.89
-12.89
-12.86
-12.86
-12.86
-12.54
-12.54
-11.89
-11.89
-11.68
-11.68
-11.76
-11.76
-11.76
-11.42
-11.42
-11.01
-11.01
-12.47
-12.47
-11.99
-11.99
-11.43
-11.43
-11.43
-11.88
-11.88
-11.89
-11.89
-11.47
-11.47
-10.49
-10.49
-9.5
-9.5
-9.5
-9.91
-9.91
-11.88
-11.88
-13.0
-13.0
-12.92
-12.92
-12.92
-12.92
-12.92
-12.84
-12.84
-12.36
-12.36
-12.59
-12.59
-11.83
-11.83
-11.83
-12.39
-12.39
-11.56
-11.56
-11.03
-11.03
-12.45
-12.45
-12.5
-12.5
-12.5
-12.36
-12.36
-12.16
-12.16
-12.19
-12.19
-11.84
-11.84
-12.42
-12.42
-12.42
-12.35
-12.35
-12.01
-12.01
-12.63
-12.63
-12.89
-12.89
-12.99
-12.99
-34.03
-38.75
-38.75
-38.75
-43.52
-43.52
-47.54
-47.54
-39.54
-39.54
-52.23
-52.23
-52.23
-54.51
-54.51
-41.67
-41.67
-41.68
-41.68
-39.36
-39.36
-43.29
-43.29
-43.29
-53.36
-53.36
-45.79
-45.79
-37.94
-37.94
-38.87
-38.87
-39.14
-39.14
-39.14
-38.99
-38.99
-38.94
-38.94
-38.58
-38.58
-35.84
-35.84
-35.84
-35.68
-35.68
-35.76
-35.76
-33.35
-33.35
-31.28
-31.28
-31.82
-31.82
-31.82
-32.67
-32.67
-33.24
-33.24
-34.5
-34.5
-35.86
-35.86
-36.62
-36.62
-36.62
-34.63
-34.63
-31.82
-31.82
-31.71
-31.71
-30.92
-30.92
-31.24
-31.24
-31.24
-30.82
-30.82
-30.82
-30.82
-30.8
-30.8
-31.32
-31.32
-31.32
-30.19
-30.19
-30.07
-30.07
-30.2
-30.2
-29.88
-29.88
-29.99
-29.99
-29.99
-31.0
-31.0
-33.64
-33.64
-39.39
-39.39
-40.18
-40.18
-17.02
-17.02
-17.02
-14.96
-14.96
-12.15
-12.15
-12.58
-12.58
-12.89
-12.89
-12.86
-12.86
-12.86
-12.54
-12.54
-11.89
-11.89
-11.68
-11.68
-11.76
-11.76
-11.76
-11.42
-11.42
-11.01
-11.01
-12.47
-12.47
-11.99
-11.99
-11.43
-11.43
-11.43
-11.88
-11.88
-11.89
-11.89
-11.47
-11.47
-10.49
-10.49
-9.5
-9.5
-9.5
-9.91
-9.91
-11.88
-11.88
-13.0
-13.0
-12.92
-12.92
-12.92
-12.92
-12.92
-12.84
-12.84
-12.36
-12.36
-12.59
-12.59
-11.83
-11.83
-11.83
-12.39
-12.39
-11.56
-11.56
-11.03
-11.03
-12.45
-12.45
-12.5
-12.5
-12.5
-12.36
-12.36
-12.16
-12.16
-12.19
-12.19
-11.84
-11.84
-12.42
-12.42
-12.42
-12.35
-12.35
-12.01
-12.01
-12.63
-12.63
-12.89
-12.89
-12.99
-12.99
-35.56
-39.54
-39.54
-39.54
-43.65
-43.65
-41.04
-41.04
-39.61
-39.61
-46.15
-46.15
-46.15
-48.84
-48.84
-49.77
-49.77
-45.92
-45.92
-44.68
-44.68
-43.89
-43.89
-43.89
-53.53
-53.53
-42.89
-42.89
-40.16
-40.16
-39.89
-39.89
-39.75
-39.75
-39.75
-37.65
-37.65
-38.89
-38.89
-38.89
-38.89
-37.26
-37.26
-37.26
-35.46
-35.46
-35.65
-35.65
-35.72
-35.72
-33.29
-33.29
-35.07
-35.07
-35.07
-36.45
-36.45
-35.71
-35.71
-39.3
-39.3
-38.94
-38.94
-37.44
-37.44
-37.44
-37.84
-37.84
-39.51
-39.51
-40.21
-40.21
-37.4
-37.4
-35.64
-35.64
-35.64
-35.28
-35.28
-33.59
-33.59
-33.05
-33.05
-32.51
-32.51
-32.51
-32.68
-32.68
-32.59
-32.59
-31.68
-31.68
-30.63
-30.63
-30.16
-30.16
-30.16
-29.43
-29.43
-32.17
-32.17
-35.15
-35.15
-29.6
-29.6
-24.62
-24.62
-24.62
-24.0
-24.0
-24.0
-24.0
-24.0
-24.0
-13.28
-13.28
-12.82
-12.82
-12.82
-12.57
-12.57
-11.28
-11.28
-10.99
-10.99
-9.66
-9.66
-9.66
-11.08
-11.08
-11.41
-11.41
-11.3
-11.3
-11.9
-11.9
-11.53
-11.53
-11.53
-12.17
-12.17
-11.81
-11.81
-11.42
-11.42
-9.9
-9.9
-9.5
-9.5
-9.5
-10.01
-10.01
-12.77
-12.77
-11.86
-11.86
-12.51
-12.51
-12.81
-12.81
-12.81
-12.59
-12.59
-12.34
-12.34
-12.3
-12.3
-11.97
-11.97
-11.97
-12.49
-12.49
-11.83
-11.83
-11.83
-11.83
-12.14
-12.14
-12.74
-12.74
-12.74
-12.78
-12.78
-12.74
-12.74
-12.66
-12.66
-12.18
-12.18
-11.98
-11.98
-11.98
-11.81
-11.81
-12.3
-12.3
-12.46
-12.46
-12.9
-12.9
-12.95
-12.95
-35.56
-39.54
-39.54
-39.54
-43.65
-43.65
-41.04
-41.04
-39.61
-39.61
-46.15
-46.15
-46.15
-48.84
-48.84
-49.77
-49.77
-45.92
-45.92
-44.68
-44.68
-43.89
-43.89
-43.89
-53.53
-53.53
-42.89
-42.89
-40.16
-40.16
-39.89
-39.89
-39.75
-39.75
-39.75
-37.65
-37.65
-38.89
-38.89
-38.89
-38.89
-37.26
-37.26
-37.26
-35.46
-35.46
-35.65
-35.65
-35.72
-35.72
-33.29
-33.29
-35.07
-35.07
-35.07
-36.45
-36.45
-35.71
-35.71
-39.3
-39.3
-38.94
-38.94
-37.44
-37.44
-37.44
-37.84
-37.84
-39.51
-39.51
-40.21
-40.21
-37.4
-37.4
-35.64
-35.64
-35.64
-35.28
-35.28
-33.59
-33.59
-33.05
-33.05
-32.51
-32.51
-32.51
-32.68
-32.68
-32.59
-32.59
-31.68
-31.68
-30.63
-30.63
-30.16
-30.16
-30.16
-29.43
-29.43
-32.17
-32.17
-35.15
-35.15
-29.6
-29.6
-24.62
-24.62
-24.62
-24.0
-24.0
-24.0
-24.0
-24.0
-24.0
-13.28
-13.28
-12.82
-12.82
-12.82
-12.57
-12.57
-11.28
-11.28
-10.99
-10.99
-9.66
-9.66
-9.66
-11.08
-11.08
-11.41
-11.41
-11.3
-11.3
-11.9
-11.9
-11.53
-11.53
-11.53
-12.17
-12.17
-11.81
-11.81
-11.42
-11.42
-9.9
-9.9
-9.5
-9.5
-9.5
-10.01
-10.01
-12.77
-12.77
-11.86
-11.86
-12.51
-12.51
-12.81
-12.81
-12.81
-12.59
-12.59
-12.34
-12.34
-12.3
-12.3
-11.97
-11.97
-11.97
-12.49
-12.49
-11.83
-11.83
-11.83
-11.83
-12.14
-12.14
-12.74
-12.74
-12.74
-12.78
-12.78
-12.74
-12.74
-12.66
-12.66
-12.18
-12.18
-11.98
-11.98
-11.98
-11.81
-11.81
-12.3
-12.3
-12.46
-12.46
-12.9
-12.9
-12.95
-12.95
-39.03
-39.66
-39.66
-39.66
-34.73
-34.73
-36.24
-36.24
-37.75
-37.75
-37.82
-37.82
-37.82
-37.87
-37.87
-45.89
-45.89
-45.91
-45.91
-44.79
-44.79
-43.68
-43.68
-43.68
-48.17
-48.17
-49.4
-49.4
-44.26
-44.26
-42.54
-42.54
-41.8
-41.8
-41.8
-35.13
-35.13
-35.45
-35.45
-35.6
-35.6
-40.34
-40.34
-40.34
-40.65
-40.65
-42.51
-42.51
-44.55
-44.55
-34.48
-34.48
-38.95
-38.95
-38.95
-41.99
-41.99
-43.93
-43.93
-46.16
-46.16
-42.42
-42.42
-43.5
-43.5
-43.5
-40.81
-40.81
-38.93
-38.93
-41.88
-41.88
-39.65
-39.65
-39.31
-39.31
-39.31
-32.16
-32.16
-31.16
-31.16
-33.52
-33.52
-33.56
-33.56
-33.56
-33.42
-33.42
-33.65
-33.65
-32.63
-32.63
-31.92
-31.92
-31.34
-31.34
-31.34
-28.94
-28.94
-31.46
-31.46
-31.46
-31.46
-26.55
-26.55
-22.38
-22.38
-22.38
-24.0
-24.0
-24.0
-24.0
-24.0
-24.0
-24.0
-24.0
-18.11
-18.11
-18.11
-17.5
-17.5
-12.49
-12.49
-11.27
-11.27
-10.17
-10.17
-10.17
-10.23
-10.23
-10.91
-10.91
-11.62
-11.62
-10.46
-10.46
-11.64
-11.64
-11.64
-12.23
-12.23
-11.92
-11.92
-11.18
-11.18
-9.6
-9.6
-9.48
-9.48
-9.48
-9.65
-9.65
-10.26
-10.26
-10.87
-10.87
-11.7
-11.7
-11.9
-11.9
-11.9
-11.32
-11.32
-11.56
-11.56
-12.55
-12.55
-12.73
-12.73
-12.73
-12.59
-12.59
-12.49
-12.49
-12.71
-12.71
-12.77
-12.77
-12.82
-12.82
-12.82
-12.95
-12.95
-12.95
-12.95
-12.88
-12.88
-12.83
-12.83
-12.84
-12.84
-12.84
-12.71
-12.71
-12.57
-12.57
-12.8
-12.8
-13.08
-13.08
-13.07
-13.07
-39.03
-39.66
-39.66
-39.66
-34.73
-34.73
-36.24
-36.24
-37.75
-37.75
-37.82
-37.82
-37.82
-37.87
-37.87
-45.89
-45.89
-45.91
-45.91
-44.79
-44.79
-43.68
-43.68
-43.68
-48.17
-48.17
-49.4
-49.4
-44.26
-44.26
-42.54
-42.54
-41.8
-41.8
-41.8
-35.13
-35.13
-35.45
-35.45
-35.6
-35.6
-40.34
-40.34
-40.34
-40.65
-40.65
-42.51
-42.51
-44.55
-44.55
-34.48
-34.48
-38.95
-38.95
-38.95
-41.99
-41.99
-43.93
-43.93
-46.16
-46.16
-42.42
-42.42
-43.5
-43.5
-43.5
-40.81
-40.81
-38.93
-38.93
-41.88
-41.88
-39.65
-39.65
-39.31
-39.31
-39.31
-32.16
-32.16
-31.16
-31.16
-33.52
-33.52
-33.56
-33.56
-33.56
-33.42
-33.42
-33.65
-33.65
-32.63
-32.63
-31.92
-31.92
-31.34
-31.34
-31.34
-28.94
-28.94
-31.46
-31.46
-31.46
-31.46
-26.55
-26.55
-22.38
-22.38
-22.38
-24.0
-24.0
-24.0
-24.0
-24.0
-24.0
-24.0
-24.0
-18.11
-18.11
-18.11
-17.5
-17.5
-12.49
-12.49
-11.27
-11.27
-10.17
-10.17
-10.17
-10.23
-10.23
-10.91
-10.91
-11.62
-11.62
-10.46
-10.46
-11.64
-11.64
-11.64
-12.23
-12.23
-11.92
-11.92
-11.18
-11.18
-9.6
-9.6
-9.48
-9.48
-9.48
-9.65
-9.65
-10.26
-10.26
-10.87
-10.87
-11.7
-11.7
-11.9
-11.9
-11.9
-11.32
-11.32
-11.56
-11.56
-12.55
-12.55
-12.73
-12.73
-12.73
-12.59
-12.59
-12.49
-12.49
-12.71
-12.71
-12.77
-12.77
-12.82
-12.82
-12.82
-12.95
-12.95
-12.95
-12.95
-12.88
-12.88
-12.83
-12.83
-12.84
-12.84
-12.84
-12.71
-12.71
-12.57
-12.57
-12.8
-12.8
-13.08
-13.08
-13.07
-13.07
-39.03
-39.66
-39.66
-39.66
-34.73
-34.73
-36.24
-36.24
-37.75
-37.75
-37.82
-37.82
-37.82
-37.87
-37.87
-45.89
-45.89
-45.91
-45.91
-44.79
-44.79
-43.68
-43.68
-43.68
-48.17
-48.17
-49.4
-49.4
-44.26
-44.26
-42.54
-42.54
-41.8
-41.8
-41.8
-35.13
-35.13
-35.45
-35.45
-35.6
-35.6
-40.34
-40.34
-40.34
-40.65
-40.65
-42.51
-42.51
-44.55
-44.55
-34.48
-34.48
-38.95
-38.95
-38.95
-41.99
-41.99
-43.93
-43.93
-46.16
-46.16
-42.42
-42.42
-43.5
-43.5
-43.5
-40.81
-40.81
-38.93
-38.93
-41.88
-41.88
-39.65
-39.65
-39.31
-39.31
-39.31
-32.16
-32.16
-31.16
-31.16
-33.52
-33.52
-33.56
-33.56
-33.56
-33.42
-33.42
-33.65
-33.65
-32.63
-32.63
-31.92
-31.92
-31.34
-31.34
-31.34
-28.94
-28.94
-31.46
-31.46
-31.46
-31.46
-26.55
-26.55
-22.38
-22.38
-22.38
-24.0
-24.0
-24.0
-24.0
-24.0
-24.0
-24.0
-24.0
-18.11
-18.11
-18.11
-17.5
-17.5
-12.49
-12.49
-11.27
-11.27
-10.17
-10.17
-10.17
-10.23
-10.23
-10.91
-10.91
-11.62
-11.62
-10.46
-10.46
-11.64
-11.64
-11.64
-12.23
-12.23
-11.92
-11.92
-11.18
-11.18
-9.6
-9.6
-9.48
-9.48
-9.48
-9.65
-9.65
-10.26
-10.26
-10.87
-10.87
-11.7
-11.7
-11.9
-11.9
-11.9
-11.32
-11.32
-11.56
-11.56
-12.55
-12.55
-12.73
-12.73
-12.73
-12.59
-12.59
-12.49
-12.49
-12.71
-12.71
-12.77
-12.77
-12.82
-12.82
-12.82
-12.95
-12.95
-12.95
-12.95
-12.88
-12.88
-12.83
-12.83
-12.84
-12.84
-12.84
-12.71
-12.71
-12.57
-12.57
-12.8
-12.8
-13.08
-13.08
-13.07
-13.07
-37.47
-38.51
-38.51
-38.51
-37.3
-37.3
-36.77
-36.77
-34.83
-34.83
-34.86
-34.86
-34.86
-35.88
-35.88
-35.89
-35.89
-38.91
-38.91
-46.41
-46.41
-44.63
-44.63
-44.63
-42.48
-42.48
-45.39
-45.39
-44.73
-44.73
-45.79
-45.79
-46.98
-46.98
-46.98
-35.58
-35.58
-41.77
-41.77
-41.87
-41.87
-35.3
-35.3
-35.3
-40.44
-40.44
-41.92
-41.92
-39.52
-39.52
-44.03
-44.03
-46.59
-46.59
-46.59
-46.84
-46.84
-47.46
-47.46
-47.95
-47.95
-47.58
-47.58
-47.6
-47.6
-47.6
-44.85
-44.85
-42.62
-42.62
-38.96
-38.96
-38.09
-38.09
-39.66
-39.66
-39.66
-39.45
-39.45
-33.76
-33.76
-33.48
-33.48
-34.8
-34.8
-34.8
-33.6
-33.6
-33.63
-33.63
-33.69
-33.69
-33.06
-33.06
-32.51
-32.51
-32.51
-31.46
-31.46
-31.42
-31.42
-32.0
-32.0
-26.94
-26.94
-28.0
-28.0
-28.0
-28.0
-28.0
-28.0
-28.0
-24.0
-24.0
-24.0
-24.0
-26.0
-26.0
-26.0
-27.0
-27.0
-11.72
-11.72
-11.49
-11.49
-11.4
-11.4
-11.4
-11.81
-11.81
-11.95
-11.95
-11.87
-11.87
-10.9
-10.9
-12.21
-12.21
-12.21
-11.9
-11.9
-11.77
-11.77
-11.05
-11.05
-9.77
-9.77
-9.83
-9.83
-9.83
-9.03
-9.03
-11.52
-11.52
-10.86
-10.86
-11.43
-11.43
-12.2
-12.2
-12.2
-12.45
-12.45
-12.66
-12.66
-12.98
-12.98
-12.86
-12.86
-12.86
-12.79
-12.79
-12.68
-12.68
-12.83
-12.83
-12.86
-12.86
-12.93
-12.93
-12.93
-12.98
-12.98
-13.02
-13.02
-12.97
-12.97
-12.89
-12.89
-12.83
-12.83
-12.83
-12.84
-12.84
-12.73
-12.73
-12.53
-12.53
-12.78
-12.78
-12.74
-12.74
-37.47
-38.51
-38.51
-38.51
-37.3
-37.3
-36.77
-36.77
-34.83
-34.83
-34.86
-34.86
-34.86
-35.88
-35.88
-35.89
-35.89
-38.91
-38.91
-46.41
-46.41
-44.63
-44.63
-44.63
-42.48
-42.48
-45.39
-45.39
-44.73
-44.73
-45.79
-45.79
-46.98
-46.98
-46.98
-35.58
-35.58
-41.77
-41.77
-41.87
-41.87
-35.3
-35.3
-35.3
-40.44
-40.44
-41.92
-41.92
-39.52
-39.52
-44.03
-44.03
-46.59
-46.59
-46.59
-46.84
-46.84
-47.46
-47.46
-47.95
-47.95
-47.58
-47.58
-47.6
-47.6
-47.6
-44.85
-44.85
-42.62
-42.62
-38.96
-38.96
-38.09
-38.09
-39.66
-39.66
-39.66
-39.45
-39.45
-33.76
-33.76
-33.48
-33.48
-34.8
-34.8
-34.8
-33.6
-33.6
-33.63
-33.63
-33.69
-33.69
-33.06
-33.06
-32.51
-32.51
-32.51
-31.46
-31.46
-31.42
-31.42
-32.0
-32.0
-26.94
-26.94
-28.0
-28.0
-28.0
-28.0
-28.0
-28.0
-28.0
-24.0
-24.0
-24.0
-24.0
-26.0
-26.0
-26.0
-27.0
-27.0
-11.72
-11.72
-11.49
-11.49
-11.4
-11.4
-11.4
-11.81
-11.81
-11.95
-11.95
-11.87
-11.87
-10.9
-10.9
-12.21
-12.21
-12.21
-11.9
-11.9
-11.77
-11.77
-11.05
-11.05
-9.77
-9.77
-9.83
-9.83
-9.83
-9.03
-9.03
-11.52
-11.52
-10.86
-10.86
-11.43
-11.43
-12.2
-12.2
-12.2
-12.45
-12.45
-12.66
-12.66
-12.98
-12.98
-12.86
-12.86
-12.86
-12.79
-12.79
-12.68
-12.68
-12.83
-12.83
-12.86
-12.86
-12.93
-12.93
-12.93
-12.98
-12.98
-13.02
-13.02
-12.97
-12.97
-12.89
-12.89
-12.83
-12.83
-12.83
-12.84
-12.84
-12.73
-12.73
-12.53
-12.53
-12.78
-12.78
-12.74
-12.74
-37.47
-38.51
-38.51
-38.51
-37.3
-37.3
-36.77
-36.77
-34.83
-34.83
-34.86
-34.86
-34.86
-35.88
-35.88
-35.89
-35.89
-38.91
-38.91
-46.41
-46.41
-44.63
-44.63
-44.63
-42.48
-42.48
-45.39
-45.39
-44.73
-44.73
-45.79
-45.79
-46.98
-46.98
-46.98
-35.58
-35.58
-41.77
-41.77
-41.87
-41.87
-35.3
-35.3
-35.3
-40.44
-40.44
-41.92
-41.92
-39.52
-39.52
-44.03
-44.03
-46.59
-46.59
-46.59
-46.84
-46.84
-47.46
-47.46
-47.95
-47.95
-47.58
-47.58
-47.6
-47.6
-47.6
-44.85
-44.85
-42.62
-42.62
-38.96
-38.96
-38.09
-38.09
-39.66
-39.66
-39.66
-39.45
-39.45
-33.76
-33.76
-33.48
-33.48
-34.8
-34.8
-34.8
-33.6
-33.6
-33.63
-33.63
-33.69
-33.69
-33.06
-33.06
-32.51
-32.51
-32.51
-31.46
-31.46
-31.42
-31.42
-32.0
-32.0
-26.94
-26.94
-28.0
-28.0
-28.0
-28.0
-28.0
-28.0
-28.0
-24.0
-24.0
-24.0
-24.0
-26.0
-26.0
-26.0
-27.0
-27.0
-11.72
-11.72
-11.49
-11.49
-11.4
-11.4
-11.4
-11.81
-11.81
-11.95
-11.95
-11.87
-11.87
-10.9
-10.9
-12.21
-12.21
-12.21
-11.9
-11.9
-11.77
-11.77
-11.05
-11.05
-9.77
-9.77
-9.83
-9.83
-9.83
-9.03
-9.03
-11.52
-11.52
-10.86
-10.86
-11.43
-11.43
-12.2
-12.2
-12.2
-12.45
-12.45
-12.66
-12.66
-12.98
-12.98
-12.86
-12.86
-12.86
-12.79
-12.79
-12.68
-12.68
-12.83
-12.83
-12.86
-12.86
-12.93
-12.93
-12.93
-12.98
-12.98
-13.02
-13.02
-12.97
-12.97
-12.89
-12.89
-12.83
-12.83
-12.83
-12.84
-12.84
-12.73
-12.73
-12.53
-12.53
-12.78
-12.78
-12.74
-12.74
-39.66
-39.16
-39.16
-39.16
-39.24
-39.24
-37.04
-37.04
-34.83
-34.83
-34.85
-34.85
-34.85
-35.86
-35.86
-35.88
-35.88
-38.79
-38.79
-41.65
-41.65
-47.37
-47.37
-47.37
-43.9
-43.9
-42.44
-42.44
-42.17
-42.17
-48.72
-48.72
-57.72
-57.72
-57.72
-53.07
-53.07
-50.18
-50.18
-48.62
-48.62
-41.93
-41.93
-41.93
-42.95
-42.95
-44.91
-44.91
-46.28
-46.28
-53.17
-53.17
-53.22
-53.22
-53.22
-55.87
-55.87
-54.83
-54.83
-51.58
-51.58
-47.7
-47.7
-45.55
-45.55
-45.55
-43.87
-43.87
-44.69
-44.69
-43.53
-43.53
-40.58
-40.58
-40.22
-40.22
-40.22
-40.05
-40.05
-36.96
-36.96
-35.14
-35.14
-33.36
-33.36
-33.36
-32.29
-32.29
-30.77
-30.77
-32.34
-32.34
-32.77
-32.77
-33.24
-33.24
-33.24
-32.54
-32.54
-30.45
-30.45
-30.6
-30.6
-29.2
-29.2
-30.0
-30.0
-30.0
-29.0
-29.0
-29.0
-29.0
-28.0
-28.0
-24.0
-24.0
-25.0
-25.0
-25.0
-27.0
-27.0
-21.0
-21.0
-11.67
-11.67
-11.9
-11.9
-11.9
-11.37
-11.37
-12.63
-12.63
-11.24
-11.24
-11.68
-11.68
-11.93
-11.93
-11.93
-11.47
-11.47
-11.46
-11.46
-10.31
-10.31
-9.91
-9.91
-11.34
-11.34
-11.34
-9.29
-9.29
-14.21
-14.21
-12.54
-12.54
-11.53
-11.53
-12.23
-12.23
-12.23
-12.59
-12.59
-12.55
-12.55
-12.98
-12.98
-12.99
-12.99
-12.99
-12.55
-12.55
-12.86
-12.86
-12.67
-12.67
-12.93
-12.93
-13.03
-13.03
-13.03
-13.06
-13.06
-13.0
-13.0
-12.97
-12.97
-12.94
-12.94
-12.85
-12.85
-12.85
-12.65
-12.65
-12.77
-12.77
-12.81
-12.81
-12.64
-12.64
-12.58
-12.58
-39.66
-39.16
-39.16
-39.16
-39.24
-39.24
-37.04
-37.04
-34.83
-34.83
-34.85
-34.85
-34.85
-35.86
-35.86
-35.88
-35.88
-38.79
-38.79
-41.65
-41.65
-47.37
-47.37
-47.37
-43.9
-43.9
-42.44
-42.44
-42.17
-42.17
-48.72
-48.72
-57.72
-57.72
-57.72
-53.07
-53.07
-50.18
-50.18
-48.62
-48.62
-41.93
-41.93
-41.93
-42.95
-42.95
-44.91
-44.91
-46.28
-46.28
-53.17
-53.17
-53.22
-53.22
-53.22
-55.87
-55.87
-54.83
-54.83
-51.58
-51.58
-47.7
-47.7
-45.55
-45.55
-45.55
-43.87
-43.87
-44.69
-44.69
-43.53
-43.53
-40.58
-40.58
-40.22
-40.22
-40.22
-40.05
-40.05
-36.96
-36.96
-35.14
-35.14
-33.36
-33.36
-33.36
-32.29
-32.29
-30.77
-30.77
-32.34
-32.34
-32.77
-32.77
-33.24
-33.24
-33.24
-32.54
-32.54
-30.45
-30.45
-30.6
-30.6
-29.2
-29.2
-30.0
-30.0
-30.0
-29.0
-29.0
-29.0
-29.0
-28.0
-28.0
-24.0
-24.0
-25.0
-25.0
-25.0
-27.0
-27.0
-21.0
-21.0
-11.67
-11.67
-11.9
-11.9
-11.9
-11.37
-11.37
-12.63
-12.63
-11.24
-11.24
-11.68
-11.68
-11.93
-11.93
-11.93
-11.47
-11.47
-11.46
-11.46
-10.31
-10.31
-9.91
-9.91
-11.34
-11.34
-11.34
-9.29
-9.29
-14.21
-14.21
-12.54
-12.54
-11.53
-11.53
-12.23
-12.23
-12.23
-12.59
-12.59
-12.55
-12.55
-12.98
-12.98
-12.99
-12.99
-12.99
-12.55
-12.55
-12.86
-12.86
-12.67
-12.67
-12.93
-12.93
-13.03
-13.03
-13.03
-13.06
-13.06
-13.0
-13.0
-12.97
-12.97
-12.94
-12.94
-12.85
-12.85
-12.85
-12.65
-12.65
-12.77
-12.77
-12.81
-12.81
-12.64
-12.64
-12.58
-12.58
-39.75
-41.64
-41.64
-41.64
-41.73
-41.73
-42.76
-42.76
-42.81
-42.81
-42.82
-42.82
-42.82
-45.76
-45.76
-45.33
-45.33
-49.05
-49.05
-51.88
-51.88
-50.9
-50.9
-50.9
-46.33
-46.33
-56.37
-56.37
-64.09
-64.09
-65.42
-65.42
-65.61
-65.61
-65.61
-68.44
-68.44
-62.77
-62.77
-55.26
-55.26
-49.38
-49.38
-49.38
-51.0
-51.0
-52.3
-52.3
-56.64
-56.64
-56.87
-56.87
-57.99
-57.99
-57.99
-58.47
-58.47
-55.72
-55.72
-50.63
-50.63
-46.32
-46.32
-43.63
-43.63
-43.63
-46.29
-46.29
-48.96
-48.96
-43.29
-43.29
-40.98
-40.98
-40.2
-40.2
-40.2
-39.97
-39.97
-36.59
-36.59
-33.73
-33.73
-31.35
-31.35
-31.35
-33.09
-33.09
-31.14
-31.14
-30.9
-30.9
-32.46
-32.46
-32.8
-32.8
-32.8
-33.06
-33.06
-30.17
-30.17
-29.77
-29.77
-29.95
-29.95
-30.0
-30.0
-30.0
-30.0
-30.0
-30.0
-30.0
-30.0
-30.0
-30.0
-30.0
-30.0
-30.0
-30.0
-27.0
-27.0
-21.62
-21.62
-14.22
-14.22
-11.78
-11.78
-11.78
-10.49
-10.49
-10.81
-10.81
-11.02
-11.02
-11.91
-11.91
-11.63
-11.63
-11.63
-11.26
-11.26
-11.71
-11.71
-10.1
-10.1
-9.9
-9.9
-11.4
-11.4
-11.4
-10.91
-10.91
-14.04
-14.04
-12.93
-12.93
-12.8
-12.8
-12.94
-12.94
-12.94
-12.99
-12.99
-12.93
-12.93
-13.12
-13.12
-13.03
-13.03
-13.03
-12.97
-12.97
-12.94
-12.94
-12.59
-12.59
-13.02
-13.02
-13.06
-13.06
-13.06
-13.05
-13.05
-12.98
-12.98
-12.92
-12.92
-12.87
-12.87
-12.82
-12.82
-12.82
-12.8
-12.8
-12.8
-12.8
-12.86
-12.86
-12.81
-12.81
-12.71
-12.71
-39.75
-41.64
-41.64
-41.64
-41.73
-41.73
-42.76
-42.76
-42.81
-42.81
-42.82
-42.82
-42.82
-45.76
-45.76
-45.33
-45.33
-49.05
-49.05
-51.88
-51.88
-50.9
-50.9
-50.9
-46.33
-46.33
-56.37
-56.37
-64.09
-64.09
-65.42
-65.42
-65.61
-65.61
-65.61
-68.44
-68.44
-62.77
-62.77
-55.26
-55.26
-49.38
-49.38
-49.38
-51.0
-51.0
-52.3
-52.3
-56.64
-56.64
-56.87
-56.87
-57.99
-57.99
-57.99
-58.47
-58.47
-55.72
-55.72
-50.63
-50.63
-46.32
-46.32
-43.63
-43.63
-43.63
-46.29
-46.29
-48.96
-48.96
-43.29
-43.29
-40.98
-40.98
-40.2
-40.2
-40.2
-39.97
-39.97
-36.59
-36.59
-33.73
-33.73
-31.35
-31.35
-31.35
-33.09
-33.09
-31.14
-31.14
-30.9
-30.9
-32.46
-32.46
-32.8
-32.8
-32.8
-33.06
-33.06
-30.17
-30.17
-29.77
-29.77
-29.95
-29.95
-30.0
-30.0
-30.0
-30.0
-30.0
-30.0
-30.0
-30.0
-30.0
-30.0
-30.0
-30.0
-30.0
-30.0
-27.0
-27.0
-21.62
-21.62
-14.22
-14.22
-11.78
-11.78
-11.78
-10.49
-10.49
-10.81
-10.81
-11.02
-11.02
-11.91
-11.91
-11.63
-11.63
-11.63
-11.26
-11.26
-11.71
-11.71
-10.1
-10.1
-9.9
-9.9
-11.4
-11.4
-11.4
-10.91
-10.91
-14.04
-14.04
-12.93
-12.93
-12.8
-12.8
-12.94
-12.94
-12.94
-12.99
-12.99
-12.93
-12.93
-13.12
-13.12
-13.03
-13.03
-13.03
-12.97
-12.97
-12.94
-12.94
-12.59
-12.59
-13.02
-13.02
-13.06
-13.06
-13.06
-13.05
-13.05
-12.98
-12.98
-12.92
-12.92
-12.87
-12.87
-12.82
-12.82
-12.82
-12.8
-12.8
-12.8
-12.8
-12.86
-12.86
-12.81
-12.81
-12.71
-12.71
-39.75
-41.64
-41.64
-41.64
-41.73
-41.73
-42.76
-42.76
-42.81
-42.81
-42.82
-42.82
-42.82
-45.76
-45.76
-45.33
-45.33
-49.05
-49.05
-51.88
-51.88
-50.9
-50.9
-50.9
-46.33
-46.33
-56.37
-56.37
-64.09
-64.09
-65.42
-65.42
-65.61
-65.61
-65.61
-68.44
-68.44
-62.77
-62.77
-55.26
-55.26
-49.38
-49.38
-49.38
-51.0
-51.0
-52.3
-52.3
-56.64
-56.64
-56.87
-56.87
-57.99
-57.99
-57.99
-58.47
-58.47
-55.72
-55.72
-50.63
-50.63
-46.32
-46.32
-43.63
-43.63
-43.63
-46.29
-46.29
-48.96
-48.96
-43.29
-43.29
-40.98
-40.98
-40.2
-40.2
-40.2
-39.97
-39.97
-36.59
-36.59
-33.73
-33.73
-31.35
-31.35
-31.35
-33.09
-33.09
-31.14
-31.14
-30.9
-30.9
-32.46
-32.46
-32.8
-32.8
-32.8
-33.06
-33.06
-30.17
-30.17
-29.77
-29.77
-29.95
-29.95
-30.0
-30.0
-30.0
-30.0
-30.0
-30.0
-30.0
-30.0
-30.0
-30.0
-30.0
-30.0
-30.0
-30.0
-27.0
-27.0
-21.62
-21.62
-14.22
-14.22
-11.78
-11.78
-11.78
-10.49
-10.49
-10.81
-10.81
-11.02
-11.02
-11.91
-11.91
-11.63
-11.63
-11.63
-11.26
-11.26
-11.71
-11.71
-10.1
-10.1
-9.9
-9.9
-11.4
-11.4
-11.4
-10.91
-10.91
-14.04
-14.04
-12.93
-12.93
-12.8
-12.8
-12.94
-12.94
-12.94
-12.99
-12.99
-12.93
-12.93
-13.12
-13.12
-13.03
-13.03
-13.03
-12.97
-12.97
-12.94
-12.94
-12.59
-12.59
-13.02
-13.02
-13.06
-13.06
-13.06
-13.05
-13.05
-12.98
-12.98
-12.92
-12.92
-12.87
-12.87
-12.82
-12.82
-12.82
-12.8
-12.8
-12.8
-12.8
-12.86
-12.86
-12.81
-12.81
-12.71
-12.71
-39.81
-45.83
-45.83
-45.83
-51.27
-51.27
-49.76
-49.76
-51.74
-51.74
-49.89
-49.89
-49.89
-58.34
-58.34
-57.18
-57.18
-59.79
-59.79
-59.04
-59.04
-67.05
-67.05
-67.05
-58.84
-58.84
-60.82
-60.82
-65.74
-65.74
-69.76
-69.76
-70.62
-70.62
-70.62
-71.97
-71.97
-70.94
-70.94
-64.71
-64.71
-58.96
-58.96
-58.96
-59.58
-59.58
-58.95
-58.95
-61.82
-61.82
-62.54
-62.54
-63.19
-63.19
-63.19
-60.24
-60.24
-55.08
-55.08
-54.72
-54.72
-49.57
-49.57
-43.43
-43.43
-43.43
-40.84
-40.84
-38.62
-38.62
-38.36
-38.36
-40.7
-40.7
-41.57
-41.57
-41.57
-40.11
-40.11
-36.37
-36.37
-32.85
-32.85
-31.97
-31.97
-31.97
-31.56
-31.56
-31.26
-31.26
-31.37
-31.37
-31.94
-31.94
-32.27
-32.27
-32.27
-31.73
-31.73
-31.54
-31.54
-31.07
-31.07
-30.34
-30.34
-30.0
-30.0
-30.0
-30.0
-30.0
-30.0
-30.0
-30.0
-30.0
-30.0
-30.0
-30.0
-30.0
-30.0
-30.0
-30.0
-27.0
-27.0
-16.24
-16.24
-12.86
-12.86
-12.86
-12.61
-12.61
-11.41
-11.41
-12.59
-12.59
-11.63
-11.63
-11.48
-11.48
-11.48
-12.24
-12.24
-11.13
-11.13
-10.45
-10.45
-9.63
-9.63
-11.76
-11.76
-11.76
-13.51
-13.51
-13.01
-13.01
-12.85
-12.85
-12.88
-12.88
-13.14
-13.14
-13.14
-13.19
-13.19
-13.19
-13.19
-13.09
-13.09
-13.0
-13.0
-13.0
-12.9
-12.9
-12.84
-12.84
-12.37
-12.37
-12.92
-12.92
-13.01
-13.01
-13.01
-12.96
-12.96
-12.9
-12.9
-12.95
-12.95
-12.9
-12.9
-12.9
-12.9
-12.9
-12.99
-12.99
-12.98
-12.98
-13.01
-13.01
-13.03
-13.03
-12.99
-12.99
-39.81
-45.83
-45.83
-45.83
-51.27
-51.27
-49.76
-49.76
-51.74
-51.74
-49.89
-49.89
-49.89
-58.34
-58.34
-57.18
-57.18
-59.79
-59.79
-59.04
-59.04
-67.05
-67.05
-67.05
-58.84
-58.84
-60.82
-60.82
-65.74
-65.74
-69.76
-69.76
-70.62
-70.62
-70.62
-71.97
-71.97
-70.94
-70.94
-64.71
-64.71
-58.96
-58.96
-58.96
-59.58
-59.58
-58.95
-58.95
-61.82
-61.82
-62.54
-62.54
-63.19
-63.19
-63.19
-60.24
-60.24
-55.08
-55.08
-54.72
-54.72
-49.57
-49.57
-43.43
-43.43
-43.43
-40.84
-40.84
-38.62
-38.62
-38.36
-38.36
-40.7
-40.7
-41.57
-41.57
-41.57
-40.11
-40.11
-36.37
-36.37
-32.85
-32.85
-31.97
-31.97
-31.97
-31.56
-31.56
-31.26
-31.26
-31.37
-31.37
-31.94
-31.94
-32.27
-32.27
-32.27
-31.73
-31.73
-31.54
-31.54
-31.07
-31.07
-30.34
-30.34
-30.0
-30.0
-30.0
-30.0
-30.0
-30.0
-30.0
-30.0
-30.0
-30.0
-30.0
-30.0
-30.0
-30.0
-30.0
-30.0
-27.0
-27.0
-16.24
-16.24
-12.86
-12.86
-12.86
-12.61
-12.61
-11.41
-11.41
-12.59
-12.59
-11.63
-11.63
-11.48
-11.48
-11.48
-12.24
-12.24
-11.13
-11.13
-10.45
-10.45
-9.63
-9.63
-11.76
-11.76
-11.76
-13.51
-13.51
-13.01
-13.01
-12.85
-12.85
-12.88
-12.88
-13.14
-13.14
-13.14
-13.19
-13.19
-13.19
-13.19
-13.09
-13.09
-13.0
-13.0
-13.0
-12.9
-12.9
-12.84
-12.84
-12.37
-12.37
-12.92
-12.92
-13.01
-13.01
-13.01
-12.96
-12.96
-12.9
-12.9
-12.95
-12.95
-12.9
-12.9
-12.9
-12.9
-12.9
-12.99
-12.99
-12.98
-12.98
-13.01
-13.01
-13.03
-13.03
-12.99
-12.99
-39.81
-46.54
-46.54
-46.54
-51.2
-51.2
-52.21
-52.21
-55.06
-55.06
-58.03
-58.03
-58.03
-59.43
-59.43
-59.1
-59.1
-59.77
-59.77
-60.79
-60.79
-62.93
-62.93
-62.93
-67.36
-67.36
-68.61
-68.61
-68.85
-68.85
-68.88
-68.88
-68.91
-68.91
-68.91
-66.39
-66.39
-66.11
-66.11
-67.25
-67.25
-65.65
-65.65
-65.65
-63.91
-63.91
-64.06
-64.06
-66.24
-66.24
-67.89
-67.89
-64.99
-64.99
-64.99
-60.74
-60.74
-58.16
-58.16
-55.56
-55.56
-58.17
-58.17
-46.76
-46.76
-46.76
-43.53
-43.53
-41.16
-41.16
-41.63
-41.63
-41.51
-41.51
-41.16
-41.16
-41.16
-39.69
-39.69
-37.9
-37.9
-36.25
-36.25
-33.96
-33.96
-33.96
-31.65
-31.65
-31.64
-31.64
-34.04
-34.04
-32.09
-32.09
-32.26
-32.26
-32.26
-32.1
-32.1
-31.77
-31.77
-32.08
-32.08
-32.68
-32.68
-32.0
-32.0
-32.0
-30.0
-30.0
-30.0
-30.0
-30.0
-30.0
-30.0
-30.0
-30.0
-30.0
-30.0
-30.0
-30.0
-30.0
-30.0
-28.0
-28.0
-19.85
-19.85
-19.85
-13.34
-13.34
-12.19
-12.19
-12.52
-12.52
-11.74
-11.74
-11.49
-11.49
-11.49
-12.25
-12.25
-10.91
-10.91
-10.5
-10.5
-10.07
-10.07
-12.0
-12.0
-12.0
-14.06
-14.06
-12.72
-12.72
-12.88
-12.88
-13.01
-13.01
-13.14
-13.14
-13.14
-13.19
-13.19
-13.17
-13.17
-13.14
-13.14
-13.03
-13.03
-13.03
-12.91
-12.91
-12.86
-12.86
-12.81
-12.81
-12.84
-12.84
-12.64
-12.64
-12.64
-12.29
-12.29
-12.28
-12.28
-12.35
-12.35
-12.46
-12.46
-12.65
-12.65
-12.65
-12.82
-12.82
-13.01
-13.01
-12.99
-12.99
-13.0
-13.0
-13.0
-13.0
-39.81
-46.54
-46.54
-46.54
-51.2
-51.2
-52.21
-52.21
-55.06
-55.06
-58.03
-58.03
-58.03
-59.43
-59.43
-59.1
-59.1
-59.77
-59.77
-60.79
-60.79
-62.93
-62.93
-62.93
-67.36
-67.36
-68.61
-68.61
-68.85
-68.85
-68.88
-68.88
-68.91
-68.91
-68.91
-66.39
-66.39
-66.11
-66.11
-67.25
-67.25
-65.65
-65.65
-65.65
-63.91
-63.91
-64.06
-64.06
-66.24
-66.24
-67.89
-67.89
-64.99
-64.99
-64.99
-60.74
-60.74
-58.16
-58.16
-55.56
-55.56
-58.17
-58.17
-46.76
-46.76
-46.76
-43.53
-43.53
-41.16
-41.16
-41.63
-41.63
-41.51
-41.51
-41.16
-41.16
-41.16
-39.69
-39.69
-37.9
-37.9
-36.25
-36.25
-33.96
-33.96
-33.96
-31.65
-31.65
-31.64
-31.64
-34.04
-34.04
-32.09
-32.09
-32.26
-32.26
-32.26
-32.1
-32.1
-31.77
-31.77
-32.08
-32.08
-32.68
-32.68
-32.0
-32.0
-32.0
-30.0
-30.0
-30.0
-30.0
-30.0
-30.0
-30.0
-30.0
-30.0
-30.0
-30.0
-30.0
-30.0
-30.0
-30.0
-28.0
-28.0
-19.85
-19.85
-19.85
-13.34
-13.34
-12.19
-12.19
-12.52
-12.52
-11.74
-11.74
-11.49
-11.49
-11.49
-12.25
-12.25
-10.91
-10.91
-10.5
-10.5
-10.07
-10.07
-12.0
-12.0
-12.0
-14.06
-14.06
-12.72
-12.72
-12.88
-12.88
-13.01
-13.01
-13.14
-13.14
-13.14
-13.19
-13.19
-13.17
-13.17
-13.14
-13.14
-13.03
-13.03
-13.03
-12.91
-12.91
-12.86
-12.86
-12.81
-12.81
-12.84
-12.84
-12.64
-12.64
-12.64
-12.29
-12.29
-12.28
-12.28
-12.35
-12.35
-12.46
-12.46
-12.65
-12.65
-12.65
-12.82
-12.82
-13.01
-13.01
-12.99
-12.99
-13.0
-13.0
-13.0
-13.0
