   150.11899869872806       -35.000000000000000     
   149.77257696627612       -63.620184569999765     
   149.46431823262247       -97.692457180000019     
   149.18023717133499       -130.20973426999990     
   148.89676860191341       -162.27529142999992     
   148.60584069516460       -193.79495340999983     
   148.30270076631024       -224.66213443000015     
   147.98468398871924       -254.61819863999972     
   147.65202699395451       -283.20307131000027     
   147.31410910086126       -310.15453964999961     
   146.97514154911656       -335.38726201999998     
   146.63242112391816       -358.98868009000034     
   146.28391382514997       -380.76276962999964     
   145.92859119359841       -400.19119434999993     
   145.56612950811811       -416.26160009999967     
   145.20149573969695       -428.87945832999958     
   144.83679264338451       -439.30512982999971     
   144.47144840731713       -448.05326418000004     
   144.10467922525294       -455.31805889000043     
   143.73505556753284       -461.03474394000023     
   143.36251383584332       -465.11129036999955     
   142.98962030807741       -467.72346637999999     
   142.61571608278902       -468.89942988999974     
   142.24041670530826       -468.65849429999980     
   141.86342022688558       -466.94714991000001     
   141.48417259734848       -463.76386108000042     
   141.10447977961695       -459.06140305000008     
   140.72536851403126       -452.80259981000017     
   140.34648299381061       -444.82346815999972     
   139.96715515018442       -435.19247095999981     
   139.58679197185123       -423.96061801999986     
   139.20611939631732       -410.33540783999979     
   138.82746134033496       -393.28360856000018     
   138.45076279995749       -373.17667557000004     
   138.07597335490021       -350.80737226000019     
   137.70307696234539       -326.59248210999976     
   137.33218248427104       -300.67575027000021     
   136.96524599853532       -272.99993446000008     
   136.60290692601981       -243.55055145000006     
   136.24477680135018       -212.38177598000038     
   135.89036975632973       -179.63378725999974     
   135.53966974814060       -145.40680117000011     
   135.19281543256537       -109.86760079000032     
   134.85007094314028       -73.019971839999926     
   134.51190954299085       -29.845756310000070     
   134.33900119847235        0.0000000000000000     
>
   150.11899869872806       -35.000000000000000     
   149.44774943956395       -110.90615254000022     
   149.13223706042581       -154.62793175000024     
   148.82109176548065       -197.09284441999989     
   148.50362044369544       -238.35152108999955     
   148.17491685760712       -278.38770396000018     
   147.83216549268863       -317.26721414999975     
   147.47651799407623       -355.03766816999996     
   147.11865429477390       -391.22604405000038     
   146.75693115187102       -424.75480498999968     
   146.38887625255035       -455.77632268999969     
   146.01244012683568       -485.33403048000037     
   145.62581394701823       -513.71253044999958     
   145.23282163331621       -540.93229115000031     
   144.83478499932622       -566.94066578000002     
   144.43001095481080       -591.84387198999957     
   144.01612057907070       -615.43719357000009     
   143.59258617799136       -637.51571765999961     
   143.16565585615476       -657.97882378000031     
   142.73764092524218       -675.73246630999984     
   142.30683167924050       -690.27124179000020     
   141.87193609835765       -702.83794013999977     
   141.43250040003252       -713.86616680000043     
   140.99193425600905       -723.61994168999991     
   140.55121799704744       -732.35838812000020     
   140.10963256113482       -740.12613600999975     
   139.66653279781181       -746.93820355000025     
   139.22204132004313       -752.81686514000012     
   138.77858059331922       -757.72817249000036     
   138.33577303846357       -761.51789415999974     
   137.89302449825919       -764.05544930999986     
   137.44992244310504       -765.23609741000018     
   137.00647432145229       -765.37101335999978     
   136.56284342626796       -764.88243070000044     
   136.11890485275617       -763.74303779000002     
   135.67446952484988       -761.90585689000000     
   135.22936383634192       -759.31057125000007     
   134.78457270165472       -755.91507454000021     
   134.34071205040095       -751.47173001000010     
   133.89823108147945       -745.70344547999957     
   133.45739622025758       -738.63028440000016     
   133.01823840645534       -730.37277788000029     
   132.58063903781252       -721.24471037999956     
   132.14496423434997       -710.91986421000001     
   131.71133718199025       -698.97077086999980     
   131.28018301540550       -684.98530847999973     
   130.85124103880619       -668.28503113999977     
   130.42432733274518       -648.07142807000037     
   130.00014663529092       -625.10057684000003     
   129.57925127774249       -600.08944077999968     
   129.16220161280796       -573.61936951000007     
   128.74940501346836       -545.85411225000007     
   128.34117316875552       -516.83337605999986     
   127.93762353501423       -486.56381045000035     
   127.53900878662502       -455.03141672000038     
   127.14618549546786       -421.93008179000026     
   126.75877035278846       -386.44898105999982     
   126.37574922331764       -348.54819752999992     
   125.99735071720926       -309.01573680000001     
   125.62431223112522       -268.08189828000013     
   125.25753388173656       -225.57103983999968     
   124.89678648593161       -181.54256402999999     
   124.53964815117776       -136.49334036999971     
   124.18676116314548       -90.666003749999618     
   123.83920783907966       -41.965193949999957     
   123.60499931472368        0.0000000000000000     
>
   150.11899869872806       -35.000000000000000     
   149.65879729161188       -101.94474584999989     
   149.38390991084918       -143.54038734000005     
   149.11541100932442       -185.44352319999962     
   148.84403528679039       -226.96206471000005     
   148.56517157904017       -267.66794955000023     
   148.27608172084697       -307.40220059999956     
   147.97488068111736       -346.18648318000032     
   147.66013205469889       -383.90113921000011     
   147.33875659860630       -419.47582607000004     
   147.01575107763199       -452.20444091999980     
   146.69026923313598       -483.19861164000031     
   146.36047416247825       -512.94196335000015     
   146.02484924641732       -541.45650966999983     
   145.68207496318772       -568.75462284999958     
   145.33359115568845       -594.95241707999958     
   144.98268259086771       -620.15920934000042     
   144.62868005403939       -644.28940825999962     
   144.27112002236004       -666.94140031999996     
   143.90994634596737       -687.18185199999971     
   143.54408014536318       -706.07253147000029     
   143.17626015873196       -724.56391273000008     
   142.80781965882588       -742.30272365000019     
   142.43791754362508       -758.99355579999974     
   142.06604559957947       -773.09588990999964     
   141.69107452690619       -784.15424947999963     
   141.31284447038490       -792.88934118999987     
   140.93442992145873       -799.78306215999964     
   140.55588359224336       -805.06140270000014     
   140.17701755258719       -808.99249171999963     
   139.79777909037455       -811.84582847999991     
   139.41822320955225       -813.88521623999986     
   139.03916179129337       -815.42442329000005     
   138.66010954035897       -816.48234735999995     
   138.27994288654406       -816.92305418999968     
   137.89833810870340       -816.63156669999989     
   137.51524134880569       -815.52592210999956     
   137.13077521981575       -813.60307914999976     
   136.74562039557523       -810.99196869000025     
   136.35972187213733       -807.56069451999974     
   135.97303725062636       -803.13550840999960     
   135.58557283357794       -797.50406227999974     
   135.19768385481512       -790.51521897000021     
   134.81046695552732       -782.19983898000010     
   134.42491335267249       -772.35759545000019     
   134.04192660066840       -760.69964182999956     
   133.66194558517395       -747.01801245000024     
   133.28283202775717       -733.22660687999996     
   132.90510330929268       -719.59914923999986     
   132.52719525504332       -706.62860224999986     
   132.14689051840361       -694.74086753000029     
   131.76707795249621       -682.59154981000029     
   131.38986833377967       -667.73562450000009     
   131.01380634949484       -649.83614156000021     
   130.63949532418323       -629.88978075999967     
   130.26775114972236       -608.27109585000017     
   129.89884540809956       -585.30210555000031     
   129.53281133086605       -560.89648637000028     
   129.16982596197559       -534.95805601000029     
   128.81047314540521       -507.50704502999997     
   128.45488924510630       -478.93497990000014     
   128.10283476472716       -449.71732047000023     
   127.75407593749394       -419.63635257999977     
   127.40867120510005       -387.13207400000010     
   127.06710357095341       -351.75502227000015     
   126.73063697991483       -314.70264880000013     
   126.40034916556699       -275.99250120000033     
   126.07734822825491       -234.13936285999989     
   125.76350201033864       -188.43702097000005     
   125.46021941499723       -137.91532456000004     
   125.16592251650680       -86.401992150000297     
   124.87207710874640       -38.305309649999799     
   124.69940654170621       -1.3886984700002358     
   124.69419549070450        0.0000000000000000     
>
   150.11899869872806       -35.000000000000000     
   149.71154779546828       -98.901916490000076     
   149.44329354691524       -140.25980949000041     
   149.18312946220431       -182.07850630000030     
   148.92133015599157       -223.60752563000005     
   148.65312632772313       -264.39374527000018     
   148.37567667977194       -304.23783926000033     
   148.08704633371764       -343.14795665000020     
   147.78572096214995       -381.02474284999971     
   147.47435622437536       -416.88562223000008     
   147.16263567981989       -449.59628699000041     
   146.84913380952889       -480.54550543000005     
   146.53206527706249       -510.28120847999980     
   146.20998049923926       -538.83440530000007     
   145.88162240669175       -566.21059959000013     
   145.54615390810454       -592.51753138000004     
   145.20734334679133       -617.86065557999973     
   144.86662483607341       -642.13190029999987     
   144.52379325706588       -664.94849292999970     
   144.17844295566101       -685.52087524000035     
   143.82952713799628       -704.79065733999960     
   143.47662296123062       -723.87831146999997     
   143.12261125707781       -742.27524384000026     
   142.76793606781669       -759.57282269000007     
   142.41230174723322       -774.06400850000045     
   142.05515424515488       -785.37155116000031     
   141.69568511815530       -794.40811158999986     
   141.33388749074112       -801.49672534999991     
   140.97237863404760       -806.84292584000013     
   140.61147367485341       -810.81230389000029     
   140.25122303344301       -813.75607823999962     
   139.89168171376326       -816.01174792999973     
   139.53164765039341       -817.77461499000037     
   139.17042011596953       -818.95794008000030     
   138.80825293078775       -819.53300201000002     
   138.44505728639234       -819.46632002000024     
   138.08074666615863       -818.69250558000022     
   137.71525059627979       -817.10943004999990     
   137.34856048238913       -814.61115432000042     
   136.98117537071229       -811.29295077999996     
   136.61336225957442       -807.09226804999980     
   136.24515036982220       -801.83825086999968     
   135.87660444568476       -795.33263153999997     
   135.50781902519560       -787.34863017000043     
   135.13931607289160       -777.67603866999980     
   134.77307172015313       -766.24555616999987     
   134.40982107181091       -752.88098426000033     
   134.04832768497747       -738.72308056000020     
   133.68721130436273       -725.45372914000018     
   133.32875803150566       -712.05652633000045     
   132.96774077258669       -700.00975628000015     
   132.60458638115142       -688.87445217000004     
   132.24247992949424       -676.88275003000035     
   131.88395159916806       -661.49542072999975     
   131.52769676530974       -642.86889186999997     
   131.17331435747380       -622.23087423000015     
   130.82066915762434       -600.06077171000015     
   130.47017140353125       -576.62314469000012     
   130.12234535156253       -551.66196978999960     
   129.77761556343256       -525.22110857999996     
   129.43624273493080       -497.64706372000001     
   129.09816613253270       -469.56823577999967     
   128.76279045310571       -441.18575187999977     
   128.42935079801461       -411.72517049999988     
   128.09749250639405       -379.09547680000014     
   127.76707806837702       -343.81433913000001     
   127.43785366366737       -307.78059561000009     
   127.10805687413632       -271.76479381999980     
   126.78000359512734       -234.62155175000044     
   126.45553645885828       -196.13471484999991     
   126.13461363941128       -156.87617785000020     
   125.81678307309853       -117.42012517999956     
   125.50079571196147       -81.952655629999754     
   125.22728915944663       -50.817472720000296     
   125.07733579539340       -26.882802060000358     
   124.98820189960085       -3.2023870700004409     
   124.97899274921599        0.0000000000000000     
>
   150.11899869872806       -35.000000000000000     
   149.69940223646506       -106.80838746999962     
   149.43334470803742       -150.40499239000019     
   149.17497398117536       -194.06565264999972     
   148.91501501534938       -237.13008554000044     
   148.64897925931737       -279.24131846999990     
   148.37431418617300       -320.33291574000032     
   148.08927170173203       -360.44450483000037     
   147.79252197098893       -399.29351831999975     
   147.48582282841022       -435.75649189999967     
   147.17688112908377       -470.32097099000021     
   146.86563155582280       -503.65920618000018     
   146.55128056210307       -535.74615954999990     
   146.23235335460095       -566.61293356999977     
   145.90762724141570       -596.39737237999998     
   145.57625252616080       -625.19267350999962     
   145.24143605352629       -652.86702486000013     
   144.90480731543619       -678.72616403000029     
   144.56561573719981       -702.69647285999963     
   144.22279332551673       -726.03722425999968     
   143.87515463074180       -748.31408003999968     
   143.52320156388961       -769.09537309000007     
   143.16983959385840       -787.66384972000014     
   142.81579924181659       -804.58822848999989     
   142.46031503617127       -820.14761086999988     
   142.10229320052193       -835.15394763000040     
   141.74107769821137       -850.18293778000043     
   141.37621589259410       -865.18527601000005     
   141.00958765814357       -880.23213534000024     
   140.64154765572513       -894.98957344999963     
   140.27149657150176       -908.91049359000044     
   139.89886259360981       -921.88739832000010     
   139.52334721104631       -933.68686951000018     
   139.14539160130130       -944.16452728999957     
   138.76594630133036       -953.26099451000027     
   138.38477639844410       -961.12373205000040     
   138.00156390107500       -967.70007049000014     
   137.61644058951234       -972.88319259000036     
   137.22969638039234       -976.70987650000006     
   136.84292466929895       -979.68099985000026     
   136.45584642579371       -982.15456262000043     
   136.06795916590426       -984.20255490999989     
   135.67891854200528       -985.79558413999985     
   135.28845583689835       -986.89880793999964     
   134.89688159369985       -987.35251346000041     
   134.50440837974574       -987.08153487999971     
   134.11125162716112       -986.07945993999965     
   133.71730304692562       -984.25750181999956     
   133.32241023227004       -981.48798317999990     
   132.92663850038119       -978.10948694000035     
   132.52994258759452       -974.42643588000010     
   132.13255511476834       -970.12107254999955     
   131.73499632756619       -964.67298346999996     
   131.33817837477255       -957.16311014999974     
   130.94333827223267       -946.25693307999973     
   130.54995577428301       -932.91045958999985     
   130.15799077387908       -918.20742192000034     
   129.76833708515639       -901.97964117999982     
   129.38160548110753       -884.63166315000035     
   128.99800108061751       -866.22010574999968     
   128.61666272814412       -847.28639686000042     
   128.23511524608136       -828.70167281999966     
   127.85355286711636       -810.29964770999959     
   127.47255599747939       -792.11385179999979     
   127.09203926646138       -774.01261749999958     
   126.71112203795570       -757.59074309999960     
   126.33146245177539       -742.20606382000005     
   125.95452155025727       -726.56132606000028     
   125.58012286240543       -710.27093459000025     
   125.20849156062705       -692.07840236999982     
   124.83913604714763       -671.60667731000012     
   124.47248604030148       -647.52396442000008     
   124.10876957728480       -620.43586369999957     
   123.74785659668167       -591.20495149999988     
   123.38909621845495       -560.27092892000019     
   123.03137002901964       -527.39808483999968     
   122.67433883737050       -492.63839502999963     
   122.31839397367072       -456.65274285000032     
   121.96403161935702       -420.19485337999959     
   121.61195823137119       -382.69921284999964     
   121.26304871624204       -344.63371199999983     
   120.91797343457118       -306.57735203999982     
   120.57804445967300       -267.33810150000045     
   120.24285842927092       -228.03778746999978     
   119.91061453706494       -189.58621304000008     
   119.58014452214337       -149.62234625000019     
   119.25128108083460       -105.10947759999999     
   118.93109393917607       -51.135550310000326     
   118.77559319790477       -14.196181010000146     
   118.72999950966819        0.0000000000000000     
>
   150.11899869872806       -35.000000000000000     
   149.76046521178191       -103.79769395000039     
   149.50337676442967       -147.13311453000006     
   149.25553700154907       -190.72951043000012     
   149.00754024823695       -233.84602587999962     
   148.75467163492840       -276.06295923000016     
   148.49429154513473       -317.28460054999960     
   148.22460776692262       -357.54451550999966     
   147.94425895260872       -396.60320589999992     
   147.65246645257116       -433.41381826999987     
   147.35674403512613       -468.09378163000019     
   147.06046756750860       -501.36869332999959     
   146.76195198089005       -533.44742122000025     
   146.45980326899365       -564.35633957000027     
   146.15286978668325       -594.22706618000029     
   145.84027261672563       -623.17617996999979     
   145.52182440192692       -651.11688212999979     
   145.20143844391902       -677.47178175000045     
   144.88021023797572       -702.00157315999968     
   144.55740124151961       -726.00169717999961     
   144.23152978573378       -748.97846162000042     
   143.90267321991840       -770.28305633000036     
   143.57047860208141       -789.08375333000004     
   143.23643562244882       -806.12277842000003     
   142.90192339039507       -821.66628866999963     
   142.56597532614666       -836.71618156000022     
   142.22852382068567       -851.84415571000045     
   141.88883835284363       -867.00124373000017     
   141.54631559807908       -882.20430246999967     
   141.20169581784268       -897.08962164999957     
   140.85582297894322       -911.26728363999973     
   140.50823470445283       -924.55154151999977     
   140.15869837351326       -936.57795060999979     
   139.80707131963743       -947.15448996000032     
   139.45323379464944       -956.36709949000033     
   139.09827269945652       -964.22792311000012     
   138.74290595015592       -970.65158379999957     
   138.38697139969614       -975.64123423000001     
   138.03029028525012       -979.20637669000007     
   137.67258529525265       -981.67440970000007     
   137.31415150296004       -983.65374746999987     
   136.95586438785892       -985.56597596000029     
   136.59766035163580       -987.40716583999983     
   136.23923286187878       -989.06603636999989     
   135.88036705942071       -990.46173065000039     
   135.52092715326785       -991.54108524999992     
   135.16091772708248       -992.27892071000042     
   134.80060692510528       -992.69043134000003     
   134.44001823860518       -992.75241212000037     
   134.07914192729990       -992.42663917000027     
   133.71796424020280       -991.66114034000020     
   133.35646340491823       -990.38600539999970     
   132.99473338652200       -988.58142590999978     
   132.63281601093195       -986.15404372000012     
   132.27043453954076       -982.99620821999997     
   131.90756662699505       -979.01974980999967     
   131.54439447386858       -974.10940804999973     
   131.18131628581790       -968.13378061000003     
   130.81883110906870       -961.17991842999982     
   130.45742882252216       -953.15090778000013     
   130.09756148986600       -944.01612474000012     
   129.73954882154115       -933.82273223999982     
   129.38405086490911       -922.47068101999957     
   129.03172881324710       -909.88980437000009     
   128.68215810484077       -896.53483316999973     
   128.33567220111755       -882.44778743999996     
   127.99266529702956       -867.58957827999984     
   127.65334423033512       -851.93366573999992     
   127.31786140780341       -835.36450273999981     
   126.98655773931308       -817.85306948000016     
   126.65855545354646       -799.59954305999963     
   126.33378350373886       -780.90983203999986     
   126.01205510565431       -762.10474527000042     
   125.69371231508698       -743.26463383000009     
   125.37915849431342       -723.95894673000021     
   125.06893394251939       -703.80113990999962     
   124.76214255373827       -682.25090820999958     
   124.45846461752922       -658.43952236000041     
   124.15867591872531       -631.84478129000036     
   123.86362787258638       -603.22121264999987     
   123.57428362113924       -573.21992193000005     
   123.29180741459125       -542.05115483999998     
   123.01758294597909       -509.70516189000045     
   122.75049867721114       -476.12376193000000     
   122.49031625785130       -441.03668550000020     
   122.23901181927994       -403.60246547000042     
   122.00007467437233       -362.31179685999996     
   121.77889635583061       -316.32298499999979     
   121.58343524720773       -264.32326869999997     
   121.42506226858934       -205.73540570000023     
   121.30746096553791       -145.88660407000043     
   121.21091929861826       -90.843095649999668     
   121.14524802388345       -47.484784160000345     
   121.09921029336799       -19.091041829999995     
   121.07799939638249        0.0000000000000000     
>
   150.11899869872806       -35.000000000000000     
   149.53697443564340       -106.48308961000021     
   149.24100048973327       -148.71577919999982     
   148.94815145555089       -190.87809055999969     
   148.64961925315671       -232.40469071999996     
   148.34098179441105       -272.95368614000017     
   148.01966306113863       -312.44704500999978     
   147.68386110112391       -350.93182657000034     
   147.34036603700807       -388.03820831000030     
   146.99475675868700       -422.60036178999962     
   146.64456668292135       -454.56762490999972     
   146.28785749354412       -485.12464937999994     
   145.92291833862666       -514.59904052000002     
   145.54846808457467       -542.94035191999956     
   145.16833695414206       -570.01853857999959     
   144.78420314066406       -595.90109504999964     
   144.39493791731564       -620.68085876999976     
   143.99952542995433       -644.15802760000042     
   143.59710738782692       -665.86252435999995     
   143.19088146829904       -684.78623146999962     
   142.78391127661598       -701.62563365999995     
   142.37513111130843       -717.58230846999959     
   141.96358527880082       -732.74482702000023     
   141.54812156099908       -747.00508718000037     
   141.13002567515977       -760.19503773999986     
   140.71105373687607       -771.47455251999963     
   140.29032854778808       -780.49703770999986     
   139.86708291742943       -787.27643895999972     
   139.44115928241087       -792.42139684999984     
   139.01490104004930       -796.35679557000003     
   138.58954749802101       -799.39928541999961     
   138.16448501854455       -801.59182926999983     
   137.73931253117451       -802.98604098000033     
   137.31380199871475       -803.65120438000031     
   136.88837225330187       -803.84982585000034     
   136.46305538057143       -803.67280997000034     
   136.03766402332977       -803.11787103000006     
   135.61203947227193       -802.17584789000011     
   135.18614162035340       -800.88172510999993     
   134.76048555661774       -799.54385329999968     
   134.33538010530785       -798.05023676000019     
   133.91081094247929       -796.35866918000011     
   133.48675686869421       -794.44175456999983     
   133.06320012226146       -792.23643592000008     
   132.64013096289884       -789.62676030999955     
   132.21762272920199       -786.65793526000016     
   131.79575277047118       -783.41219594999984     
   131.37461906248663       -779.91848550000032     
   130.95427202553287       -776.09951131999969     
   130.53460107875858       -771.91941090000000     
   130.11559705483927       -767.45051884999975     
   129.69721526306816       -762.79921242000000     
   129.27937262456723       -758.10416343999987     
   128.86203819961645       -753.50321403999988     
   128.44523719835811       -749.02639685000031     
   128.02896159938328       -744.52367643999969     
   127.61311056212284       -739.94868561000021     
   127.19753110684971       -735.32240852999985     
   126.78251544203130       -730.54684954999993     
   126.36845718966191       -725.44408002000000     
   125.95521081846564       -719.96321162000004     
   125.54259584674203       -714.05783235000035     
   125.13056758378431       -707.33412603000033     
   124.71990353329883       -698.92082171000038     
   124.31128150433838       -688.18615193999995     
   123.90452330703363       -674.81765007000013     
   123.49977561857602       -657.96922697999980     
   123.09678805641609       -637.66446534999977     
   122.69657762061188       -615.16870018999998     
   122.29997452698541       -590.91687395999998     
   121.90620757436594       -565.01680304999991     
   121.51420418579079       -537.25910041000043     
   121.12316050149579       -508.32707564999964     
   120.73351769897090       -478.97468820999984     
   120.34703647747156       -448.87024876000032     
   119.96387554630260       -417.91682755999955     
   119.58392031390819       -386.08678023999983     
   119.20675653181399       -354.65068665000035     
   118.83158606983358       -323.97390550000000     
   118.45908673701975       -291.68361413999992     
   118.08869416995998       -255.83217478999995     
   117.71971394382589       -216.79948743000023     
   117.35215923664640       -175.20397551000042     
   116.98704189185962       -129.82952465000017     
   116.62893697733229       -77.614974490000350     
   116.28524195095149       -16.052666780000436     
   116.21469595143134        0.0000000000000000     
>
   150.11899869872806       -35.000000000000000     
   149.43045528195697       -112.32845159000044     
   149.10611419639935       -157.67108130999986     
   148.78672976858948       -201.50625040999967     
   148.46107202605526       -243.94935222999993     
   148.12425306598249       -285.04755589999968     
   147.77353701497555       -324.90793088999999     
   147.41221608843364       -363.54281780000019     
   147.04963465477752       -400.34129097999994     
   146.68313075216508       -434.20142983999995     
   146.31019998214353       -465.90956482999991     
   145.92869948261867       -496.28415118999965     
   145.53715503322462       -525.45054327999969     
   145.14115411822411       -553.47021285000028     
   144.74128230046739       -580.36859610000010     
   144.33480427951665       -605.93517125000017     
   143.91749449175038       -629.35016799000005     
   143.49834493655516       -650.85731683999984     
   143.08137090204750       -670.43673579000006     
   142.66309338859216       -687.52165219000017     
   142.24201010089217       -702.70493912999973     
   141.81701924113813       -716.45048693999979     
   141.38751404704186       -728.95338480999999     
   140.95619544157449       -740.62959317999957     
   140.52349199715482       -751.55007713000032     
   140.08881815093250       -761.65786663000017     
   139.65169777499307       -770.87687774999995     
   139.21230676737471       -779.17271111999980     
   138.77254620198880       -786.59396949999973     
   138.33201672726324       -793.29458341000009     
   137.89032357528811       -799.36292225000034     
   137.44714302491820       -804.85263350999958     
   137.00285666603449       -809.99610178999956     
   136.55789192514021       -814.96647407000000     
   136.11191247601900       -819.62233035000008     
   135.66472752373036       -823.85202904000016     
   135.21624081136747       -827.68350766999993     
   134.76682533444443       -831.47644949999994     
   134.31647479042581       -835.23724949000007     
   133.86504823169787       -838.84309934999965     
   133.41241731571807       -842.16281774999970     
   132.95866741319551       -845.15093323000019     
   132.50414630950220       -847.88714610999978     
   132.04900526549176       -850.27455370000007     
   131.59344825413368       -852.17462205999982     
   131.13753429007915       -853.52636437000001     
   130.68179049448500       -853.99813513000026     
   130.22636698228948       -853.52335286000016     
   129.77120473884122       -852.14742815000045     
   129.31621094498007       -849.91138917999979     
   128.86163942100214       -846.84056218000023     
   128.40820006159592       -843.07621723000011     
   127.95568259125641       -838.74299932000031     
   127.50377016433173       -833.93219332999979     
   127.05215796728331       -828.71953521999967     
   126.60145390831492       -823.01867615999981     
   126.15195477955616       -816.70369594000022     
   125.70359755565133       -809.83623215999978     
   125.25571875149207       -802.75021027999992     
   124.80786229268627       -795.51805100000001     
   124.36105205478520       -787.94425454999964     
   123.91549774033616       -779.75067169999966     
   123.47140905188625       -770.64277479999964     
   123.02780680459090       -760.88941306000015     
   122.58512014382667       -750.72738190000018     
   122.14497283193980       -739.65005930999996     
   121.70757170668855       -727.36392304000037     
   121.27194560463725       -714.16922480999983     
   120.83818562607274       -699.74871385999995     
   120.40716094794608       -683.96758090000003     
   119.97953620128111       -665.91818115000024     
   119.55517731395751       -644.92578726000011     
   119.13373420877218       -621.89019414999984     
   118.71497025416234       -597.44973452999966     
   118.30032815781598       -571.92101249999996     
   117.89014653778058       -545.36171747000026     
   117.48426668475132       -517.76044249999995     
   117.08233451082064       -489.07875115000024     
   116.68416781541477       -459.27905296999961     
   116.29064207802033       -428.06382914000005     
   115.90207987386698       -394.75255913999990     
   115.51874419057538       -358.85613496000042     
   115.14070149124791       -321.04724722999981     
   114.76782973587758       -281.75306971999998     
   114.39975535599241       -240.91831267999987     
   114.03598274311337       -198.02737244000036     
   113.67565876310724       -152.40240834999986     
   113.31787241310514       -104.69005241000013     
   112.96228335618621       -55.546119679999720     
   112.65218313623025       -3.5258375800003705     
   112.63499898651689        0.0000000000000000     
>
   150.11899869872806       -35.000000000000000     
   149.78834419140156       -101.56472593000035     
   149.53476453748908       -144.63013872000010     
   149.29048685312165       -188.16649082000004     
   149.04674316540448       -231.28454582999984     
   148.79865531180545       -273.53579245000037     
   148.54350346174687       -314.80062493999958     
   148.27946274470199       -355.10992832000011     
   148.00515405129627       -394.25955962999979     
   147.72003249868175       -431.12962055000025     
   147.42927705222451       -465.78405295999983     
   147.13819903053755       -499.02007295000021     
   146.84521305944591       -531.07754374999968     
   146.54894575915287       -561.98000728999978     
   146.24825866255117       -591.85115437999957     
   145.94228316564761       -620.81803285000024     
   145.63048240700306       -648.82650016000025     
   145.31577789833355       -675.35182091000024     
   145.00099432149054       -699.98913549000008     
   144.68511926007815       -724.13719457000025     
   144.36680339852646       -747.34394020000036     
   144.04599688950861       -768.92054500999984     
   143.72240809751506       -787.87381957999969     
   143.39571330140052       -804.95496406999973     
   143.06864264498284       -820.44016147999992     
   142.74100074965932       -835.28211408999960     
   142.41228513145759       -850.19211331000042     
   142.08178073906925       -865.19221434999963     
   141.74885216231715       -880.24975708999955     
   141.41317682597165       -895.11706253000011     
   141.07602612334475       -909.31269958000030     
   140.73749803021667       -922.67176887000005     
   140.39753926151394       -934.72506594999959     
   140.05588912144708       -945.30193326999961     
   139.71237400380897       -954.42823896000027     
   139.36704776663083       -962.26580662000015     
   139.02124482858042       -968.65330635000009     
   138.67526713840735       -973.56010436999986     
   138.32920636935631       -977.22345501000018     
   137.98326821327001       -979.99739994999982     
   137.63724124872795       -982.33260934000009     
   137.29112203798340       -984.40390458999991     
   136.94528071176180       -986.35394809999980     
   136.59955684188489       -988.11608996999985     
   136.25366452242093       -989.60886308000045     
   135.90720898546002       -990.78886433000025     
   135.56025382931566       -991.66040857999997     
   135.21296005512380       -992.22522800000024     
   134.86571039868096       -992.49241063000045     
   134.51856903125838       -992.44271701999969     
   134.17153136919381       -992.04277137000008     
   133.82430749585103       -991.20715811999980     
   133.47676448502520       -989.83772015999966     
   133.12897739418545       -987.85625990999961     
   132.78105107460536       -985.25506435999978     
   132.43300729868056       -981.96768297000017     
   132.08489362190670       -977.89887311999973     
   131.73673926513047       -972.91622763000032     
   131.38854021764752       -966.86841341000036     
   131.04078463948565       -959.70196871999997     
   130.69398303602608       -951.56304127000021     
   130.34868372786360       -942.43194029000006     
   130.00536226995484       -932.40132879999965     
   129.66455208599226       -921.44933407999997     
   129.32634828696720       -909.53825498999959     
   128.99100010951361       -896.92500529999961     
   128.65830988319766       -883.74798396000006     
   128.32859044296683       -869.99949731000015     
   128.00203487559261       -855.72096412999963     
   127.67910956870736       -840.84147702999962     
   127.35958648511490       -825.28189113999997     
   127.04361573975339       -808.96389005000037     
   126.73015111171809       -792.12895389999994     
   126.41900123311066       -774.86500328999955     
   126.11021938900461       -757.46604335000029     
   125.80408117209176       -739.90674939000019     
   125.50079112829924       -721.96293049999986     
   125.20042202326501       -703.32659719000003     
   124.90320590488963       -683.47867804999987     
   124.60835724805783       -661.62793707000037     
   124.31640546575764       -637.13113788000010     
   124.02800659464617       -610.86845749999975     
   123.74375937560271       -583.51314011999966     
   123.46373657426517       -555.22480166999958     
   123.18833811516346       -526.03366812999957     
   122.91794673409403       -495.97065216000010     
   122.65171846424822       -464.98195511999984     
   122.39027152706970       -432.79665455000031     
   122.13514889785785       -398.60133229999974     
   121.88853125392025       -361.27365455000017     
   121.65295164159868       -320.49862733000009     
   121.43244654844752       -275.72923638999964     
   121.23261033422273       -226.23869353000009     
   121.05938514405229       -172.24713653999970     
   120.91046883357939       -116.49696107000000     
   120.77113524196341       -65.089002699999583     
   120.65994820124997       -20.031264539999938     
   120.61899948172928        0.0000000000000000     
>
   150.11899869872806       -35.000000000000000     
   149.46879761654014       -115.11785481999959     
   149.15234845143306       -161.68595292000009     
   148.84084677674923       -206.86679544999970     
   148.52447266911116       -250.55985238999983     
   148.19839838627149       -292.85454126999957     
   147.85992472413244       -333.88596402999974     
   147.50944874243498       -373.70481222000035     
   147.15705048738835       -411.47346636000020     
   146.80173874203453       -446.34642653999981     
   146.44108072764317       -479.48890962000041     
   146.07300921254688       -511.46439445000033     
   145.69581105298593       -542.28175582000040     
   145.31142170033840       -571.98843861000023     
   144.92400827653231       -600.60116059000029     
   144.52923750188370       -627.41234311999960     
   144.13348696943265       -652.32234623000022     
   143.73758517612794       -675.15485281000019     
   143.33770361808897       -695.83697313999983     
   142.93641029208209       -715.09221697999965     
   142.53301879468782       -733.25560125999982     
   142.12653389824376       -750.66284300000007     
   141.71616663988789       -767.42026402000010     
   141.30194566750922       -783.63268013000015     
   140.88651231646980       -799.46251881999979     
   140.46960990168455       -815.00148454000009     
   140.05046550310931       -830.20169351000004     
   139.62819218210194       -844.96786390000034     
   139.20277446880243       -859.29993890999958     
   138.77560407765634       -873.11243542000011     
   138.34631718047396       -886.37066429999959     
   137.91454479244547       -898.91642269000022     
   137.47985203861643       -910.65944668999964     
   137.04262394661453       -921.63827739000044     
   136.60387751649776       -931.97885668999970     
   136.16342023445236       -941.62575132999973     
   135.72105271117110       -950.53269256000021     
   135.27667181425383       -958.73457005999990     
   134.83116333642710       -966.27654414999961     
   134.38486417686511       -973.16867441999966     
   133.93767349499868       -979.39639799999986     
   133.48944690546750       -984.98221183999976     
   133.04027722743177       -989.96381999999994     
   132.59088065811548       -994.39598153000043     
   132.14128126174535       -998.28317954999966     
   131.69143950423464       -1001.6196276199998     
   131.24132387290550       -1004.3942400200003     
   130.79122944101417       -1006.6875405600003     
   130.34137049477005       -1008.5579207900000     
   129.89173041839760       -1009.9906213200002     
   129.44229546091012       -1010.9646764899999     
   128.99301749385413       -1011.4694424600002     
   128.54368337693577       -1011.5669731899998     
   128.09425987860388       -1011.2369968300000     
   127.64476132280289       -1010.4353534600004     
   127.19522380587290       -1009.1059126800001     
   126.74555680048483       -1007.2667526200003     
   126.29568066550739       -1004.9551750000001     
   125.84572947306083       -1002.1054555700002     
   125.39587568343676       -998.64005216999976     
   124.94631811298453       -994.49064740999984     
   124.49712494367985       -989.74970799000039     
   124.04851389947883       -984.29980811000041     
   123.60080469082224       -977.92818885999986     
   123.15411649292818       -970.71267870999964     
   122.70834445452303       -962.82435039000029     
   122.26325824657955       -954.39371974000005     
   121.81913002404289       -945.33131982000032     
   121.37619183481360       -935.65745210000023     
   120.93474333581020       -925.35936212999968     
   120.49481661266830       -914.43914591999965     
   120.05640364397902       -902.94679986000028     
   119.61966543087831       -890.90643387000000     
   119.18487069056461       -878.25905358999989     
   118.75221537459839       -865.00012234000042     
   118.32156827564820       -851.15893350999977     
   117.89299585681647       -836.73760123000011     
   117.46667917276139       -821.74246192000010     
   117.04284110405906       -806.15301966999959     
   116.62172630368123       -789.93157593999968     
   116.20320528316975       -773.06416964999971     
   115.78732559802035       -755.49236402000042     
   115.37417491077319       -737.16749370999969     
   114.96398641524443       -717.99137076999978     
   114.55698986750355       -697.64021177999985     
   114.15303457965456       -675.71784697000021     
   113.75214117817754       -651.50444040999992     
   113.35460588224434       -625.15880765000020     
   112.96078965525585       -597.24858511000002     
   112.57089245947701       -568.19330284999978     
   112.18430925149298       -538.09989625999970     
   111.80076100086529       -506.90105138000035     
   111.42026718815846       -474.41666764999991     
   111.04295959366169       -440.42457619000015     
   110.66887889737727       -404.51739784999972     
   110.29795233366730       -366.12993025000014     
   109.93018849689844       -325.63193207000040     
   109.56564124510192       -283.45454615000017     
   109.20435412306898       -239.43783107000036     
   108.84701639900798       -193.26789979000023     
   108.49581849050875       -144.95846992000043     
   108.15256349570238       -94.684129670000402     
   107.81601726353250       -40.013295759999892     
   107.61749713332651        0.0000000000000000     
>
   150.11899869872806       -35.000000000000000     
   149.60173126976264       -119.90443337000033     
   149.32152741376689       -166.79151115999957     
   149.04656841328182       -212.88830211000004     
   148.76861742727380       -257.86303975000010     
   148.48366203241525       -301.60343797000041     
   148.18938232265825       -344.18077088999962     
   147.88441236665710       -385.58865934999994     
   147.56878596892093       -425.02280403999976     
   147.25041682229573       -462.12736493000011     
   146.92971000793150       -497.97895937999965     
   146.60490425361493       -532.81957675000012     
   146.27451330686685       -566.63670975999958     
   145.93726119071306       -599.51521031999982     
   145.59218590904217       -631.47135735000029     
   145.24301111446127       -662.00810249999995     
   144.89215698062955       -690.15921201000037     
   144.53804787365425       -716.76512346999971     
   144.17926228528523       -742.49054920999970     
   143.81464341376636       -767.50687649999963     
   143.44356902694935       -791.81487034000020     
   143.06994669688828       -815.67551069999990     
   142.69441985516920       -839.24791188000017     
   142.31622532203028       -862.54756396999983     
   141.93439307995123       -885.23915320000015     
   141.54818401339702       -907.10937142999956     
   141.15859621481891       -928.14850124999975     
   140.76682372822879       -948.55953432000024     
   140.37267289389726       -968.39238214000034     
   139.97575180870334       -987.69196575000024     
   139.57552991374354       -1006.4447030299998     
   139.17227306142740       -1024.6787780400000     
   138.76713117801773       -1042.4182441000003     
   138.35978226124263       -1059.6450337699998     
   137.94985904516560       -1076.2969076999998     
   137.53705786216378       -1092.3382310999996     
   137.12159529027758       -1107.7388884499996     
   136.70435597631820       -1122.5810174999997     
   136.28507177604487       -1136.9545754199999     
   135.86349230690809       -1150.8515885500001     
   135.43937177002061       -1164.2288466500004     
   135.01297429891866       -1177.1001291299999     
   134.58484993307025       -1189.4446739900004     
   134.15485142232612       -1201.2067904300002     
   133.72282979766365       -1212.3571791100003     
   133.28867333231597       -1222.9315597599998     
   132.85279627475737       -1232.9448701600004     
   132.41543411063512       -1242.3679998799998     
   131.97649344783122       -1251.1912511000000     
   131.53595079507673       -1259.4055922500002     
   131.09390470110961       -1266.9850400900004     
   130.65091322680686       -1273.8196278200003     
   130.20700559301517       -1279.9228850999998     
   129.76214742226782       -1285.3647085499997     
   129.31633814160702       -1290.1564294299997     
   128.86992267161585       -1294.3634241700001     
   128.42360002078490       -1298.0603134700004     
   127.97733638460520       -1301.1532595099998     
   127.53103264138097       -1303.5322079999996     
   127.08455987561187       -1305.0897100100001     
   126.63801205237371       -1306.0605584900004     
   126.19136338856642       -1306.6386914000004     
   125.74460299799216       -1306.8387689499996     
   125.29777614431552       -1306.6599191500000     
   124.85091204838322       -1306.0911956600003     
   124.40387377328608       -1305.0478726399997     
   123.95655589479269       -1303.4554119400000     
   123.50902315713211       -1301.2234813400000     
   123.06140963242464       -1298.2352246800001     
   122.61389694828630       -1294.5340625700001     
   122.16671600670215       -1290.1369529900003     
   121.72017219416843       -1284.9094106399998     
   121.27471700141517       -1278.7607019999996     
   120.83081337832795       -1271.5933568199998     
   120.38829344827747       -1263.4905806400002     
   119.94742363663103       -1254.3523093200001     
   119.50872361609440       -1244.0021750500000     
   119.07269587063986       -1232.3876509100000     
   118.63950254731900       -1219.7712056299997     
   118.20918547204961       -1206.1261271900003     
   117.78173891525398       -1191.6441539899997     
   117.35753644540409       -1176.3329944699999     
   116.93693386928085       -1160.1361281800000     
   116.51971174405477       -1143.1680166899996     
   116.10533091645571       -1125.5924853600000     
   115.69402515325756       -1107.4070390200004     
   115.28601733503638       -1088.5799383499998     
   114.88200188662059       -1068.9564712299998     
   114.48119385585268       -1048.6552883699997     
   114.08307872664696       -1027.7972806999996     
   113.68806501789997       -1006.2945954200004     
   113.29659849076393       -984.10850690000007     
   112.90933002527598       -961.12114911000026     
   112.52566661013469       -937.44756233000044     
   112.14349689592372       -913.53841604999980     
   111.76296698687679       -889.40671472000031     
   111.38460744189742       -864.97688369000025     
   111.00873109593304       -840.15669323000020     
   110.63484463233580       -814.87346620999961     
   110.26076794675585       -789.63427296000009     
   109.88741490685102       -764.39683856000011     
   109.51624999270490       -738.95113732000027     
   109.14813607873296       -713.40036210000017     
   108.78296258408379       -687.92784432000008     
   108.42010097407365       -661.94415378000031     
   108.05992997379457       -634.18748856000002     
   107.70319500131728       -604.57558124000025     
   107.35087409557083       -572.95918918000007     
   107.00394873323098       -539.41432999999961     
   106.66252090078245       -504.61077254999964     
   106.32622562411984       -468.62002948999998     
   105.99500331563419       -430.96330658999977     
   105.66876115616520       -390.97051729000032     
   105.34760628881763       -348.26203775999966     
   105.03179769050764       -303.69781067999975     
   104.72161324575816       -257.51023788000020     
   104.41752048811701       -209.79673447000005     
   104.11954462772643       -160.82927674999974     
   103.82769024824869       -109.02974583000014     
   103.54209829729746       -53.633146369999849     
   103.34199909545202       -6.4117866400001731     
   103.31899713244879        0.0000000000000000     
>
   150.11899869872806       -35.000000000000000     
   149.57368212168254       -121.45103150999967     
   149.28742038308746       -168.82534658999975     
   149.00593367462409       -215.25286627999958     
   148.72105276427683       -260.47017122000034     
   148.42874574815352       -304.39620497000033     
   148.12677751795758       -347.13308113000039     
   147.81384688657246       -388.66405618000044     
   147.49148193239523       -428.06602304999979     
   147.16754420911417       -465.17450009999993     
   146.84084712116851       -501.05133776999992     
   146.50960246732947       -535.89147547999983     
   146.17229133652438       -569.69489816999976     
   145.82761769825672       -602.54690743999981     
   145.47525553955018       -634.40444022999964     
   145.12096136721223       -664.62209721999989     
   144.76574817059645       -692.41602982000040     
   144.40809302792579       -718.75607363000017     
   144.04674689124158       -744.25410071999977     
   143.68068359316135       -769.13876764999986     
   143.31037238610620       -793.49428453000019     
   142.93847637783387       -817.49692733000029     
   142.56438135760496       -841.18644345000030     
   142.18723820199082       -864.49151153000003     
   141.80613361629136       -887.13622828999996     
   141.42055995991427       -908.99133124000036     
   141.03235184366847       -930.12137029000041     
   140.64169089516994       -950.65572739999971     
   140.24796920621500       -970.64204083000004     
   139.85070893001583       -990.10786880999967     
   139.44944940851795       -1009.0268307500000     
   139.04518185867929       -1027.4338185799998     
   138.63849757292806       -1045.3364911799999     
   138.22903501490552       -1062.6974688700002     
   137.81646358797315       -1079.4701567700004     
   137.40052546113026       -1095.6184018599997     
   136.98198954371651       -1111.1565458799996     
   136.56127581378411       -1126.1857436500004     
   136.13809034399227       -1140.7754576500001     
   135.71218332474930       -1154.9027852199997     
   135.28337370139695       -1168.5224125300001     
   134.85230318664799       -1181.6648495199997     
   134.41917976417616       -1194.2504045200003     
   133.98390259341238       -1206.2159871100002     
   133.54645677745438       -1217.5534557100000     
   133.10687268306444       -1228.3116151000004     
   132.66569863083726       -1238.4941122500004     
   132.22291399429278       -1248.0758667500004     
   131.77846434244202       -1257.0560765500004     
   131.33231529781816       -1265.4094854200002     
   130.88470578381515       -1273.0819833300002     
   130.43599561791831       -1280.0383955099996     
   129.98615844406984       -1286.3257328199998     
   129.53519655410082       -1291.9357694800001     
   129.08316151421135       -1296.8597666500000     
   128.63082968219231       -1301.1109927899997     
   128.17840159326633       -1304.6568602799998     
   127.72577125024434       -1307.4912298500003     
   127.27265389311000       -1309.7106254500004     
   126.81909306665459       -1311.4026035600000     
   126.36529961934082       -1312.7359805300002     
   125.91124375736418       -1313.6510482599997     
   125.45691230269576       -1314.0829349400001     
   125.00231728744892       -1313.9779695200004     
   124.54750397528821       -1313.4994096299997     
   124.09249757635588       -1312.6631752300000     
   123.63731929008983       -1311.3877887799999     
   123.18199833733675       -1309.5777908000000     
   122.72658513838121       -1307.3593623999996     
   122.27110834111218       -1305.2916460899996     
   121.81569514215670       -1303.3412545299998     
   121.36054092011734       -1301.4125311099997     
   120.90583360514579       -1299.3967074599996     
   120.45154741414190       -1296.7893210499997     
   119.99774193471478       -1293.3094105900000     
   119.54454894715359       -1288.8743696800002     
   119.09206700019639       -1283.4854329700001     
   118.64045365723243       -1277.1614276900000     
   118.19007217349372       -1269.8779652900002     
   117.74133106787683       -1261.8247490499998     
   117.29443316743557       -1252.9993188099997     
   116.84952686823476       -1243.3625719600004     
   116.40667061196790       -1232.9440677399998     
   115.96601795131980       -1221.8596840999999     
   115.52768806150850       -1210.0764977400004     
   115.09185741353001       -1197.5975389599998     
   114.65884743669848       -1184.4377757900002     
   114.22867302791612       -1170.5489871800000     
   113.80134564633856       -1156.0082450299997     
   113.37705436803289       -1140.7896633700002     
   112.95601004146188       -1124.8930880099997     
   112.53856904636419       -1108.2616025899997     
   112.12445292525911       -1090.9617010600005     
   111.71373157899571       -1073.0019756800002     
   111.30647433546527       -1054.3962307600004     
   110.90316076032899       -1035.0685524399996     
   110.50404639275635       -1014.9887296099996     
   110.10859437130829       -994.23588373999974     
   109.71678349654694       -972.82600800999990     
   109.32878565580610       -950.74920483000005     
   108.94518412010495       -927.92557745999966     
   108.56658450581610       -904.27846445999967     
   108.19188157738353       -879.97313640999982     
   107.82066223224837       -855.11333347999971     
   107.45312242197117       -829.72018072999981     
   107.08970790770411       -803.75663365000037     
   106.73123973794478       -777.00447734000045     
   106.37728991323210       -749.42761349000011     
   106.02566056752515       -721.43647462999979     
   105.67639352674176       -693.14047074999962     
   105.32992137400527       -664.01553941000020     
   104.98688123836608       -632.88834397000028     
   104.64767820097411       -600.13845881999987     
   104.31115546007318       -566.47257761000037     
   103.97616137052715       -532.04797432000032     
   103.64363329126272       -496.63939566000045     
   103.31444612880871       -459.89547754999967     
   102.98942723419830       -421.27237329000036     
   102.66948761030039       -380.01984384000025     
   102.35511885488950       -336.50731535999967     
   102.04562310539059       -291.61775694999960     
   101.74105250096159       -245.46417716999986     
   101.44131708723111       -198.69465252000009     
   101.14681392394020       -150.87653566999961     
   100.86111540284205       -100.75555083000017     
   100.58952654001415       -48.179368729999624     
   100.41790849641433       -6.1616690199998629     
   100.39700012113623        0.0000000000000000     
>
   150.11899869872806       -35.000000000000000     
   149.61849314959275       -119.21576191999975     
   149.34233380256026       -165.78879644999961     
   149.07167198541910       -211.66838500999984     
   148.79826971122006       -256.48154419999992     
   148.51813117241113       -300.09588411000004     
   148.22890380435095       -342.56562977999965     
   147.92918214160721       -383.88716070999999     
   147.61839895597848       -423.31418484999995     
   147.30372882477573       -460.41410964999977     
   146.98698573232789       -496.24843810000039     
   146.66643017881736       -531.08827268000005     
   146.34059768416051       -564.91432345999965     
   146.00822831420089       -597.80997220999961     
   145.66832225761388       -629.80873023999993     
   145.32290434719107       -660.51372650000030     
   144.97534815833635       -688.88982647000012     
   144.62407863011470       -715.66959092999969     
   144.26754132807125       -741.55594007000036     
   143.90447689100728       -766.67375092000020     
   143.53375258139334       -790.96919997999976     
   143.15915335831878       -814.74746414000037     
   142.78393992450492       -838.17163414999959     
   142.40742129287008       -861.32411628000045     
   142.02840341940245       -883.88440660000015     
   141.64597873897972       -905.63072652000028     
   141.26025611358006       -926.49659651000002     
   140.87289196414298       -946.68928530999983     
   140.48333395936939       -966.28706647000035     
   140.09101200626904       -985.36524175999966     
   139.69541158875614       -1003.9521115500002     
   139.29636311132813       -1022.0783780399997     
   138.89518265800376       -1039.7478592500001     
   138.49184902934516       -1056.9527500599997     
   138.08599782420490       -1073.6059181700002     
   137.67733339636877       -1089.6810912000001     
   137.26572110075870       -1105.1224807299996     
   136.85217220785503       -1119.9840856800001     
   136.43667296667101       -1134.3518022500002     
   136.01898559972824       -1148.2262649400000     
   135.59886087039283       -1161.5772685000002     
   135.17634748007600       -1174.4037231599996     
   134.75227392572643       -1186.7153465000001     
   134.32661385128631       -1198.4694184299997     
   133.89921943364854       -1209.6360881700002     
   133.46994456857954       -1220.2349371299997     
   133.03889468031059       -1230.2880584200002     
   132.60658543084298       -1239.7745382800003     
   132.17295436777883       -1248.6785057400002     
   131.73794877900235       -1257.0130920399997     
   131.30156637268252       -1264.7743953800000     
   130.86411081644226       -1271.8997928500003     
   130.42589322635570       -1278.3216674300002     
   129.98681677255814       -1284.1417680699997     
   129.54689463307847       -1289.3984530300004     
   129.10617264453907       -1294.1210551699996     
   128.66527647683480       -1298.2327298600003     
   128.22428577109699       -1301.5616952299997     
   127.78300973238510       -1303.9457215700004     
   127.34136585477899       -1305.3324382999999     
   126.89940054785875       -1305.8691421499998     
   126.45760999306114       -1306.3077255600001     
   126.01600450362626       -1306.7304893299997     
   125.57455142096063       -1307.1211266600003     
   125.13322324309084       -1307.4631891199997     
   124.69184750972539       -1307.6411423800000     
   124.25027697071502       -1307.5269100699998     
   123.80853855507534       -1307.0875284499998     
   123.36666549435756       -1306.2791951199997     
   122.92466638292834       -1305.0568405599997     
   122.48242892106300       -1303.5129896700000     
   122.03999894538384       -1301.6427152200004     
   121.59747958829114       -1299.3866326300003     
   121.15500664077855       -1296.6717184999998     
   120.71270901834639       -1293.4531319300004     
   120.27060390972804       -1289.7798034099997     
   119.82882309521270       -1285.6027648099998     
   119.38754591058527       -1280.8741549799997     
   118.94696486965955       -1275.5329006399998     
   118.50715674877796       -1269.5693528499996     
   118.06824817160967       -1262.9271440800003     
   117.63044597591302       -1255.5384514099997     
   117.19397189634851       -1247.3474597599998     
   116.75905969969006       -1238.3077522800004     
   116.32590992116040       -1228.4520863500002     
   115.89466809203545       -1217.8026914800002     
   115.46546026302656       -1206.3528950199998     
   115.03851046062549       -1194.1705081900000     
   114.61404729498607       -1181.2470912400004     
   114.19202378357042       -1167.5550876200004     
   113.77261124075456       -1153.1398962000003     
   113.35602108795896       -1137.9655820700000     
   112.94250829139536       -1122.0583753600004     
   112.53230203417544       -1105.3782172100000     
   112.12531064305456       -1087.9608721799996     
   111.72170084874641       -1069.7857902200003     
   111.32172016901166       -1050.8076512199996     
   110.92571581626444       -1030.9713089099996     
   110.53398572854998       -1010.2466089299996     
   110.14634770529447       -988.68287084999974     
   109.76296389354940       -966.29681059999984     
   109.38406748713093       -943.10938119000002     
   109.00995470521092       -919.11366370999986     
   108.64102833710808       -894.27307337999991     
   108.27708498281083       -868.64289919000021     
   107.91792181526533       -842.27991740000016     
   107.56350101925817       -815.20884541000032     
   107.21384608605828       -787.44922278000013     
   106.86926011033087       -759.05785327000012     
   106.52999576645654       -730.22432990000016     
   106.19395717487903       -701.39377397000044     
   105.86000071187108       -672.19458519999989     
   105.52811950193934       -641.05453275000036     
   105.19881144539393       -607.70312686000034     
   104.87286378622345       -572.68948670000009     
   104.55090162136501       -536.44216170999971     
   104.23147250284833       -499.24188554000011     
   103.91402352641654       -461.00045950999993     
   103.59893169828833       -421.36286476999976     
   103.28668116778711       -379.51148554999963     
   102.97779561832303       -335.35509664999972     
   102.67271794625944       -289.67947817000004     
   102.37155987836326       -242.69516144000045     
   102.07331988443649       -194.52830753000035     
   101.77804551997477       -145.28416945000026     
   101.48652402896674       -94.703136799999811     
   101.20049834897667       -41.193945289999647     
   101.02549412490185        0.0000000000000000     
>
   150.11899869872806       -35.000000000000000     
   149.63407129865104       -117.90788140000041     
   149.36055156810730       -164.19336320000002     
   149.09289147677129       -209.87741941999957     
   148.82272125740462       -254.54357110000001     
   148.54603020555308       -298.04145023999990     
   148.26042622248849       -340.40904910999961     
   147.96445743319842       -381.64975558999959     
   147.65727528721183       -421.07675207000011     
   147.34506830150184       -458.15900698000041     
   147.03098831681166       -493.94420687000002     
   146.71330041698596       -528.74736764000045     
   146.39055272701222       -562.54312396000023     
   146.06149333414302       -595.40966177999962     
   145.72512013522243       -627.39734623999993     
   145.38241346101077       -658.19001292000030     
   145.03706831622591       -686.75008628999967     
   144.68766548444884       -713.60749725000005     
   144.33286882813854       -739.54659402000016     
   143.97262047855929       -764.61131997000030     
   143.60619163341590       -788.65168465999977     
   143.23599559087441       -811.97386301000006     
   142.86532456633392       -834.85456906000036     
   142.49327615129232       -857.53406317999998     
   142.11868380371109       -879.74517523000031     
   141.74066230382147       -901.27587323999978     
   141.35882834286912       -921.92265924000003     
   140.97497986236513       -941.86131347999981     
   140.58895987187805       -961.16568517999985     
   140.20018624630416       -979.94518992000030     
   139.80816624195344       -998.25255243999982     
   139.41250566387373       -1016.1492335800003     
   139.01428167268998       -1033.6244567399999     
   138.61394518617431       -1050.6843738500002     
   138.21113982458817       -1067.2256114200000     
   137.80563984256651       -1083.2199998599999     
   137.39744237532042       -1098.6091375899996     
   136.98728997613176       -1113.3967003300004     
   136.57555850530366       -1127.6515430899999     
   136.16196320281986       -1141.3934649700004     
   135.74624165401752       -1154.6067413100000     
   135.32817899972937       -1167.2779283800000     
   134.90833845745246       -1179.4211150199999     
   134.48697499339843       -1191.0174373899999     
   134.06394422220700       -1202.0396055600004     
   133.63911321767333       -1212.4706567699996     
   133.21238858767947       -1222.3482216299999     
   132.78429688042448       -1231.6710264599997     
   132.35498534605756       -1240.4049600500002     
   131.92435772767192       -1248.5488948299999     
   131.49238136667401       -1256.1273207599997     
   131.05925336053994       -1263.1253526800001     
   130.62551630028662       -1269.4426103899996     
   130.19123894084754       -1275.0294195699998     
   129.75627403207338       -1279.9919576599996     
   129.32057802917302       -1284.3999024200002     
   128.88443970286710       -1288.2766903000002     
   128.44839304980587       -1291.5622965000002     
   128.01228680913559       -1294.1647772799997     
   127.57596800112924       -1296.0009720400003     
   127.13931802352653       -1297.0023501899996     
   126.70260502056810       -1297.5898379999999     
   126.26605817536566       -1298.1048863899996     
   125.82967576904582       -1298.5624325899998     
   125.39345264498860       -1298.9757094699999     
   124.95737906291171       -1299.3369293799997     
   124.52134787971055       -1299.4589048300004     
   124.08528461087370       -1299.2744426600002     
   123.64915545189228       -1298.7540632000000     
   123.21294607882174       -1297.8584835900001     
   122.77664560546432       -1296.5851637899996     
   122.34023054055106       -1295.0300952300004     
   121.90375302323991       -1293.1565737199999     
   121.46728982987320       -1290.9093004899996     
   121.03094237397788       -1288.2221724600004     
   120.59472039583623       -1285.1111799900000     
   120.15860613375706       -1281.6169678300002     
   119.72270214718284       -1277.6896030700000     
   119.28713162203611       -1273.2720503399996     
   118.85209681241290       -1268.2380752600002     
   118.41761548000440       -1262.5216005599996     
   117.98376153636413       -1256.1083681800001     
   117.55070400403690       -1248.9717787099999     
   117.11861419739876       -1241.1027417599998     
   116.68773906125244       -1232.5330699899996     
   116.25827512011629       -1223.2664213899998     
   115.83031118244605       -1213.2846962300000     
   115.40395439134645       -1202.5957595999998     
   114.97945742119803       -1191.2588278800004     
   114.55698012722129       -1179.2275209899999     
   114.13656662716515       -1166.4707744200005     
   113.71839110019457       -1153.0209392300003     
   113.30257730518973       -1138.8536468100001     
   112.88933666357126       -1123.9987942999996     
   112.47884278154621       -1108.4228086700004     
   112.07115983038582       -1092.1206038999999     
   111.66643104953494       -1075.0859926200001     
   111.26486786041409       -1057.2845967200001     
   110.86670231092378       -1038.6837851800001     
   110.47214582248456       -1019.2705726000004     
   110.08121271904095       -999.04894824999974     
   109.69403077017766       -978.07297672999994     
   109.31073232914170       -956.37232263999977     
   108.93145662467342       -933.95522199999959     
   108.55634173959757       -910.82601868999973     
   108.18538881982977       -886.99752844999966     
   107.81866776621904       -862.47662398000011     
   107.45628744074340       -837.26560231999974     
   107.09834410030979       -811.38330278000012     
   106.74503025873203       -784.99081241000022     
   106.39649373911710       -758.36768814999959     
   106.05218106425036       -731.74629375000040     
   105.71173298960424       -704.68622672000038     
   105.37499252474720       -676.05157025999961     
   105.04228854744458       -644.43444556000031     
   104.71426448928233       -610.01794137999968     
   104.39093238237383       -574.00689710000006     
   104.07056991563486       -537.08607627000038     
   103.75277659157778       -499.29553558000043     
   103.43768304457622       -460.46322942999996     
   103.12587139973385       -420.26012188999994     
   102.81795586778995       -377.80375452000044     
   102.51442002511013       -332.97792912000023     
   102.21413285303834       -286.57006060000003     
   101.91623376899017       -238.73484178000035     
   101.62068323887891       -189.49304732000019     
   101.32742969650438       -138.86322428000040     
   101.03640553284868       -86.933321509999587     
   100.74830230795129       -31.535183820000384     
   100.61699413594835        0.0000000000000000     
>
   150.11899869872806       -35.000000000000000     
   149.60814381322731       -119.43312332000005     
   149.32880626939368       -166.27492503000030     
   149.05488718727781       -212.34986567000033     
   148.77808555457489       -257.31445047000034     
   148.49437863471718       -301.05179850999957     
   148.20142646813449       -343.62864256000012     
   147.89785223728350       -385.04111560999991     
   147.58348348187261       -424.50512536000042     
   147.26607575840092       -461.63811465999970     
   146.94641573789926       -497.51345002000016     
   146.62274558590101       -532.38168759000018     
   146.29358191471599       -566.22887506000006     
   145.95765218511653       -599.13964680000026     
   145.61395945056682       -631.13527031000012     
   145.26578045660617       -661.74179074000040     
   144.91585050367226       -689.97164582000005     
   144.56259911449240       -716.64959500999976     
   144.20457727884303       -742.44583065999996     
   143.84060642257239       -767.52124490000006     
   143.46988956140962       -791.86710296999991     
   143.09630676543532       -815.75679062000017     
   142.72087961836982       -839.36217250000027     
   142.34285926439574       -862.70714915999997     
   141.96126709162621       -885.44981704000020     
   141.57535309832826       -907.36608558999978     
   141.18606209187979       -928.43372617000023     
   140.79526879013429       -948.84898318999967     
   140.40228908150343       -968.68284743999993     
   140.00655000820797       -987.98871936999967     
   139.60752502204889       -1006.7618522599996     
   139.20533845486426       -1025.0270706700003     
   138.80122904137269       -1042.8071012000000     
   138.39492978324907       -1060.0813182399997     
   137.98607570638802       -1076.7870678700001     
   137.57436715387109       -1092.8871076300002     
   137.15990553922515       -1108.3475170199999     
   136.74364025349036       -1123.2561016099999     
   136.32535471862613       -1137.6962775900001     
   135.90479969799856       -1151.6578629599999     
   135.48173053863590       -1165.1011710800003     
   135.05631626308303       -1178.0351301000001     
   134.62917853053037       -1190.4432622400000     
   134.20019243618208       -1202.2765598500000     
   133.76921187580439       -1213.5103525499999     
   133.33611939305266       -1224.1806450699996     
   132.90124673048098       -1234.2960076999998     
   132.46491474444571       -1243.8302918800000     
   132.02709593297345       -1252.7783768299996     
   131.58785389437770       -1261.1324835599999     
   131.14720409851844       -1268.8750336499998     
   130.70559803612579       -1275.9061475799999     
   130.26310102438646       -1282.2705868200001     
   129.81970905259607       -1288.0153765699997     
   129.37543186103679       -1293.1621184899996     
   128.93050837310264       -1297.7513678500000     
   128.48567254770867       -1301.8155300500002     
   128.04089688288153       -1305.2468871399997     
   127.59593787156503       -1307.9717602000001     
   127.15044257176721       -1310.0072029200001     
   126.70456969279293       -1311.5936816100002     
   126.25847049549587       -1312.9515180099997     
   125.81211461311374       -1314.0684354400000     
   125.36547626254644       -1314.9249166999998     
   124.91853825506065       -1315.5015178000003     
   124.47128798558521       -1315.7996256200004     
   124.02374264285348       -1315.7997916100003     
   123.57592858292330       -1315.4694991400002     
   123.12788419396590       -1314.7666210099997     
   122.67967307429474       -1313.7257057300003     
   122.23128720250095       -1312.4198159799998     
   121.78274376731785       -1310.8110581199999     
   121.33406454114113       -1308.8529784299999     
   120.88528103664856       -1306.4957191499998     
   120.43647977046486       -1303.7680160500004     
   119.98784867274156       -1300.6645088100004     
   119.53950691869674       -1297.1536938400004     
   119.09158858045079       -1293.2017589899997     
   118.64426210759071       -1288.8118194400004     
   118.19769709561913       -1283.9879515299999     
   117.75202818961425       -1278.5841577399997     
   117.30741639071194       -1272.4537551399999     
   116.86403358624599       -1265.5865764199998     
   116.42189811086534       -1258.0270804900001     
   115.98107356288348       -1249.7442765799997     
   115.54169000371625       -1240.7242995200004     
   115.10395828182644       -1231.0133025900004     
   114.66810987215680       -1220.6458419700002     
   114.23404909075823       -1209.6324877300003     
   113.80186417312871       -1197.9821297199996     
   113.37180034519776       -1185.7079787000002     
   112.94397449035229       -1172.7846781099997     
   112.51863011564849       -1159.2094851600004     
   112.09582508982204       -1144.9637370000000     
   111.67558405005745       -1130.0783727099997     
   111.25807544594181       -1114.5747568200004     
   110.84342017156652       -1098.4417799800003     
   110.43183824271878       -1081.6609795799995     
   110.02333023235637       -1064.1988849199997     
   109.61798953259733       -1046.0687062799998     
   109.21592156767299       -1027.2712300499998     
   108.81734692632836       -1007.7958282600002     
   108.42251713702848       -987.60431026999959     
   108.03146256653567       -966.65979288000017     
   107.64425426161453       -944.97599977000027     
   107.26100967860982       -922.56280863000029     
   106.88192476908200       -899.41238994000014     
   106.50729460628737       -875.50198187000024     
   106.13721602009059       -850.82404275000044     
   105.77166208147604       -825.41140684000038     
   105.41066544903717       -799.28509568000027     
   105.05438082137431       -772.42295879999983     
   104.70319780977731       -744.87946972000009     
   104.35737539116241       -716.91923063000013     
   104.01592979702272       -688.59150505999969     
   103.67810987970971       -659.02799324999978     
   103.34358504258482       -627.06429871999990     
   103.01248420114834       -593.10123965999992     
   102.68507664555649       -557.80612536999979     
   102.36120022875777       -521.38942646000032     
   102.03976289322506       -483.91289022999990     
   101.72092735896766       -445.18951244999971     
   101.40512792798214       -404.70464732999972     
   101.09265107915810       -361.59290289000000     
   100.78339883671535       -316.36320973999955     
   100.47695637922175       -269.64397169000040     
   100.17291404186514       -221.60718011999961     
   99.871094780691791       -172.82957058000011     
   99.572290996310286       -123.31360779999977     
   99.278658728843723       -73.135580920000393     
   98.992262918128290       -17.178026159999717     
   98.924000728315974        0.0000000000000000     
>
   150.11899869872806       -35.000000000000000     
   149.68441881758156       -113.73163923999982     
   149.41830743112266       -159.27894233000006     
   149.15944109578160       -204.49268243999995     
   148.89891318288090       -248.82401533000029     
   148.63259037500151       -292.06541527999980     
   148.35801697510180       -334.21909460000006     
   148.07358583661122       -375.29940073000034     
   147.77826334369607       -414.75685066000005     
   147.47417975337936       -451.89713525000025     
   147.16829650267826       -487.64129130000038     
   146.85945965462540       -522.43457467999997     
   146.54624999280179       -556.24516632999985     
   146.22744138755999       -589.12699654999960     
   145.90269178310581       -621.05213706999984     
   145.57180981154099       -651.80029505000039     
   145.23799429614670       -680.60257868000008     
   144.90221296261205       -707.43219572999988     
   144.56317436410271       -733.41621499000030     
   144.21936932982834       -758.35202561999995     
   143.87068040344414       -781.91541673000029     
   143.51673458943591       -804.28379603000030     
   143.16057830431561       -825.92361522000010     
   142.80300452164960       -847.34289059999992     
   142.44298019856197       -868.61790148999989     
   142.07968887021744       -889.57061033999980     
   141.71314371464490       -909.78591171999960     
   141.34318946028620       -929.18730139000036     
   140.97159425484793       -947.81160928999998     
   140.59815355240286       -965.74778683000022     
   140.22237632813429       -983.07866859000023     
   139.84374692004093       -1000.0273217599997     
   139.46185451739512       -1016.7761328400002     
   139.07743938164751       -1033.3404433899996     
   138.69113749593305       -1049.7738033899996     
   138.30257299994858       -1065.8474027599996     
   137.91144852860671       -1081.4853940599996     
   137.51782252360093       -1096.5938827399996     
   137.12199922551196       -1111.1261261700001     
   136.72477160790618       -1125.0947376200002     
   136.32589158006525       -1138.5001051899999     
   135.92510360281958       -1151.3264473299996     
   135.52218651446648       -1163.5904525100004     
   135.11722740458839       -1175.2778207600004     
   134.71093043829586       -1186.3829646499998     
   134.30321139079541       -1196.9103160699997     
   133.89395796236229       -1206.8388301799996     
   133.48308764707630       -1216.1827421500002     
   133.07079066692015       -1224.9746844199999     
   132.65771389122654       -1233.1549511499998     
   132.24385731999541       -1240.6830099299996     
   131.82907771378203       -1247.5983840899999     
   131.41327079427057       -1253.9779732600000     
   130.99664397217711       -1259.8210553299996     
   130.57985958669434       -1265.0163103599998     
   130.16283971556433       -1269.4678392100004     
   129.74541648215779       -1273.0619763100003     
   129.32742258280319       -1275.8159391700001     
   128.90910668117667       -1278.0111770699996     
   128.49112424097765       -1279.9685894000004     
   128.07337728642585       -1281.6506127100001     
   127.65575466371214       -1283.0084663600001     
   127.23816699142297       -1283.9996873199998     
   126.82057072476712       -1284.6634385300003     
   126.40297159332236       -1285.0484694200004     
   125.98536673229981       -1285.0377208899999     
   125.56775957944613       -1284.4935447999997     
   125.15012893532352       -1283.3503980300002     
   124.73244386021189       -1281.9324215799998     
   124.31468659242007       -1280.5440943499998     
   123.89682218152355       -1279.0886884199999     
   123.47882541738007       -1277.4498249099997     
   123.06068254900285       -1275.4908979900001     
   122.64243081864761       -1273.2252304699996     
   122.22421174688576       -1270.7721130099999     
   121.80621383682670       -1268.1345549999996     
   121.38856714988627       -1265.3409070099997     
   120.97143497903154       -1262.2771220699997     
   120.55469585721335       -1258.5828868199997     
   120.13822946329805       -1254.0847706699997     
   119.72205928855458       -1248.7751505799997     
   119.30616871720737       -1242.6906187000004     
   118.89056004108751       -1235.9668376600002     
   118.47562516331595       -1228.7097408099999     
   118.06150617742199       -1220.8682908700002     
   117.64820881298337       -1212.4427893200000     
   117.23571187056227       -1203.4470007399996     
   116.82418437270356       -1193.9172364500000     
   116.41384404336330       -1183.7781053799999     
   116.00470864423271       -1173.0197331099998     
   115.59684750320302       -1161.6929893699999     
   115.19037635774563       -1149.7915685099997     
   114.78539662138745       -1137.2929583599998     
   114.38211455892903       -1124.2318395700004     
   113.98054735910370       -1110.6070369199997     
   113.58070304332038       -1096.4390087800002     
   113.18263948031479       -1081.7332530000003     
   112.78641396586481       -1066.4741870999997     
   112.39231698956452       -1050.6244007400001     
   112.00039667986736       -1034.1719607200002     
   111.61072580241128       -1017.1275699899998     
   111.22327685522288       -999.51611993000006     
   110.83813864675797       -981.35859426000025     
   110.45551285815478       -962.62150240000028     
   110.07570831365631       -943.25353971000004     
   109.69883559411392       -923.25020691999998     
   109.32488954290764       -902.60474422999960     
   108.95400766990443       -881.30547086000024     
   108.58632175539354       -859.33931880999990     
   108.22237954701184       -836.64079278000008     
   107.86229047969519       -813.24927550000029     
   107.50592105428102       -789.30340795000029     
   107.15316011696017       -764.79001102999973     
   106.80420533816643       -739.26948351000010     
   106.46011382500245       -711.43538793999960     
   106.12210998824234       -680.80984726000042     
   105.79099539581915       -647.25067552000019     
   105.46702615986023       -611.71288268999979     
   105.14963161441744       -575.37486669999998     
   104.83863414257929       -538.27094912000030     
   104.53434027675762       -500.11403679999967     
   104.23444729963788       -461.21548796000025     
   103.93653675643414       -421.91416441000001     
   103.63958820934164       -381.02285768999991     
   103.34403825218814       -337.90367172999959     
   103.05076408333359       -293.26024126999982     
   102.76047559746637       -247.25809869000022     
   102.47364433883877       -199.89489279999998     
   102.18915762344358       -151.30685108000034     
   101.90702633747863       -101.45946731999993     
   101.62756789955361       -49.560365309999725     
   101.43846547636410       -7.3027581599999394     
   101.41100017226101        0.0000000000000000     
>
   150.11899869872806       -35.000000000000000     
   149.69214687210723       -113.52043985000000     
   149.42796807223752       -158.93101303000003     
   149.17116094715487       -204.04915610999979     
   148.91283204621070       -248.30937607000033     
   148.64884805198591       -291.49438276999990     
   148.37675555927012       -333.60111116999997     
   148.09493137867483       -374.64239643000019     
   147.80232184084412       -414.08101009999973     
   147.50041491713054       -451.21843990999969     
   147.19649232794978       -486.96272348000002     
   146.88975193241100       -521.76179040999978     
   146.57878711916626       -555.58445071000006     
   146.26270407408003       -588.42052496999986     
   145.94129595939407       -620.22756765000031     
   145.61383339985542       -650.89126614999986     
   145.28301330773076       -679.69094329000018     
   144.95047147747960       -706.52079783000045     
   144.61492734846556       -732.53846510000039     
   144.27471647833997       -757.47833713999989     
   143.92985662879411       -780.98869508999996     
   143.57995704262251       -803.20729965999999     
   143.22715542529934       -824.64569955000024     
   142.87294891550158       -845.83275050999964     
   142.51669121685435       -866.89473312999962     
   142.15795834060103       -887.64952152000023     
   141.79615670248239       -907.73304102000020     
   141.43076662979269       -927.01792297999964     
   141.06337120487584       -945.50900034000006     
   140.69420304859017       -963.26916233999964     
   140.32277973048568       -980.40291092000007     
   139.94858788039210       -997.12421274000008     
   139.57120293659514       -1013.6872606200004     
   139.19079735938629       -1030.1285795900003     
   138.80849872967499       -1046.5060675900004     
   138.42443940070828       -1062.6231205900003     
   138.03837357359885       -1078.3432635700001     
   137.64995289001698       -1093.5854909099999     
   137.25900202488219       -1108.2648758500000     
   136.86642281373898       -1122.3740941300002     
   136.47219405714947       -1135.9179409600001     
   136.07606766439528       -1148.8726281899999     
   135.67782877630927       -1161.2602894600004     
   135.27734675851772       -1173.0726000900004     
   134.87530744148233       -1184.2933066799997     
   134.47205517282842       -1194.9351805099996     
   134.06752005170691       -1204.9746281500002     
   133.66154164993964       -1214.4097970900002     
   133.25397615512395       -1223.2993153199996     
   132.84539996278585       -1231.5949751400003     
   132.43608637378591       -1239.2392338800000     
   132.02592022361054       -1246.2480139299996     
   131.61475540802607       -1252.7247682600000     
   131.20258734337023       -1258.7041529500002     
   130.79010186010470       -1264.1049177900004     
   130.37753215204566       -1268.7863689899996     
   129.96467367326588       -1272.6570011100002     
   129.55132818037382       -1275.7342606100001     
   129.13739483280031       -1278.1751795000000     
   128.72352737537139       -1280.3067212500000     
   128.30992519739425       -1282.2378792500003     
   127.89645651857965       -1283.9241859699996     
   127.48300617441397       -1285.3247376099998     
   127.06947905390591       -1286.3966357099998     
   126.65585911423760       -1287.0939464599996     
   126.24215494977574       -1287.4103059899999     
   125.82835567432255       -1287.3344161599998     
   125.41444868280691       -1286.8479868000004     
   125.00042308903090       -1285.9406169200001     
   124.58629665468581       -1284.8092023099998     
   124.17206250427822       -1283.4189492899995     
   123.75771949189257       -1281.6196584899999     
   123.34327392006448       -1279.2743823500005     
   122.92870344344051       -1276.4605030100001     
   122.51399488399176       -1273.7210054099996     
   122.09917001411380       -1271.2454375999996     
   121.68440358592935       -1268.8954996800003     
   121.26979701296530       -1266.5676996100001     
   120.85544196846629       -1264.1103370999999     
   120.44111098819403       -1261.1405138900000     
   120.02675537073725       -1257.5674774199997     
   119.61233787384030       -1253.3769684299996     
   119.19779318031640       -1248.5803597000004     
   118.78314993805446       -1243.2488512899999     
   118.36859206650163       -1237.3747227499998     
   117.95432525750061       -1231.0513787000000     
   117.54038446147599       -1224.3002683900004     
   117.12677598096326       -1217.1400568299996     
   116.71352559906254       -1209.5836454999999     
   116.30079832761420       -1201.5803672499997     
   115.88872480099191       -1193.0918750500005     
   115.47726892285561       -1184.1226434900000     
   115.06637397038513       -1174.7081237100001     
   114.65618490189860       -1164.8483368099996     
   114.24704033544351       -1154.4620625500002     
   113.83885203552190       -1143.5791579200004     
   113.43158046804700       -1132.2495325099999     
   113.02528579358560       -1120.4979078099996     
   112.61993306171317       -1108.3301158300001     
   112.21604538288213       -1095.6207183500001     
   111.81368062582817       -1082.3539889599997     
   111.41267320575312       -1068.5786943700004     
   111.01308156435043       -1054.3107915900000     
   110.61478824527538       -1039.5869208200002     
   110.21848022490519       -1024.2769628100004     
   109.82408359168639       -1008.4097724200001     
   109.43153360138990       -992.01851259999967     
   109.04063831315969       -975.15329354999994     
   108.65144986615371       -957.81188899999961     
   108.26468789534258       -939.81621222000012     
   107.88066752750483       -921.11627225000029     
   107.49912004544207       -901.78075918000013     
   107.11998643450303       -881.84055438999985     
   106.74308621298724       -861.34395984999992     
   106.36871044344655       -840.25253908000013     
   105.99757475014718       -818.48717737999959     
   105.62936744405722       -796.15734602999964     
   105.26378428459593       -773.34334603000025     
   104.90069406443190       -749.83104696000009     
   104.54057864105741       -725.14082195999981     
   104.18493629906501       -698.77256155000032     
   103.83457433596561       -670.39379024000027     
   103.48965088810624       -639.25721855000029     
   103.15020606253147       -606.02789552000013     
   102.81606911782309       -571.47624815000017     
   102.48713577566528       -535.77975679999963     
   102.16366329410087       -498.88987415999964     
   101.84550900664291       -460.88874701999976     
   101.53234002482164       -421.77033873999972     
   101.22387559932527       -380.57340059000035     
   100.92007848789815       -336.92315443000007     
   100.62101629955824       -291.52292524000040     
   100.32631374696017       -244.58366319000015     
   100.03487648074567       -196.21649606000028     
   99.746542353863262       -146.52722848000030     
   99.461279280677289       -95.610455469999579     
   99.178984128787491       -41.887065679999978     
   99.012108456725997       -2.5232430500000191     
   99.002995563248021        0.0000000000000000     
>
   150.11899869872806       -35.000000000000000     
   149.70795191244608       -112.22036601000036     
   149.44575096283018       -157.46153125000001     
   149.19140411845132       -202.48048999000002     
   148.93584489541172       -246.68002928999977     
   148.67487179431660       -289.82318418999967     
   148.40601765896875       -331.89871382999991     
   148.12762033885079       -372.92162470000039     
   147.83859178713996       -412.38866796999991     
   147.53960236443803       -449.56296921000012     
   147.23812229426997       -485.33431810999991     
   146.93402552592431       -520.16447574999984     
   146.62602863397581       -554.00499966000007     
   146.31385316094361       -586.72019591000026     
   145.99660357381899       -618.41246410999975     
   145.67350065002216       -649.00749219000045     
   145.34631597500643       -677.86356274999980     
   145.01768515455601       -704.72351947999960     
   144.68640325846133       -730.80554539999957     
   144.35058869337547       -755.78658025000004     
   144.01037037479878       -779.28701191999971     
   143.66549677426622       -801.36131502999979     
   143.31692587718456       -822.58246271999997     
   142.96746231188291       -843.42862201000025     
   142.61663453410904       -864.16266126000028     
   142.26351206042949       -884.66498572000000     
   141.90748640968283       -904.60664231000010     
   141.54791586915636       -923.77736111000013     
   141.18560830931867       -942.14287446999970     
   140.82163401530136       -959.72358496000015     
   140.45551628623210       -976.65650765999999     
   140.08676180546300       -993.09539675999986     
   139.71495174085754       -1009.3977619099996     
   139.34031699440067       -1025.6190346699996     
   138.96409859264210       -1041.8228691100003     
   138.58635268544427       -1057.9707813699997     
   138.20665413813492       -1073.7689053000004     
   137.82465058167995       -1089.1726139100001     
   137.44000626282067       -1104.0378274100003     
   137.05315662946930       -1118.3369384899997     
   136.66466604503836       -1132.0679488599999     
   136.27429329430277       -1145.2009373100000     
   135.88195071472234       -1157.7509587400000     
   135.48767325672162       -1169.7200393900002     
   135.09158353326532       -1181.0931055199999     
   134.69432497593948       -1191.8830113100003     
   134.29578929572384       -1202.0722490799999     
   133.89583268021579       -1211.6411582199999     
   133.49429011757496       -1220.6502986599999     
   133.09125442696157       -1229.1051045300001     
   132.68743951376851       -1236.9188589200003     
   132.28290611152033       -1244.0613832600002     
   131.87752759654785       -1250.6338643400004     
   131.47122719250865       -1256.6852736000001     
   131.06410573997189       -1262.2271059300001     
   130.65689547897935       -1267.1382447300002     
   130.24951218473748       -1271.3199716500003     
   129.84174672765690       -1274.7222443999999     
   129.43341232350161       -1277.4888400299997     
   129.02456626804951       -1279.7256843400000     
   128.61592074782010       -1281.7541654799998     
   128.20745055267111       -1283.5740867699997     
   127.79899983808663       -1285.1320308400000     
   127.39043625081963       -1286.3790247799998     
   126.98167270128772       -1287.2792529300004     
   126.57275903681769       -1287.8510577400002     
   126.16369697628281       -1288.1012945700004     
   125.75446818503418       -1288.0267206099998     
   125.34504917180287       -1287.5923824600004     
   124.93541358053105       -1286.7414130899997     
   124.52560266417878       -1285.5308667899999     
   124.11561756866163       -1283.9549285100002     
   123.70545542919072       -1281.9888067399997     
   123.29512082942830       -1279.6034682999998     
   122.88462522852988       -1276.8398522799998     
   122.47395945917107       -1274.2380139600000     
   122.06306622557392       -1271.9859593000001     
   121.65200969900970       -1269.9202122099996     
   121.24084602934077       -1267.8264469799997     
   120.82959985375162       -1265.4827857099999     
   120.41810329561299       -1262.5834831399998     
   120.00635520900929       -1259.1054472100004     
   119.59439398211174       -1255.0922541500004     
   119.18227347295156       -1250.6053069899999     
   118.77006644716673       -1245.6976008000001     
   118.35780384447732       -1240.3295932800002     
   117.94556473305686       -1234.5277779899998     
   117.53345224530561       -1228.2988265599997     
   117.12147382967468       -1221.6641749299997     
   116.70965698813747       -1214.6393871999999     
   116.29810771788313       -1207.1994563799999     
   115.88690852483190       -1199.3492337600001     
   115.47612358025501       -1191.0854120699996     
   115.06577924021033       -1182.3681170500004     
   114.65589383934676       -1173.1998592700002     
   114.24698074783448       -1163.4457311200003     
   113.83907377018244       -1153.1139952599997     
   113.43194085849009       -1142.3056165199996     
   113.02555565669958       -1131.0678964500003     
   112.62009635468023       -1119.3691565600002     
   112.21603564259989       -1107.0994745999997     
   111.81354082413007       -1094.2306579799997     
   111.41267549758423       -1080.7309954000002     
   111.01318870745513       -1066.6914587900001     
   110.61525176811874       -1052.0873546299999     
   110.21946857707430       -1036.8022601499997     
   109.82606430672904       -1020.8014286099997     
   109.43460007142410       -1004.2111973299998     
   109.04505524467945       -987.05410577000021     
   108.65709521915204       -969.43052968000029     
   108.27171751433541       -951.13329919999978     
   107.88929741757495       -932.08251988000029     
   107.50970773224367       -912.31900215000041     
   107.13271755635655       -891.90936830999999     
   106.75811031187308       -870.91012158000012     
   106.38621888726296       -849.27146068999991     
   106.01768327636552       -826.90951222999956     
   105.65224335634903       -803.91023279999990     
   105.28953873677038       -780.41686609000044     
   104.92924970718879       -756.38387300999966     
   104.57127657295068       -731.63859382000010     
   104.21688385187468       -705.67677325000022     
   103.86683586963829       -678.07086616000015     
   103.52123747751503       -647.86347396000019     
   103.18022102875194       -615.19039338000039     
   102.84379167996904       -580.90331339000022     
   102.51190302158618       -545.40633259999959     
   102.18483637587295       -508.71449872999983     
   101.86269831297629       -470.81946020000032     
   101.54554039909632       -431.65675778999957     
   101.23337638521974       -390.58541531999981     
   100.92622288712217       -346.92123979999997     
   100.62408678029691       -301.40865509000014     
   100.32671080670114       -254.42147524000029     
   100.03317708797262       -206.05432918000042     
   99.743320039313105       -156.37044838000020     
   99.457178048893866       -105.54537720000008     
   99.174779191646039       -53.060238240000217     
   98.980088711236135       -9.7928221399997710     
   98.943799284375785        0.0000000000000000     
>
   150.27599657867637       -35.000000000000000     
   150.12330676826977       -59.552036279999811     
   149.84525322281931       -77.082000960000187     
   149.53477656960243       -104.27188082999965     
   149.24343097663262       -134.36393529999987     
   148.95507565031238       -165.49763507999978     
   148.65880892297707       -196.80949015999977     
   148.34989128787740       -227.36064575999990     
   148.02674310041604       -256.48089935999997     
   147.68802535826305       -284.14378379000027     
   147.34192562808300       -310.30502575999981     
   146.99507360433890       -334.89365420000013     
   146.64449277136785       -357.94967604999965     
   146.28871750317069       -379.08648026999981     
   145.92636238783734       -397.88714967000033     
   145.55677769124623       -413.45204080999974     
   145.18530567173048       -425.51959212000020     
   144.81390870968377       -435.12534595000034     
   144.44209864507829       -443.01625589000014     
   144.06863903502654       -449.33145934999993     
   143.69174626196187       -454.07588142999975     
   143.31116879741927       -457.27484498000013     
   142.93011291313107       -459.15842149000036     
   142.54884904516899       -459.81979295000019     
   142.16691424364751       -459.23110185000041     
   141.78300560257674       -457.36253842000042     
   141.39607460922070       -454.19776353999987     
   141.00911725980686       -449.35540380000020     
   140.62269963662101       -442.76619347999986     
   140.23617716216160       -434.47987579999972     
   139.84891213442029       -424.54726670000036     
   139.46061864746540       -412.30833804000031     
   139.07315938703701       -396.65163485999983     
   138.68778855771373       -377.71348035000028     
   138.30458981133134       -356.39793972000007     
   137.92338553097829       -333.11924613999963     
   137.54416024679458       -308.12817328999972     
   137.16767885741541       -281.39897862999987     
   136.79573300181622       -252.90173938000044     
   136.42815652224118       -222.67028825000034     
   136.06432317583753       -190.84318885999983     
   135.70418483415185       -157.51418597999964     
   135.34785436986667       -122.77233826999964     
   134.99550768102017       -86.965741320000234     
   134.64738082621736       -47.867603200000303     
   134.35029877996232       -2.1530409999995754     
   134.33900119847235        0.0000000000000000     
>
   150.27599657867637       -35.000000000000000     
   149.69216749858725       -102.39581000999988     
   149.36433996494327       -143.95116553000025     
   149.05316544915138       -185.72020856000017     
   148.74063416933834       -226.77428934999989     
   148.41878029350013       -266.77908398000000     
   148.08343211604657       -305.66079718000037     
   147.73206919570691       -343.50004900000022     
   147.37021369955701       -380.15286964000006     
   147.00680376895221       -414.65768349999962     
   146.63898263640542       -446.30888236000010     
   146.26431752318624       -476.29327421000016     
   145.88064608663603       -505.07116508000036     
   145.48693070021667       -532.64748176000012     
   145.08829016872744       -558.98918809000043     
   144.68405012086220       -584.11889608000001     
   144.27274091991737       -608.11883922000015     
   143.85269010213545       -630.80121782999959     
   143.42521718928197       -651.94023364999975     
   142.99561917602549       -670.77451545999975     
   142.56404445843080       -686.25158450999970     
   142.12935514234846       -699.28890468000009     
   141.69151627735391       -710.73273049999989     
   141.25099195924838       -720.77053658000023     
   140.81047165184722       -729.76869033000003     
   140.36944542272710       -737.82545966999987     
   139.92725035973740       -744.97255038999992     
   139.48328199242113       -751.22321756000019     
   139.03894807804173       -756.52428547000000     
   138.59554636596908       -760.78912574999958     
   138.15242884095491       -763.87341182999990     
   137.70910906184469       -765.65522339000017     
   137.26532404101772       -766.10207162000006     
   136.82130468045912       -765.80212355000003     
   136.37705098016883       -764.90085476999957     
   135.93241683591313       -763.35951085000033     
   135.48719598289156       -761.12146364999990     
   135.04156832984677       -758.13676409999971     
   134.59660473486807       -754.29100225000002     
   134.15274121882538       -749.26778334000028     
   133.71040635413758       -742.92709387000014     
   133.26980411377403       -735.27324680000038     
   132.83076833997876       -726.65348698999969     
   132.39346461754999       -717.06193778000033     
   131.95813473467052       -706.09597759999997     
   131.52500959332534       -693.34507725000003     
   131.09443182226647       -678.34037689999968     
   130.66578033526119       -660.24663670999962     
   130.23946708895278       -638.69219217000045     
   129.81610457520719       -614.79582270999981     
   129.39627778391696       -589.18771276000007     
   128.98039007735863       -562.20034538999971     
   128.56880642963756       -533.96043697999994     
   128.16188895007016       -504.45538015999955     
   127.75978603472132       -473.68735559000015     
   127.36292854784088       -441.58111517999987     
   126.97207393961301       -407.63234050000028     
   126.58625620322198       -371.04106013999990     
   126.20522667499161       -332.32242052000038     
   125.82935720452060       -292.12456153000039     
   125.45939550171074       -250.45441524000034     
   125.09614026970632       -207.14544933999969     
   124.73788352136749       -162.52392966000025     
   124.38354064761829       -116.96463514999959     
   124.03393899949188       -70.451348380000127     
   123.70155874333447       -18.995931870000277     
   123.60499931472368        0.0000000000000000     
>
   150.27599657867637       -35.000000000000000     
   149.84715486968841       -107.07555159000003     
   149.55708525369283       -150.66149083999971     
   149.28747194928758       -193.75948478999999     
   149.02334643449134       -235.57216063000033     
   148.75620888064998       -276.03532016000008     
   148.48176210441946       -315.25574642999982     
   148.19736935410006       -353.38517570000022     
   147.90118914338947       -390.31429679000030     
   147.59254710098156       -425.12689951999982     
   147.28030172710032       -457.61678527999993     
   146.96742037008423       -488.54215389000001     
   146.65204492785531       -518.23820224999963     
   146.33254762736291       -546.71440644999984     
   146.00755336993700       -574.00729718999992     
   145.67593342875261       -600.23878881000019     
   145.33933964108704       -625.50544527999955     
   145.00110662121526       -649.71926730999985     
   144.66116332237257       -672.30869300999984     
   144.31913101946699       -692.65157489000012     
   143.97332006000767       -712.09240704999957     
   143.62359751778985       -731.11191409999992     
   143.27134765880800       -749.21999849999975     
   142.91906915193721       -765.67238765000002     
   142.56603949741793       -779.16590741999971     
   142.21129727209663       -789.77566304999982     
   141.85456631032380       -798.50818307000009     
   141.49523583910678       -805.27725111000018     
   141.13521724559698       -810.24017113999980     
   140.77592458959339       -813.84215777000009     
   140.41723468517353       -816.44080907999978     
   140.05851441399130       -818.49534585000038     
   139.69922691460775       -820.17375248999997     
   139.33872417177452       -821.42478301000028     
   138.97725714099892       -822.16076620999957     
   138.61485447016989       -822.36083566999969     
   138.25140271364720       -821.98321743999986     
   137.88679702015719       -820.95831875000022     
   137.52094858124417       -819.18444566000016     
   137.15428253158021       -816.64718444000027     
   136.78766403741196       -813.42438636000043     
   136.42058545814697       -809.39158113000030     
   136.05299981124745       -804.39632408000034     
   135.68492886910894       -798.26432841000042     
   135.31643050046716       -790.80176508000022     
   134.94829424114184       -781.89641964000020     
   134.58184935318064       -771.44412836999982     
   134.21802632001703       -759.28062432000024     
   133.85715860307846       -745.39550459000020     
   133.49834895048275       -731.43098133999956     
   133.14320278992710       -717.15361312000005     
   132.78791281696891       -703.47112321999975     
   132.43076073122836       -690.44414142999995     
   132.07462449963032       -676.58287371999995     
   131.72064316223981       -659.83972071999960     
   131.36873650496770       -640.10792937000042     
   131.01841178412394       -618.51117737000004     
   130.66941231462346       -595.54652824999994     
   130.32234371283880       -571.34326074999990     
   129.97789811176733       -545.64487041000029     
   129.63661294580578       -518.51105733999975     
   129.29870937665700       -490.43742000000020     
   128.96392040599591       -461.96432859000015     
   128.63152238814735       -433.07113512999967     
   128.30084324363636       -402.63810410000042     
   127.97161883892670       -368.82915657000012     
   127.64369332950250       -332.91862277000018     
   127.31641010574872       -296.69972897000025     
   126.98860434450036       -260.30457176999971     
   126.66353502960537       -222.48995318000016     
   126.34204899266140       -183.58596908999971     
   126.02384485787665       -143.98570145000031     
   125.70845681057659       -105.28843557999971     
   125.39298224665187       -70.488907629999630     
   125.17083734833668       -42.877576949999820     
   125.04781185398967       -20.433129259999987     
   124.97899274921599        0.0000000000000000     
>
   150.27599657867637       -35.000000000000000     
   149.89497163410823       -109.80941069999972     
   149.61997711024085       -154.46034941000016     
   149.36102597714847       -199.11057044999961     
   149.10899789290201       -242.35113799000010     
   148.85552710096752       -284.19145518999994     
   148.59637371377912       -324.77581990999988     
   148.32899093400823       -364.24913725999977     
   148.05169254691072       -402.33676921000006     
   147.76344035299073       -438.10683752000023     
   147.46661957548301       -472.46171417999994     
   147.16934788020305       -505.62467254999956     
   146.87087297358678       -537.56188425999972     
   146.56959687638812       -568.30501490000006     
   146.26423157951933       -598.00089262999973     
   145.95380993024929       -626.75686328000029     
   145.63772974995197       -654.44599491999998     
   145.31856762976042       -680.38029656999970     
   144.99736119621272       -704.48935809999966     
   144.67278863571227       -727.75284706999992     
   144.34711255852912       -750.16321616999994     
   144.01948498715012       -770.99629161000030     
   143.68881214517467       -789.44317918999968     
   143.35521836444093       -806.25193820999993     
   143.02137133636882       -821.64806974000021     
   142.68633943160933       -836.57437398999991     
   142.34977944845275       -851.60369458999958     
   142.01126739814251       -866.67499921000035     
   141.67017589191033       -881.79272357999980     
   141.32647284412064       -896.60728947000007     
   140.98155684471240       -910.71407745000033     
   140.63513912296494       -923.94467416000043     
   140.28693319998862       -935.95877022999957     
   139.93664686731609       -946.59153955999955     
   139.58425949846722       -955.86879182000030     
   139.23019680107208       -963.86616085999958     
   138.87576569182488       -970.45125023000037     
   138.52089455100329       -975.62557715000003     
   138.16541091831573       -979.41232416999992     
   137.80893606867019       -982.11962379000033     
   137.45144078121990       -984.11024886999985     
   137.09371516474238       -985.88524484000027     
   136.73617232179643       -987.63875915999961     
   136.37849426081459       -989.25686420999955     
   136.02044320431850       -990.65285298999970     
   135.66185987004556       -991.76932233000025     
   135.30266404390665       -992.57218242999988     
   134.94313361042470       -993.05623717999970     
   134.58334133523766       -993.20945794999989     
   134.22327346735884       -992.99871574000008     
   133.86290823439259       -992.37906594000015     
   133.50221928028114       -991.29012837000028     
   133.14121749122225       -989.67729497999971     
   132.78008621370523       -987.52262614000028     
   132.41862548546521       -984.66279083999962     
   132.05667258649282       -981.02685025000028     
   131.69427851003053       -976.51279778000026     
   131.33176984201233       -970.99224943999980     
   130.96958489513946       -964.44822113999999     
   130.60825480127306       -956.90834808999989     
   130.24825568832773       -948.25915172999976     
   129.88994851970438       -938.54272252999999     
   129.53380713148630       -927.72977634000017     
   129.18060902737992       -915.68323505999979     
   128.83033701865185       -902.62922926000010     
   128.48288739994405       -888.89149392000036     
   128.13876723889109       -874.37431042000026     
   127.79821946959139       -859.10672203000013     
   127.46140165543419       -842.95903087999977     
   127.12864095531140       -825.89925311000025     
   126.79952426666425       -807.94078916000035     
   126.47354681368925       -789.48414675000004     
   126.15076417329098       -770.69630502000018     
   125.83112306039604       -751.93431457000042     
   125.51504803671874       -732.92719832999956     
   125.20312122736273       -713.28051529999993     
   124.89515183738759       -692.42882626000028     
   124.59028100308228       -669.87276310000016     
   124.28894302644345       -644.49738084000001     
   123.99197499878646       -616.75341120000030     
   123.70026557762685       -587.35170921000008     
   123.41483921147382       -556.72113654999976     
   123.13698104462603       -524.93639631000042     
   122.86720903091594       -491.95003407999957     
   122.60400024856644       -457.63062262000039     
   122.34858197314051       -421.47010874999978     
   122.10363908479148       -382.14000863999991     
   121.87367159391704       -338.45751888999985     
   121.66513902651975       -289.52167715999985     
   121.48810022937104       -233.84700002000045     
   121.35284838897400       -173.55436396999994     
   121.25091977301443       -116.00969429999986     
   121.16518408981023       -62.096445180000046     
   121.11408026661124       -29.436959329999809     
   121.08209719041925       -4.2815112700000100     
   121.07799939638249        0.0000000000000000     
>
   150.27599657867637       -35.000000000000000     
   149.65488971955781       -107.92079873999955     
   149.32318440766429       -151.35928056000012     
   149.00682519692850       -194.52239820999966     
   148.68839875452542       -236.66187824999997     
   148.36043371101442       -277.55593222999960     
   148.01914281547513       -317.23236863999955     
   147.66230012693535       -355.80884669999978     
   147.29868622336113       -392.95161932999963     
   146.93344168194733       -427.41596361000029     
   146.56359055998888       -459.48631274000036     
   146.18668403593753       -490.14971390000028     
   145.80063768939263       -519.62620424000033     
   145.40544292598739       -547.91255659000035     
   145.00683791788046       -575.06794463999995     
   144.60348423569963       -601.06043341999975     
   144.19106292370537       -625.18849316999967     
   143.77479133543500       -647.42498058000001     
   143.35778521529170       -667.71377199000017     
   142.93973516607474       -685.48820960000012     
   142.51972159054847       -701.20623978000003     
   142.09652638047442       -715.50683117999961     
   141.66927806707037       -728.58961918000023     
   141.23818062330574       -740.75231515999985     
   140.80605873103192       -752.25174763999985     
   140.37250501726794       -763.03951974000029     
   139.93701126846364       -773.03768845000013     
   139.49911625360673       -782.18850013999963     
   139.05969029556388       -790.55639040999995     
   138.61980539833985       -798.36193112999990     
   138.17907023177153       -805.73302238999986     
   137.73713872936028       -812.80052344999967     
   137.29370894235643       -819.64140845000020     
   136.84917621162765       -826.20424324000032     
   136.40358179013407       -832.56113038999956     
   135.95671482941290       -838.77178066000033     
   135.50837192945252       -844.90456532000007     
   135.05851642095513       -850.99055219000002     
   134.60753734225273       -856.61861987999964     
   134.15545016320536       -861.65001905999998     
   133.70223597620634       -866.04229650999969     
   133.24789420829791       -869.75889050000023     
   132.79297776373693       -872.77421047999997     
   132.33780921775312       -875.01684007000040     
   131.88241721823542       -876.42731860000004     
   131.42681150546608       -876.98412198999995     
   130.97118917692117       -876.68158555999980     
   130.51615413009986       -875.49252358000012     
   130.06168573852221       -873.45607086000018     
   129.60768373457685       -870.60927620999973     
   129.15402722417232       -866.98246459999973     
   128.70104336620051       -862.62118539000039     
   128.24895332236429       -857.51652540000032     
   127.79776167632581       -851.62154050000026     
   127.34742717512501       -844.95318849999967     
   126.89760833592544       -837.99012132000007     
   126.44865638184581       -830.78534191000017     
   126.00069220697749       -823.17223724999985     
   125.55377310709844       -814.97771924999961     
   125.10736909626283       -806.49705402000018     
   124.66122234347006       -798.06832097000006     
   124.21596883185508       -789.45635554000000     
   123.77180394002058       -780.33237831000042     
   123.32881074684445       -770.45464931999959     
   122.88615445284253       -760.07104667000021     
   122.44476955215262       -749.33429061999959     
   122.00598817161134       -737.63153625999985     
   121.56969228191612       -724.82807753999987     
   121.13502072752495       -711.14131989999987     
   120.70243187466112       -696.18027343999984     
   120.27271640505988       -679.81401951000043     
   119.84649196720726       -660.85123681000005     
   119.42337754418004       -639.08229177999965     
   119.00298581651954       -615.47763902000042     
   118.58568175833108       -590.61689722000028     
   118.17266227841536       -564.68566463000025     
   117.76405571931494       -537.74118798000018     
   117.35965868101820       -509.75464847999956     
   116.95909301139089       -480.67778638999971     
   116.56250767945559       -450.44647776999955     
   116.17070310722980       -418.67196899000010     
   115.78395431444761       -384.49901365999995     
   115.40248876534724       -347.92225457000040     
   115.02630875175993       -309.61100113999964     
   114.65522118691401       -269.83789224999964     
   114.28880036317955       -228.43183001000034     
   113.92646530136848       -184.73387449999973     
   113.56728150734293       -138.31216384999971     
   113.21045428866317       -90.216687279999860     
   112.85597906166701       -39.498646140000346     
   112.63499898651689        0.0000000000000000     
>
   150.27599657867637       -35.000000000000000     
   149.67619171683020       -111.13479814000038     
   149.35002003116807       -156.01212573999965     
   149.03990606022543       -200.41288007000003     
   148.72859575343983       -243.64656739000020     
   148.40896667265824       -285.57643172000007     
   148.07737423344722       -326.27137192000009     
   147.73167213596591       -365.84859099000005     
   147.37694767233577       -403.85110595999959     
   147.02123141878991       -439.02046417000020     
   146.66178005348146       -472.26521716000025     
   146.29619173740016       -504.31393819000004     
   145.92250523606785       -535.22095532999992     
   145.53930763560103       -564.99080543000036     
   145.15170914643227       -593.71555311999964     
   144.75876152343704       -620.95304398000007     
   144.36239735320450       -646.31388855000023     
   143.96675167202707       -669.72159088999979     
   143.56696751681059       -690.78677224999956     
   143.16437300368716       -710.25741892000042     
   142.76040281893594       -728.54567451000003     
   142.35394771629637       -746.05724898999961     
   141.94421529515984       -762.93542498999977     
   141.53040570646661       -779.25512588000038     
   141.11412666974510       -795.15386338000008     
   140.69677849380761       -810.75962901999992     
   140.27771488227927       -826.10326918000010     
   139.85595894214651       -841.02461225000025     
   139.43088786830339       -855.52938953000012     
   139.00348829404567       -869.47311910999997     
   138.57427244362788       -882.89206405999994     
   138.14282950632241       -895.65199307999956     
   137.70874981731711       -907.63398547999986     
   137.27172913603127       -918.79666263000036     
   136.83295520394111       -929.30071602000044     
   136.39261767007156       -939.13766510000005     
   135.95051313441095       -948.24978950999957     
   135.50649148202126       -956.65569008999955     
   135.06077903122514       -964.37807968000016     
   134.61430511954046       -971.45782925000003     
   134.16702906696497       -977.88479336000000     
   133.71882997940716       -983.66560730000037     
   133.26956920108455       -988.83450608000021     
   132.81981109540959       -993.43512479000037     
   132.36990230183872       -997.49641298000006     
   131.91980385924293       -1001.0153492500003     
   131.46948253607101       -1003.9831756399999     
   131.01899906584762       -1006.4138112000001     
   130.56873274662252       -1008.4201152500000     
   130.11871623698914       -1010.0040737199997     
   129.66893406708749       -1011.1470940199997     
   129.21937248593079       -1011.8243896599997     
   128.76984299040973       -1012.0677299800000     
   128.32022182164400       -1011.9051173999997     
   127.87054450301592       -1011.2992728400004     
   127.42081619114549       -1010.1997372100004     
   126.97104834518831       -1008.5634323200002     
   126.52107366147280       -1006.4615950999996     
   126.07096089493253       -1003.8602862300004     
   125.62086245233674       -1000.6896248900002     
   125.17097313933036       -996.86753985999985     
   124.72143619535817       -992.40433092999956     
   124.27236392014491       -987.31752356000015     
   123.82404393849569       -981.42063030999998     
   123.37675871859571       -974.57397079000020     
   122.93051112523385       -966.96965816000011     
   122.48498259388484       -958.79921948999981     
   122.04026537075117       -950.05059574999996     
   121.59663848627132       -940.65761643000042     
   121.15433628017688       -930.67247793000024     
   120.71360970797527       -920.04764985000020     
   120.27437225304175       -908.82346237000002     
   119.83670871312766       -897.05767268999989     
   119.40085514683800       -884.71508774999984     
   118.96707855249790       -871.75139814999966     
   118.53539210813629       -858.19562864999989     
   118.10571961036850       -844.05813488999956     
   117.67820830934382       -829.34869959000025     
   117.25305301070715       -814.05788990000019     
   116.83053389081252       -798.15671277000001     
   116.41067730571777       -781.61961568999959     
   115.99342252189830       -764.41123552000045     
   115.57885892076767       -746.47727266000038     
   115.16709708317728       -727.74865620000037     
   114.75847906492127       -708.06649655999991     
   114.35296475895512       -686.99047141000028     
   113.95048770217643       -664.03560885000024     
   113.55122780332790       -638.65808343000026     
   113.15550305397694       -611.46399987000041     
   112.76367556344000       -582.96823648000009     
   112.37550411649207       -553.39403487999971     
   111.99049023986521       -522.76053744000001     
   111.60851762313031       -490.93827270000020     
   111.22967507474307       -457.72858755000016     
   110.85407202963938       -422.85368532000030     
   110.48167525626799       -385.70863682999970     
   110.11244579349999       -346.17777084000045     
   109.74643062387320       -304.81708898000034     
   109.38364980090992       -261.74961038000038     
   109.02432849701738       -216.67023633000008     
   108.66988420974126       -169.38368248000006     
   108.32283795331000       -120.08167541999956     
   107.98333525899953       -68.382801149999977     
   107.65024682702706       -7.2960687900003904     
   107.61749713332651        0.0000000000000000     
>
   150.27599657867637       -35.000000000000000     
   149.74976809004448       -118.28320609999992     
   149.43593275832603       -167.26751943999989     
   149.14226324860380       -214.82765631999973     
   148.85221483204606       -260.54105051999977     
   148.55780276904204       -304.59209224000006     
   148.25517449148444       -347.23972010000034     
   147.94228912376391       -388.56117956999969     
   147.61835426527171       -427.78121069000008     
   147.29110771081579       -464.81564289000016     
   146.96238636303630       -500.61102128000039     
   146.63006168378348       -535.36631100999966     
   146.29237297380189       -569.07877382999959     
   145.94784486681019       -601.83208594000007     
   145.59536238697001       -633.61913083000036     
   145.23937913509903       -663.82740420000027     
   144.88314492772071       -691.57770950000031     
   144.52522335968274       -717.83737093000036     
   144.16428230414840       -743.25663571000041     
   143.79917813739053       -768.08013352000035     
   143.42930581599427       -792.39888914000039     
   143.05742986124415       -816.38019370999973     
   142.68361559032709       -840.05571741000040     
   142.30700471248980       -863.34940363999976     
   141.92665127443885       -885.98710709999978     
   141.54187574824817       -907.84394057999998     
   141.15371117679356       -928.95724745999996     
   140.76325878492668       -949.48271573999955     
   140.36990951852823       -969.46254649999992     
   139.97317407165480       -988.92578221999975     
   139.57257688934962       -1007.8448097399996     
   139.16843596318017       -1026.2355130400001     
   138.76193502391828       -1044.1240622300002     
   138.35277269577202       -1061.4813946900003     
   137.94061379844067       -1078.2571283899997     
   137.52519133359903       -1094.4189697600004     
   137.10679006126341       -1109.9580679700002     
   136.68626712627147       -1124.9841855699997     
   136.26336355170702       -1139.5753177699999     
   135.83782895502051       -1153.7142681799996     
   135.40944274746701       -1167.3499016899996     
   134.97854698484068       -1180.4986461700000     
   134.54566076688943       -1193.1084067600004     
   134.11063569754847       -1205.1126455900003     
   133.67334687202197       -1216.4889930500003     
   133.23386762890561       -1227.2842906300002     
   132.79270618174962       -1237.5070338200003     
   132.34999717563198       -1247.1366166999996     
   131.90567414745038       -1256.1719052500002     
   131.45970443861142       -1264.5892860100003     
   131.01217800348638       -1272.3502423700002     
   130.56354919759423       -1279.4026143999999     
   130.11383177192158       -1285.7911901600000     
   129.66303260196185       -1291.5101496600000     
   129.21114882292611       -1296.5498566099996     
   128.75874880893133       -1300.9085760600001     
   128.30627889408751       -1304.5563254700000     
   127.85363078937434       -1307.4815654300000     
   127.40053004801560       -1309.7879675900003     
   126.94694343846012       -1311.5106621799996     
   126.49311274889070       -1312.8663398899998     
   126.03904199001181       -1313.8294217900002     
   125.58471225421671       -1314.3335785299996     
   125.13012869812546       -1314.3131577200002     
   124.67533028286699       -1313.8677364300001     
   124.22034852111919       -1313.1008384300003     
   123.76519888274210       -1311.9365629200001     
   123.30990600492019       -1310.2870546499998     
   122.85450999469803       -1308.1365245699999     
   122.39905382390909       -1306.0177614800004     
   121.94359822607790       -1304.0511056699997     
   121.48835118487834       -1302.1106325700002     
   121.03349948454638       -1300.1192494600000     
   120.57910901522673       -1297.6983944800004     
   120.12517576621484       -1294.4544265200002     
   119.67182636117994       -1290.2886954899996     
   119.21916622435340       -1285.1592207900003     
   118.76729734221993       -1279.0973700799996     
   118.31654973846032       -1272.0664747800001     
   117.86732219168888       -1264.2275095300001     
   117.41988628389298       -1255.6377607699997     
   116.97438754634850       -1246.2540667000003     
   116.53091822525791       -1236.0636893199999     
   116.08960551724816       -1225.1932944500004     
   115.65057719190403       -1213.6392673299997     
   115.21397018613476       -1201.3784092500000     
   114.78008415685882       -1188.4544411400002     
   114.34904801957661       -1174.8043037999996     
   113.92082395907461       -1160.4805808499996     
   113.49556037141767       -1145.5002982899996     
   113.07345378112404       -1129.8367318500004     
   112.65485483835461       -1113.4660683399998     
   112.23966785916024       -1096.3925304200002     
   111.82780689987405       -1078.6736484700004     
   111.41938311430518       -1060.2993290000004     
   111.01471678585222       -1041.2359901999998     
   110.61421929820064       -1021.4228102099996     
   110.21754744964068       -1000.9079446699998     
   109.82445429536951       -979.74422041999969     
   109.43514037060989       -957.91053880999971     
   109.05004685285172       -935.35295942999983     
   108.66980628748330       -911.99194026999976     
   108.29386405137431       -887.91130301999965     
   107.92154863800759       -863.23207420000017     
   107.55288640344095       -838.01188449999972     
   107.18819648515743       -812.24700889999986     
   106.82820653953658       -785.76122594000026     
   106.47333654463054       -758.40465038999992     
   106.12128951270253       -730.48601235000024     
   105.77164546570046       -702.25957068000025     
   105.42468744476720       -673.51497800000016     
   105.08103539021985       -642.95692105000035     
   104.74119522377744       -610.59080491999975     
   104.40472977865443       -577.10238848999961     
   104.06977694206849       -542.87378122999962     
   103.73701910673459       -507.74115444000017     
   103.40734034650605       -471.40311010000005     
   103.08157546086716       -433.36808161000044     
   102.76060795071335       -392.93924961999983     
   102.44524396764002       -349.93449100999987     
   102.13487617640119       -305.39389088999997     
   101.82937967220101       -259.55497113999991     
   101.52873955813723       -212.85025428999961     
   101.23300854632549       -165.52838275999966     
   100.94454206619609       -115.99728382000012     
   100.66878321665128       -64.575677060000089     
   100.45576209801185       -16.664776409999831     
   100.39700012113623        0.0000000000000000     
>
   150.27599657867637       -35.000000000000000     
   149.78002484444778       -118.75767453000026     
   149.47658182092820       -167.25869210000019     
   149.19485790794425       -214.08002581999972     
   148.91704213997215       -259.18226419999974     
   148.63544141291075       -302.70912461999978     
   148.34621633668169       -344.88849553000000     
   148.04727217764429       -385.79569629999969     
   147.73742463206895       -424.70929135999995     
   147.42029880382464       -461.52795005999997     
   147.10214795411332       -497.12192486999993     
   146.78109851099711       -531.73260828000002     
   146.45546196790073       -565.33882609000011     
   146.12381509770069       -598.02307217999987     
   145.78503834089648       -629.81818373999977     
   145.43948292060668       -660.35233067999980     
   145.09183964216948       -688.56412701000045     
   144.74118604356048       -715.17513582999982     
   144.38587315229114       -740.90925476000029     
   144.02450696208467       -765.89591863999976     
   143.65579373427568       -790.08727321999959     
   143.28107361710971       -813.78684702000010     
   142.90480708689770       -837.21321239000008     
   142.52727661182485       -860.40232483000000     
   142.14774364931367       -882.98798231000001     
   141.76519864775736       -904.75740381000014     
   141.37909385951895       -925.62315012999989     
   140.99115847117602       -945.81194366999989     
   140.60129450694839       -965.40964540000004     
   140.20889692342115       -984.49171210999975     
   139.81343802647973       -1003.0775663400000     
   139.41451101610087       -1021.1934301100000     
   139.01314778924498       -1038.8404948699999     
   138.60978837748632       -1056.0277539600002     
   138.20406035826855       -1072.6684894299997     
   137.79566120988420       -1088.7377178400002     
   137.38432106921925       -1104.1740517899998     
   136.97079337575340       -1119.0198899400002     
   136.55542305006972       -1133.3777591799999     
   136.13797059581643       -1147.2525083500004     
   135.71818161973960       -1160.6123644299996     
   135.29589913140777       -1173.4479335599999     
   134.87180151283150       -1185.7696401499998     
   134.44619930712705       -1197.5425646399999     
   134.01894641006078       -1208.7354739100001     
   133.58989270669451       -1219.3604911800003     
   133.15901012209710       -1229.4431006100003     
   132.72682176672092       -1238.9688970699999     
   132.29336946648382       -1247.9173299800004     
   131.85858790419903       -1256.2998369899997     
   131.42247707986652       -1264.1127600600003     
   130.98518538955113       -1271.3228851300000     
   130.54714484341835       -1277.8371044899995     
   130.10828382174572       -1283.7446091299998     
   129.66861607552005       -1289.0877874999996     
   129.22815363685461       -1293.9010226500004     
   128.78734685056389       -1298.1502522600003     
   128.34652574032870       -1301.6684155599996     
   127.90549721937744       -1304.2810009599998     
   127.46409512995413       -1305.8479941500000     
   127.02229769966321       -1306.4744665799999     
   126.58055240853020       -1306.8922188799997     
   126.13897613994202       -1307.2931512400000     
   125.69753852713639       -1307.6608452299997     
   125.25621321405553       -1307.9787237600003     
   124.81490910041246       -1308.1823582799998     
   124.37342622394232       -1308.1137417700002     
   123.93177833563176       -1307.7340457000000     
   123.48999408336974       -1307.0026477100000     
   123.04810899053859       -1305.8665250399999     
   122.60604914558479       -1304.3795855400003     
   122.16377214963268       -1302.5823445799997     
   121.72137368663140       -1300.4193895600001     
   121.27898152616565       -1297.8227174200001     
   120.83674463725809       -1294.7241094700003     
   120.39469338667098       -1291.1693020100001     
   119.95292689610012       -1287.1273095099996     
   119.51160960442816       -1282.5438445999998     
   119.07093631730000       -1277.3671902200003     
   118.63103996092039       -1271.5664346499998     
   118.19198871726509       -1265.1165687900002     
   117.75399171592350       -1257.9398896800003     
   117.31726324310503       -1249.9777487100000     
   116.88203534671027       -1241.1796118599996     
   116.44851429153968       -1231.5421892100003     
   116.01686279760260       -1221.1160400999997     
   115.58720748856820       -1209.8917776199996     
   115.15972483543248       -1197.9064650199998     
   114.73469558750722       -1185.1991021100002     
   114.31210542084797       -1171.7212878999999     
   113.89205918672830       -1157.5158830500004     
   113.47477002544210       -1142.5634980799996     
   113.06046826601656       -1126.8684123300000     
   112.64944554396131       -1110.4163344799999     
   112.24163826096286       -1093.2127414699999     
   111.83714553871701       -1075.2675217500000     
   111.43618739301094       -1056.5360553700002     
   111.03908869090550       -1036.9629457399997     
   110.64622185495710       -1016.5063860700002     
   110.25747172065219       -995.18994756000029     
   109.87289329193753       -973.05270140999983     
   109.49269970910697       -950.11858066999957     
   109.11717630513461       -926.37534331000006     
   108.74669149187237       -901.80273637000028     
   108.38130428397157       -876.41797793000023     
   108.02064798845352       -850.29840424000031     
   107.66473062672712       -823.46297692000007     
   107.31357912780800       -795.92954284999996     
   106.96736996269215       -767.72989302000042     
   106.62653170379839       -739.00581870000042     
   106.28964341583435       -710.19423965999977     
   105.95506242884706       -681.24997882000025     
   105.62258706169833       -650.81636623000031     
   105.29256509976005       -618.10496747999969     
   104.96568638419839       -583.52736001999983     
   104.64271008407080       -547.61388391000037     
   104.32293489905548       -510.68481300999974     
   104.00513412654728       -472.77482818000044     
   103.68961601783134       -433.58621932999995     
   103.37680570757985       -392.49089243999970     
   103.06722630624519       -348.91963889999988     
   102.76134190962848       -303.63322025999969     
   102.45951118929956       -257.02264912999999     
   102.16083001788280       -209.15064104999965     
   101.86505431536432       -160.24551895999957     
   101.57268771163197       -110.03402826000001     
   101.28516145521822       -58.079826010000033     
   101.04786296955908       -6.0684549999996307     
   101.02549412490185        0.0000000000000000     
>
   150.27599657867637       -35.000000000000000     
   149.78821412998570       -118.85925761999988     
   149.48862080978446       -167.01724844999990     
   149.21024526206207       -213.58905902999959     
   148.93587812696290       -258.47952894999980     
   148.65790021193931       -301.82056904999990     
   148.37246410550401       -343.82967140999972     
   148.07745502049409       -384.58464118000029     
   147.77165026500870       -423.38850242999979     
   147.45756340482518       -460.09848261000025     
   147.14230312710984       -495.58877433999987     
   146.82433218614125       -530.11219959000027     
   146.50198155590851       -563.64189115000045     
   146.17384176027483       -596.25718468000014     
   145.83880011523311       -628.00412974000028     
   145.49661483260050       -658.56655704999957     
   145.15154012388743       -686.89959393000026     
   144.80308954793941       -713.55677773000025     
   144.44949266521868       -739.32978897999965     
   144.08956631791133       -764.29589017000035     
   143.72341191954419       -788.28400364000026     
   143.35181442227480       -811.59000583000034     
   142.97973850525975       -834.48133897000025     
   142.60683982087386       -857.17075717999978     
   142.23185614312945       -879.37881668000045     
   141.85381115197086       -900.89762834999965     
   141.47194911608730       -921.52163568000014     
   141.08764628006443       -941.43109877999996     
   140.70142460843905       -960.71707077999963     
   140.31267103638746       -979.48468654000044     
   139.92088078810619       -997.78010487000029     
   139.52560752948523       -1015.6603155599996     
   139.12732796139687       -1033.1090552599999     
   138.72707168897031       -1050.1441501099998     
   138.32449264570695       -1066.6669665299996     
   137.91928601806822       -1082.6451909699999     
   137.51124897900030       -1098.0170615400002     
   137.10093729754902       -1112.7780147699996     
   136.68915024981635       -1127.0102010800001     
   136.27562484818159       -1140.7383493400002     
   135.86009409431975       -1153.9466844999997     
   135.44232135666786       -1166.6185548300000     
   135.02256274735336       -1178.7611762600000     
   134.60135169006861       -1190.3667414100000     
   134.17855182086217       -1201.4064883499996     
   133.75403307831817       -1211.8610626700001     
   133.32766081735852       -1221.7642292900000     
   132.89978568814405       -1231.1220400399998     
   132.47074573576450       -1239.9018301599999     
   132.04044298443961       -1248.0965032100003     
   131.60882586796927       -1255.7304316299997     
   131.17594652551139       -1262.8028699200004     
   130.74237447709845       -1269.2218704500001     
   130.30830452837540       -1274.9167656000000     
   129.87359229398189       -1279.9858478799997     
   129.43819480208447       -1284.5028093900000     
   129.00223065494347       -1288.4986976500004     
   128.56632265766478       -1291.9194735800002     
   128.13040950376609       -1294.6690817400004     
   127.69433477577367       -1296.6609234899997     
   127.25796955818721       -1297.8199739100000     
   126.82142156706919       -1298.3654959599999     
   126.38504890103161       -1298.8294938700001     
   125.94885614373668       -1299.2400570099999     
   125.51283756560663       -1299.6096224299999     
   125.07698571819033       -1299.9478166500003     
   124.64120147979193       -1300.1074170700003     
   124.20538687463129       -1299.9721797700004     
   123.76950523341046       -1299.5144468400003     
   123.33354051331166       -1298.6972239500001     
   122.89748927658819       -1297.4893130399996     
   122.46131657281553       -1295.9886928100004     
   122.02505907129157       -1294.1849722799998     
   121.58878953765422       -1292.0255213000000     
   121.15260422881042       -1289.4474864100002     
   120.71656617011588       -1286.4227812899999     
   120.28062379537046       -1283.0196494600004     
   119.84486534007215       -1279.1975984700002     
   119.40940711465016       -1274.9020680900003     
   118.97441470390260       -1270.0447294699998     
   118.54000040755426       -1264.5097657500000     
   118.10617110109848       -1258.2884564300002     
   117.67309294229123       -1251.3514401000002     
   117.24093609959289       -1243.6831620200001     
   116.80990855667733       -1235.2990850200003     
   116.38025897722071       -1226.2246942600004     
   115.95208590996107       -1216.4393638000001     
   115.52548160110085       -1205.9368678299998     
   115.10066033684944       -1194.7756963000002     
   114.67783353862740       -1182.9412382700002     
   114.25704475122591       -1170.3781202299997     
   113.83844237070979       -1157.1211640199999     
   113.42216619877718       -1143.1532272900004     
   113.00838697684625       -1128.4854600099998     
   112.59733216915538       -1113.1146946999997     
   112.18904933120020       -1097.0114470099998     
   111.78367654580551       -1080.1853831700000     
   111.38138512734727       -1062.6035785800004     
   110.98242717724837       -1044.2305571600000     
   110.58703130566265       -1025.0483767500000     
   110.19524105738138       -1005.0492006900004     
   109.80714695973363       -984.29037169999992     
   109.42288193892416       -962.79179322999971     
   109.04258293186226       -940.58267297000020     
   108.66640349123269       -917.66508229000010     
   108.29434934661327       -894.04203768000025     
   107.92645888617521       -869.73235554999974     
   107.56284842034768       -844.73625740999978     
   107.20360274688200       -819.06640542999958     
   106.84887656437851       -792.81952599000033     
   106.49890879623119       -766.23428223999963     
   106.15331155002352       -739.67168685999968     
   105.81164823192772       -712.85291479999978     
   105.47367590784545       -684.83670360999986     
   105.13961631243727       -654.25941389000036     
   104.81003667390452       -620.58938828999999     
   104.48536613762386       -584.94490407000012     
   104.16411214858047       -548.29712035000011     
   103.84555965546598       -510.78878800999973     
   103.52966855123577       -472.30128785000034     
   103.21689892098659       -432.55600818000039     
   102.90787070503552       -390.88989341999968     
   102.60312420256830       -346.68568373000016     
   102.30221766313717       -300.70760373000030     
   102.00384015934340       -253.29807481999978     
   101.70785590019327       -204.45176016999994     
   101.41423681075564       -154.24592775000019     
   101.12284251637458       -102.63681146999988     
   100.83404028298658       -49.214325009999811     
   100.62159269508412       -1.2412748799997644     
   100.61699413594835        0.0000000000000000     
>
   150.27599657867637       -35.000000000000000     
   149.75824500038757       -120.50488527000016     
   149.45201797501892       -169.30618217000028     
   149.16704768325812       -216.29232177999984     
   148.88546013422561       -261.52878776000034     
   148.59967108579832       -305.16772427999967     
   148.30597464706051       -347.45355479000045     
   148.00233223423376       -388.44259099000010     
   147.68762371485982       -427.35668986000019     
   147.36731625206767       -464.19549209999968     
   147.04587662470382       -499.82823216999986     
   146.72125249800328       -534.45930053000029     
   146.39174447919294       -568.07565880000038     
   146.05592647636041       -600.76350712000021     
   145.71268122183628       -632.53317437999976     
   145.36354137767989       -662.92233959999976     
   145.01307284443357       -690.90333241999997     
   144.65991885807620       -717.38716792000014     
   144.30254274584399       -743.01437224999972     
   143.93965477977599       -767.94233820000045     
   143.57006091586041       -792.17406373999984     
   143.19633086973687       -815.98030988000028     
   142.82101602239609       -839.51560174000042     
   142.44337553942961       -862.78922837000027     
   142.06239643148382       -885.46179948999998     
   141.67730004893676       -907.31926088999990     
   141.28811332080409       -928.33132647999992     
   140.89671497564379       -948.72354447999987     
   140.50318751937598       -968.54662241999995     
   140.10711441169531       -987.84397833000003     
   139.70795248862700       -1006.6018385699999     
   139.30547829663720       -1024.8363511300004     
   138.90097296932021       -1042.5760736000002     
   138.49441989090039       -1059.8119680000000     
   138.08544778473686       -1076.4825621700002     
   137.67375183729106       -1092.5518000399998     
   137.25920256010491       -1107.9761466600003     
   136.84275908450078       -1122.8446438199999     
   136.42439218963193       -1137.2524184300000     
   136.00385149294880       -1151.1909277699997     
   135.58088718485976       -1164.6177049799999     
   135.15548207663133       -1177.5325386900004     
   134.72832371759864       -1189.9259015700000     
   134.29938345987267       -1201.7511152799998     
   133.86851577217749       -1212.9809388800004     
   133.43560033337954       -1223.6488459800003     
   133.00079814461469       -1233.7644990299996     
   132.56456699914855       -1243.3073329500003     
   132.12683069359650       -1252.2687502199997     
   131.68763678345417       -1260.6394241899998     
   131.24705574252846       -1268.4063576500002     
   130.80543993985353       -1275.4872141899996     
   130.36297329487653       -1281.8962679799997     
   129.91964835914627       -1287.6837327900002     
   129.47547716477618       -1292.8723994000002     
   129.03056800078647       -1297.4927594500004     
   128.58568404693909       -1301.6069235100003     
   128.14092041422529       -1305.1280445499997     
   127.69605250319569       -1307.9778529200003     
   127.25070388058936       -1310.1688123200001     
   126.80491809119751       -1311.8182495600004     
   126.35889452432730       -1313.2253042000002     
   125.91260968870978       -1314.3868445099997     
   125.46603780124487       -1315.2845597400001     
   125.01916167319922       -1315.8967809400001     
   124.57197786682615       -1316.2304197000003     
   124.12450357085906       -1316.2753439700000     
   123.67676113065127       -1316.0015061599997     
   123.22878034000735       -1315.3681367899999     
   122.78059614935184       -1314.3653810899996     
   122.33223949840477       -1313.0937804599998     
   121.88372929477288       -1311.5277069399999     
   121.43508501902066       -1309.6230357000004     
   120.98633531903708       -1307.3276493699996     
   120.53753405285337       -1304.6500084600002     
   120.08887488019890       -1301.6018212400004     
   119.64049187319399       -1298.1532145499996     
   119.19251337438119       -1294.2723623399997     
   118.74509637419199       -1289.9462713599996     
   118.29842307320018       -1285.2117463900004     
   117.85262868944164       -1279.9330566899998     
   117.40787135926342       -1273.9530324300003     
   116.96432526183041       -1267.2060076300004     
   116.52204310925829       -1259.7722681900004     
   116.08102432858928       -1251.6366412999996     
   115.64140127307036       -1242.7742902600003     
   115.20334754890864       -1233.2113363500002     
   114.76714619724702       -1222.9948222000003     
   114.33276570540767       -1212.1288036500000     
   113.90021524071503       -1200.6199121999998     
   113.46974346684529       -1188.4916606899997     
   113.04147299676318       -1175.7215324199997     
   112.61561582484698       -1162.3018567500003     
   112.19232951448603       -1148.2065360899996     
   111.77159343920025       -1133.4565746799999     
   111.35356057871664       -1118.0904208000002     
   110.93833463839326       -1102.0959005200002     
   110.52614995796182       -1085.4660435300002     
   110.11704148784683       -1068.1531651599998     
   109.71108772326406       -1050.1712263299996     
   109.30835741914699       -1031.5234884199999     
   108.90907173719836       -1012.2031354199999     
   108.51346616306547       -992.18143091999991     
   108.12164211027523       -971.40738486999999     
   107.73364369657661       -949.89342569000019     
   107.34955400084758       -927.64866564000022     
   106.96956209915531       -904.67183094000029     
   106.59394759489604       -880.94575792999967     
   106.22286461371232       -856.44965955000043     
   105.85629081025084       -831.21078536000005     
   105.49424509211828       -805.26318159000039     
   105.13683975903930       -778.58209518999956     
   104.78438821891922       -751.20638959000007     
   104.43730242840120       -723.32734206999976     
   104.09485415814792       -695.12823739000032     
   103.75618110670172       -666.03319962000023     
   103.42082089713476       -634.62397990000045     
   103.08883254409831       -601.06962655999996     
   102.76047044084635       -566.07586781999998     
   102.43579474794568       -529.92881664000015     
   102.11374721237812       -492.72100840999974     
   101.79426137104133       -454.33016418999978     
   101.47774230508514       -414.35070974999962     
   101.16452290297930       -371.86218138000004     
   100.85459342444155       -327.05136815999958     
   100.54759233311323       -280.66802693000045     
   100.24308589995549       -232.91123531999983     
   99.940829471996622       -184.27218208999966     
   99.641299177151097       -134.93068973000027     
   99.346397235245874       -84.989115239999592     
   99.057871167507429       -31.597825150000062     
   98.924000728315974        0.0000000000000000     
>
   150.27599657867637       -35.000000000000000     
   149.83477439799574       -115.88424586000019     
   149.54486635609393       -163.09840810999958     
   149.27513273055501       -209.21948855000028     
   149.01056030869103       -253.73635097999977     
   148.74334368667613       -296.75568879999992     
   148.46945267949141       -338.46647264999956     
   148.18662983348702       -378.97297052999966     
   147.89351380097952       -417.70692996999969     
   147.58989373350616       -454.28153861999999     
   147.28328569121433       -489.65177657000004     
   146.97466312937092       -524.09931804999997     
   146.66239369126296       -557.58606063000025     
   146.34509081906489       -590.17123185000037     
   146.02165156905167       -621.93577275000007     
   145.69194874459643       -652.58368917999996     
   145.35800259482849       -681.22623864999969     
   145.02206255198899       -707.83650921000026     
   144.68251230218286       -733.47055123999962     
   144.33917709328739       -758.17308410999976     
   143.99121696919835       -781.58417054999973     
   143.63788937663389       -803.84477685999991     
   143.28080948357351       -825.43538159000036     
   142.92276587552854       -846.80863229999977     
   142.56272436370756       -868.03997414999958     
   142.19961580889458       -888.94374557999981     
   141.83296522909069       -909.14521874000002     
   141.46281273134039       -928.52663690000009     
   141.09065430840516       -947.14435862000028     
   140.71692884594384       -965.08692848000010     
   140.34111781716632       -982.44040508000035     
   139.96269009021120       -999.39760437000041     
   139.58121422787087       -1016.1384902999998     
   139.19680768648996       -1032.6743725899996     
   138.81062440303580       -1049.0619102800001     
   138.42235383439206       -1065.0926618800004     
   138.03165564363792       -1080.6843883800002     
   137.63828575075939       -1095.7460374100001     
   137.24250828929274       -1110.2315923500000     
   136.84529957929371       -1124.1560475300003     
   136.44658685512428       -1137.5254847099995     
   136.04610541029049       -1150.3216498000002     
   135.64361918618735       -1162.5597294899999     
   135.23902161266790       -1174.2301712500002     
   134.83300883343389       -1185.3267974000000     
   134.42566621919434       -1195.8556594499996     
   134.01688089726679       -1205.7964556200004     
   133.60652108736210       -1215.1560168200003     
   133.19459824863574       -1223.9790866000003     
   132.78181310845170       -1232.2113169699996     
   132.36831463583258       -1239.8061939899999     
   131.95397448823584       -1246.7826144999999     
   131.53866661495005       -1253.2218152200003     
   131.12243570668198       -1259.1443518400001     
   130.70595384290667       -1264.4530629600004     
   130.28930123771312       -1269.0481308700000     
   129.87232663024767       -1272.8234392799995     
   129.45485011176766       -1275.7632204600004     
   129.03688657917533       -1278.0423834000003     
   128.61915967814582       -1280.0328351400003     
   128.20169862952588       -1281.7576476800004     
   127.78438769584405       -1283.1666993600002     
   127.36713405794013       -1284.2156685600003     
   126.94988042003621       -1284.9025510900001     
   126.53263766833012       -1285.3366629200000     
   126.11540351099069       -1285.4303771200002     
   125.69817393731353       -1285.0546772999996     
   125.28095181208747       -1284.0700259699997     
   124.86369473643691       -1282.6266434999998     
   124.44638151092394       -1281.2036655600004     
   124.02897546625080       -1279.7594450300003     
   123.61144566269732       -1278.1865340400000     
   123.19377204674126       -1276.3585105299999     
   122.77596779641155       -1274.1898892600002     
   122.35811770945952       -1271.8200579400000     
   121.94043549913677       -1269.2406356700003     
   121.52304950798590       -1266.4910801300002     
   121.10611901826944       -1263.5332180599999     
   120.68967382379198       -1260.0875169199999     
   120.27350250313293       -1255.8577515999996     
   119.85762682868797       -1250.8186583400002     
   119.44204049792150       -1244.9925716199996     
   119.02670283083121       -1238.4621113399999     
   118.61188197165772       -1231.4024554899997     
   118.19786898295290       -1223.7600401700001     
   117.78467933457675       -1215.5305619399996     
   117.37229927554262       -1206.7220931700003     
   116.96079927965731       -1197.3770778300004     
   116.55042801059700       -1187.4503212299996     
   116.14126854723965       -1176.8975453300000     
   115.73333635944535       -1165.7559193200004     
   115.32675577905212       -1154.0506531600004     
   114.92161847930468       -1141.7500706399996     
   114.51809921232567       -1128.8758045000004     
   114.11630168347311       -1115.4419197300003     
   113.71619839077360       -1101.4532737099998     
   113.31785637028732       -1086.9372856900000     
   112.92129739440986       -1071.8731798500003     
   112.52675064625291       -1056.2378662800002     
   112.13436280300793       -1039.9993219199996     
   111.74419860890396       -1023.1658066600003     
   111.35623399971433       -1005.7559598899998     
   110.97054976248582       -987.79826754999976     
   110.58720720370086       -969.28623842999968     
   110.20664291718720       -950.15224941999986     
   109.82889700998935       -930.39189223999983     
   109.45406402014086       -909.99735736999992     
   109.08223447497089       -888.95593310999993     
   108.71342785504389       -867.26532086000043     
   108.34816727081230       -844.86314296999990     
   107.98675352511017       -821.74976418000006     
   107.62907202638166       -798.01756070000010     
   107.27502651771985       -773.78279867000037     
   106.92461642616702       -748.77201874999992     
   106.57852529035365       -721.95207980000032     
   106.23806632950971       -692.42242578999958     
   105.90427315946883       -659.99908959000004     
   105.57766659885230       -625.03013503999955     
   105.25797678454610       -588.93786295999962     
   104.94469493004233       -552.18004592000034     
   104.63805594803044       -514.44339440000022     
   104.33707721591917       -475.75564790000044     
   104.03888936115028       -436.63919954999983     
   103.74203134138692       -396.54115577999983     
   103.44643783944220       -354.15151599000001     
   103.15286917028914       -309.98975727000015     
   102.86209481622514       -264.46525712000039     
   102.57474445784960       -217.55960057999982     
   102.29031503823235       -169.38333424000029     
   102.00815567733623       -119.94442067999989     
   101.72860613912430       -69.153566809999575     
   101.48869439303431       -19.830474770000365     
   101.41100017226101        0.0000000000000000     
>
   126.87899465655299       -87.199996899999860     
   126.44079081745313       -87.896001729999625     
   126.43168365355298       -87.065401390000261     
   126.39169463831239       -85.826888679999684     
   126.30975766518422       -84.340106839999862     
   126.18064564034893       -83.234156720000101     
   126.00831999389180       -83.355237650000163     
   125.81378535799784       -83.129563960000269     
   125.61021116722166       -80.631777290000173     
   125.40492555155903       -74.273873549999735     
   125.20309659017823       -61.839138199999979     
   124.99738068322345       -36.416675520000354     
   124.83989349733170        0.0000000000000000     
>
   126.87899465655299       -87.199996899999860     
   126.41131271267174       -86.539940239999851     
   126.36216611324645       -87.000996310000119     
   126.30151853231952       -87.248423410000214     
   126.21805863741427       -86.488141109999560     
   126.08064044365410       -85.400408780000362     
   125.87320509040397       -84.668579819999650     
   125.58707054843585       -85.256461779999881     
   125.22128628079408       -88.036308589999862     
   124.80880881893748       -92.777697710000211     
   124.40312033380646       -98.442053669999950     
   123.99314497857155       -103.89202828999987     
   123.57501013160326       -108.72660130999975     
   123.14564015554291       -112.98104108999996     
   122.70985133348228       -116.38110211000003     
   122.27687516115972       -118.53450147999956     
   121.84015528270794       -119.46740216000035     
   121.39690425853119       -119.17371217999971     
   120.94484171666836       -117.79741503999958     
   120.48967603547347       -115.59973369999989     
   120.03290148883458       -112.78576815999986     
   119.57314125920836       -108.71084831000007     
   119.10848510535898       -103.11870319999980     
   118.63942691689215       -95.874145619999581     
   118.17363802551331       -84.179093839999950     
   117.70882201644353       -66.192168489999858     
   117.24081577845928       -37.303896720000012     
   116.92577379765784       -4.0253148600004351     
   116.89629798470757        0.0000000000000000     
>
   126.87899465655299       -87.199996899999860     
   126.39979798018345       -87.640050510000037     
   126.37200895493508       -87.482412940000359     
   126.32165914417348       -86.579017400000339     
   126.22774047796696       -85.518516230000387     
   126.08119793157326       -84.784250509999765     
   125.88027997306138       -85.161858039999970     
   125.63339189305199       -87.113023189999694     
   125.35901960133279       -89.756549839999934     
   125.06854490418735       -92.367035399999622     
   124.78150738075922       -94.619539700000132     
   124.50460605340268       -96.335509079999611     
   124.22604372144431       -98.067261410000356     
   123.94197125452347       -99.939986260000296     
   123.65400038287306       -101.98273752000023     
   123.36366892517239       -104.25963872000011     
   123.06782274884709       -106.66642348000005     
   122.76959822478034       -108.88385964000008     
   122.47303642418879       -110.47588708999956     
   122.17897443838785       -111.11045814000045     
   121.88555588417292       -110.44586194000021     
   121.59241693335424       -108.24117828999988     
   121.29954097015622       -104.16161514000032     
   121.00603188861220       -98.251747149999574     
   120.71011753031114       -91.924431919999734     
   120.41302803560495       -83.463469010000154     
   120.11628747218633       -70.370482889999948     
   119.81978411328824       -49.194484749999901     
   119.54317098369464       -13.538742769999772     
   119.46999739979915        0.0000000000000000     
>
   126.87899465655299       -87.199996899999860     
   126.52500357888026       -87.778676650000307     
   126.54165716969007       -86.745726199999808     
   126.53008514142384       -85.334812060000331     
   126.47925519204327       -84.281609900000149     
   126.38356264855240       -85.248922269999639     
   126.26103390859997       -87.736399290000008     
   126.13327521003909       -90.112715029999890     
   126.00542884893802       -92.165155720000257     
   125.88106893592331       -93.732121869999901     
   125.75423212642917       -95.590492489999633     
   125.62561571007285       -98.097386819999883     
   125.49722102837711       -101.22960721999971     
   125.36713898602167       -105.30284013999972     
   125.23440987872635       -110.61513405000005     
   125.10014524458283       -117.40305308999996     
   124.97050266084401       -125.37478262999957     
   124.85707764704507       -133.74293269000009     
   124.76067177111908       -141.33736666000004     
   124.67818303964958       -147.71338071999980     
   124.59625924455032       -151.75894186999994     
   124.51408506690156       -152.85571017999973     
   124.43231768927603       -151.22013426000012     
   124.35104190942505       -147.68480971999998     
   124.27044279271128       -142.39215617999980     
   124.19081082872876       -135.09376438999971     
   124.11190594816807       -126.20748326000012     
   124.03367601187124       -116.92698807000033     
   123.95631582548322       -107.13331758000004     
   123.87966667969916       -96.325380039999800     
   123.80377784888809       -82.319020119999550     
   123.72903206884646       -63.774256779999632     
   123.65562070747262       -35.414498170000115     
   123.60499931472368        0.0000000000000000     
>
   126.87899465655299       -87.199996899999860     
   127.15727853103070       -86.264645139999629     
   127.35901352733572       -89.171025440000449     
   127.60744171785555       -103.67877949000012     
   127.84278355269875       -138.39643589000025     
   128.10412735747701       -178.65963585000009     
   128.41546917694046       -214.80321552999976     
   128.76380458837488       -247.48455500999989     
   129.13884155119274       -276.72553235000032     
   129.52484206111535       -303.27634511999986     
   129.90871747063497       -328.01128525999957     
   130.29696683984085       -351.26387660000000     
   130.69426378533788       -372.64814045999992     
   131.10358424983121       -391.09130359000028     
   131.52331421125672       -405.44977328999994     
   131.93943339275785       -414.96339582000019     
   132.35244657013800       -421.33162460000040     
   132.76597139881497       -425.58509118999973     
   133.18461274046007       -428.28141561000029     
   133.60872926664305       -429.64225655999962     
   134.03159559895187       -430.79029696999987     
   134.45298312723261       -431.65415473000030     
   134.87320984305273       -432.02753321999990     
   135.29173372835308       -431.93756508000024     
   135.70985597025026       -431.47895951999999     
   136.12952347927788       -430.96103693999976     
   136.55159340027362       -430.34703590000026     
   136.97687303074835       -429.54864836999968     
   137.40614846877517       -428.40949040000032     
   137.83979557465719       -426.74517224000010     
   138.27796503629028       -424.30987267000000     
   138.72118225595804       -420.57546532000015     
   139.16984486635920       -414.66383143999974     
   139.62397865059378       -405.12737797000045     
   140.08237524070557       -389.74213455999961     
   140.54228673118550       -368.05617678999988     
   141.00005192182456       -341.36997740999959     
   141.45293665810055       -312.15064299999995     
   141.89925701710041       -281.65715690999969     
   142.33735600492668       -250.06411320000007     
   142.76721184918378       -217.18598854999982     
   143.18924223609278       -182.32911746999980     
   143.60148306638658       -145.18255720999969     
   144.00048226944560       -105.71108028999970     
   144.39224959941569       -64.003114299999652     
   144.78426100939976       -13.693128449999676     
   144.86860268632719        0.0000000000000000     
>
   126.87899465655299       -87.199996899999860     
   126.42500525767876       -86.251643730000069     
   126.37570797035752       -86.733043600000201     
   126.31406000514815       -87.493404910000208     
   126.23755123401999       -89.054457829999592     
   126.13754145366292       -94.808197149999614     
   125.97905904010874       -111.97587767999994     
   125.70533877434225       -141.11724614000013     
   125.36883608696361       -172.10837755000011     
   124.99184247332983       -201.96375438999985     
   124.62102133385120       -230.06276341000012     
   124.25833562187930       -256.14582849999988     
   123.89773261143469       -278.59113996999986     
   123.53591779528711       -295.71783985999991     
   123.17077638627360       -308.77572064000015     
   122.80520812371458       -318.48326762000033     
   122.44735645652564       -325.26574450000044     
   122.09420361608380       -330.33305963000021     
   121.74302576110685       -334.35133731000042     
   121.39201005318139       -337.37434099999973     
   121.03955507531462       -339.37634550999974     
   120.68703363434547       -340.28243474000010     
   120.33729046564760       -340.12264868999955     
   119.98958187002360       -338.98336355999982     
   119.64324608123856       -336.89225268999962     
   119.29765513756642       -333.85160166999958     
   118.95114975327874       -330.28764666999996     
   118.60265849732835       -327.37586900000042     
   118.25233836014687       -325.64531387999978     
   117.89998766059588       -325.14651092999975     
   117.54574906516250       -325.70406396999988     
   117.19051352319333       -324.91925575999994     
   116.83505338177473       -321.05396679000023     
   116.48177449062150       -313.03065160999995     
   116.13106932581236       -301.69155589000002     
   115.78217757237434       -288.42992355000024     
   115.43700087717659       -271.71012537000024     
   115.09472850496152       -252.08164545999989     
   114.75475254752544       -229.30126818000008     
   114.41656078061375       -203.19299590999981     
   114.07985412026569       -173.03758413000014     
   113.74496201720434       -138.90227958000014     
   113.41124161280142       -102.71326059999956     
   113.07852674930096       -65.219522649999817     
   112.74702827516572       -19.713030230000186     
   112.63499898651689        0.0000000000000000     
>
   144.06100093487220       -25.000000000000000     
   143.43922486106754       -63.957279240000389     
   143.14758648667254       -86.546389580000323     
   142.82802100420443       -114.08536783999989     
   142.48382865047131       -143.87248257000010     
   142.11238126814007       -173.88075003999984     
   141.71068515281442       -203.19827258999976     
   141.28309879432067       -231.44211751999956     
   140.85453898056005       -259.57450721999976     
   140.42273966351596       -288.33800702000008     
   139.98210018089674       -317.35144414000024     
   139.52834855950084       -345.67062745000021     
   139.06485837473213       -371.47617608000019     
   138.60277823905798       -390.80832184999963     
   138.14288622914256       -403.88786670999980     
   137.68450568184861       -412.88920239999970     
   137.22645172048883       -418.30548607000037     
   136.77377955154893       -422.10021862000031     
   136.32526877495926       -424.98435841999981     
   135.87764035334953       -427.26580099999956     
   135.42981655313713       -428.66600980000021     
   134.98143526500556       -429.27946305000023     
   134.53257097346611       -429.74359289000040     
   134.08336519909031       -430.00260356000035     
   133.63397951597182       -429.93751221999992     
   133.18435892016387       -429.35796225000013     
   132.73167701094175       -428.39200135000010     
   132.27517118150129       -426.96442007000041     
   131.81546137215963       -424.70733783000014     
   131.35362818128831       -420.98990351999964     
   130.89124380503344       -414.88502040999992     
   130.42809510310110       -405.07404161999966     
   129.96631863504996       -389.81239041000026     
   129.50796902747609       -369.58325401999991     
   129.05438642862504       -346.30894782999985     
   128.60586419287981       -321.30323340999985     
   128.16476233333279       -295.18610602999979     
   127.73185491594373       -267.90620817000035     
   127.30845229515357       -238.31861510999988     
   126.89908656699575       -205.42114161999962     
   126.49975504842482       -170.00860066000041     
   126.10616456680133       -132.14054742000008     
   125.71839820100328       -96.752709510000386     
   125.33549166308826       -68.187567799999670     
   124.95250147333751       -36.110379470000225     
   124.72989534401007       -6.0254647700003261     
   124.69419549070450        0.0000000000000000     
>
   144.06100093487220       -25.000000000000000     
   143.43919334838967       -63.786436999999751     
   143.14643369562083       -86.550633240000025     
   142.82556588012062       -114.21798097000010     
   142.47990904630390       -144.08805584000038     
   142.10671987232394       -174.14447370000016     
   141.70288948927080       -203.50077523999971     
   141.27319464614962       -231.78695802000038     
   140.84261171847072       -259.96796608000022     
   140.40856296918551       -288.71093543999996     
   139.96553654445822       -317.58055237000008     
   139.50942376405433       -345.56287068999973     
   139.04437513412620       -370.79120158000023     
   138.58158281193252       -389.53214695000042     
   138.12126222959827       -401.85321062999992     
   137.66222106198492       -410.24637533999976     
   137.20382733666207       -415.24903264000022     
   136.75194470354188       -418.81629601999975     
   136.30548740763282       -421.51100345000032     
   135.86262714066152       -423.45391803999973     
   135.42175561014173       -424.61962553000012     
   134.98140948190547       -425.16457773999991     
   134.54052935701904       -425.55124085999978     
   134.09908544167786       -425.70795992999956     
   133.65709034095312       -425.48648907000006     
   133.21443519286674       -424.62113683000007     
   132.76741926312297       -423.15743079999993     
   132.31455572628479       -420.84664674000032     
   131.85617059532865       -416.96540723999988     
   131.39308663762537       -410.23200286999963     
   130.92547688642429       -398.40228769999976     
   130.45183331685061       -379.41917585000010     
   129.97411372563576       -357.27215420999983     
   129.49469474164786       -333.37393464999968     
   129.01626983940687       -308.34953959999984     
   128.53765070447872       -282.75372840999989     
   128.05705200042345       -257.49539009000000     
   127.57456540048580       -232.99544469000011     
   127.09281161354772       -209.21994080999957     
   126.61182157932929       -186.92366114000015     
   126.12957390278555       -166.53777652999997     
   125.64611270166549       -147.64847977000045     
   125.16077277198747       -129.46498358000008     
   124.67501859383513       -109.96643639000013     
   124.24600614342896       -87.583431899999596     
   124.00186081230854       -65.510247600000184     
   123.87110325273142       -45.449169860000438     
   123.77858203054832       -21.061569260000397     
   123.73399732096091        0.0000000000000000     
>
   144.06100093487220       -25.000000000000000     
   143.47963614619135       -64.888254649999908     
   143.19794374588525       -87.863741340000161     
   142.89076045398318       -116.12542459999986     
   142.56178815069637       -146.86070252999980     
   142.20892465393305       -178.03355224999996     
   141.82995147117217       -208.71150527000009     
   141.42470301761557       -238.59113560999958     
   141.01427273390399       -268.83894954999960     
   140.60347976791820       -299.77337014000022     
   140.18887949748969       -330.59561250000024     
   139.76554333980192       -360.46235616000013     
   139.33275452467319       -387.21792626000024     
   138.90048710112345       -408.32232108999960     
   138.47414807171498       -423.68608827000025     
   138.04854701192608       -434.95548922000035     
   137.61686744305786       -442.98837462000029     
   137.17799897293409       -447.31732783000007     
   136.74118856715322       -450.68749577000017     
   136.30728191139724       -453.75814971000000     
   135.87601200734110       -456.57795901999998     
   135.44689470566135       -458.96980637999968     
   135.01948481816356       -460.87694458999977     
   134.59368436906752       -462.50997664999977     
   134.16877544227592       -463.63199959000031     
   133.74438103156999       -464.16641498999979     
   133.32038253468951       -463.96778240000003     
   132.89764168013431       -462.96673112999997     
   132.47702764485550       -461.05373373000020     
   132.05859543279979       -458.01742584000021     
   131.64226941354039       -453.70423553999990     
   131.22703258701924       -448.36680156999955     
   130.81347624566442       -442.21821801999977     
   130.40242086501576       -434.59188643000016     
   129.99422626255858       -424.74545794000005     
   129.58916631211133       -412.19563488000040     
   129.18756473481923       -396.15608080000038     
   128.78982374704333       -376.36023170000044     
   128.39695862996828       -353.58713900000021     
   128.00931143938828       -328.25011024000014     
   127.62654413021363       -300.47815033000006     
   127.24807572325621       -269.72295602000031     
   126.87366844103769       -234.95674799999961     
   126.50364543174548       -196.77634348999982     
   126.13972270392829       -157.15534215000025     
   125.78186702603489       -118.20483718000014     
   125.42904478223167       -80.776277650000338     
   125.08116315335836       -39.326299499999550     
   124.83989349733170        0.0000000000000000     
>
   144.06100093487220       -25.000000000000000     
   143.43718054771139       -64.053702139999587     
   143.14400435463708       -86.979858990000139     
   142.82281797461167       -114.79222989000027     
   142.47691247711873       -144.76183869000033     
   142.10347922312485       -174.89475818000028     
   141.69941335442445       -204.32746081000005     
   141.26968585270990       -232.70473542000036     
   140.83913271883551       -261.02715819999958     
   140.40500375546119       -289.89032750000024     
   139.96184784227580       -318.82585890999962     
   139.50566687989618       -346.77669874000003     
   139.04131611254311       -371.77259365000009     
   138.58088552231527       -390.09844141000031     
   138.12401815651614       -402.16073520000009     
   137.66877856376772       -410.37902130000020     
   137.21393431188693       -415.29249898000035     
   136.76503163217629       -418.81174788000044     
   136.32114519782246       -421.48911946000044     
   135.88050399632991       -423.42488520999996     
   135.44142066703898       -424.58131425000010     
   135.00245364817724       -425.07290260999980     
   134.56261573349113       -425.38964419999957     
   134.12184275170938       -425.46347327999956     
   133.68010490902748       -425.14793969000038     
   133.23727844656511       -424.18053660999976     
   132.78991816919608       -422.54570478000005     
   132.33659569317680       -419.98316381000041     
   131.87787595487757       -415.80537126000036     
   131.41494211211244       -408.84036121999998     
   130.94867365507247       -397.12925189999987     
   130.47736030478671       -379.10478217000036     
   130.00175721960818       -357.91246601999956     
   129.52432697207186       -334.89982770000006     
   129.04774985866874       -310.91765915999986     
   128.57038722015034       -286.19752694999988     
   128.09080780798428       -261.85518631000014     
   127.60881108694780       -238.63439798000036     
   127.12602311121830       -216.50922930999968     
   126.64160163286030       -196.19522641999993     
   126.15149526741725       -179.02996461000021     
   125.65419770888759       -164.40115137999965     
   125.14760047264399       -151.93113954999990     
   124.63295317960278       -140.55771283000013     
   124.11598769938701       -129.82695881000018     
   123.59388450676524       -119.54403482999987     
   123.05646787157916       -109.58113202000004     
   122.50864804199637       -99.252452370000356     
   121.96137366821938       -86.755931059999966     
   121.53215380709716       -65.471095889999560     
   121.27689997055387       -40.708573140000226     
   121.12816184995032       -15.251013480000438     
   121.07799939638249        0.0000000000000000     
>
   144.06100093487220       -25.000000000000000     
   143.44536524958710       -63.409857749999901     
   143.15397668478383       -85.933951080000043     
   142.83448396795367       -113.41210907000004     
   142.49028244689609       -143.18615690000024     
   142.11878063357580       -173.20357573999991     
   141.71692409007198       -202.53854523999962     
   141.28872122900782       -230.79806342000029     
   140.85933635604519       -258.90425907000008     
   140.42677672402809       -287.62260948000039     
   139.98543422221383       -316.56672815999991     
   139.53104260697859       -344.78606856999977     
   139.06689352076378       -370.49172178000026     
   138.60431949548399       -389.81699466999999     
   138.14396797342965       -402.71130514000015     
   137.68491248187183       -411.57072041999982     
   137.22600595933662       -416.90212778000023     
   136.77276541627978       -420.65678880999985     
   136.32445746674392       -423.48090618999959     
   135.87850437368056       -425.61887087000014     
   135.43330815784350       -426.97574541999984     
   134.98818126989769       -427.63704976999998     
   134.54256049234624       -428.18407071999991     
   134.09649051589594       -428.58477442999992     
   133.65004868984690       -428.76036981000016     
   133.20314849757455       -428.58396064000044     
   132.75262205551769       -428.31083053000020     
   132.29738647347369       -428.09492170999965     
   131.83758670976073       -427.97876618999999     
   131.37341241340366       -428.03487958999995     
   130.90385918941558       -428.30261234000045     
   130.42657275428181       -428.72396377000041     
   129.94171525505388       -429.39247580000028     
   129.44957488949470       -430.45424232999994     
   128.95069539453669       -431.93987345999994     
   128.44672001309067       -432.94195424000009     
   127.93797303925952       -433.00234153000019     
   127.42455817840136       -431.73292192999997     
   126.90726840408253       -428.76369674000034     
   126.38856743475358       -424.23273351999978     
   125.86795565123107       -417.96696272000008     
   125.34668954992470       -408.34762857999976     
   124.82847788653918       -392.64441247000013     
   124.31788541570130       -370.98145231000035     
   123.81243753276271       -346.83472620999964     
   123.31083305060690       -321.31247893999989     
   122.81087295727740       -294.05299253999965     
   122.31611646649846       -265.13890428000013     
   121.82816957892513       -236.59997159999966     
   121.34761155487223       -210.61275758000011     
   120.87275388776443       -185.49544650000007     
   120.40667221496044       -158.94420146999983     
   119.94857184402052       -129.43328867000037     
   119.49283091321531       -95.432056179999563     
   119.09148143734605       -56.688976729999922     
   118.86740108765277       -25.934742209999968     
   118.72999950966819        0.0000000000000000     
>
   144.06100093487220       -25.000000000000000     
   143.46388152613707       -71.290494589999980     
   143.18189691736362       -97.576186760000382     
   142.87854671300425       -128.58832805000020     
   142.55596288895541       -161.47624314000041     
   142.21178199437784       -194.59427348999998     
   141.84441521734993       -227.29721322000023     
   141.45323860685019       -259.97912308000014     
   141.05573367767929       -293.46491762000005     
   140.65579482386241       -327.42879123999955     
   140.24870660287684       -360.86930489000042     
   139.83351561297800       -391.56943105000028     
   139.41192984130566       -418.17099090000011     
   138.99350450474333       -441.82211150999956     
   138.57957058421204       -467.12584342999980     
   138.16469815883841       -494.06320857999981     
   137.74482896867249       -521.00200554000003     
   137.31827164235017       -546.55888957000025     
   136.88719367915004       -570.61412035000012     
   136.45172800527692       -593.28287725999962     
   136.00894164985911       -614.69595507000031     
   135.56003037578179       -634.88768684000024     
   135.10680759441610       -653.73254338999959     
   134.65194729971748       -670.24985526999990     
   134.19578753677570       -683.49728583999968     
   133.73791520303189       -694.04859645000033     
   133.27821627988803       -702.98557179999989     
   132.81926506664604       -710.39210600000024     
   132.36306920736413       -716.53863815000022     
   131.90938003836618       -721.56575849999990     
   131.45700981817589       -725.39849267000045     
   131.00570873720162       -728.08798773000035     
   130.55603542927796       -730.18299653000031     
   130.10812110173646       -731.73492539000017     
   129.66197950556372       -732.73502131999976     
   129.21772580527340       -733.22625760000028     
   128.77597994118258       -733.14422164000007     
   128.33710975218554       -732.36518529000023     
   127.90086772052159       -730.79892450999978     
   127.46707966702591       -728.31998812999973     
   127.03564933479161       -724.78133995000007     
   126.60666839706327       -720.29840102999970     
   126.18045656428181       -714.72186987999976     
   125.75754095760398       -707.42554374999963     
   125.33828941592404       -697.96691663999991     
   124.92291393362031       -685.93355376999989     
   124.51069602163768       -670.83768265999970     
   124.10211868338399       -651.76771633000044     
   123.69801499947020       -629.05119331999958     
   123.29910059416251       -603.58229570999993     
   122.90616844102729       -575.88808109999991     
   122.51640245257990       -546.02518736000002     
   122.12655625004339       -514.14991970000028     
   121.73147722410955       -481.41834965999988     
   121.33011800795806       -449.30756210999971     
   120.92121408377027       -417.82447460999992     
   120.50350322555856       -387.57532885999990     
   120.08460978249062       -358.80395304000012     
   119.66772627531208       -331.09847789000014     
   119.25125587069233       -303.24024007000025     
   118.83229997522646       -273.74783254999966     
   118.41429920037847       -242.26450002000001     
   117.99865442791854       -209.02082287000030     
   117.58455778737793       -172.96017862999997     
   117.17120026237251       -132.43312419999984     
   116.76095103331916       -84.462161290000040     
   116.36587200738533       -27.772838140000204     
   116.21469595143134        0.0000000000000000     
>
   144.06100093487220       -25.000000000000000     
   144.10085587799242       -74.230077600000186     
   144.02407036825693       -99.845281070000055     
   143.92896510648970       -135.01794920999964     
   143.82146103838087       -175.73418606999985     
   143.70819186909787       -217.33119504000024     
   143.58958559810173       -258.89791141000023     
   143.46813516468973       -299.76198611000018     
   143.34579893855113       -339.24230473999978     
   143.22051484463859       -377.36275950999971     
   143.09179357700867       -412.99013701999957     
   142.95985572440642       -445.10918089000006     
   142.82485885022112       -475.17728409000028     
   142.68673477247700       -503.93009706999965     
   142.54583700612380       -531.45324362999963     
   142.40961228341769       -557.96921048999957     
   142.28279380857245       -583.51101330999973     
   142.16458631619068       -607.87107930999991     
   142.05524706431510       -630.96722632000001     
   141.94730296463189       -652.50433387999965     
   141.84020053992626       -671.96691052999995     
   141.73231430897872       -689.04052910999962     
   141.62176554323128       -705.68175582999993     
   141.50996085403190       -723.26692925000043     
   141.39688018785824       -741.74387561999993     
   141.28279455373990       -760.50418928999989     
   141.16796235563527       -776.17212225000003     
   141.05225353212850       -788.30889587999991     
   140.93562797617503       -797.73876183999982     
   140.81821345735960       -804.73513273000026     
   140.70010336780027       -809.47175230999983     
   140.57895373722232       -812.79891063000014     
   140.45343587653585       -815.43014585000037     
   140.32411644098448       -817.74941817000035     
   140.19220609035565       -819.86338460000024     
   140.05934405685559       -821.56575979999980     
   139.92617778277477       -822.75579301000016     
   139.79263564839081       -823.40014928999972     
   139.65871077821032       -823.44369042000017     
   139.52437681617553       -823.03737897999963     
   139.38969621468431       -822.29186672000014     
   139.25478184641921       -821.19684130000041     
   139.11982106857397       -819.70871273000012     
   138.98500524904685       -817.89353199000016     
   138.85049882672052       -815.79539440999997     
   138.71658197794895       -813.38228606000030     
   138.58356925655298       -810.62106411999957     
   138.45168812677088       -807.84212749000017     
   138.32084634240022       -805.09455150000031     
   138.19081930399153       -802.14644762999978     
   138.06139387125103       -798.78083636999963     
   137.93242852360720       -794.85343468999963     
   137.80396909768240       -790.23060367000016     
   137.67605340869005       -784.52929347999998     
   137.54868489437683       -777.27760553000007     
   137.42150316429959       -769.01444769000045     
   137.29418908097540       -760.07115633000012     
   137.16678676215321       -750.29814357000032     
   137.03941309121996       -739.62152537000020     
   136.91204744169562       -728.02273291999973     
   136.78461532906888       -715.41943058000015     
   136.65736197926927       -701.62158118000025     
   136.53048563568836       -686.36850345000039     
   136.40414672650434       -669.01142755999990     
   136.27855094355991       -648.51953211000000     
   136.15401513250700       -625.57400305000010     
   136.03080285392397       -600.85561151000002     
   135.90914672866924       -574.86784893000004     
   135.78913327336741       -547.68777353000041     
   135.67086848520771       -519.35093412999959     
   135.55455060758166       -489.84087670999997     
   135.44045179543437       -459.11288840999987     
   135.32878289722862       -426.98437843000011     
   135.21923050505924       -392.78637262000029     
   135.11185821723961       -356.00990385000023     
   135.00677489574787       -317.34303278999960     
   134.90404585777080       -277.11799998999959     
   134.80352958273690       -235.31623548999960     
   134.70478088245187       -191.97162125999967     
   134.60775392029325       -147.19627383999978     
   134.51244755034554       -101.21533361000002     
   134.41886406443982       -53.452067369999895     
   134.35116852987113       -10.434443140000440     
   134.33900119847235        0.0000000000000000     
>
   144.06100093487220       -25.000000000000000     
   143.64568561313527       -89.532658539999829     
   143.40963273768810       -124.70206485000017     
   143.16698798299134       -163.81847649999963     
   142.91792266342111       -204.31475237999985     
   142.66095682903358       -245.28148290999980     
   142.39470506791881       -287.08497987999999     
   142.11700503741810       -329.54843741999957     
   141.82601582418695       -372.15022426999985     
   141.52215282261520       -413.37556648999998     
   141.21521189185373       -451.50774883000031     
   140.90908570705420       -488.31249293000019     
   140.60024427533912       -523.96992423000029     
   140.28671146532807       -558.19947219999995     
   139.96740667864947       -591.05000610000025     
   139.64143323637896       -622.78966261000005     
   139.30851611878245       -653.40036702999987     
   138.97245747368265       -682.08510056999967     
   138.63315244980600       -709.04496604999986     
   138.29027789896500       -735.29340607999984     
   137.94374902340837       -760.57296663000034     
   137.59196039543878       -783.83244171000024     
   137.23520021281919       -805.32091734000005     
   136.87612184302503       -825.55907050000042     
   136.51467887647618       -845.12037392000002     
   136.15018261792201       -864.02070980000008     
   135.78193062112527       -882.07473758000015     
   135.40946910352488       -899.09551136000027     
   135.03432041394004       -914.97605827999996     
   134.65835525951991       -929.57764829999996     
   134.28131237151709       -942.57142383999962     
   133.90276833413284       -953.75665320000007     
   133.52271455300041       -963.23069614999986     
   133.14110920220196       -970.87184328999956     
   132.75985049085989       -976.59038639000028     
   132.37885820488518       -980.44725175999974     
   131.99769460453447       -983.30482830999972     
   131.61601877992916       -985.43609397999990     
   131.23358206739312       -986.89755574999981     
   130.85055921904893       -988.06124026999987     
   130.46688720954097       -989.02838460000021     
   130.08227497631731       -989.62945717999992     
   129.69650651429527       -989.70177899999999     
   129.30942597895893       -989.13782181999977     
   128.92111816805954       -988.31368564999957     
   128.53201222697373       -987.51490982999985     
   128.14211961485714       -986.74712273000023     
   127.75144491537191       -986.00955878999957     
   127.36000130654703       -985.30198543000006     
   126.96786384585155       -984.59167009999965     
   126.57533276316180       -983.63520084999982     
   126.18254442242916       -982.19462491000013     
   125.78980363719221       -980.07838143000026     
   125.39718947562443       -977.33057138999993     
   125.00464235011684       -973.96921482000016     
   124.61216913616278       -970.34835545999977     
   124.21975665573329       -966.48620706000020     
   123.82737110431944       -962.26775168000040     
   123.43498096924333       -957.54732143000001     
   123.04257880205387       -952.14898005000032     
   122.65032674980257       -946.02434699999958     
   122.25835487390528       -939.35667825000019     
   121.86668723858872       -932.28434557000037     
   121.47524706751055       -924.82154902000002     
   121.08394555221489       -916.99217201000010     
   120.69291103524436       -908.78923422000025     
   120.30254458704437       -900.12867198000004     
   119.91271328141013       -891.01710970000022     
   119.52338102200154       -881.46586467999987     
   119.13459078065208       -871.48980165000012     
   118.74654996807777       -861.02764818000014     
   118.35962871500404       -849.99574242000017     
   117.97376514199067       -838.46050613999978     
   117.58898388622218       -826.43913291999979     
   117.20496982092001       -813.99329003999992     
   116.82173497819754       -801.09664180999971     
   116.43995258344530       -787.49898068000039     
   116.05980598315266       -773.14703775999988     
   115.68135533788639       -758.07759371999964     
   115.30416176198769       -742.30834055000014     
   114.92804133600936       -725.83405190000030     
   114.55345930166817       -708.43968818000030     
   114.18089235983639       -689.78337945000021     
   113.81007637697779       -669.39672418000009     
   113.44092254463663       -646.24283974999980     
   113.07355634056653       -621.17259863999971     
   112.70815652759457       -594.87436305000028     
   112.34575156493445       -567.51832804999958     
   111.98596788411410       -538.88203525999961     
   111.62831503327453       -508.92676388000018     
   111.27264518930876       -477.47155640999972     
   110.91876984910738       -444.41712267999992     
   110.56663343576582       -409.50556560000041     
   110.21753140682284       -371.86129345999962     
   109.87133713860926       -331.89437421000002     
   109.52768508406191       -290.33253426000010     
   109.18623318738665       -247.09929726999962     
   108.84747419227355       -201.78105970999968     
   108.51420757043175       -154.35167938999984     
   108.19043371307551       -104.91574090999984     
   107.87471335026353       -52.824680740000076     
   107.61749713332651        0.0000000000000000     
>
   144.06100093487220       -25.000000000000000     
   143.45554785523879       -72.652997490000416     
   143.17103994040576       -99.882772369999657     
   142.86581215340405       -131.56229116000031     
   142.54138455122174       -164.93079172000034     
   142.19525617315276       -198.48783978000029     
   141.82582331037312       -231.65827824000007     
   141.43265681750623       -264.97393919000024     
   141.03388393277001       -299.01569569999992     
   140.63244794027611       -333.24558726000032     
   140.22443381951936       -366.42794452999988     
   139.80995444318228       -396.37092881999979     
   139.39097849419414       -422.64220570999987     
   138.97668017251527       -447.61540352999964     
   138.56775275705851       -475.12876489999962     
   138.15803809761314       -504.57616910999968     
   137.74341605478904       -533.82018135999988     
   137.32180220818552       -561.75223334000020     
   136.89560756413741       -588.56093042999964     
   136.46403170062717       -614.00257524999961     
   136.02939853440716       -637.82737214999997     
   135.59423480928368       -659.73623568000039     
   135.15468451940274       -679.17279252000026     
   134.71244820345294       -696.26175460000013     
   134.26806329583121       -711.74752138999975     
   133.82120435651893       -725.74787583000034     
   133.37134999393706       -738.70248716999959     
   132.91933901827434       -750.73711977000039     
   132.46634484706257       -762.02531034000003     
   132.01191713548721       -772.66626125000039     
   131.55579461480107       -782.72927844999958     
   131.09779852217696       -792.21624727000017     
   130.63898309992862       -801.15799746999983     
   130.17952195426315       -809.57669556000019     
   129.71926898094682       -817.47093478999977     
   129.25804255236366       -824.81234398000015     
   128.79613831472773       -831.63431794999997     
   128.33400202919123       -837.99371136999980     
   127.87154259546725       -843.89174172000003     
   127.40867578876228       -849.32688098000017     
   126.94530076850718       -854.28799537000032     
   126.48146967385983       -858.79277911999998     
   126.01717906707360       -862.84753145000013     
   125.55241004054173       -866.45125953000024     
   125.08715113510866       -869.59932336000020     
   124.62145678176340       -872.38873111999965     
   124.15538771403057       -874.86165893999987     
   123.68896627726352       -876.97350010999980     
   123.22221768160455       -878.68068204999963     
   122.75514880254703       -879.94723474999955     
   122.28772755445530       -880.76066477000040     
   121.81996081282273       -881.10432557999957     
   121.35186691229822       -880.95718228999976     
   120.88347965739081       -880.31227589999980     
   120.41482024753826       -879.42863158999990     
   119.94593108161625       -878.37733732000015     
   119.47686716357161       -877.11886563999997     
   119.00770125904225       -875.59452647000035     
   118.53848436127055       -873.63624258999971     
   118.06925371251214       -871.06824811000024     
   117.60010327784285       -867.85129736999988     
   117.13113962740954       -863.95924500000001     
   116.66248537417701       -859.38891936999971     
   116.19423161843213       -854.19841813000039     
   115.72633366946813       -848.46203335999962     
   115.25884252052734       -842.27062180000030     
   114.79199938683480       -835.61654880999959     
   114.32656057265908       -828.19561825999972     
   113.86259425997584       -820.02835648000018     
   113.39974235017313       -811.35762357000021     
   112.93822371312260       -802.32238161999976     
   112.47867605083245       -792.83555471999989     
   112.02203901406058       -782.68238546999964     
   111.56785824728809       -771.89613119000023     
   111.11586216852763       -760.42343916000027     
   110.66556089887800       -748.41838121999990     
   110.21802128572405       -734.64736575000006     
   109.77329031160370       -718.33381563999956     
   109.33084601198007       -699.44407530999979     
   108.89080183249345       -677.82564025000011     
   108.45404413882824       -653.06228187000033     
   108.02257942912715       -625.73328995999964     
   107.59668787974424       -596.95146678000037     
   107.17636490701723       -567.21028612000009     
   106.76149878417918       -536.52833027999986     
   106.35226254447944       -505.05893284000012     
   105.94783399350484       -473.61493548999988     
   105.54583879421847       -443.14437415999964     
   105.14458156455169       -412.79453837999972     
   104.74421356535819       -380.04880445999970     
   104.34587612853414       -344.76095770000029     
   103.95211834323912       -307.54847435000011     
   103.56327710864731       -268.66204826000012     
   103.17894791656660       -228.18249477999962     
   102.79887465486968       -186.25450472000011     
   102.42329338216160       -142.99023641999975     
   102.05500414310923       -98.084132119999595     
   101.69369181093400       -49.542765559999680     
   101.41100017226101        0.0000000000000000     
>
   144.06100093487220       -25.000000000000000     
   143.49406207715572       -76.591294560000279     
   143.22056125421869       -105.65214612000000     
   142.93057987372109       -139.03900932000033     
   142.62481809006914       -174.06919911000023     
   142.30131065808024       -209.38581309999972     
   141.95903484811851       -244.58972912999980     
   141.59677369786095       -280.48064779000015     
   141.22098845218343       -317.11551564000001     
   140.84328608977683       -353.77143990999957     
   140.46115361782154       -388.76138143000026     
   140.07557881552884       -420.10331693999979     
   139.68637317978946       -449.35646347999955     
   139.29181268064582       -479.53289396000037     
   138.89642081976456       -510.16715230000045     
   138.49822146576528       -539.98862724999981     
   138.09530838811665       -568.38012362999962     
   137.68679063747203       -595.22586950000004     
   137.26510574410386       -620.67072927000027     
   136.83687423515073       -645.01812117000009     
   136.40671987989069       -667.82373275000009     
   135.97375172897702       -687.86015210000005     
   135.53703643418746       -706.02392440000040     
   135.09702949695651       -722.91838134000045     
   134.65640032757730       -738.63741465000021     
   134.21512543478099       -753.43176808000044     
   133.77239923993000       -767.31099936000010     
   133.32748606523586       -780.40403828000035     
   132.88140749441882       -792.97399947000031     
   132.43502067231663       -805.06181210999966     
   131.98794114425937       -816.68509891000031     
   131.53986008600410       -827.68417709999994     
   131.09076718431078       -837.87142924000000     
   130.64246267252165       -847.09170956999969     
   130.19545591010234       -855.29364487000021     
   129.74981450607083       -862.51948060999985     
   129.30563070662959       -868.79083168000034     
   128.86330844701291       -874.19457384999987     
   128.42327286189300       -878.81826251999973     
   127.98532685379377       -882.67488183000023     
   127.54914899340108       -885.78729809000015     
   127.11456796633902       -888.15818302000025     
   126.68068537480977       -890.01048267999977     
   126.24696607624760       -891.49887639000008     
   125.81335793149456       -892.64328200000000     
   125.37982255237952       -893.45796475000043     
   124.94625164988214       -893.96086826999999     
   124.51193361044071       -894.21826920999956     
   124.07675785320386       -894.23345404999964     
   123.64078339282280       -893.99562786000024     
   123.20406752507547       -893.49328631000026     
   122.76667499419094       -892.70449311999982     
   122.32866252298929       -891.56920386999991     
   121.89015215147755       -889.94844698999987     
   121.45121779120922       -887.78010342000016     
   121.01191043542666       -885.01389905999986     
   120.57253718949944       -881.57840530999965     
   120.13342865006625       -877.44638022999970     
   119.69472920248735       -872.68004739000025     
   119.25650416394966       -867.28995613999996     
   118.81884807248670       -861.28065631000027     
   118.38207834670813       -854.65483846000006     
   117.94630556746534       -847.39510922000045     
   117.51146499052930       -839.60553482999967     
   117.07750504969987       -831.31308243999956     
   116.64452658554617       -822.44218404999992     
   116.21275018681325       -813.00023841999973     
   115.78088612554006       -803.82619006999994     
   115.34912691554048       -794.80771395000011     
   114.91837897602117       -785.43648038999982     
   114.48867095487107       -775.99589052000010     
   114.05887126047632       -767.51749185999961     
   113.62982729739231       -759.44946609999988     
   113.20248902961691       -751.27696784999989     
   112.77832437498049       -742.04773721000038     
   112.35770747491274       -731.45540581000023     
   111.94028366854842       -720.08126931999959     
   111.52665398859786       -708.06888247999996     
   111.11765438046093       -695.29550455000026     
   110.71342751062461       -681.89573125999959     
   110.31229633166923       -667.04423921000034     
   109.91329598269468       -650.05767101000038     
   109.51573490366141       -631.28153602000020     
   109.11946068780021       -610.75737502999982     
   108.72528407036860       -587.84900957999980     
   108.33461796525009       -562.39154211000005     
   107.94843181700705       -534.84057432999998     
   107.56683047691303       -506.33338281000033     
   107.18956585424968       -476.92840525999964     
   106.81660815521249       -446.09492139000031     
   106.44812525643076       -413.45507452000038     
   106.08456692976112       -378.07275702999959     
   105.72602943211049       -340.17871340999955     
   105.37271272574382       -300.45019328000035     
   105.02481047039046       -259.00830277000023     
   104.68287728918068       -215.85458543999994     
   104.34786543794348       -171.27921917999993     
   104.01984710935902       -124.26136014999975     
   103.69846706960423       -74.067378220000137     
   103.41040853541359       -21.378352249999807     
   103.31899713244879        0.0000000000000000     
>
   144.06100093487220       -25.000000000000000     
   143.45688628461096       -70.579985739999756     
   143.17255484077396       -96.587688380000145     
   142.86600065651339       -127.32882607000010     
   142.53951441703049       -159.93578797000009     
   142.19058599429459       -192.74509044000024     
   141.81743807327473       -225.10944182999992     
   141.41998299143063       -257.31184284000028     
   141.01759989972771       -290.27138758000001     
   140.61255942984496       -323.70146248000037     
   140.20014613925960       -356.59719490000043     
   139.77914535747982       -386.94885194000017     
   139.35162889983513       -413.16264952999973     
   138.92938995629453       -435.78050952000012     
   138.51193463725235       -459.80605947000004     
   138.09453775990363       -486.20513864999975     
   137.67265576905947       -513.64518952999970     
   137.24362383808881       -540.19629727000029     
   136.81023742799636       -565.53164239000034     
   136.37257446104005       -589.66499268999996     
   135.92754383000116       -612.47813029000008     
   135.47609091521534       -633.90893065000000     
   135.02055109259064       -653.75371876000008     
   134.56250973630196       -671.23468240999955     
   134.10220519678552       -685.56722951000029     
   133.63946329487641       -697.50853089999964     
   133.17444675058394       -707.73356023999986     
   132.70962730376749       -716.25627005000024     
   132.24548337417272       -723.59704512000008     
   131.78147294374051       -729.95136565000030     
   131.31736625640139       -735.35593963999963     
   130.85414536178885       -740.02662008999960     
   130.39341797943140       -744.20285985999999     
   129.93533135947817       -747.81599979000021     
   129.48002931433180       -750.78607233999992     
   129.02709072002460       -753.08026078999956     
   128.57609044188436       -754.91019133000009     
   128.12708577568901       -756.31921168000008     
   127.68015636256992       -757.29465814000014     
   127.23536809267164       -757.81318708999970     
   126.79252329556036       -757.97600787000010     
   126.35124324614401       -757.97724706999998     
   125.91153080921156       -757.79979239000022     
   125.47338942250963       -757.41889498999990     
   125.03678814631813       -756.80969406999975     
   124.60075696311692       -756.11672390999956     
   124.16483979851378       -755.41376889999992     
   123.72904180912873       -754.69572370999958     
   123.29336700566620       -753.95677246000014     
   122.85768475375254       -753.19610379999995     
   122.42118145334129       -752.44468121000045     
   121.98371558386098       -751.70984599999974     
   121.54528026981831       -750.99368125999990     
   121.10586691684658       -750.29840741000044     
   120.66543828269013       -749.59937668000020     
   120.22389295382206       -748.84218369999962     
   119.78118853136664       -748.01959823000016     
   119.33728147053276       -747.12488169999961     
   118.89213624793804       -746.15134782000041     
   118.44623300220147       -745.13444396999967     
   117.99983414798588       -744.10662839999986     
   117.55293968529129       -743.08371197999986     
   117.10554961411773       -742.03281341999991     
   116.65783352996779       -740.86766313000044     
   116.21058154161902       -739.44788736000010     
   115.76406580401647       -737.72480258999985     
   115.31852867830078       -735.65862699999980     
   114.87426523772822       -733.20743081999990     
   114.43161982992410       -730.62784488000034     
   113.99064001038407       -728.19997266999962     
   113.55125817009018       -725.91722177999964     
   113.11345196368907       -723.78033537000010     
   112.67719503512288       -721.76862717000040     
   112.24190411337240       -719.60263550000036     
   111.80730818940806       -717.49446658000033     
   111.37321474941606       -715.54277480000019     
   110.93946909479607       -713.63105696999992     
   110.50581855116738       -711.52055980000023     
   110.07154921313719       -707.97721321999961     
   109.63641127111374       -702.41880006999963     
   109.20004376169615       -694.33895870000015     
   108.76182559865181       -683.29478615999960     
   108.32361717588971       -668.78013943000042     
   107.88771032452661       -650.05860452999968     
   107.45328800676936       -628.56354799000019     
   107.02000014541491       -605.63622313999986     
   106.58858413712507       -581.95037428999967     
   106.16280546042462       -557.20279513999958     
   105.74325769957287       -531.23350919000040     
   105.32876915591130       -504.03557231000013     
   104.91899834660359       -475.41552990000037     
   104.51436238491293       -445.02413727000021     
   104.11608052499346       -412.45131375999972     
   103.72379466823318       -377.03012422000029     
   103.33673418641908       -339.21373417999985     
   102.95441091952330       -299.70485745000042     
   102.57650515710505       -258.66871362999973     
   102.20349417299438       -216.00408618999973     
   101.83564496551644       -171.71971656000005     
   101.47210382758017       -125.77618712000003     
   101.11215570787718       -78.510132720000001     
   100.75612031684827       -26.223095999999714     
   100.61699413594835        0.0000000000000000     
>
   144.06100093487220       -25.000000000000000     
   143.46059675918900       -71.374784460000228     
   143.17772979543557       -97.739050129999669     
   142.87341874088054       -128.78636430999995     
   142.54972681648673       -161.67846377000023     
   142.20424358887706       -194.78637812000034     
   141.83534357683209       -227.47421937000036     
   141.44254148511277       -260.13827002000016     
   141.04386256545229       -293.59031590999984     
   140.64265117240785       -327.48283204000018     
   140.23429098515248       -360.78441431000010     
   139.81794090166636       -391.30162416999974     
   139.39541490627838       -417.76253100000031     
   138.97671168519312       -441.33395982000002     
   138.56258868859470       -466.72015089999968     
   138.14763146546977       -493.96513970999968     
   137.72769180149703       -521.37461356000040     
   137.30041312133071       -547.56690330000038     
   136.86787984537145       -572.44457355000031     
   136.42986565529648       -596.08733423000012     
   135.98265033624554       -618.50435770999957     
   135.52881334414059       -639.61181599999964     
   135.07024028303283       -659.16184192000037     
   134.60959368772222       -675.90218614999958     
   134.14744594303011       -689.33166709000034     
   133.68386523093230       -700.69549377000021     
   133.21877248325518       -710.36597789999996     
   132.75469616267833       -718.49541083999975     
   132.29231064050791       -725.57853168000020     
   131.83103493755573       -731.71018953000021     
   131.37046569154529       -736.87426782999955     
   130.91106527940443       -741.22105294999983     
   130.45447923587489       -745.10292208999999     
   130.00086569730377       -748.49344058000042     
   129.55025445749561       -751.36891524000021     
   129.10193562176198       -753.72385185999974     
   128.65553103796861       -755.66610757000035     
   128.21107565654003       -757.24333388000014     
   127.76865771297425       -758.45241649000036     
   127.32835283769811       -759.28065394999976     
   126.89009055690477       -759.77255734000028     
   126.45347209197988       -760.13702491000004     
   126.01847796235901       -760.37982459999967     
   125.58512077311329       -760.48494020999988     
   125.15341083748271       -760.43203458999960     
   124.72269269176793       -760.30224220000036     
   124.29212867169571       -760.22243969000010     
   123.86170789106831       -760.19834317000004     
   123.43136274086777       -760.24582978000035     
   123.00106858390957       -760.36946122999962     
   122.57010406634971       -760.59484151000015     
   122.13809103605398       -760.93882082999971     
   121.70503808738898       -761.40591124999992     
   121.27095438767925       -762.00136369000029     
   120.83581128903579       -762.72268382000038     
   120.39932976102014       -763.50255588999971     
   119.96142500588101       -764.31789771999956     
   119.52206952164498       -765.15881363999961     
   119.08123466042309       -766.01464565999959     
   118.63907397490014       -766.68273938000038     
   118.19603952876395       -766.63397956999961     
   117.75224820540146       -765.76448711000012     
   117.30783751467963       -764.07638861000032     
   116.86298450055232       -761.66235909999978     
   116.41869012025970       -758.76853818000018     
   115.97541675072956       -755.61123964000035     
   115.53303146575719       -752.35365151000042     
   115.09141680899782       -749.10382820999985     
   114.65091082554116       -745.52932008999960     
   114.21203490696632       -742.16642253999999     
   113.77509787751623       -738.93434803000036     
   113.34035355748708       -735.65807708000011     
   112.90804488097726       -732.20227495000017     
   112.47814721080226       -728.40722017999997     
   112.05021020214764       -724.29107042000032     
   111.62409061556860       -720.21124469000006     
   111.19959822908244       -716.42884229999981     
   110.77661329451334       -712.28565691000040     
   110.35462931718448       -706.71425019999970     
   109.93311459227674       -699.03292056999999     
   109.51186514682078       -689.44737279000037     
   109.09041631205768       -678.16756614000042     
   108.66850223557786       -664.62417430999994     
   108.24772490733194       -647.92181152000012     
   107.82862863721020       -628.77766866999991     
   107.41050467643970       -607.71316579999984     
   106.99362689883893       -585.02093054000034     
   106.57869660472964       -560.86886471999969     
   106.16897048612869       -535.14462927000022     
   105.76475221065905       -508.14383073000045     
   105.36503451854495       -479.85384811000040     
   104.96936420018301       -450.04901582000002     
   104.57750405105266       -418.54886610999984     
   104.19069910840808       -384.40855587999977     
   103.80926850973226       -347.63285933000043     
   103.43263528654158       -309.03662649000034     
   103.06050551149532       -268.93244316999971     
   102.69293189670914       -227.39972214000045     
   102.33052292334457       -184.64351459000045     
   101.97372320663823       -140.38240719999976     
   101.62212250882021       -94.540975590000016     
   101.27638889866108       -45.729485079999904     
   101.02549412490185        0.0000000000000000     
>
   144.06100093487220       -25.000000000000000     
   143.54820429545777       -87.228292249999868     
   143.28915289475404       -121.18751006999992     
   143.02095479606336       -158.73689680999996     
   142.74220166916450       -197.57634053000038     
   142.45126688692235       -236.77118409000013     
   142.14695640532508       -276.63930599000014     
   141.82747514765052       -317.25523759000043     
   141.49156547157332       -358.07224849999966     
   141.15006773827571       -397.66411923000032     
   140.81188227389958       -434.15904805999980     
   140.47529478876962       -470.13605946000007     
   140.13535263584248       -506.46440382000037     
   139.78830981715794       -541.99668122000003     
   139.43241422782714       -576.25946602000022     
   139.07111507368083       -609.38548969000021     
   138.70502541954278       -641.15967817999990     
   138.33667659288136       -670.97987741999987     
   137.96274601153510       -698.14029057999960     
   137.58125525229246       -723.61568350000016     
   137.19226390276251       -747.94603515000017     
   136.79978209444175       -771.44191059999957     
   136.40366028534982       -794.22184751999976     
   136.00336677066764       -816.38440551999975     
   135.59799685006183       -837.90055760999985     
   135.18710304350688       -858.74291114999960     
   134.77295655563952       -879.00134566999986     
   134.35540383377489       -898.64928599999985     
   133.93374873421126       -917.61227434000011     
   133.50736501409602       -935.79685627999970     
   133.07620225314457       -953.16606591999971     
   132.64205552807914       -969.81551611000032     
   132.20492713073077       -985.66865024999970     
   131.76456324080337       -1000.6898044500003     
   131.32047627122680       -1014.8141569099998     
   130.87327470316259       -1028.1061525200003     
   130.42387870680406       -1040.5732309300001     
   129.97193419424374       -1052.1395678999997     
   129.51726011082337       -1062.9075405599997     
   129.05969774723812       -1072.8555323299997     
   128.60021253734590       -1081.9788329200001     
   128.13893282368929       -1090.3683878900001     
   127.67566322766555       -1098.0477322400002     
   127.21021696503870       -1105.0195216499997     
   126.74305985048315       -1111.3297304300004     
   126.27482500234500       -1117.0096584000003     
   125.80533537667041       -1122.0257826899997     
   125.33443913964791       -1126.3564284000004     
   124.86218843043541       -1129.9803855800001     
   124.38933038597698       -1132.8709041800003     
   123.91581515894582       -1134.9772515100003     
   123.44152586595500       -1136.2533086900003     
   122.96641552446658       -1136.6744076300001     
   122.49086858915042       -1136.5442666800000     
   122.01506038508697       -1135.9887888000003     
   121.53898575565619       -1134.9829215299997     
   121.06263324170250       -1133.4919740300002     
   120.58629390577772       -1131.3768008500001     
   120.11039861213183       -1128.4788689899997     
   119.63498689485156       -1124.7829776099998     
   119.16011776858818       -1120.2848577400000     
   118.68592244067314       -1115.0244211899999     
   118.21264269928922       -1109.1127681700000     
   117.74046991233470       -1102.4657830500000     
   117.26957596714333       -1095.0218275899997     
   116.80010868682214       -1086.7737145999999     
   116.33217922518024       -1077.7883478000003     
   115.86595717772038       -1068.0571468099997     
   115.40167401938527       -1057.5198763400003     
   114.93954117159542       -1046.1504701000003     
   114.47965088055334       -1033.9955677600001     
   114.02201345949901       -1021.1390200799997     
   113.56685981041744       -1007.5379696500004     
   113.11419852767536       -993.27097311000034     
   112.66462835215198       -978.19507791999968     
   112.21718786069384       -962.59974854000029     
   111.77181116315633       -946.55003206000038     
   111.32840945108367       -930.09201122000013     
   110.88737921125906       -913.11490449000030     
   110.44837781493055       -895.64181869999993     
   110.01015736005509       -878.04276833000040     
   109.57325585398732       -860.22543517000031     
   109.13848288606921       -841.97543168999982     
   108.70576798249394       -823.27274526000019     
   108.27428436518616       -804.39292133999970     
   107.84372664764953       -785.73206277000008     
   107.41488264683046       -766.99381762000030     
   106.98756729736625       -748.00726442999985     
   106.56169465559005       -728.13536184999975     
   106.13749906123351       -707.24112370999956     
   105.71647364226922       -684.79450696000004     
   105.29969326749091       -660.00461742999960     
   104.88728971718783       -632.42338648999976     
   104.47878170682543       -602.97882654000023     
   104.07454051304462       -572.23595456000021     
   103.67523477757376       -540.31404697000016     
   103.28101289647759       -507.20347330000004     
   102.89154541903314       -472.91861554000025     
   102.50631668323909       -437.45529341000019     
   102.12510323556161       -400.37625047999973     
   101.74820014925693       -361.02034969000033     
   101.37577587391218       -319.77703662000022     
   101.00781379375169       -277.02461495999978     
   100.64249018416439       -232.81921987999976     
   100.27961596908311       -187.25875194000037     
   99.921036645514590       -140.42943706000005     
   99.568362224818401       -92.338092259999939     
   99.220877655686081       -40.719526330000008     
   99.014332678824800       -2.4555806300004406     
   99.002995563248021        0.0000000000000000     
>
   144.06100093487220       -25.000000000000000     
   143.54598752181010       -87.583423670000229     
   143.28634425572045       -121.70389028000045     
   143.01761559812627       -159.37243643999955     
   142.73830498330824       -198.31188239000039     
   142.44676286582018       -237.61100833999990     
   142.14176884559234       -277.59388367999964     
   141.82153128364925       -318.30191653000020     
   141.48651026508756       -358.89992608000011     
   141.14901177708870       -397.73808944000029     
   140.81536471128149       -433.41453592000016     
   140.48312941344221       -468.60813174000032     
   140.14758356555481       -504.27299303000018     
   139.80503388177462       -539.29598360000000     
   139.45365148087049       -573.13630380999984     
   139.09628453596272       -605.90217255999960     
   138.73361200201973       -637.47798335999960     
   138.36665145205728       -667.27141721000044     
   137.99292140593374       -694.27858496000044     
   137.61018217169027       -719.41563432000021     
   137.21822404677971       -743.31972509000025     
   136.82237611150620       -766.41190184999959     
   136.42288874841933       -788.81230038000012     
   136.01936890848253       -810.62407703000008     
   135.61155704182184       -831.79765917999975     
   135.19928297997686       -852.25884565999968     
   134.78463171630602       -872.10780460000024     
   134.36737693248654       -891.32984081999984     
   133.94673940593876       -909.86250646999997     
   133.52194564366076       -927.64453088000027     
   133.09285011437663       -944.63609618000010     
   132.66109090437703       -960.94479484000021     
   132.22644799787480       -976.52299190000031     
   131.78838396047306       -991.31461702999968     
   131.34654871496869       -1005.2788844600000     
   130.90124249123804       -1018.4200939100001     
   130.45360490230382       -1030.8199824300000     
   130.00329561124533       -1042.3727973200002     
   129.55000751269282       -1053.0525644099998     
   129.09364836044384       -1062.9555978600001     
   128.63511196863396       -1072.0783785100002     
   128.17457366234362       -1080.3683248999996     
   127.71185353283010       -1087.9066447599998     
   127.24677052543522       -1094.7164551599999     
   126.77978128750902       -1100.7959847700004     
   126.31170915938014       -1106.1795180700001     
   125.84240689089934       -1110.8949446699999     
   125.37168597895729       -1114.9077947200003     
   124.89955329904728       -1118.1971767900004     
   124.42694219939169       -1120.8072014999998     
   123.95387617125944       -1122.7065105199999     
   123.48022629915015       -1123.8566762000000     
   123.00591924446817       -1124.2315433100002     
   122.53107819313598       -1124.0035188700003     
   122.05577648374931       -1123.2638539299996     
   121.57999005208146       -1121.9825088699999     
   121.10368509362344       -1120.1184881800000     
   120.62714636839154       -1117.5967118500002     
   120.15096631472937       -1114.3432424200000     
   119.67518274785043       -1110.3485011399998     
   119.19984780691257       -1105.5781313899997     
   118.72510816910729       -1099.9765354499996     
   118.25128812853761       -1093.6094598000000     
   117.77853894605721       -1086.4714084699999     
   117.30699469378646       -1078.5451822699997     
   116.83680434074793       -1069.8080731900000     
   116.36813289878202       -1060.2840708599997     
   115.90117517353366       -1049.9745633599996     
   115.43609617684325       -1038.8746824000000     
   114.97288273068187       -1027.0972278600002     
   114.51182704351690       -1014.5821126199999     
   114.05265294969881       -1001.4984633900003     
   113.59513126611587       -987.98151523999968     
   113.13994553139867       -973.82805249000012     
   112.68641106100111       -959.21315281999978     
   112.23440237716949       -944.21691897999972     
   111.78337345114031       -929.06668463999995     
   111.33386801984597       -913.59721936999995     
   110.88630319654975       -897.62408364000021     
   110.44005445727232       -881.24595440000030     
   109.99496595749775       -864.67875973999980     
   109.55159232035626       -847.78349491999961     
   109.11041941404464       -830.40162053000040     
   108.67111664192429       -812.52277644999958     
   108.23318896847400       -794.51675074000013     
   107.79703918301249       -776.39918416000000     
   107.36293542978049       -758.04109267999957     
   106.93060268904395       -739.24565394999991     
   106.49972697993988       -719.66302435000034     
   106.07113794533252       -699.11157981999986     
   105.64578898696651       -677.02797129999999     
   105.22411268796505       -652.18161141000019     
   104.80595434972780       -624.75742385000012     
   104.39111458294761       -595.62723955999991     
   103.98104755446805       -565.29619512000045     
   103.57684016519623       -533.79524340999978     
   103.17733561337597       -501.05752793000011     
   102.78250066745608       -466.98989167000036     
   102.39236053757887       -431.43270329999996     
   102.00726243615847       -393.88144876000024     
   101.62731121446853       -354.00902794000012     
   101.25235675757087       -312.36583917000007     
   100.88138378428077       -269.26850586000000     
   100.51477216560586       -224.77538283000013     
   100.15270983169768       -178.96230687000025     
   99.795684369626329       -131.91596391999974     
   99.443841883625524       -83.643809940000210     
   99.097115910592819       -30.123610069999813     
   98.943799284375785        0.0000000000000000     
>
   144.06100093487220       -25.000000000000000     
   143.62636547682109       -91.260110799999893     
   143.38664910933377       -126.93568419999974     
   143.14109602094993       -166.25957706999998     
   142.88873218344483       -206.86680801999955     
   142.62809827335499       -247.95162393999999     
   142.35775502073903       -289.88975846999983     
   142.07556643899622       -332.42856068000037     
   141.77997293705147       -375.01107165000030     
   141.47159445522198       -416.20867340000041     
   141.16043712816347       -455.06862274000014     
   140.84843239654947       -493.46558977000041     
   140.53211443877379       -531.12108566999996     
   140.20967901078973       -567.59674094999991     
   139.88014234409044       -602.93331369000043     
   139.54323915922413       -637.10453966000023     
   139.19983462243738       -669.61904729999969     
   138.85237297161623       -699.60640347000026     
   138.49982975825148       -728.34359426999981     
   138.14172656259748       -756.11015922000024     
   137.77702804994726       -782.41629952000039     
   137.40501687716127       -807.30372245000035     
   137.02834526579937       -831.18414792000021     
   136.64898247174870       -854.42196770999999     
   136.26613437552714       -876.94603216999985     
   135.87894956187498       -898.66346275999967     
   135.48667459131249       -919.50897480999993     
   135.08979017541645       -939.47797396999977     
   134.69048845065004       -958.53306358999998     
   134.28876540630878       -976.58854138999959     
   133.88422570152503       -993.73022444999970     
   133.47684240728319       -1010.2777205700004     
   133.06688023007720       -1026.3986515500001     
   132.65559623927464       -1042.3902858399997     
   132.24251487991876       -1058.2118714199996     
   131.82705861056817       -1073.6173113900004     
   131.40875760584390       -1088.5295054300004     
   130.98770984152625       -1102.8244109899997     
   130.56482918527294       -1116.4623964800003     
   130.14000734806376       -1129.4750805000003     
   129.71300884425142       -1141.8688578100000     
   129.28357183213092       -1153.6624295000001     
   128.85201774101625       -1164.9007126400002     
   128.41908855123160       -1175.6213898400001     
   127.98456940360967       -1185.8092919600003     
   127.54826663842114       -1195.4366862200004     
   127.11021807087943       -1204.5071321599999     
   126.67113989820852       -1212.9801946999996     
   126.23144579592496       -1220.6395063299997     
   125.79100971331739       -1227.3934490299998     
   125.34970445375878       -1233.1719650799996     
   124.90758616711150       -1237.9212955499997     
   124.46570623090037       -1241.6620623600002     
   124.02419527949904       -1244.5172150300004     
   123.58296335853615       -1246.5129152600002     
   123.14196176660052       -1247.6366860199996     
   122.70120138988990       -1248.0164380799997     
   122.26068108248879       -1247.8800782700000     
   121.82034526749254       -1247.2013639600000     
   121.38020253926791       -1245.9125391899997     
   120.94033941443953       -1243.9165398100004     
   120.50100914034579       -1241.2596545400002     
   120.06237730178485       -1237.9637539699997     
   119.62451437256357       -1233.9849438399997     
   119.18767302706263       -1229.2287299199998     
   118.75212083656483       -1223.6064929000004     
   118.31773690697878       -1217.2179922400001     
   117.88476761014957       -1210.0105106199999     
   117.45338655228426       -1201.9891786199996     
   117.02360519253843       -1193.2727673600002     
   116.59592601488443       -1183.7031046100001     
   116.17025620016206       -1173.3291530500001     
   115.74626744356382       -1162.3045518299996     
   115.32448342849989       -1150.5472831500001     
   114.90593089531055       -1137.8136392200004     
   114.48987359324958       -1124.3295757500000     
   114.07583310257137       -1110.2643479300004     
   113.66422481766578       -1095.5352580299996     
   113.25551741799622       -1080.0653699000004     
   112.85065170023613       -1063.6470053599996     
   112.44909252181969       -1046.3382826200004     
   112.05026577905221       -1028.2800347499997     
   111.65480057957522       -1009.3807733800004     
   111.26354547385971       -989.58810177000032     
   110.87731749969876       -968.81433623999965     
   110.49609087399234       -947.10852038000030     
   110.11735374983651       -924.89930044999983     
   109.74054290973427       -902.34800235999955     
   109.36533635141377       -879.59291839999969     
   108.99276310704641       -856.45002631999978     
   108.62306038115277       -832.72864389000006     
   108.25233148787663       -809.10651890999998     
   107.88075977370727       -785.70477604000007     
   107.51041877284761       -762.23561246999998     
   107.14225615746444       -738.57571919000020     
   106.77568579174964       -715.03807317999963     
   106.40936065196431       -691.85120016000019     
   106.04388005194551       -668.54622932999973     
   105.68106141376880       -643.23949755000012     
   105.32132929914857       -615.95010918000025     
   104.96448947539770       -587.09983797000041     
   104.61017066587523       -557.12126254000032     
   104.25895155793815       -526.09985870000037     
   103.91199410996268       -493.80893618000027     
   103.56946734449366       -460.00744672000019     
   103.23131568462649       -424.29053260000001     
   102.89764111684592       -385.97290688999965     
   102.56883267948396       -345.20025128999987     
   102.24552234497109       -302.84823118999975     
   101.92792096177001       -259.03075754000020     
   101.61574434282230       -214.18601166999997     
   101.30877877487629       -168.67140963000020     
   101.00877464394739       -120.95563941999990     
   100.72073329849015       -71.262312759999986     
   100.47525755940646       -20.826666289999594     
   100.39700012113623        0.0000000000000000     
>
   144.06100093487220       -25.000000000000000     
   143.60012572940767       -90.446909229999619     
   143.35458123539050       -125.65107688999979     
   143.10270727678665       -164.42084944999988     
   142.84294999209894       -204.45783657999982     
   142.57386610068164       -244.92576430999998     
   142.29412347569814       -286.21944507999979     
   142.00169613844116       -328.18097966999994     
   141.69499241220026       -370.26566276999984     
   141.37606062103595       -411.07982994000031     
   141.05692199211333       -449.23585174999971     
   140.73701846455549       -487.03106708999985     
   140.41248314631071       -524.31764807000036     
   140.08116629979148       -560.45316085000013     
   139.74197701338622       -595.40977045000000     
   139.39416127465751       -629.34509635999984     
   139.04057355926130       -661.96507738000037     
   138.68152555622942       -692.16195298999992     
   138.31596187733263       -720.72854877000009     
   137.94358916818800       -748.21909383000002     
   137.56381040678957       -774.53262083000027     
   137.17720829119884       -799.49822804999985     
   136.78794077601930       -823.47036150999975     
   136.39583024433944       -846.72112326000024     
   135.99998918455930       -869.24906275000012     
   135.59950029127441       -890.95090084000003     
   135.19397624502602       -911.80310139999983     
   134.78566991580192       -931.86480105000010     
   134.37466037177558       -951.01659459999973     
   133.96061415151954       -969.15125935000015     
   133.54316284318179       -986.21592899000007     
   133.12221993013773       -1002.5214999999998     
   132.69955470600939       -1018.3732849600001     
   132.27480448852262       -1033.8349495399998     
   131.84736538017810       -1048.9051826200002     
   131.41682084067040       -1063.4091106599999     
   130.98318920464845       -1077.2467165700000     
   130.54751440118591       -1090.3878605899999     
   130.10972137281371       -1102.8001077099998     
   129.66956489360234       -1114.4462192800002     
   129.22683927170914       -1125.3811373700000     
   128.78215757195781       -1135.6430265400004     
   128.33614947494763       -1145.2649695099999     
   127.88876398743626       -1154.2785589400000     
   127.43984698378117       -1162.6953614200002     
   126.98933085496435       -1170.5259020200001     
   126.53801430413002       -1177.8259817199996     
   126.08590936339151       -1184.5691651799998     
   125.63287050147292       -1190.7322878799996     
   125.17877797019842       -1196.2962185099996     
   124.72395148000878       -1201.2391409000002     
   124.26896799938764       -1205.5499860500004     
   123.81377481621932       -1209.2081877500004     
   123.35833182345930       -1212.0908601000001     
   122.90265277209421       -1214.1556432699999     
   122.44737192638567       -1215.4346623199999     
   121.99263252577848       -1215.9303515700003     
   121.53841852745479       -1215.6091962199998     
   121.08473566099239       -1214.3989386699996     
   120.63168935062271       -1212.3266203699995     
   120.17949044480841       -1209.5352755200001     
   119.72831541454553       -1205.9813414299997     
   119.27824103617645       -1201.7632909599997     
   118.82935096153699       -1196.8407507499996     
   118.38149564864669       -1191.3275706599998     
   117.93483380681047       -1185.2073690300003     
   117.48970290816023       -1178.3770582300003     
   117.04644042482792       -1170.7337229200002     
   116.60484696750639       -1162.3653696000001     
   116.16461428491041       -1153.4147025599996     
   115.72616006326102       -1143.7805966799997     
   115.28982635835241       -1133.4088520799996     
   114.85583776963402       -1122.2994571800000     
   114.42411121822788       -1110.4878376699999     
   113.99441923989561       -1098.0545823200000     
   113.56703971916012       -1084.9604008500000     
   113.14253587351838       -1071.0937412900003     
   112.72128413623130       -1056.3533092600001     
   112.30293443009582       -1040.8258790600003     
   111.88773484583028       -1024.5042037599997     
   111.47614947923589       -1007.3446544099997     
   111.06881603232083       -989.34929281000041     
   110.66647877724026       -970.41665516000012     
   110.26809149308941       -950.78501053000036     
   109.87254951727002       -930.66589653000028     
   109.47886335169741       -910.27185892000034     
   109.08751370794832       -889.55633544000011     
   108.69982182666156       -868.19774759000029     
   108.31264560737606       -846.67490354999973     
   107.92485403143571       -825.30480576999980     
   107.53804106738222       -803.88998785999956     
   107.15325293612038       -782.39147985999989     
   106.77061969906606       -760.87614219999978     
   106.38846889246183       -739.66739574999974     
   106.00584940639420       -719.12644908000038     
   105.62460673786997       -698.55505959000038     
   105.24552412017324       -677.10911224000029     
   104.86869551837988       -653.07495937000022     
   104.49291141861796       -626.42151687000023     
   104.11823771103211       -598.00403652000023     
   103.74634571346419       -568.29098972999964     
   103.37781869693343       -537.34031529000004     
   103.01206880675842       -505.24666959000024     
   102.64810482598114       -472.04872366000018     
   102.28590670107928       -437.60815187000026     
   101.92733482596191       -401.25128645000041     
   101.57274156966322       -362.12545184000010     
   101.22156887130627       -320.87106724000023     
   100.87287192351317       -278.11292028000025     
   100.52560049467471       -234.03227203999995     
   100.18044729074589       -189.03004990000045     
   99.839319688173646       -143.07470916999955     
   99.503376780545253       -96.194058940000104     
   99.173922046808386       -47.198277159999634     
   98.924000728315974        0.0000000000000000     
>
   144.06100093487220       -25.000000000000000     
   143.43922486106754       -63.957279240000389     
   143.14758648667254       -86.546389580000323     
   142.82802100420443       -114.08536783999989     
   142.48382865047131       -143.87248257000010     
   142.11238126814007       -173.88075003999984     
   141.71068515281442       -203.19827258999976     
   141.28309879432067       -231.44211751999956     
   140.85453898056005       -259.57450721999976     
   140.42273966351596       -288.33800702000008     
   139.98210018089674       -317.35144414000024     
   139.52834855950084       -345.67062745000021     
   139.06485837473213       -371.47617608000019     
   138.60277823905798       -390.80832184999963     
   138.14288622914256       -403.88786670999980     
   137.68450568184861       -412.88920239999970     
   137.22645172048883       -418.30548607000037     
   136.77377955154893       -422.10021862000031     
   136.32526877495926       -424.98435841999981     
   135.87764035334953       -427.26580099999956     
   135.42981655313713       -428.66600980000021     
   134.98143526500556       -429.27946305000023     
   134.53257097346611       -429.74359289000040     
   134.08336519909031       -430.00260356000035     
   133.63397951597182       -429.93751221999992     
   133.18435892016387       -429.35796225000013     
   132.73167701094175       -428.39200135000010     
   132.27517118150129       -426.96442007000041     
   131.81546137215963       -424.70733783000014     
   131.35362818128831       -420.98990351999964     
   130.89124380503344       -414.88502040999992     
   130.42809510310110       -405.07404161999966     
   129.96631863504996       -389.81239041000026     
   129.50796902747609       -369.58325401999991     
   129.05438642862504       -346.30894782999985     
   128.60586419287981       -321.30323340999985     
   128.16476233333279       -295.18610602999979     
   127.73185491594373       -267.90620817000035     
   127.30845229515357       -238.31861510999988     
   126.89908656699575       -205.42114161999962     
   126.49975504842482       -170.00860066000041     
   126.10616456680133       -132.14054742000008     
   125.71839820100328       -96.752709510000386     
   125.33549166308826       -68.187567799999670     
   124.95250147333751       -36.110379470000225     
   124.72989534401007       -6.0254647700003261     
   124.69419549070450        0.0000000000000000     
>
   144.06100093487220       -25.000000000000000     
   143.43919334838967       -63.786436999999751     
   143.14643369562083       -86.550633240000025     
   142.82556588012062       -114.21798097000010     
   142.47990904630390       -144.08805584000038     
   142.10671987232394       -174.14447370000016     
   141.70288948927080       -203.50077523999971     
   141.27319464614962       -231.78695802000038     
   140.84261171847072       -259.96796608000022     
   140.40856296918551       -288.71093543999996     
   139.96553654445822       -317.58055237000008     
   139.50942376405433       -345.56287068999973     
   139.04437513412620       -370.79120158000023     
   138.58158281193252       -389.53214695000042     
   138.12126222959827       -401.85321062999992     
   137.66222106198492       -410.24637533999976     
   137.20382733666207       -415.24903264000022     
   136.75194470354188       -418.81629601999975     
   136.30548740763282       -421.51100345000032     
   135.86262714066152       -423.45391803999973     
   135.42175561014173       -424.61962553000012     
   134.98140948190547       -425.16457773999991     
   134.54052935701904       -425.55124085999978     
   134.09908544167786       -425.70795992999956     
   133.65709034095312       -425.48648907000006     
   133.21443519286674       -424.62113683000007     
   132.76741926312297       -423.15743079999993     
   132.31455572628479       -420.84664674000032     
   131.85617059532865       -416.96540723999988     
   131.39308663762537       -410.23200286999963     
   130.92547688642429       -398.40228769999976     
   130.45183331685061       -379.41917585000010     
   129.97411372563576       -357.27215420999983     
   129.49469474164786       -333.37393464999968     
   129.01626983940687       -308.34953959999984     
   128.53765070447872       -282.75372840999989     
   128.05705200042345       -257.49539009000000     
   127.57456540048580       -232.99544469000011     
   127.09281161354772       -209.21994080999957     
   126.61182157932929       -186.92366114000015     
   126.12957390278555       -166.53777652999997     
   125.64611270166549       -147.64847977000045     
   125.16077277198747       -129.46498358000008     
   124.67501859383513       -109.96643639000013     
   124.24600614342896       -87.583431899999596     
   124.00186081230854       -65.510247600000184     
   123.87110325273142       -45.449169860000438     
   123.77858203054832       -21.061569260000397     
   123.73399732096091        0.0000000000000000     
>
   144.06100093487220       -25.000000000000000     
   143.47963614619135       -64.888254649999908     
   143.19794374588525       -87.863741340000161     
   142.89076045398318       -116.12542459999986     
   142.56178815069637       -146.86070252999980     
   142.20892465393305       -178.03355224999996     
   141.82995147117217       -208.71150527000009     
   141.42470301761557       -238.59113560999958     
   141.01427273390399       -268.83894954999960     
   140.60347976791820       -299.77337014000022     
   140.18887949748969       -330.59561250000024     
   139.76554333980192       -360.46235616000013     
   139.33275452467319       -387.21792626000024     
   138.90048710112345       -408.32232108999960     
   138.47414807171498       -423.68608827000025     
   138.04854701192608       -434.95548922000035     
   137.61686744305786       -442.98837462000029     
   137.17799897293409       -447.31732783000007     
   136.74118856715322       -450.68749577000017     
   136.30728191139724       -453.75814971000000     
   135.87601200734110       -456.57795901999998     
   135.44689470566135       -458.96980637999968     
   135.01948481816356       -460.87694458999977     
   134.59368436906752       -462.50997664999977     
   134.16877544227592       -463.63199959000031     
   133.74438103156999       -464.16641498999979     
   133.32038253468951       -463.96778240000003     
   132.89764168013431       -462.96673112999997     
   132.47702764485550       -461.05373373000020     
   132.05859543279979       -458.01742584000021     
   131.64226941354039       -453.70423553999990     
   131.22703258701924       -448.36680156999955     
   130.81347624566442       -442.21821801999977     
   130.40242086501576       -434.59188643000016     
   129.99422626255858       -424.74545794000005     
   129.58916631211133       -412.19563488000040     
   129.18756473481923       -396.15608080000038     
   128.78982374704333       -376.36023170000044     
   128.39695862996828       -353.58713900000021     
   128.00931143938828       -328.25011024000014     
   127.62654413021363       -300.47815033000006     
   127.24807572325621       -269.72295602000031     
   126.87366844103769       -234.95674799999961     
   126.50364543174548       -196.77634348999982     
   126.13972270392829       -157.15534215000025     
   125.78186702603489       -118.20483718000014     
   125.42904478223167       -80.776277650000338     
   125.08116315335836       -39.326299499999550     
   124.83989349733170        0.0000000000000000     
>
   144.06100093487220       -25.000000000000000     
   143.43718054771139       -64.053702139999587     
   143.14400435463708       -86.979858990000139     
   142.82281797461167       -114.79222989000027     
   142.47691247711873       -144.76183869000033     
   142.10347922312485       -174.89475818000028     
   141.69941335442445       -204.32746081000005     
   141.26968585270990       -232.70473542000036     
   140.83913271883551       -261.02715819999958     
   140.40500375546119       -289.89032750000024     
   139.96184784227580       -318.82585890999962     
   139.50566687989618       -346.77669874000003     
   139.04131611254311       -371.77259365000009     
   138.58088552231527       -390.09844141000031     
   138.12401815651614       -402.16073520000009     
   137.66877856376772       -410.37902130000020     
   137.21393431188693       -415.29249898000035     
   136.76503163217629       -418.81174788000044     
   136.32114519782246       -421.48911946000044     
   135.88050399632991       -423.42488520999996     
   135.44142066703898       -424.58131425000010     
   135.00245364817724       -425.07290260999980     
   134.56261573349113       -425.38964419999957     
   134.12184275170938       -425.46347327999956     
   133.68010490902748       -425.14793969000038     
   133.23727844656511       -424.18053660999976     
   132.78991816919608       -422.54570478000005     
   132.33659569317680       -419.98316381000041     
   131.87787595487757       -415.80537126000036     
   131.41494211211244       -408.84036121999998     
   130.94867365507247       -397.12925189999987     
   130.47736030478671       -379.10478217000036     
   130.00175721960818       -357.91246601999956     
   129.52432697207186       -334.89982770000006     
   129.04774985866874       -310.91765915999986     
   128.57038722015034       -286.19752694999988     
   128.09080780798428       -261.85518631000014     
   127.60881108694780       -238.63439798000036     
   127.12602311121830       -216.50922930999968     
   126.64160163286030       -196.19522641999993     
   126.15149526741725       -179.02996461000021     
   125.65419770888759       -164.40115137999965     
   125.14760047264399       -151.93113954999990     
   124.63295317960278       -140.55771283000013     
   124.11598769938701       -129.82695881000018     
   123.59388450676524       -119.54403482999987     
   123.05646787157916       -109.58113202000004     
   122.50864804199637       -99.252452370000356     
   121.96137366821938       -86.755931059999966     
   121.53215380709716       -65.471095889999560     
   121.27689997055387       -40.708573140000226     
   121.12816184995032       -15.251013480000438     
   121.07799939638249        0.0000000000000000     
>
   144.06100093487220       -25.000000000000000     
   143.44536524958710       -63.409857749999901     
   143.15397668478383       -85.933951080000043     
   142.83448396795367       -113.41210907000004     
   142.49028244689609       -143.18615690000024     
   142.11878063357580       -173.20357573999991     
   141.71692409007198       -202.53854523999962     
   141.28872122900782       -230.79806342000029     
   140.85933635604519       -258.90425907000008     
   140.42677672402809       -287.62260948000039     
   139.98543422221383       -316.56672815999991     
   139.53104260697859       -344.78606856999977     
   139.06689352076378       -370.49172178000026     
   138.60431949548399       -389.81699466999999     
   138.14396797342965       -402.71130514000015     
   137.68491248187183       -411.57072041999982     
   137.22600595933662       -416.90212778000023     
   136.77276541627978       -420.65678880999985     
   136.32445746674392       -423.48090618999959     
   135.87850437368056       -425.61887087000014     
   135.43330815784350       -426.97574541999984     
   134.98818126989769       -427.63704976999998     
   134.54256049234624       -428.18407071999991     
   134.09649051589594       -428.58477442999992     
   133.65004868984690       -428.76036981000016     
   133.20314849757455       -428.58396064000044     
   132.75262205551769       -428.31083053000020     
   132.29738647347369       -428.09492170999965     
   131.83758670976073       -427.97876618999999     
   131.37341241340366       -428.03487958999995     
   130.90385918941558       -428.30261234000045     
   130.42657275428181       -428.72396377000041     
   129.94171525505388       -429.39247580000028     
   129.44957488949470       -430.45424232999994     
   128.95069539453669       -431.93987345999994     
   128.44672001309067       -432.94195424000009     
   127.93797303925952       -433.00234153000019     
   127.42455817840136       -431.73292192999997     
   126.90726840408253       -428.76369674000034     
   126.38856743475358       -424.23273351999978     
   125.86795565123107       -417.96696272000008     
   125.34668954992470       -408.34762857999976     
   124.82847788653918       -392.64441247000013     
   124.31788541570130       -370.98145231000035     
   123.81243753276271       -346.83472620999964     
   123.31083305060690       -321.31247893999989     
   122.81087295727740       -294.05299253999965     
   122.31611646649846       -265.13890428000013     
   121.82816957892513       -236.59997159999966     
   121.34761155487223       -210.61275758000011     
   120.87275388776443       -185.49544650000007     
   120.40667221496044       -158.94420146999983     
   119.94857184402052       -129.43328867000037     
   119.49283091321531       -95.432056179999563     
   119.09148143734605       -56.688976729999922     
   118.86740108765277       -25.934742209999968     
   118.72999950966819        0.0000000000000000     
>
   144.06100093487220       -25.000000000000000     
   143.46388152613707       -71.290494589999980     
   143.18189691736362       -97.576186760000382     
   142.87854671300425       -128.58832805000020     
   142.55596288895541       -161.47624314000041     
   142.21178199437784       -194.59427348999998     
   141.84441521734993       -227.29721322000023     
   141.45323860685019       -259.97912308000014     
   141.05573367767929       -293.46491762000005     
   140.65579482386241       -327.42879123999955     
   140.24870660287684       -360.86930489000042     
   139.83351561297800       -391.56943105000028     
   139.41192984130566       -418.17099090000011     
   138.99350450474333       -441.82211150999956     
   138.57957058421204       -467.12584342999980     
   138.16469815883841       -494.06320857999981     
   137.74482896867249       -521.00200554000003     
   137.31827164235017       -546.55888957000025     
   136.88719367915004       -570.61412035000012     
   136.45172800527692       -593.28287725999962     
   136.00894164985911       -614.69595507000031     
   135.56003037578179       -634.88768684000024     
   135.10680759441610       -653.73254338999959     
   134.65194729971748       -670.24985526999990     
   134.19578753677570       -683.49728583999968     
   133.73791520303189       -694.04859645000033     
   133.27821627988803       -702.98557179999989     
   132.81926506664604       -710.39210600000024     
   132.36306920736413       -716.53863815000022     
   131.90938003836618       -721.56575849999990     
   131.45700981817589       -725.39849267000045     
   131.00570873720162       -728.08798773000035     
   130.55603542927796       -730.18299653000031     
   130.10812110173646       -731.73492539000017     
   129.66197950556372       -732.73502131999976     
   129.21772580527340       -733.22625760000028     
   128.77597994118258       -733.14422164000007     
   128.33710975218554       -732.36518529000023     
   127.90086772052159       -730.79892450999978     
   127.46707966702591       -728.31998812999973     
   127.03564933479161       -724.78133995000007     
   126.60666839706327       -720.29840102999970     
   126.18045656428181       -714.72186987999976     
   125.75754095760398       -707.42554374999963     
   125.33828941592404       -697.96691663999991     
   124.92291393362031       -685.93355376999989     
   124.51069602163768       -670.83768265999970     
   124.10211868338399       -651.76771633000044     
   123.69801499947020       -629.05119331999958     
   123.29910059416251       -603.58229570999993     
   122.90616844102729       -575.88808109999991     
   122.51640245257990       -546.02518736000002     
   122.12655625004339       -514.14991970000028     
   121.73147722410955       -481.41834965999988     
   121.33011800795806       -449.30756210999971     
   120.92121408377027       -417.82447460999992     
   120.50350322555856       -387.57532885999990     
   120.08460978249062       -358.80395304000012     
   119.66772627531208       -331.09847789000014     
   119.25125587069233       -303.24024007000025     
   118.83229997522646       -273.74783254999966     
   118.41429920037847       -242.26450002000001     
   117.99865442791854       -209.02082287000030     
   117.58455778737793       -172.96017862999997     
   117.17120026237251       -132.43312419999984     
   116.76095103331916       -84.462161290000040     
   116.36587200738533       -27.772838140000204     
   116.21469595143134        0.0000000000000000     
>
   144.06100093487220       -25.000000000000000     
   144.10085587799242       -74.230077600000186     
   144.02407036825693       -99.845281070000055     
   143.92896510648970       -135.01794920999964     
   143.82146103838087       -175.73418606999985     
   143.70819186909787       -217.33119504000024     
   143.58958559810173       -258.89791141000023     
   143.46813516468973       -299.76198611000018     
   143.34579893855113       -339.24230473999978     
   143.22051484463859       -377.36275950999971     
   143.09179357700867       -412.99013701999957     
   142.95985572440642       -445.10918089000006     
   142.82485885022112       -475.17728409000028     
   142.68673477247700       -503.93009706999965     
   142.54583700612380       -531.45324362999963     
   142.40961228341769       -557.96921048999957     
   142.28279380857245       -583.51101330999973     
   142.16458631619068       -607.87107930999991     
   142.05524706431510       -630.96722632000001     
   141.94730296463189       -652.50433387999965     
   141.84020053992626       -671.96691052999995     
   141.73231430897872       -689.04052910999962     
   141.62176554323128       -705.68175582999993     
   141.50996085403190       -723.26692925000043     
   141.39688018785824       -741.74387561999993     
   141.28279455373990       -760.50418928999989     
   141.16796235563527       -776.17212225000003     
   141.05225353212850       -788.30889587999991     
   140.93562797617503       -797.73876183999982     
   140.81821345735960       -804.73513273000026     
   140.70010336780027       -809.47175230999983     
   140.57895373722232       -812.79891063000014     
   140.45343587653585       -815.43014585000037     
   140.32411644098448       -817.74941817000035     
   140.19220609035565       -819.86338460000024     
   140.05934405685559       -821.56575979999980     
   139.92617778277477       -822.75579301000016     
   139.79263564839081       -823.40014928999972     
   139.65871077821032       -823.44369042000017     
   139.52437681617553       -823.03737897999963     
   139.38969621468431       -822.29186672000014     
   139.25478184641921       -821.19684130000041     
   139.11982106857397       -819.70871273000012     
   138.98500524904685       -817.89353199000016     
   138.85049882672052       -815.79539440999997     
   138.71658197794895       -813.38228606000030     
   138.58356925655298       -810.62106411999957     
   138.45168812677088       -807.84212749000017     
   138.32084634240022       -805.09455150000031     
   138.19081930399153       -802.14644762999978     
   138.06139387125103       -798.78083636999963     
   137.93242852360720       -794.85343468999963     
   137.80396909768240       -790.23060367000016     
   137.67605340869005       -784.52929347999998     
   137.54868489437683       -777.27760553000007     
   137.42150316429959       -769.01444769000045     
   137.29418908097540       -760.07115633000012     
   137.16678676215321       -750.29814357000032     
   137.03941309121996       -739.62152537000020     
   136.91204744169562       -728.02273291999973     
   136.78461532906888       -715.41943058000015     
   136.65736197926927       -701.62158118000025     
   136.53048563568836       -686.36850345000039     
   136.40414672650434       -669.01142755999990     
   136.27855094355991       -648.51953211000000     
   136.15401513250700       -625.57400305000010     
   136.03080285392397       -600.85561151000002     
   135.90914672866924       -574.86784893000004     
   135.78913327336741       -547.68777353000041     
   135.67086848520771       -519.35093412999959     
   135.55455060758166       -489.84087670999997     
   135.44045179543437       -459.11288840999987     
   135.32878289722862       -426.98437843000011     
   135.21923050505924       -392.78637262000029     
   135.11185821723961       -356.00990385000023     
   135.00677489574787       -317.34303278999960     
   134.90404585777080       -277.11799998999959     
   134.80352958273690       -235.31623548999960     
   134.70478088245187       -191.97162125999967     
   134.60775392029325       -147.19627383999978     
   134.51244755034554       -101.21533361000002     
   134.41886406443982       -53.452067369999895     
   134.35116852987113       -10.434443140000440     
   134.33900119847235        0.0000000000000000     
>
   144.06100093487220       -25.000000000000000     
   143.64568561313527       -89.532658539999829     
   143.40963273768810       -124.70206485000017     
   143.16698798299134       -163.81847649999963     
   142.91792266342111       -204.31475237999985     
   142.66095682903358       -245.28148290999980     
   142.39470506791881       -287.08497987999999     
   142.11700503741810       -329.54843741999957     
   141.82601582418695       -372.15022426999985     
   141.52215282261520       -413.37556648999998     
   141.21521189185373       -451.50774883000031     
   140.90908570705420       -488.31249293000019     
   140.60024427533912       -523.96992423000029     
   140.28671146532807       -558.19947219999995     
   139.96740667864947       -591.05000610000025     
   139.64143323637896       -622.78966261000005     
   139.30851611878245       -653.40036702999987     
   138.97245747368265       -682.08510056999967     
   138.63315244980600       -709.04496604999986     
   138.29027789896500       -735.29340607999984     
   137.94374902340837       -760.57296663000034     
   137.59196039543878       -783.83244171000024     
   137.23520021281919       -805.32091734000005     
   136.87612184302503       -825.55907050000042     
   136.51467887647618       -845.12037392000002     
   136.15018261792201       -864.02070980000008     
   135.78193062112527       -882.07473758000015     
   135.40946910352488       -899.09551136000027     
   135.03432041394004       -914.97605827999996     
   134.65835525951991       -929.57764829999996     
   134.28131237151709       -942.57142383999962     
   133.90276833413284       -953.75665320000007     
   133.52271455300041       -963.23069614999986     
   133.14110920220196       -970.87184328999956     
   132.75985049085989       -976.59038639000028     
   132.37885820488518       -980.44725175999974     
   131.99769460453447       -983.30482830999972     
   131.61601877992916       -985.43609397999990     
   131.23358206739312       -986.89755574999981     
   130.85055921904893       -988.06124026999987     
   130.46688720954097       -989.02838460000021     
   130.08227497631731       -989.62945717999992     
   129.69650651429527       -989.70177899999999     
   129.30942597895893       -989.13782181999977     
   128.92111816805954       -988.31368564999957     
   128.53201222697373       -987.51490982999985     
   128.14211961485714       -986.74712273000023     
   127.75144491537191       -986.00955878999957     
   127.36000130654703       -985.30198543000006     
   126.96786384585155       -984.59167009999965     
   126.57533276316180       -983.63520084999982     
   126.18254442242916       -982.19462491000013     
   125.78980363719221       -980.07838143000026     
   125.39718947562443       -977.33057138999993     
   125.00464235011684       -973.96921482000016     
   124.61216913616278       -970.34835545999977     
   124.21975665573329       -966.48620706000020     
   123.82737110431944       -962.26775168000040     
   123.43498096924333       -957.54732143000001     
   123.04257880205387       -952.14898005000032     
   122.65032674980257       -946.02434699999958     
   122.25835487390528       -939.35667825000019     
   121.86668723858872       -932.28434557000037     
   121.47524706751055       -924.82154902000002     
   121.08394555221489       -916.99217201000010     
   120.69291103524436       -908.78923422000025     
   120.30254458704437       -900.12867198000004     
   119.91271328141013       -891.01710970000022     
   119.52338102200154       -881.46586467999987     
   119.13459078065208       -871.48980165000012     
   118.74654996807777       -861.02764818000014     
   118.35962871500404       -849.99574242000017     
   117.97376514199067       -838.46050613999978     
   117.58898388622218       -826.43913291999979     
   117.20496982092001       -813.99329003999992     
   116.82173497819754       -801.09664180999971     
   116.43995258344530       -787.49898068000039     
   116.05980598315266       -773.14703775999988     
   115.68135533788639       -758.07759371999964     
   115.30416176198769       -742.30834055000014     
   114.92804133600936       -725.83405190000030     
   114.55345930166817       -708.43968818000030     
   114.18089235983639       -689.78337945000021     
   113.81007637697779       -669.39672418000009     
   113.44092254463663       -646.24283974999980     
   113.07355634056653       -621.17259863999971     
   112.70815652759457       -594.87436305000028     
   112.34575156493445       -567.51832804999958     
   111.98596788411410       -538.88203525999961     
   111.62831503327453       -508.92676388000018     
   111.27264518930876       -477.47155640999972     
   110.91876984910738       -444.41712267999992     
   110.56663343576582       -409.50556560000041     
   110.21753140682284       -371.86129345999962     
   109.87133713860926       -331.89437421000002     
   109.52768508406191       -290.33253426000010     
   109.18623318738665       -247.09929726999962     
   108.84747419227355       -201.78105970999968     
   108.51420757043175       -154.35167938999984     
   108.19043371307551       -104.91574090999984     
   107.87471335026353       -52.824680740000076     
   107.61749713332651        0.0000000000000000     
>
   144.06100093487220       -25.000000000000000     
   143.45554785523879       -72.652997490000416     
   143.17103994040576       -99.882772369999657     
   142.86581215340405       -131.56229116000031     
   142.54138455122174       -164.93079172000034     
   142.19525617315276       -198.48783978000029     
   141.82582331037312       -231.65827824000007     
   141.43265681750623       -264.97393919000024     
   141.03388393277001       -299.01569569999992     
   140.63244794027611       -333.24558726000032     
   140.22443381951936       -366.42794452999988     
   139.80995444318228       -396.37092881999979     
   139.39097849419414       -422.64220570999987     
   138.97668017251527       -447.61540352999964     
   138.56775275705851       -475.12876489999962     
   138.15803809761314       -504.57616910999968     
   137.74341605478904       -533.82018135999988     
   137.32180220818552       -561.75223334000020     
   136.89560756413741       -588.56093042999964     
   136.46403170062717       -614.00257524999961     
   136.02939853440716       -637.82737214999997     
   135.59423480928368       -659.73623568000039     
   135.15468451940274       -679.17279252000026     
   134.71244820345294       -696.26175460000013     
   134.26806329583121       -711.74752138999975     
   133.82120435651893       -725.74787583000034     
   133.37134999393706       -738.70248716999959     
   132.91933901827434       -750.73711977000039     
   132.46634484706257       -762.02531034000003     
   132.01191713548721       -772.66626125000039     
   131.55579461480107       -782.72927844999958     
   131.09779852217696       -792.21624727000017     
   130.63898309992862       -801.15799746999983     
   130.17952195426315       -809.57669556000019     
   129.71926898094682       -817.47093478999977     
   129.25804255236366       -824.81234398000015     
   128.79613831472773       -831.63431794999997     
   128.33400202919123       -837.99371136999980     
   127.87154259546725       -843.89174172000003     
   127.40867578876228       -849.32688098000017     
   126.94530076850718       -854.28799537000032     
   126.48146967385983       -858.79277911999998     
   126.01717906707360       -862.84753145000013     
   125.55241004054173       -866.45125953000024     
   125.08715113510866       -869.59932336000020     
   124.62145678176340       -872.38873111999965     
   124.15538771403057       -874.86165893999987     
   123.68896627726352       -876.97350010999980     
   123.22221768160455       -878.68068204999963     
   122.75514880254703       -879.94723474999955     
   122.28772755445530       -880.76066477000040     
   121.81996081282273       -881.10432557999957     
   121.35186691229822       -880.95718228999976     
   120.88347965739081       -880.31227589999980     
   120.41482024753826       -879.42863158999990     
   119.94593108161625       -878.37733732000015     
   119.47686716357161       -877.11886563999997     
   119.00770125904225       -875.59452647000035     
   118.53848436127055       -873.63624258999971     
   118.06925371251214       -871.06824811000024     
   117.60010327784285       -867.85129736999988     
   117.13113962740954       -863.95924500000001     
   116.66248537417701       -859.38891936999971     
   116.19423161843213       -854.19841813000039     
   115.72633366946813       -848.46203335999962     
   115.25884252052734       -842.27062180000030     
   114.79199938683480       -835.61654880999959     
   114.32656057265908       -828.19561825999972     
   113.86259425997584       -820.02835648000018     
   113.39974235017313       -811.35762357000021     
   112.93822371312260       -802.32238161999976     
   112.47867605083245       -792.83555471999989     
   112.02203901406058       -782.68238546999964     
   111.56785824728809       -771.89613119000023     
   111.11586216852763       -760.42343916000027     
   110.66556089887800       -748.41838121999990     
   110.21802128572405       -734.64736575000006     
   109.77329031160370       -718.33381563999956     
   109.33084601198007       -699.44407530999979     
   108.89080183249345       -677.82564025000011     
   108.45404413882824       -653.06228187000033     
   108.02257942912715       -625.73328995999964     
   107.59668787974424       -596.95146678000037     
   107.17636490701723       -567.21028612000009     
   106.76149878417918       -536.52833027999986     
   106.35226254447944       -505.05893284000012     
   105.94783399350484       -473.61493548999988     
   105.54583879421847       -443.14437415999964     
   105.14458156455169       -412.79453837999972     
   104.74421356535819       -380.04880445999970     
   104.34587612853414       -344.76095770000029     
   103.95211834323912       -307.54847435000011     
   103.56327710864731       -268.66204826000012     
   103.17894791656660       -228.18249477999962     
   102.79887465486968       -186.25450472000011     
   102.42329338216160       -142.99023641999975     
   102.05500414310923       -98.084132119999595     
   101.69369181093400       -49.542765559999680     
   101.41100017226101        0.0000000000000000     
>
   144.06100093487220       -25.000000000000000     
   143.49406207715572       -76.591294560000279     
   143.22056125421869       -105.65214612000000     
   142.93057987372109       -139.03900932000033     
   142.62481809006914       -174.06919911000023     
   142.30131065808024       -209.38581309999972     
   141.95903484811851       -244.58972912999980     
   141.59677369786095       -280.48064779000015     
   141.22098845218343       -317.11551564000001     
   140.84328608977683       -353.77143990999957     
   140.46115361782154       -388.76138143000026     
   140.07557881552884       -420.10331693999979     
   139.68637317978946       -449.35646347999955     
   139.29181268064582       -479.53289396000037     
   138.89642081976456       -510.16715230000045     
   138.49822146576528       -539.98862724999981     
   138.09530838811665       -568.38012362999962     
   137.68679063747203       -595.22586950000004     
   137.26510574410386       -620.67072927000027     
   136.83687423515073       -645.01812117000009     
   136.40671987989069       -667.82373275000009     
   135.97375172897702       -687.86015210000005     
   135.53703643418746       -706.02392440000040     
   135.09702949695651       -722.91838134000045     
   134.65640032757730       -738.63741465000021     
   134.21512543478099       -753.43176808000044     
   133.77239923993000       -767.31099936000010     
   133.32748606523586       -780.40403828000035     
   132.88140749441882       -792.97399947000031     
   132.43502067231663       -805.06181210999966     
   131.98794114425937       -816.68509891000031     
   131.53986008600410       -827.68417709999994     
   131.09076718431078       -837.87142924000000     
   130.64246267252165       -847.09170956999969     
   130.19545591010234       -855.29364487000021     
   129.74981450607083       -862.51948060999985     
   129.30563070662959       -868.79083168000034     
   128.86330844701291       -874.19457384999987     
   128.42327286189300       -878.81826251999973     
   127.98532685379377       -882.67488183000023     
   127.54914899340108       -885.78729809000015     
   127.11456796633902       -888.15818302000025     
   126.68068537480977       -890.01048267999977     
   126.24696607624760       -891.49887639000008     
   125.81335793149456       -892.64328200000000     
   125.37982255237952       -893.45796475000043     
   124.94625164988214       -893.96086826999999     
   124.51193361044071       -894.21826920999956     
   124.07675785320386       -894.23345404999964     
   123.64078339282280       -893.99562786000024     
   123.20406752507547       -893.49328631000026     
   122.76667499419094       -892.70449311999982     
   122.32866252298929       -891.56920386999991     
   121.89015215147755       -889.94844698999987     
   121.45121779120922       -887.78010342000016     
   121.01191043542666       -885.01389905999986     
   120.57253718949944       -881.57840530999965     
   120.13342865006625       -877.44638022999970     
   119.69472920248735       -872.68004739000025     
   119.25650416394966       -867.28995613999996     
   118.81884807248670       -861.28065631000027     
   118.38207834670813       -854.65483846000006     
   117.94630556746534       -847.39510922000045     
   117.51146499052930       -839.60553482999967     
   117.07750504969987       -831.31308243999956     
   116.64452658554617       -822.44218404999992     
   116.21275018681325       -813.00023841999973     
   115.78088612554006       -803.82619006999994     
   115.34912691554048       -794.80771395000011     
   114.91837897602117       -785.43648038999982     
   114.48867095487107       -775.99589052000010     
   114.05887126047632       -767.51749185999961     
   113.62982729739231       -759.44946609999988     
   113.20248902961691       -751.27696784999989     
   112.77832437498049       -742.04773721000038     
   112.35770747491274       -731.45540581000023     
   111.94028366854842       -720.08126931999959     
   111.52665398859786       -708.06888247999996     
   111.11765438046093       -695.29550455000026     
   110.71342751062461       -681.89573125999959     
   110.31229633166923       -667.04423921000034     
   109.91329598269468       -650.05767101000038     
   109.51573490366141       -631.28153602000020     
   109.11946068780021       -610.75737502999982     
   108.72528407036860       -587.84900957999980     
   108.33461796525009       -562.39154211000005     
   107.94843181700705       -534.84057432999998     
   107.56683047691303       -506.33338281000033     
   107.18956585424968       -476.92840525999964     
   106.81660815521249       -446.09492139000031     
   106.44812525643076       -413.45507452000038     
   106.08456692976112       -378.07275702999959     
   105.72602943211049       -340.17871340999955     
   105.37271272574382       -300.45019328000035     
   105.02481047039046       -259.00830277000023     
   104.68287728918068       -215.85458543999994     
   104.34786543794348       -171.27921917999993     
   104.01984710935902       -124.26136014999975     
   103.69846706960423       -74.067378220000137     
   103.41040853541359       -21.378352249999807     
   103.31899713244879        0.0000000000000000     
>
   144.06100093487220       -25.000000000000000     
   143.45688628461096       -70.579985739999756     
   143.17255484077396       -96.587688380000145     
   142.86600065651339       -127.32882607000010     
   142.53951441703049       -159.93578797000009     
   142.19058599429459       -192.74509044000024     
   141.81743807327473       -225.10944182999992     
   141.41998299143063       -257.31184284000028     
   141.01759989972771       -290.27138758000001     
   140.61255942984496       -323.70146248000037     
   140.20014613925960       -356.59719490000043     
   139.77914535747982       -386.94885194000017     
   139.35162889983513       -413.16264952999973     
   138.92938995629453       -435.78050952000012     
   138.51193463725235       -459.80605947000004     
   138.09453775990363       -486.20513864999975     
   137.67265576905947       -513.64518952999970     
   137.24362383808881       -540.19629727000029     
   136.81023742799636       -565.53164239000034     
   136.37257446104005       -589.66499268999996     
   135.92754383000116       -612.47813029000008     
   135.47609091521534       -633.90893065000000     
   135.02055109259064       -653.75371876000008     
   134.56250973630196       -671.23468240999955     
   134.10220519678552       -685.56722951000029     
   133.63946329487641       -697.50853089999964     
   133.17444675058394       -707.73356023999986     
   132.70962730376749       -716.25627005000024     
   132.24548337417272       -723.59704512000008     
   131.78147294374051       -729.95136565000030     
   131.31736625640139       -735.35593963999963     
   130.85414536178885       -740.02662008999960     
   130.39341797943140       -744.20285985999999     
   129.93533135947817       -747.81599979000021     
   129.48002931433180       -750.78607233999992     
   129.02709072002460       -753.08026078999956     
   128.57609044188436       -754.91019133000009     
   128.12708577568901       -756.31921168000008     
   127.68015636256992       -757.29465814000014     
   127.23536809267164       -757.81318708999970     
   126.79252329556036       -757.97600787000010     
   126.35124324614401       -757.97724706999998     
   125.91153080921156       -757.79979239000022     
   125.47338942250963       -757.41889498999990     
   125.03678814631813       -756.80969406999975     
   124.60075696311692       -756.11672390999956     
   124.16483979851378       -755.41376889999992     
   123.72904180912873       -754.69572370999958     
   123.29336700566620       -753.95677246000014     
   122.85768475375254       -753.19610379999995     
   122.42118145334129       -752.44468121000045     
   121.98371558386098       -751.70984599999974     
   121.54528026981831       -750.99368125999990     
   121.10586691684658       -750.29840741000044     
   120.66543828269013       -749.59937668000020     
   120.22389295382206       -748.84218369999962     
   119.78118853136664       -748.01959823000016     
   119.33728147053276       -747.12488169999961     
   118.89213624793804       -746.15134782000041     
   118.44623300220147       -745.13444396999967     
   117.99983414798588       -744.10662839999986     
   117.55293968529129       -743.08371197999986     
   117.10554961411773       -742.03281341999991     
   116.65783352996779       -740.86766313000044     
   116.21058154161902       -739.44788736000010     
   115.76406580401647       -737.72480258999985     
   115.31852867830078       -735.65862699999980     
   114.87426523772822       -733.20743081999990     
   114.43161982992410       -730.62784488000034     
   113.99064001038407       -728.19997266999962     
   113.55125817009018       -725.91722177999964     
   113.11345196368907       -723.78033537000010     
   112.67719503512288       -721.76862717000040     
   112.24190411337240       -719.60263550000036     
   111.80730818940806       -717.49446658000033     
   111.37321474941606       -715.54277480000019     
   110.93946909479607       -713.63105696999992     
   110.50581855116738       -711.52055980000023     
   110.07154921313719       -707.97721321999961     
   109.63641127111374       -702.41880006999963     
   109.20004376169615       -694.33895870000015     
   108.76182559865181       -683.29478615999960     
   108.32361717588971       -668.78013943000042     
   107.88771032452661       -650.05860452999968     
   107.45328800676936       -628.56354799000019     
   107.02000014541491       -605.63622313999986     
   106.58858413712507       -581.95037428999967     
   106.16280546042462       -557.20279513999958     
   105.74325769957287       -531.23350919000040     
   105.32876915591130       -504.03557231000013     
   104.91899834660359       -475.41552990000037     
   104.51436238491293       -445.02413727000021     
   104.11608052499346       -412.45131375999972     
   103.72379466823318       -377.03012422000029     
   103.33673418641908       -339.21373417999985     
   102.95441091952330       -299.70485745000042     
   102.57650515710505       -258.66871362999973     
   102.20349417299438       -216.00408618999973     
   101.83564496551644       -171.71971656000005     
   101.47210382758017       -125.77618712000003     
   101.11215570787718       -78.510132720000001     
   100.75612031684827       -26.223095999999714     
   100.61699413594835        0.0000000000000000     
>
   144.06100093487220       -25.000000000000000     
   143.46059675918900       -71.374784460000228     
   143.17772979543557       -97.739050129999669     
   142.87341874088054       -128.78636430999995     
   142.54972681648673       -161.67846377000023     
   142.20424358887706       -194.78637812000034     
   141.83534357683209       -227.47421937000036     
   141.44254148511277       -260.13827002000016     
   141.04386256545229       -293.59031590999984     
   140.64265117240785       -327.48283204000018     
   140.23429098515248       -360.78441431000010     
   139.81794090166636       -391.30162416999974     
   139.39541490627838       -417.76253100000031     
   138.97671168519312       -441.33395982000002     
   138.56258868859470       -466.72015089999968     
   138.14763146546977       -493.96513970999968     
   137.72769180149703       -521.37461356000040     
   137.30041312133071       -547.56690330000038     
   136.86787984537145       -572.44457355000031     
   136.42986565529648       -596.08733423000012     
   135.98265033624554       -618.50435770999957     
   135.52881334414059       -639.61181599999964     
   135.07024028303283       -659.16184192000037     
   134.60959368772222       -675.90218614999958     
   134.14744594303011       -689.33166709000034     
   133.68386523093230       -700.69549377000021     
   133.21877248325518       -710.36597789999996     
   132.75469616267833       -718.49541083999975     
   132.29231064050791       -725.57853168000020     
   131.83103493755573       -731.71018953000021     
   131.37046569154529       -736.87426782999955     
   130.91106527940443       -741.22105294999983     
   130.45447923587489       -745.10292208999999     
   130.00086569730377       -748.49344058000042     
   129.55025445749561       -751.36891524000021     
   129.10193562176198       -753.72385185999974     
   128.65553103796861       -755.66610757000035     
   128.21107565654003       -757.24333388000014     
   127.76865771297425       -758.45241649000036     
   127.32835283769811       -759.28065394999976     
   126.89009055690477       -759.77255734000028     
   126.45347209197988       -760.13702491000004     
   126.01847796235901       -760.37982459999967     
   125.58512077311329       -760.48494020999988     
   125.15341083748271       -760.43203458999960     
   124.72269269176793       -760.30224220000036     
   124.29212867169571       -760.22243969000010     
   123.86170789106831       -760.19834317000004     
   123.43136274086777       -760.24582978000035     
   123.00106858390957       -760.36946122999962     
   122.57010406634971       -760.59484151000015     
   122.13809103605398       -760.93882082999971     
   121.70503808738898       -761.40591124999992     
   121.27095438767925       -762.00136369000029     
   120.83581128903579       -762.72268382000038     
   120.39932976102014       -763.50255588999971     
   119.96142500588101       -764.31789771999956     
   119.52206952164498       -765.15881363999961     
   119.08123466042309       -766.01464565999959     
   118.63907397490014       -766.68273938000038     
   118.19603952876395       -766.63397956999961     
   117.75224820540146       -765.76448711000012     
   117.30783751467963       -764.07638861000032     
   116.86298450055232       -761.66235909999978     
   116.41869012025970       -758.76853818000018     
   115.97541675072956       -755.61123964000035     
   115.53303146575719       -752.35365151000042     
   115.09141680899782       -749.10382820999985     
   114.65091082554116       -745.52932008999960     
   114.21203490696632       -742.16642253999999     
   113.77509787751623       -738.93434803000036     
   113.34035355748708       -735.65807708000011     
   112.90804488097726       -732.20227495000017     
   112.47814721080226       -728.40722017999997     
   112.05021020214764       -724.29107042000032     
   111.62409061556860       -720.21124469000006     
   111.19959822908244       -716.42884229999981     
   110.77661329451334       -712.28565691000040     
   110.35462931718448       -706.71425019999970     
   109.93311459227674       -699.03292056999999     
   109.51186514682078       -689.44737279000037     
   109.09041631205768       -678.16756614000042     
   108.66850223557786       -664.62417430999994     
   108.24772490733194       -647.92181152000012     
   107.82862863721020       -628.77766866999991     
   107.41050467643970       -607.71316579999984     
   106.99362689883893       -585.02093054000034     
   106.57869660472964       -560.86886471999969     
   106.16897048612869       -535.14462927000022     
   105.76475221065905       -508.14383073000045     
   105.36503451854495       -479.85384811000040     
   104.96936420018301       -450.04901582000002     
   104.57750405105266       -418.54886610999984     
   104.19069910840808       -384.40855587999977     
   103.80926850973226       -347.63285933000043     
   103.43263528654158       -309.03662649000034     
   103.06050551149532       -268.93244316999971     
   102.69293189670914       -227.39972214000045     
   102.33052292334457       -184.64351459000045     
   101.97372320663823       -140.38240719999976     
   101.62212250882021       -94.540975590000016     
   101.27638889866108       -45.729485079999904     
   101.02549412490185        0.0000000000000000     
>
   144.06100093487220       -25.000000000000000     
   143.54820429545777       -87.228292249999868     
   143.28915289475404       -121.18751006999992     
   143.02095479606336       -158.73689680999996     
   142.74220166916450       -197.57634053000038     
   142.45126688692235       -236.77118409000013     
   142.14695640532508       -276.63930599000014     
   141.82747514765052       -317.25523759000043     
   141.49156547157332       -358.07224849999966     
   141.15006773827571       -397.66411923000032     
   140.81188227389958       -434.15904805999980     
   140.47529478876962       -470.13605946000007     
   140.13535263584248       -506.46440382000037     
   139.78830981715794       -541.99668122000003     
   139.43241422782714       -576.25946602000022     
   139.07111507368083       -609.38548969000021     
   138.70502541954278       -641.15967817999990     
   138.33667659288136       -670.97987741999987     
   137.96274601153510       -698.14029057999960     
   137.58125525229246       -723.61568350000016     
   137.19226390276251       -747.94603515000017     
   136.79978209444175       -771.44191059999957     
   136.40366028534982       -794.22184751999976     
   136.00336677066764       -816.38440551999975     
   135.59799685006183       -837.90055760999985     
   135.18710304350688       -858.74291114999960     
   134.77295655563952       -879.00134566999986     
   134.35540383377489       -898.64928599999985     
   133.93374873421126       -917.61227434000011     
   133.50736501409602       -935.79685627999970     
   133.07620225314457       -953.16606591999971     
   132.64205552807914       -969.81551611000032     
   132.20492713073077       -985.66865024999970     
   131.76456324080337       -1000.6898044500003     
   131.32047627122680       -1014.8141569099998     
   130.87327470316259       -1028.1061525200003     
   130.42387870680406       -1040.5732309300001     
   129.97193419424374       -1052.1395678999997     
   129.51726011082337       -1062.9075405599997     
   129.05969774723812       -1072.8555323299997     
   128.60021253734590       -1081.9788329200001     
   128.13893282368929       -1090.3683878900001     
   127.67566322766555       -1098.0477322400002     
   127.21021696503870       -1105.0195216499997     
   126.74305985048315       -1111.3297304300004     
   126.27482500234500       -1117.0096584000003     
   125.80533537667041       -1122.0257826899997     
   125.33443913964791       -1126.3564284000004     
   124.86218843043541       -1129.9803855800001     
   124.38933038597698       -1132.8709041800003     
   123.91581515894582       -1134.9772515100003     
   123.44152586595500       -1136.2533086900003     
   122.96641552446658       -1136.6744076300001     
   122.49086858915042       -1136.5442666800000     
   122.01506038508697       -1135.9887888000003     
   121.53898575565619       -1134.9829215299997     
   121.06263324170250       -1133.4919740300002     
   120.58629390577772       -1131.3768008500001     
   120.11039861213183       -1128.4788689899997     
   119.63498689485156       -1124.7829776099998     
   119.16011776858818       -1120.2848577400000     
   118.68592244067314       -1115.0244211899999     
   118.21264269928922       -1109.1127681700000     
   117.74046991233470       -1102.4657830500000     
   117.26957596714333       -1095.0218275899997     
   116.80010868682214       -1086.7737145999999     
   116.33217922518024       -1077.7883478000003     
   115.86595717772038       -1068.0571468099997     
   115.40167401938527       -1057.5198763400003     
   114.93954117159542       -1046.1504701000003     
   114.47965088055334       -1033.9955677600001     
   114.02201345949901       -1021.1390200799997     
   113.56685981041744       -1007.5379696500004     
   113.11419852767536       -993.27097311000034     
   112.66462835215198       -978.19507791999968     
   112.21718786069384       -962.59974854000029     
   111.77181116315633       -946.55003206000038     
   111.32840945108367       -930.09201122000013     
   110.88737921125906       -913.11490449000030     
   110.44837781493055       -895.64181869999993     
   110.01015736005509       -878.04276833000040     
   109.57325585398732       -860.22543517000031     
   109.13848288606921       -841.97543168999982     
   108.70576798249394       -823.27274526000019     
   108.27428436518616       -804.39292133999970     
   107.84372664764953       -785.73206277000008     
   107.41488264683046       -766.99381762000030     
   106.98756729736625       -748.00726442999985     
   106.56169465559005       -728.13536184999975     
   106.13749906123351       -707.24112370999956     
   105.71647364226922       -684.79450696000004     
   105.29969326749091       -660.00461742999960     
   104.88728971718783       -632.42338648999976     
   104.47878170682543       -602.97882654000023     
   104.07454051304462       -572.23595456000021     
   103.67523477757376       -540.31404697000016     
   103.28101289647759       -507.20347330000004     
   102.89154541903314       -472.91861554000025     
   102.50631668323909       -437.45529341000019     
   102.12510323556161       -400.37625047999973     
   101.74820014925693       -361.02034969000033     
   101.37577587391218       -319.77703662000022     
   101.00781379375169       -277.02461495999978     
   100.64249018416439       -232.81921987999976     
   100.27961596908311       -187.25875194000037     
   99.921036645514590       -140.42943706000005     
   99.568362224818401       -92.338092259999939     
   99.220877655686081       -40.719526330000008     
   99.014332678824800       -2.4555806300004406     
   99.002995563248021        0.0000000000000000     
>
   144.06100093487220       -25.000000000000000     
   143.54598752181010       -87.583423670000229     
   143.28634425572045       -121.70389028000045     
   143.01761559812627       -159.37243643999955     
   142.73830498330824       -198.31188239000039     
   142.44676286582018       -237.61100833999990     
   142.14176884559234       -277.59388367999964     
   141.82153128364925       -318.30191653000020     
   141.48651026508756       -358.89992608000011     
   141.14901177708870       -397.73808944000029     
   140.81536471128149       -433.41453592000016     
   140.48312941344221       -468.60813174000032     
   140.14758356555481       -504.27299303000018     
   139.80503388177462       -539.29598360000000     
   139.45365148087049       -573.13630380999984     
   139.09628453596272       -605.90217255999960     
   138.73361200201973       -637.47798335999960     
   138.36665145205728       -667.27141721000044     
   137.99292140593374       -694.27858496000044     
   137.61018217169027       -719.41563432000021     
   137.21822404677971       -743.31972509000025     
   136.82237611150620       -766.41190184999959     
   136.42288874841933       -788.81230038000012     
   136.01936890848253       -810.62407703000008     
   135.61155704182184       -831.79765917999975     
   135.19928297997686       -852.25884565999968     
   134.78463171630602       -872.10780460000024     
   134.36737693248654       -891.32984081999984     
   133.94673940593876       -909.86250646999997     
   133.52194564366076       -927.64453088000027     
   133.09285011437663       -944.63609618000010     
   132.66109090437703       -960.94479484000021     
   132.22644799787480       -976.52299190000031     
   131.78838396047306       -991.31461702999968     
   131.34654871496869       -1005.2788844600000     
   130.90124249123804       -1018.4200939100001     
   130.45360490230382       -1030.8199824300000     
   130.00329561124533       -1042.3727973200002     
   129.55000751269282       -1053.0525644099998     
   129.09364836044384       -1062.9555978600001     
   128.63511196863396       -1072.0783785100002     
   128.17457366234362       -1080.3683248999996     
   127.71185353283010       -1087.9066447599998     
   127.24677052543522       -1094.7164551599999     
   126.77978128750902       -1100.7959847700004     
   126.31170915938014       -1106.1795180700001     
   125.84240689089934       -1110.8949446699999     
   125.37168597895729       -1114.9077947200003     
   124.89955329904728       -1118.1971767900004     
   124.42694219939169       -1120.8072014999998     
   123.95387617125944       -1122.7065105199999     
   123.48022629915015       -1123.8566762000000     
   123.00591924446817       -1124.2315433100002     
   122.53107819313598       -1124.0035188700003     
   122.05577648374931       -1123.2638539299996     
   121.57999005208146       -1121.9825088699999     
   121.10368509362344       -1120.1184881800000     
   120.62714636839154       -1117.5967118500002     
   120.15096631472937       -1114.3432424200000     
   119.67518274785043       -1110.3485011399998     
   119.19984780691257       -1105.5781313899997     
   118.72510816910729       -1099.9765354499996     
   118.25128812853761       -1093.6094598000000     
   117.77853894605721       -1086.4714084699999     
   117.30699469378646       -1078.5451822699997     
   116.83680434074793       -1069.8080731900000     
   116.36813289878202       -1060.2840708599997     
   115.90117517353366       -1049.9745633599996     
   115.43609617684325       -1038.8746824000000     
   114.97288273068187       -1027.0972278600002     
   114.51182704351690       -1014.5821126199999     
   114.05265294969881       -1001.4984633900003     
   113.59513126611587       -987.98151523999968     
   113.13994553139867       -973.82805249000012     
   112.68641106100111       -959.21315281999978     
   112.23440237716949       -944.21691897999972     
   111.78337345114031       -929.06668463999995     
   111.33386801984597       -913.59721936999995     
   110.88630319654975       -897.62408364000021     
   110.44005445727232       -881.24595440000030     
   109.99496595749775       -864.67875973999980     
   109.55159232035626       -847.78349491999961     
   109.11041941404464       -830.40162053000040     
   108.67111664192429       -812.52277644999958     
   108.23318896847400       -794.51675074000013     
   107.79703918301249       -776.39918416000000     
   107.36293542978049       -758.04109267999957     
   106.93060268904395       -739.24565394999991     
   106.49972697993988       -719.66302435000034     
   106.07113794533252       -699.11157981999986     
   105.64578898696651       -677.02797129999999     
   105.22411268796505       -652.18161141000019     
   104.80595434972780       -624.75742385000012     
   104.39111458294761       -595.62723955999991     
   103.98104755446805       -565.29619512000045     
   103.57684016519623       -533.79524340999978     
   103.17733561337597       -501.05752793000011     
   102.78250066745608       -466.98989167000036     
   102.39236053757887       -431.43270329999996     
   102.00726243615847       -393.88144876000024     
   101.62731121446853       -354.00902794000012     
   101.25235675757087       -312.36583917000007     
   100.88138378428077       -269.26850586000000     
   100.51477216560586       -224.77538283000013     
   100.15270983169768       -178.96230687000025     
   99.795684369626329       -131.91596391999974     
   99.443841883625524       -83.643809940000210     
   99.097115910592819       -30.123610069999813     
   98.943799284375785        0.0000000000000000     
>
   144.06100093487220       -25.000000000000000     
   143.62636547682109       -91.260110799999893     
   143.38664910933377       -126.93568419999974     
   143.14109602094993       -166.25957706999998     
   142.88873218344483       -206.86680801999955     
   142.62809827335499       -247.95162393999999     
   142.35775502073903       -289.88975846999983     
   142.07556643899622       -332.42856068000037     
   141.77997293705147       -375.01107165000030     
   141.47159445522198       -416.20867340000041     
   141.16043712816347       -455.06862274000014     
   140.84843239654947       -493.46558977000041     
   140.53211443877379       -531.12108566999996     
   140.20967901078973       -567.59674094999991     
   139.88014234409044       -602.93331369000043     
   139.54323915922413       -637.10453966000023     
   139.19983462243738       -669.61904729999969     
   138.85237297161623       -699.60640347000026     
   138.49982975825148       -728.34359426999981     
   138.14172656259748       -756.11015922000024     
   137.77702804994726       -782.41629952000039     
   137.40501687716127       -807.30372245000035     
   137.02834526579937       -831.18414792000021     
   136.64898247174870       -854.42196770999999     
   136.26613437552714       -876.94603216999985     
   135.87894956187498       -898.66346275999967     
   135.48667459131249       -919.50897480999993     
   135.08979017541645       -939.47797396999977     
   134.69048845065004       -958.53306358999998     
   134.28876540630878       -976.58854138999959     
   133.88422570152503       -993.73022444999970     
   133.47684240728319       -1010.2777205700004     
   133.06688023007720       -1026.3986515500001     
   132.65559623927464       -1042.3902858399997     
   132.24251487991876       -1058.2118714199996     
   131.82705861056817       -1073.6173113900004     
   131.40875760584390       -1088.5295054300004     
   130.98770984152625       -1102.8244109899997     
   130.56482918527294       -1116.4623964800003     
   130.14000734806376       -1129.4750805000003     
   129.71300884425142       -1141.8688578100000     
   129.28357183213092       -1153.6624295000001     
   128.85201774101625       -1164.9007126400002     
   128.41908855123160       -1175.6213898400001     
   127.98456940360967       -1185.8092919600003     
   127.54826663842114       -1195.4366862200004     
   127.11021807087943       -1204.5071321599999     
   126.67113989820852       -1212.9801946999996     
   126.23144579592496       -1220.6395063299997     
   125.79100971331739       -1227.3934490299998     
   125.34970445375878       -1233.1719650799996     
   124.90758616711150       -1237.9212955499997     
   124.46570623090037       -1241.6620623600002     
   124.02419527949904       -1244.5172150300004     
   123.58296335853615       -1246.5129152600002     
   123.14196176660052       -1247.6366860199996     
   122.70120138988990       -1248.0164380799997     
   122.26068108248879       -1247.8800782700000     
   121.82034526749254       -1247.2013639600000     
   121.38020253926791       -1245.9125391899997     
   120.94033941443953       -1243.9165398100004     
   120.50100914034579       -1241.2596545400002     
   120.06237730178485       -1237.9637539699997     
   119.62451437256357       -1233.9849438399997     
   119.18767302706263       -1229.2287299199998     
   118.75212083656483       -1223.6064929000004     
   118.31773690697878       -1217.2179922400001     
   117.88476761014957       -1210.0105106199999     
   117.45338655228426       -1201.9891786199996     
   117.02360519253843       -1193.2727673600002     
   116.59592601488443       -1183.7031046100001     
   116.17025620016206       -1173.3291530500001     
   115.74626744356382       -1162.3045518299996     
   115.32448342849989       -1150.5472831500001     
   114.90593089531055       -1137.8136392200004     
   114.48987359324958       -1124.3295757500000     
   114.07583310257137       -1110.2643479300004     
   113.66422481766578       -1095.5352580299996     
   113.25551741799622       -1080.0653699000004     
   112.85065170023613       -1063.6470053599996     
   112.44909252181969       -1046.3382826200004     
   112.05026577905221       -1028.2800347499997     
   111.65480057957522       -1009.3807733800004     
   111.26354547385971       -989.58810177000032     
   110.87731749969876       -968.81433623999965     
   110.49609087399234       -947.10852038000030     
   110.11735374983651       -924.89930044999983     
   109.74054290973427       -902.34800235999955     
   109.36533635141377       -879.59291839999969     
   108.99276310704641       -856.45002631999978     
   108.62306038115277       -832.72864389000006     
   108.25233148787663       -809.10651890999998     
   107.88075977370727       -785.70477604000007     
   107.51041877284761       -762.23561246999998     
   107.14225615746444       -738.57571919000020     
   106.77568579174964       -715.03807317999963     
   106.40936065196431       -691.85120016000019     
   106.04388005194551       -668.54622932999973     
   105.68106141376880       -643.23949755000012     
   105.32132929914857       -615.95010918000025     
   104.96448947539770       -587.09983797000041     
   104.61017066587523       -557.12126254000032     
   104.25895155793815       -526.09985870000037     
   103.91199410996268       -493.80893618000027     
   103.56946734449366       -460.00744672000019     
   103.23131568462649       -424.29053260000001     
   102.89764111684592       -385.97290688999965     
   102.56883267948396       -345.20025128999987     
   102.24552234497109       -302.84823118999975     
   101.92792096177001       -259.03075754000020     
   101.61574434282230       -214.18601166999997     
   101.30877877487629       -168.67140963000020     
   101.00877464394739       -120.95563941999990     
   100.72073329849015       -71.262312759999986     
   100.47525755940646       -20.826666289999594     
   100.39700012113623        0.0000000000000000     
>
   144.06100093487220       -25.000000000000000     
   143.60012572940767       -90.446909229999619     
   143.35458123539050       -125.65107688999979     
   143.10270727678665       -164.42084944999988     
   142.84294999209894       -204.45783657999982     
   142.57386610068164       -244.92576430999998     
   142.29412347569814       -286.21944507999979     
   142.00169613844116       -328.18097966999994     
   141.69499241220026       -370.26566276999984     
   141.37606062103595       -411.07982994000031     
   141.05692199211333       -449.23585174999971     
   140.73701846455549       -487.03106708999985     
   140.41248314631071       -524.31764807000036     
   140.08116629979148       -560.45316085000013     
   139.74197701338622       -595.40977045000000     
   139.39416127465751       -629.34509635999984     
   139.04057355926130       -661.96507738000037     
   138.68152555622942       -692.16195298999992     
   138.31596187733263       -720.72854877000009     
   137.94358916818800       -748.21909383000002     
   137.56381040678957       -774.53262083000027     
   137.17720829119884       -799.49822804999985     
   136.78794077601930       -823.47036150999975     
   136.39583024433944       -846.72112326000024     
   135.99998918455930       -869.24906275000012     
   135.59950029127441       -890.95090084000003     
   135.19397624502602       -911.80310139999983     
   134.78566991580192       -931.86480105000010     
   134.37466037177558       -951.01659459999973     
   133.96061415151954       -969.15125935000015     
   133.54316284318179       -986.21592899000007     
   133.12221993013773       -1002.5214999999998     
   132.69955470600939       -1018.3732849600001     
   132.27480448852262       -1033.8349495399998     
   131.84736538017810       -1048.9051826200002     
   131.41682084067040       -1063.4091106599999     
   130.98318920464845       -1077.2467165700000     
   130.54751440118591       -1090.3878605899999     
   130.10972137281371       -1102.8001077099998     
   129.66956489360234       -1114.4462192800002     
   129.22683927170914       -1125.3811373700000     
   128.78215757195781       -1135.6430265400004     
   128.33614947494763       -1145.2649695099999     
   127.88876398743626       -1154.2785589400000     
   127.43984698378117       -1162.6953614200002     
   126.98933085496435       -1170.5259020200001     
   126.53801430413002       -1177.8259817199996     
   126.08590936339151       -1184.5691651799998     
   125.63287050147292       -1190.7322878799996     
   125.17877797019842       -1196.2962185099996     
   124.72395148000878       -1201.2391409000002     
   124.26896799938764       -1205.5499860500004     
   123.81377481621932       -1209.2081877500004     
   123.35833182345930       -1212.0908601000001     
   122.90265277209421       -1214.1556432699999     
   122.44737192638567       -1215.4346623199999     
   121.99263252577848       -1215.9303515700003     
   121.53841852745479       -1215.6091962199998     
   121.08473566099239       -1214.3989386699996     
   120.63168935062271       -1212.3266203699995     
   120.17949044480841       -1209.5352755200001     
   119.72831541454553       -1205.9813414299997     
   119.27824103617645       -1201.7632909599997     
   118.82935096153699       -1196.8407507499996     
   118.38149564864669       -1191.3275706599998     
   117.93483380681047       -1185.2073690300003     
   117.48970290816023       -1178.3770582300003     
   117.04644042482792       -1170.7337229200002     
   116.60484696750639       -1162.3653696000001     
   116.16461428491041       -1153.4147025599996     
   115.72616006326102       -1143.7805966799997     
   115.28982635835241       -1133.4088520799996     
   114.85583776963402       -1122.2994571800000     
   114.42411121822788       -1110.4878376699999     
   113.99441923989561       -1098.0545823200000     
   113.56703971916012       -1084.9604008500000     
   113.14253587351838       -1071.0937412900003     
   112.72128413623130       -1056.3533092600001     
   112.30293443009582       -1040.8258790600003     
   111.88773484583028       -1024.5042037599997     
   111.47614947923589       -1007.3446544099997     
   111.06881603232083       -989.34929281000041     
   110.66647877724026       -970.41665516000012     
   110.26809149308941       -950.78501053000036     
   109.87254951727002       -930.66589653000028     
   109.47886335169741       -910.27185892000034     
   109.08751370794832       -889.55633544000011     
   108.69982182666156       -868.19774759000029     
   108.31264560737606       -846.67490354999973     
   107.92485403143571       -825.30480576999980     
   107.53804106738222       -803.88998785999956     
   107.15325293612038       -782.39147985999989     
   106.77061969906606       -760.87614219999978     
   106.38846889246183       -739.66739574999974     
   106.00584940639420       -719.12644908000038     
   105.62460673786997       -698.55505959000038     
   105.24552412017324       -677.10911224000029     
   104.86869551837988       -653.07495937000022     
   104.49291141861796       -626.42151687000023     
   104.11823771103211       -598.00403652000023     
   103.74634571346419       -568.29098972999964     
   103.37781869693343       -537.34031529000004     
   103.01206880675842       -505.24666959000024     
   102.64810482598114       -472.04872366000018     
   102.28590670107928       -437.60815187000026     
   101.92733482596191       -401.25128645000041     
   101.57274156966322       -362.12545184000010     
   101.22156887130627       -320.87106724000023     
   100.87287192351317       -278.11292028000025     
   100.52560049467471       -234.03227203999995     
   100.18044729074589       -189.03004990000045     
   99.839319688173646       -143.07470916999955     
   99.503376780545253       -96.194058940000104     
   99.173922046808386       -47.198277159999634     
   98.924000728315974        0.0000000000000000     
>
   121.41699674193175       -21.600000399999772     
   120.75525858190215       -63.309206939999967     
   120.42466022443800       -93.061619879999853     
   120.06993576080789       -126.49625009000010     
   119.68907181737568       -161.45692091000001     
   119.27817915673630       -196.08930259000044     
   118.83583397880847       -229.91974163000032     
   118.38701896163805       -262.71259346999977     
   117.93542108853414       -294.15265775999978     
   117.47582415187497       -324.07005295999988     
   117.00402665226584       -352.33776397000020     
   116.52247110871934       -378.87678753000000     
   116.03901964788155       -403.36614534000000     
   115.55136783356451       -424.54307424000035     
   115.05702616421769       -442.86561912999969     
   114.55569440996479       -458.93155887000012     
   114.05137410793564       -472.96167501000036     
   113.54257728677773       -484.99273935000019     
   113.02739886187523       -494.99552879000021     
   112.50599410478630       -503.01318312999956     
   111.98459106657070       -509.19812722999995     
   111.46298119059682       -513.36446236000029     
   110.94134667743845       -515.35857326000041     
   110.41980039977805       -515.40165295000043     
   109.89935935767373       -514.30841441000030     
   109.37980640012714       -511.98289784999997     
   108.86079316880853       -508.15725403000033     
   108.34256259781631       -502.51918802000000     
   107.82647660779158       -494.97982683000009     
   107.31280219705943       -485.42090600000029     
   106.80165682196461       -474.00104499000008     
   106.29347191971486       -460.65679076000015     
   105.78847839229519       -445.58336979999967     
   105.28661550618098       -429.06343063999975     
   104.78836168111786       -410.61207379000007     
   104.29428987488507       -389.18053842999961     
   103.80514665146879       -365.22771225999986     
   103.32077272860649       -339.36731505999978     
   102.84108502742016       -311.94296818000021     
   102.36652644427311       -282.90268732999994     
   101.89750492510410       -252.26779203000024     
   101.43355522819648       -220.10394584999995     
   100.97475642172374       -186.43744323000010     
   100.52152676486470       -151.28965805000007     
   100.07399173537299       -114.84777272999963     
   99.631919858305821       -77.245221379999748     
   99.195775802422119       -33.984561719999874     
   98.943799284375785        0.0000000000000000     
>
   121.41699674193175       -21.600000399999772     
   120.78153729044455       -64.177414099999623     
   120.45914025063169       -94.186465310000131     
   120.11403746698743       -127.97652566000033     
   119.74461720927893       -163.31819989999985     
   119.34732427448635       -198.39383843999985     
   118.91945602076521       -232.73366000999977     
   118.48093017939344       -266.05749078000008     
   118.04066884890854       -298.08151426000040     
   117.59359103972461       -328.65486572000009     
   117.13565625358287       -357.65555247999964     
   116.66597124930560       -384.83248940999965     
   116.19379731643552       -409.73522609999964     
   115.71819365829920       -431.33406665999973     
   115.23690396716228       -450.48127572999965     
   114.74823859053384       -467.40988397999990     
   114.25595899623433       -482.04103079000015     
   113.76045422259577       -494.29068566000024     
   113.26050730729516       -504.47977551999975     
   112.75488352631838       -512.67719622999994     
   112.24807429569645       -519.04368611999962     
   111.74266480092909       -523.62723775999984     
   111.23786607915433       -526.43365195000024     
   110.73314642555310       -527.37055349999991     
   110.22877684915495       -526.84472722999999     
   109.72477854939774       -525.12923054000021     
   109.22063414540679       -522.07088750999992     
   108.71568473573610       -517.40834901000017     
   108.21111691594638       -510.93031356000029     
   107.70846621288578       -502.60404833000030     
   107.20836860968926       -492.33920228999978     
   106.71103438186175       -480.13951100000031     
   106.21675172716618       -466.26044463000017     
   105.72594979097917       -450.73785470999974     
   105.23788544706115       -434.10546711000006     
   104.75229284300251       -416.18594005999967     
   104.26979822165593       -395.62357884999983     
   103.79183741521607       -372.23222597000040     
   103.31825114142029       -346.70173631000034     
   102.84858848249638       -319.47809887000039     
   102.38287006492440       -290.65692608999962     
   101.92385525336891       -259.99465569000040     
   101.47118079259789       -227.54742019999958     
   101.02381020198881       -193.48943407000024     
   100.58135673504071       -157.94626950000020     
   100.14466435856234       -120.95558292999976     
   99.714425778508712       -82.641931459999796     
   99.289920213993653       -39.599439650000022     
   99.002995563248021        0.0000000000000000     
>
   121.41699674193175       -21.600000399999772     
   121.12999703371705       -70.969005439999819     
   120.89215767591435       -106.08473277000030     
   120.64276462449438       -145.85904399999981     
   120.38586353433594       -186.94286052999996     
   120.11885546895262       -227.98333909000030     
   119.83993160063555       -268.51278410000032     
   119.54809956651124       -308.37317438999980     
   119.24406353169020       -347.32918673000040     
   118.93025913969181       -384.73302263000005     
   118.61412395544768       -419.51685189999989     
   118.29801627317697       -451.21218778999992     
   117.97996225333034       -481.01989488999970     
   117.65860856963339       -509.41459398000006     
   117.33300067442597       -536.61756556000000     
   117.00285438064961       -562.73140745999990     
   116.66989715600856       -587.71262778999971     
   116.33713015335022       -611.37426333999974     
   116.00336792302943       -633.54320661000020     
   115.66918227690979       -654.23481859999993     
   115.33409937890795       -672.53085070999987     
   114.99764653885610       -687.73824043999957     
   114.66002944859693       -700.78145623999990     
   114.32359895389845       -712.30566109000029     
   113.98782907951940       -722.45363295999960     
   113.65217666148504       -731.36163066999961     
   113.31635350203251       -739.11111996999989     
   112.98015219044571       -745.72703059000014     
   112.64345641629546       -751.05817620000016     
   112.30796156165040       -755.27559277000000     
   111.97381602257532       -758.61647515000004     
   111.64087770554099       -761.11953036999967     
   111.30897930687588       -762.78871374000028     
   110.97750317809403       -763.95530403999965     
   110.64622529270379       -764.73281849999967     
   110.31581085468677       -765.14931118000004     
   109.98648389053466       -765.19470565000029     
   109.65823179517629       -764.86342292999962     
   109.33090158888464       -763.97386064999955     
   109.00433227052376       -762.26529605999986     
   108.67853873699588       -759.66909870000018     
   108.35398451114438       -756.15355188000012     
   108.03106206904802       -751.54283725999994     
   107.71000231269180       -745.32358682999984     
   107.39054912994840       -737.08919798999978     
   107.07286925153159       -726.49196414000016     
   106.75742276253806       -712.97800958999960     
   106.44473907595577       -696.38893611999993     
   106.13514133997215       -676.42068799000026     
   105.82917386447748       -652.99064937999992     
   105.52725949231278       -627.07692755999960     
   105.22970246405880       -600.16201175999959     
   104.93651939549112       -572.75776569000027     
   104.64759798688503       -544.67751071000021     
   104.36231772496569       -515.74670799999967     
   104.07998934152471       -485.68390622999959     
   103.80119782645465       -454.06465747000038     
   103.52610360793368       -420.60417830999995     
   103.25435546284317       -384.62925761000042     
   102.98607199344339       -346.12486702000024     
   102.72199403414284       -305.75610819000030     
   102.46254156299368       -263.70571366999957     
   102.20358756511240       -220.47539776000031     
   101.94392252662716       -176.41270473999975     
   101.68420076532175       -131.38505055000041     
   101.42581972521968       -85.285330519999661     
   101.17127922111149       -35.253463039999588     
   101.02549412490185        0.0000000000000000     
>
   121.41699674193175       -21.600000399999772     
   121.25760790917086       -65.007663780000257     
   121.06474917478103       -96.336049669999738     
   120.83963406333852       -135.66269750999982     
   120.60993987332478       -177.10250953000013     
   120.37378157364623       -218.71205334000024     
   120.12917959517580       -259.90741037000043     
   119.87576438014591       -300.21949564999977     
   119.61570514670858       -338.88777588999983     
   119.34844096919801       -376.01852965000035     
   119.07361718674878       -411.12342418000026     
   118.79302887608320       -443.35094691999984     
   118.51223544653267       -473.56972230999963     
   118.23056138087551       -502.30677845999980     
   117.94763081880861       -529.61554211000021     
   117.66274131409466       -555.64277023999966     
   117.37533365994121       -580.49775743999999     
   117.08434616558337       -604.08761298999980     
   116.78751049117339       -625.77948051000021     
   116.49269048223056       -646.14502052999978     
   116.20142739518093       -664.80757337999967     
   115.91227164684315       -680.35162628000035     
   115.62388423488727       -692.93931952999992     
   115.33511580600823       -703.93613079999977     
   115.04545528186701       -713.70073133999995     
   114.75450904046929       -722.32940905000032     
   114.46481700365018       -729.76897886000006     
   114.17680545199745       -736.00196230999973     
   113.89004237534556       -740.90421377999974     
   113.60378751224383       -744.62455434000003     
   113.31785866211843       -747.46066097000039     
   113.03275601711063       -749.41987099000016     
   112.74902274119508       -750.54423004999990     
   112.46720199834647       -751.29213606000030     
   112.18613412201968       -751.81655209000019     
   111.90521063105328       -752.02502292000008     
   111.62454497108749       -751.81873331000043     
   111.34419787564693       -751.09901241999978     
   111.06412350810928       -749.78782347000015     
   110.78376266168203       -748.11030822999965     
   110.50375934090897       -746.01978067999971     
   110.22489677907430       -743.29512051999973     
   109.94705064433990       -739.70887266000045     
   109.67003587134310       -734.99584597000012     
   109.39320960145565       -729.05100399000003     
   109.11596965605163       -721.82688873000006     
   108.83779407059420       -713.22845732000042     
   108.55865534310995       -702.54715595000016     
   108.27935561448976       -689.10820614000022     
   108.00060191463311       -672.24886450000031     
   107.72295115850142       -651.86588554999980     
   107.44636495792345       -628.74847112000043     
   107.17092753769275       -604.00818575999983     
   106.89692480374111       -578.04857242999969     
   106.62488387722544       -550.88670937000006     
   106.35579597510370       -522.69865122000010     
   106.09016128951710       -493.40017775999968     
   105.82810930892376       -462.64313072000004     
   105.56971852853943       -430.05476661000012     
   105.31495227906622       -395.12586283000019     
   105.06439325856560       -357.30807067000023     
   104.81831648677154       -317.34630767999988     
   104.57666294903281       -275.65548044000025     
   104.33921205660441       -232.28867654999976     
   104.10647316895206       -187.56797567000012     
   103.87938135317137       -141.10337450000043     
   103.65833481491887       -91.815721009999834     
   103.44230280314981       -37.908883969999806     
   103.31899713244879        0.0000000000000000     
>
   121.41699674193175       -21.600000399999772     
   121.12182665578582       -71.877962120000120     
   120.88240765338594       -107.27898292999998     
   120.63226173544410       -147.17009932000019     
   120.37448115509460       -188.29714040999988     
   120.10646181923103       -229.35913935999997     
   119.82640922408901       -269.89770652999960     
   119.53335621693718       -309.76854663999984     
   119.22787518259705       -348.77072940000016     
   118.91262636403732       -386.21548734000044     
   118.59556757185315       -420.96035968999968     
   118.27842856557989       -452.66870948999986     
   117.95925555919054       -482.51792775000013     
   117.63670783148176       -510.96533265000016     
   117.30983312662457       -538.23259553000025     
   116.97826245980914       -564.44316726000034     
   116.64419140524535       -589.52419413000007     
   116.31026359012637       -613.27549435000037     
   115.97540070791176       -635.54789332000018     
   115.64006055186707       -656.31284415000027     
   115.30373490844218       -674.53843532999963     
   114.96581071281337       -689.75674916000025     
   114.62688498698652       -702.98991321999983     
   114.28918309897604       -714.72806545000003     
   113.95206505494255       -725.13779374000023     
   113.61505300809819       -734.37404256999980     
   113.27785818772229       -742.52491375000045     
   112.94020557408079       -749.61692462999963     
   112.60208485393370       -755.60483353000018     
   112.26513697836064       -760.75132253999982     
   111.92930064087919       -765.21293753999998     
   111.59426071471080       -768.99105092999980     
   111.25966425786351       -771.96160077999957     
   110.92522020778546       -774.27711197999997     
   110.59118009294174       -776.11092773000018     
   110.25857466437714       -777.59021561000009     
   109.92759758182095       -778.69476099999974     
   109.59824139682209       -779.38602432999960     
   109.27022937077321       -779.58340752000004     
   108.94278342701017       -779.09325437000007     
   108.61581533003496       -777.87231785000040     
   108.28971984775747       -776.07654706999983     
   107.96456745398450       -773.77712712999983     
   107.64036674308277       -770.92385381999975     
   107.31693379560515       -767.60381394999968     
   106.99426059014272       -763.77090198000042     
   106.67250526304255       -759.27970640999956     
   106.35182824248282       -754.14564808999967     
   106.03219744282788       -748.50791886000025     
   105.71360656154216       -741.94202857999971     
   105.39604815017454       -734.19275484999980     
   105.07987114001256       -724.91451248999965     
   104.76544738065485       -713.74665384000036     
   104.45363057919246       -700.31579652999972     
   104.14559358019937       -684.03167095000026     
   103.84184803497239       -664.39494533000016     
   103.54271537282564       -641.01931811000031     
   103.24797615092970       -615.23323376000008     
   102.95721841264132       -587.83902632999980     
   102.66994196581926       -559.13999951999995     
   102.38543806169072       -529.19663086000037     
   102.10272006695990       -498.21722178999971     
   101.82175073937114       -466.21719925999969     
   101.54292484683434       -432.94664407999971     
   101.26650193922342       -397.63088351999977     
   100.99237831118040       -359.44500368999979     
   100.72002741450619       -319.09678600000007     
   100.44872503056787       -277.14593248999972     
   100.17924121462070       -233.60634965000008     
   99.911770199351821       -188.73237894999966     
   99.646248386447724       -142.87060026000017     
   99.383567871170627       -96.267823580000368     
   99.125206884590781       -47.751384000000144     
   98.924000728315974        0.0000000000000000     
>
   154.81899542562425       -480.00000000000000     
   154.65577064053176       -494.73545738000030     
   154.55132043738598       -501.39259551000032     
   154.42046833977531       -512.80843339999956     
   154.26802318234041       -530.04534129999956     
   154.09490284344355       -549.93002651000006     
   153.90645473803789       -571.03656840999975     
   153.70862960561806       -592.22282670999994     
   153.51065836896456       -612.68356848999974     
   153.31286131147587       -631.97404545999962     
   153.11464714072397       -649.33510819999992     
   152.91531627526044       -664.18985905000045     
   152.71250239945724       -675.72340434000034     
   152.50575001187988       -683.82689748000030     
   152.29552091649845       -688.99345257999994     
   152.08249120349231       -692.13991688999977     
   151.86581404126389       -693.86318521999965     
   151.64559542700232       -694.63506743000016     
   151.42477749890372       -694.53350315999978     
   151.20365303839327       -693.58366585000022     
   150.98184274742113       -692.04756507000002     
   150.75845166593618       -690.43498119000014     
   150.53380695283042       -688.82769642000039     
   150.30830223009804       -687.26292503999957     
   150.08244227354260       -685.68153773999984     
   149.85699026292593       -683.34774667999955     
   149.63181040725436       -679.20104069999979     
   149.40899686721087       -672.61841181000000     
   149.18888654196957       -663.05314568999984     
   148.97063775655286       -649.33682076999958     
   148.75336471823408       -632.54036076000011     
   148.53748568619207       -613.58455089000017     
   148.32312212747601       -593.07736597999974     
   148.11056338576441       -571.02515422000033     
   147.89886178889040       -547.79212585000005     
   147.68810385347876       -523.55214282999987     
   147.47927392099410       -498.21711184000014     
   147.27313173345161       -471.62230652000017     
   147.06932835956374       -443.73520755000027     
   146.86697113111052       -414.52123352000035     
   146.66610645767210       -382.81026471000041     
   146.46691997756895       -348.62441966000006     
   146.26960993419260       -312.52961264999976     
   146.07388010837121       -274.80531396999959     
   145.87930421951717       -235.62142680000034     
   145.68662653978555       -195.04408055000022     
   145.49700501684811       -153.22100313000010     
   145.31165775894343       -110.35091122999984     
   145.13079446861863       -66.403214369999660     
   144.95983475350710       -17.218139610000435     
   144.91408923145903        0.0000000000000000     
>
   154.81899542562425       -480.00000000000000     
   154.65495704048530       -494.77797154000018     
   154.55024499563447       -501.46971441000005     
   154.41914652617871       -512.93803312999989     
   154.26647161267439       -530.22024414000043     
   154.09313011207473       -550.12954350000018     
   153.90449694130641       -571.24869834000037     
   153.70657555197968       -592.44359027999963     
   153.50855847870380       -612.90578713000014     
   153.31070412543724       -632.19183898000028     
   153.11241948087851       -649.54520251000031     
   152.91300381766365       -664.37705232000008     
   152.71008738241795       -675.88338623999971     
   152.50322842469367       -683.95818371000041     
   152.29288874846085       -689.12382255000011     
   152.07974501685669       -692.28116099999988     
   151.86293435546571       -694.02855059000012     
   151.64260745218388       -694.83422958000028     
   151.42168295393836       -694.77561331000015     
   151.20043358863202       -693.87561527999969     
   150.97847948525728       -692.39304935000018     
   150.75495146686313       -690.82781142000022     
   150.53018585966595       -689.25862718999997     
   150.30458144228001       -687.72208809000040     
   150.07863840684658       -686.16031698999996     
   149.85300992523395       -683.94216840999979     
   149.62757281151951       -680.07744484999967     
   149.40446534413530       -673.88555579999957     
   149.18395452140635       -664.88103039999987     
   148.96514882102824       -651.91494991000036     
   148.74728678211247       -635.48025101999974     
   148.53075744299107       -616.88917075999962     
   148.31575331747788       -596.62508791999971     
   148.10251733967127       -574.80285739999999     
   147.89010584810890       -551.77514279000025     
   147.67864030983998       -527.69899764999991     
   147.46916350802258       -502.51370469999983     
   147.26238419142962       -476.06632867999997     
   147.05794196961796       -448.34211005999987     
   146.85496021718544       -419.36653994999961     
   146.65348878145886       -388.05717694000032     
   146.45370356047644       -354.14837733999957     
   146.25580165171419       -318.24281359999986     
   146.05947480388693       -280.70633350000026     
   145.86428126654690       -241.70523838999998     
   145.67091489156471       -201.29118407999977     
   145.48052904294983       -159.61516553000001     
   145.29435557992753       -116.86020456000006     
   145.11263571772287       -73.133216459999858     
   144.93475238080765       -24.073915330000091     
   144.86860268632719        0.0000000000000000     
>
   154.81899542562425       -480.00000000000000     
   154.65489516104515       -494.78125987000021     
   154.55016478154536       -501.47560410000006     
   154.41904969631403       -512.94774949000021     
   154.26635988590743       -530.23299340999984     
   154.09300578023667       -550.14358724999965     
   153.90436286918609       -571.26300440999967     
   153.70643861507043       -592.45779819000018     
   153.50842154179458       -612.91937411999970     
   153.31056604261246       -632.20435436000025     
   153.11228025213816       -649.55641360000027     
   152.91286287004996       -664.38614753999991     
   152.70994299705762       -675.89022850000038     
   152.50308060158665       -683.96272213999964     
   152.29273806056494       -689.12696294000034     
   152.07959146417184       -692.28311426999971     
   151.86277736503422       -694.02999543999977     
   151.64244816992127       -694.83523573999992     
   151.42152309871796       -694.77625163999983     
   151.20027258749607       -693.87594219000039     
   150.97831619229021       -692.39344792999964     
   150.75478645502272       -690.82839004000016     
   150.53001970190996       -689.25938320000023     
   150.30441356565069       -687.72299531000044     
   150.07846995725950       -686.16114244999972     
   149.85284032973129       -683.94270767000035     
   149.62740264305913       -680.07779251000011     
   149.40429517567489       -673.88589461999982     
   149.18378377998812       -664.88159689999975     
   148.96497636073670       -651.91577338000025     
   148.74711145703205       -635.48126380000031     
   148.53057982607953       -616.89042834999964     
   148.31557398169301       -596.62646599999971     
   148.10233513909748       -574.80433385000015     
   147.88992020978844       -551.77677917999972     
   147.67845295264618       -527.70068007999998     
   147.46897385899766       -502.51533191999988     
   147.26219339648915       -476.06774657000005     
   147.05774888284637       -448.34348581999984     
   146.85476483858272       -419.36786665999989     
   146.65329168398281       -388.05840590000025     
   146.45350474412706       -354.14938799999982     
   146.25560111649148       -318.24351793000005     
   146.05927140387533       -280.70691009999973     
   145.86407557470417       -241.70566873000007     
   145.67070748084865       -201.29145487000005     
   145.48032048631819       -159.61533933999999     
   145.29414530442259       -116.86029593999956     
   145.11242429630235       -73.133276239999759     
   144.93453924051377       -24.073945359999925     
   144.86838897307555        0.0000000000000000     
>
   154.81899542562425       -480.00000000000000     
   154.11711813541595       -505.71746912999970     
   153.75080961140623       -528.28732144999958     
   153.37224552049969       -557.85407994999969     
   153.00575823366287       -587.56803069000034     
   152.63996766348552       -615.89800818999993     
   152.26448436655767       -642.61405876000026     
   151.87273479827869       -667.05604852000033     
   151.46889524790112       -688.20716945999993     
   151.06669550268759       -707.30227210999965     
   150.66311091852171       -724.99420473000009     
   150.25481318366428       -740.96110768000017     
   149.83898678358833       -754.96158826000010     
   149.41698619048387       -767.13481629000034     
   148.99534656078026       -777.76152837999962     
   148.57300276596607       -786.80902632000016     
   148.14830812538386       -794.59913097000026     
   147.72007088685294       -801.20303022000007     
   147.28943524705835       -806.98604194000018     
   146.85886148670392       -812.37510675999965     
   146.42813875732691       -817.18791870000041     
   145.99609478731105       -821.16275760000008     
   145.56229355578648       -824.15693487000044     
   145.12758475913961       -826.47887893999996     
   144.69260495346325       -828.32975384000019     
   144.25733523115059       -829.70844128000044     
   143.82173949586158       -830.60238409999965     
   143.38580113182061       -831.00721677999991     
   142.94973499819488       -831.04728823000005     
   142.51353135470214       -830.72067653999966     
   142.07712087345112       -829.98278623999977     
   141.64043021584610       -828.77390705000016     
   141.20338375146017       -827.10384757999964     
   140.76591329831766       -825.13684628999999     
   140.32795010148504       -822.86038318999999     
   139.88944087588888       -820.22470367999995     
   139.45035410885126       -817.14143399000022     
   139.01079350573028       -814.14390819999971     
   138.57086563667283       -811.58825958000034     
   138.13057164759448       -809.49142353000025     
   137.68986684778847       -807.94221731000016     
   137.24875352908589       -806.79153587000019     
   136.80756572587202       -804.52814943999965     
   136.36659564661423       -800.69300043000021     
   135.92602090822407       -795.32742799999960     
   135.48592401662177       -788.68351858000005     
   135.04692548508214       -780.97845517000042     
   134.61086966469648       -771.74276776999977     
   134.17806824449653       -760.76865999999973     
   133.74855101828692       -748.04812132999996     
   133.32238215733884       -734.49514647999968     
   132.89998736928231       -720.41866767000010     
   132.48141764735962       -705.63159765999990     
   132.06627994253427       -689.83180601999993     
   131.65458342213068       -672.41417691999959     
   131.24641918643579       -651.96858300999975     
   130.84207371433919       -628.79469228000016     
   130.44172748754130       -603.67001881000033     
   130.04552317252916       -577.13810457000000     
   129.65358796592974       -549.24648401000013     
   129.26603760521445       -519.94540056999995     
   128.88278843854752       -489.23173969999971     
   128.50376540845983       -457.12174627999957     
   128.12915988284971       -423.45267624000007     
   127.75920562849099       -387.39567213000009     
   127.39417881103329       -348.61428918999991     
   127.03419287611692       -307.79442735999964     
   126.67919396571052       -264.97079822999967     
   126.32913223248744       -219.68403803999990     
   125.98480007705621       -172.67788724000002     
   125.64691656142971       -125.36970979000034     
   125.31504509178022       -79.463627070000257     
   124.98837264101905       -29.845884010000191     
   124.83989349733170        0.0000000000000000     
>
   154.81899542562425       -480.00000000000000     
   154.16578631509566       -506.30823796999994     
   153.86156235012305       -526.43866646999959     
   153.52266126148072       -553.80418922999979     
   153.19158104652428       -582.15410588000032     
   152.85636808710660       -610.26242293999985     
   152.51010277212836       -637.63226991000010     
   152.14797454807558       -663.39408440999978     
   151.76683501195160       -686.12634027999957     
   151.37703063533297       -706.64315521000026     
   150.98684065812895       -725.98320978999982     
   150.59306969480505       -744.15916162000030     
   150.19315318634156       -761.16688772999987     
   149.78481820922846       -777.00074124999992     
   149.37028497486011       -791.92354771000009     
   148.95435085872168       -806.33284952000031     
   148.53555481847621       -820.17284844999995     
   148.11286724899449       -833.12128288999975     
   147.68575587249967       -844.93451063999964     
   147.25531847609668       -855.73745710000003     
   146.82322523171183       -865.65159883999968     
   146.38867113366538       -874.52614271000039     
   145.95088669965989       -882.22269125999992     
   145.50945825417875       -888.81256510000003     
   145.06695493990387       -894.49049931999980     
   144.62401216701235       -899.27159965999999     
   144.18014922392743       -903.09607470999981     
   143.73491863062361       -905.89057068999955     
   143.28840461189441       -907.68854370000008     
   142.84197309908541       -908.80827666000005     
   142.39570659811685       -909.25391808000040     
   141.94951286278621       -909.00699218000045     
   141.50321714097086       -908.05193884999971     
   141.05653753744349       -906.44600867999998     
   140.60938066008603       -904.18372165999972     
   140.16182901481872       -901.15885831000014     
   139.71406995883535       -897.22762311000042     
   139.26655097216147       -892.24013901000035     
   138.81990689201641       -886.30379732999972     
   138.37428840629607       -879.44198552000034     
   137.92982328458524       -871.86603750999984     
   137.48672352126221       -863.66158576999987     
   137.04515011746292       -854.84971158000008     
   136.60508989515850       -845.52781549999963     
   136.16647123462653       -836.11717162999958     
   135.72928897924692       -826.71570232999966     
   135.29356375549980       -817.26793353999983     
   134.85903257576453       -807.65852272000029     
   134.42545766256271       -797.75398562000009     
   133.99301892463703       -787.53102580999985     
   133.56193179411241       -776.89798213999984     
   133.13260020622323       -765.54211194999971     
   132.70530834802801       -753.60958624999967     
   132.28020690742258       -741.11094983000021     
   131.85747292836075       -727.67543992999981     
   131.43741580804328       -713.12712902000021     
   131.01990433913872       -696.94051680000030     
   130.60450994922829       -678.71682785000030     
   130.19135009465666       -657.43373384000006     
   129.78083386727820       -632.90549129000010     
   129.37331077133825       -606.20299450000039     
   128.96896701811499       -578.06525816999965     
   128.56782151521514       -548.81277657999999     
   128.17022319392626       -518.47794657000031     
   127.77648488919570       -487.03320592000000     
   127.38684208667081       -454.45597220000036     
   127.00144891199415       -420.52313959999992     
   126.62057350940638       -384.32439796000017     
   126.24471492513317       -345.69140019000042     
   125.87427079187326       -305.38196289000007     
   125.50945482287831       -263.63937928999985     
   125.15031514660178       -220.37161286999981     
   124.79668789711877       -175.67945763999978     
   124.44853124851149       -129.82730848000028     
   124.10602797431140       -83.063327769999887     
   123.76937631791016       -32.184484950000297     
   123.60499931472368        0.0000000000000000     
>
   154.81899542562425       -480.00000000000000     
   154.20270198480867       -508.50711724000030     
   153.88394265393586       -533.11103874000037     
   153.53658642734607       -563.94262483999955     
   153.20940519007701       -594.27905516999999     
   152.88561013328294       -623.64118397000038     
   152.55592048685662       -651.70557783999993     
   152.21518364148977       -677.44938524999998     
   151.85986330176928       -700.40871884999979     
   151.49395183750053       -721.99186441999973     
   151.12801459013170       -742.27136807999977     
   150.75961648910126       -761.00483141000041     
   150.38687708697793       -778.18481258999964     
   150.00842243100723       -793.85395229999995     
   149.62409438484207       -808.43396631999985     
   149.23971190768791       -822.40459648999968     
   148.85568638323016       -835.91270360999988     
   148.47052067279182       -849.15649134999967     
   148.08280931094058       -861.91519900999992     
   147.69118980407748       -873.88846083000044     
   147.29656857140924       -885.22480951000034     
   146.90073266824911       -895.90359108000030     
   146.50312804442464       -905.76113146999978     
   146.10323789201900       -914.64991003999967     
   145.70072817664689       -922.62008126999990     
   145.29628186398116       -929.74256814000000     
   144.89161037890818       -935.99377786999958     
   144.48644213944070       -941.26058320999982     
   144.08046602950452       -945.42187090999960     
   143.67336978711000       -948.44672461000027     
   143.26567022017406       -950.59247751000021     
   142.85891431470040       -952.07291640000039     
   142.45296685265319       -952.80778946999999     
   142.04780090501680       -952.86341971000002     
   141.64308014557483       -952.27543375999994     
   141.23844647571528       -951.06829827999991     
   140.83389989543818       -949.22422251999978     
   140.42937222276780       -946.55785047999962     
   140.02484798784408       -942.81844010999976     
   139.62050595349416       -937.73137533000045     
   139.21658676198527       -931.07733740000003     
   138.81344564714050       -922.75197277999996     
   138.41116969854232       -912.56370589000016     
   138.00938420180310       -901.26132736000000     
   137.60803873663835       -889.22470039000018     
   137.20723815432154       -876.42528355000013     
   136.80529108348861       -864.69253552999999     
   136.40276360642540       -853.72075570000015     
   136.00053464036509       -842.96553528000004     
   135.59771610075003       -833.20991035000043     
   135.19285210186325       -824.38347186000010     
   134.78733321223487       -815.97596869999961     
   134.38370680215115       -806.38712725000005     
   133.98316233196167       -794.73434549000012     
   133.58450117399235       -781.88686487999985     
   133.18824987644234       -767.80755993000002     
   132.79546268162525       -752.36959004999972     
   132.40630230955045       -736.18531184000040     
   132.02074355007559       -719.74684691000039     
   131.63817104654586       -702.88491979999981     
   131.25790928173961       -685.22509100000025     
   130.87988950072329       -665.78992190999998     
   130.50439875534431       -643.48161692000031     
   130.13170748167443       -619.00165115999971     
   129.76181854450255       -592.91105159000017     
   129.39477033199992       -565.53551255999992     
   129.03101949151647       -536.76818069000001     
   128.67151083043012       -506.52246501999980     
   128.31603407323593       -475.26207090000025     
   127.96400136525243       -443.50002305999988     
   127.61503684617645       -410.79294964000019     
   127.26924880502828       -375.36813247000009     
   126.92750011622341       -337.51991476999956     
   126.59165403845971       -298.33793785000034     
   126.26198272668228       -257.14706466999996     
   125.93957766546053       -212.67137574000026     
   125.62666078506210       -164.23939118999988     
   125.32326187929152       -111.71612501999971     
   125.02492333662673       -63.121613989999787     
   124.77717696586414       -19.976235459999771     
   124.69419549070450        0.0000000000000000     
>
   154.81899542562425       -480.00000000000000     
   154.23007618862485       -508.22532321000017     
   153.92865685198140       -531.93393682999977     
   153.59009839209099       -562.35989805000008     
   153.27014100650192       -592.55758150000020     
   152.95462862736377       -621.87704001000020     
   152.63426214992037       -650.02355861999968     
   152.30385974401671       -676.03780651000034     
   151.95999397621773       -699.28080985999986     
   151.60277657329038       -721.16128713000035     
   151.24413193253503       -741.78894407000007     
   150.88356788321943       -760.91512285000044     
   150.51987261964058       -778.41713410000011     
   150.15249896711933       -794.23329379000006     
   149.77968164273804       -809.00754739999957     
   149.40390441846947       -823.10921604000032     
   149.02886802860939       -836.79666361999989     
   148.65317560209212       -850.29824869000004     
   148.27539016080752       -863.34334553999997     
   147.89414577340995       -875.68541393000032     
   147.50876176605775       -887.32545544000004     
   147.12210693835129       -898.24782277000031     
   146.73437265818890       -908.32040954999957     
   146.34487538693989       -917.46048597000026     
   145.95321118937002       -925.79333357999985     
   145.55892857474930       -933.28235090999988     
   145.16370057979290       -939.88232917000005     
   144.76826230933150       -945.48100419999992     
   144.37230035546000       -950.06735150999975     
   143.97552995816199       -953.81506888999957     
   143.57817227914035       -956.77131788000042     
   143.18131307338660       -959.08864308000011     
   142.78559290769786       -960.86766911999985     
   142.39065196458884       -962.09779878999962     
   141.99622725643886       -962.80532616999972     
   141.60208157872731       -963.03932948999955     
   141.20824873596325       -962.82971970000017     
   140.81508969154748       -962.06878591999975     
   140.42244172547075       -960.57656291999956     
   140.03009284335477       -958.15363804000026     
   139.63791355674141       -954.62422513000001     
   139.24589412534846       -949.79090458999963     
   138.85444822469245       -943.53771754999980     
   138.46401703226337       -935.75855176000005     
   138.07476326807057       -926.25235436999992     
   137.68680496141647       -914.74229890999959     
   137.30005444976095       -901.56176285000038     
   136.91415707223857       -887.59604501000013     
   136.52902516630922       -873.03820634000022     
   136.14351338937229       -859.03128185999958     
   135.75835398146953       -845.09686530999988     
   135.37190599152137       -832.07468297000014     
   134.98382392598697       -819.88847067000006     
   134.59648154894552       -807.57954971999970     
   134.21176389149053       -794.02672556000016     
   133.82921888993420       -779.64634572999967     
   133.44959425417838       -764.05641741999989     
   133.07310427043251       -747.54363453000042     
   132.70040325648037       -730.61067974999969     
   132.33154507035326       -713.37164744999973     
   131.96614640329690       -695.38228791999973     
   131.60372654373450       -676.18397393000032     
   131.24392796601188       -654.36052961000041     
   130.88665785096882       -629.96610571000019     
   130.53188296705412       -603.70195334999971     
   130.17972191652811       -576.01035810000030     
   129.83051159856484       -546.89710962000026     
   129.48457745318302       -516.54592603000037     
   129.14204896884064       -485.51915468999960     
   128.80312095118268       -454.20323808000012     
   128.46684458212681       -422.35102393000034     
   128.13222234217943       -388.15902146999997     
   127.79852542904548       -350.95669817999988     
   127.46421086742555       -312.74452368000038     
   127.12823186345705       -274.93661169000006     
   126.79396027367058       -236.43947473000026     
   126.46354182494909       -196.76164148000043     
   126.13651070261818       -156.57837942999959     
   125.81225097706519       -116.48672551999971     
   125.48946203413136       -80.388160159999643     
   125.22081015287957       -49.549402929999815     
   125.07340530502816       -25.782223479999629     
   124.98213714150818       -1.0925726300001770     
   124.97899274921599        0.0000000000000000     
>
   154.81899542562425       -480.00000000000000     
   154.14415372118469       -508.60231114999988     
   153.82581494132180       -531.46101450999959     
   153.48155956223297       -560.56156896999983     
   153.14515026697234       -590.24766858000021     
   152.80453259682358       -619.52313922000030     
   152.45252739081343       -647.75262569000006     
   152.08439686106590       -673.82003482999971     
   151.69728137530501       -696.79174737999983     
   151.30507057601378       -718.22429315000045     
   150.91204732259169       -738.48507995000000     
   150.51517035514678       -757.48906629999965     
   150.11196220424188       -775.23405945000013     
   149.70032126074287       -791.75121500000023     
   149.28446449390464       -807.56533039999977     
   148.86738388925002       -822.98195576000035     
   148.44750782359080       -837.71995132000029     
   148.02342968557898       -851.64601143999971     
   147.59421268924567       -864.54568851000022     
   147.16274797954458       -876.56571385000007     
   146.73012589512953       -887.77383656999973     
   146.29586744329717       -898.20697820999976     
   145.85934179753252       -907.80341092999970     
   145.42023440401488       -916.52507979999973     
   144.97995989550103       -924.59969454000020     
   144.53847701903086       -932.06762882000021     
   144.09543970810577       -938.90950496999994     
   143.65052653341164       -945.10032574999968     
   143.20401308764019       -950.64635455000007     
   142.75666426942675       -955.57460869999977     
   142.30833512045305       -959.86171686000034     
   141.85888526606331       -963.47897327000010     
   141.40823162737951       -966.40234942000006     
   140.95694085964521       -968.78262578999966     
   140.50522381132322       -970.63294733000021     
   140.05306157480680       -971.89604345000043     
   139.60044269094035       -972.52246971000022     
   139.14741471521961       -972.49397924000004     
   138.69411000089147       -971.83436960000017     
   138.24054802852049       -970.51752054000008     
   137.78676260261562       -968.51067536000028     
   137.33282534289930       -965.77910420999979     
   136.87920492883484       -962.36424348000037     
   136.42614142973176       -958.27337542999976     
   135.97369557911466       -953.47819624000022     
   135.52193670487478       -947.94936324999981     
   135.07106706110818       -941.65191056999993     
   134.62152897122044       -934.54615030999958     
   134.17342041099178       -926.59548363999966     
   133.72681930268013       -917.76180690000001     
   133.28183107051692       -908.00848208000025     
   132.83878230043624       -897.33066150000013     
   132.39785691188524       -885.71031608999965     
   131.95910876289514       -873.19784898000034     
   131.52251608107034       -860.07989195000027     
   131.08802443542180       -846.35658657000022     
   130.65560403214505       -832.39384186999996     
   130.22515689545980       -818.36178275000020     
   129.79663604282820       -804.31000994999977     
   129.36981343705409       -790.52480612999989     
   128.94451547193040       -776.98966346999987     
   128.52117071987595       -763.25888209000004     
   128.09943082256103       -749.34884348000014     
   127.67926254843438       -734.67434615000002     
   127.26056047326469       -718.86606191000010     
   126.84368842524172       -701.62895286999992     
   126.42973158639928       -682.33316732999992     
   126.01903430436259       -660.58907034999993     
   125.61194551041925       -636.25957018000008     
   125.20882387613899       -610.12620494000021     
   124.81014954014076       -582.66240303999984     
   124.41643931034143       -554.00963882999986     
   124.02756828194512       -524.24735816999964     
   123.64338691297142       -493.37804071000028     
   123.26379149806235       -461.37809038999967     
   122.88882329017797       -428.05286316000002     
   122.51864500932763       -392.68343275000007     
   122.15312086451760       -354.90796353000042     
   121.79224398025454       -315.38439976999962     
   121.43616389851887       -274.48457873000007     
   121.08495052015959       -232.31889622000017     
   120.73848868066312       -188.97119488000044     
   120.39665519410691       -144.23465530999965     
   120.05915957089694       -98.058631859999878     
   119.72582705891053       -48.661061470000277     
   119.47529955108774       -1.2121621699998286     
   119.46999739979915        0.0000000000000000     
>
   154.81899542562425       -480.00000000000000     
   154.24608233714423       -508.12252544999956     
   153.95391856046572       -531.47682870999961     
   153.62076251947531       -561.78207517000010     
   153.30459754142666       -592.03143373999956     
   152.99353360648612       -621.44121799999994     
   152.67821889778179       -649.72332375000042     
   152.35345325050980       -675.92337753999982     
   152.01584590053287       -699.38187713000025     
   151.66415066468127       -721.50717557000007     
   151.30960038021604       -742.40458857999965     
   150.95352373622703       -761.82820904999971     
   150.59541481099524       -779.53125851000004     
   150.23405091261989       -795.60912161000033     
   149.86771144889008       -810.71713404000002     
   149.49705704012521       -825.14687118999973     
   149.12684151701922       -839.19424391000030     
   148.75623294487667       -853.09595818999969     
   148.38372559065394       -866.48127313999976     
   148.00797071173875       -879.21044735000032     
   147.62808194244673       -891.18762519000029     
   147.24644164122375       -902.33549150999988     
   146.86386856473624       -912.64961150999989     
   146.47979491182502       -922.13982143999965     
   146.09379841260690       -930.88818825999988     
   145.70533303831823       -938.80782794999959     
   145.31502273998058       -945.81971450000037     
   144.92462363318717       -951.97425512999962     
   144.53391169144632       -957.44296760999987     
   144.14298947420048       -962.26654159000009     
   143.75167936453818       -966.43398659000013     
   143.35992922330141       -969.91104673999962     
   142.96902247591564       -972.82119217000036     
   142.57909090267006       -975.22415633000037     
   142.19023878188040       -977.21744545000001     
   141.80268899412289       -978.94455789000040     
   141.41643294503078       -980.58442262999961     
   141.03066677483986       -982.00504926000031     
   140.64508051339160       -983.07813893999992     
   140.25971254885724       -983.80362428999979     
   139.87460241532349       -984.17055208999955     
   139.48979365758157       -984.15453560999958     
   139.10548108127648       -983.78154068999993     
   138.72190189092871       -983.07844267000019     
   138.33915119752965       -981.98881883000013     
   137.95713331713020       -980.43725001999974     
   137.57572391789219       -978.32518428999992     
   137.19469897332405       -975.53723162000006     
   136.81400634426785       -971.98226297000019     
   136.43383682566403       -967.48450006999974     
   136.05444194597766       -961.81081165999967     
   135.67614714522733       -954.66026357999999     
   135.29934891019627       -945.64722359000007     
   134.92342157098955       -934.84177011999964     
   134.54804484420862       -922.33174742000028     
   134.17351208423645       -907.92700289000004     
   133.80007023587584       -892.09820422000030     
   133.42803729069425       -874.90917392000028     
   133.05778624420594       -856.84268138999960     
   132.68979437024095       -838.11134932999994     
   132.32435158543558       -818.97056786000030     
   131.96149685091876       -799.47743979999996     
   131.60134876895086       -779.82840983000006     
   131.24460119140244       -760.18609397000000     
   130.89144605912949       -740.65378330000021     
   130.54180888762076       -720.63307387999976     
   130.19568222842511       -699.50720926000031     
   129.85293315533775       -676.24257378000038     
   129.51349463229857       -649.46162206999998     
   129.17679484744386       -619.58581408000009     
   128.84303204416528       -587.95539466999981     
   128.51299690419808       -555.15050789999987     
   128.18701028389862       -521.10388159000013     
   127.86475591057278       -485.89399730999958     
   127.54463294018554       -449.82365666999976     
   127.22294923280778       -412.46624545000032     
   126.89628480345553       -371.96531742000025     
   126.56574717951598       -329.58766721000029     
   126.23123609337777       -287.30166678000023     
   125.88868297185093       -245.43783920999977     
   125.53181564612665       -205.39864917999967     
   125.15753498757729       -169.91149138000037     
   124.77714659910183       -138.05859392999992     
   124.40331743128249       -106.65228439000020     
   124.02662060977832       -71.352563020000161     
   123.86549055832651       -47.133283940000183     
   123.78432020270689       -25.804448269999739     
   123.73399732096091        0.0000000000000000     
>
   154.81899542562425       -480.00000000000000     
   154.13377459101469       -510.33627256000000     
   153.80795699326009       -535.05359405000036     
   153.46096115711342       -565.39086213999963     
   153.12200792931318       -596.08521649999966     
   152.77895346972954       -626.25029652000012     
   152.42441750920875       -655.14940621000005     
   152.05380492636178       -681.40032747999976     
   151.66461304160910       -704.91133511000044     
   151.27190376905000       -727.13294179999957     
   150.87820958206848       -748.12626842999998     
   150.48069376669977       -767.82580383000004     
   150.07700776900703       -786.25088099999994     
   149.66541323508815       -803.56473023000035     
   149.25140884075003       -820.32135256000038     
   148.83683091567488       -836.56832004999978     
   148.42003564399434       -852.20635316999960     
   147.99968688816725       -866.97471596000014     
   147.57469259066653       -880.70904788000007     
   147.14837762548481       -893.69674545999987     
   146.72176300338455       -906.04082250000010     
   146.29400590347257       -917.66287743999965     
   145.86433627049368       -928.58376468999995     
   145.43226766329337       -938.80155386000024     
   144.99887323179198       -948.48691905000032     
   144.56407333485825       -957.66256932000033     
   144.12750987388020       -966.31773892999990     
   143.68884766855697       -974.44244711000010     
   143.24826032509569       -982.08220769000036     
   142.80663478213850       -989.29897155999970     
   142.36382608136731       -996.06609979000041     
   141.91965889770168       -1002.3694478899997     
   141.47397967845674       -1008.1942040100002     
   141.02718147266907       -1013.5397587300004     
   140.57951752767704       -1018.3144192000000     
   140.13093169361829       -1022.4808845400003     
   139.68136953950383       -1026.0232579399999     
   139.23088205857596       -1028.9439778699998     
   138.77987776973131       -1031.3111880099996     
   138.32838073719648       -1033.0947148799996     
   137.87636804266046       -1034.2549699800002     
   137.42383109175643       -1034.7586163200003     
   136.97094520956489       -1034.6352015900002     
   136.51787025130625       -1033.9209706299998     
   136.06460163331820       -1032.6069641499998     
   135.61112961531859       -1030.6888876599996     
   135.15753040069194       -1028.1657295799996     
   134.70438496862644       -1025.0313873400000     
   134.25181650504456       -1021.2911053300004     
   133.79985193896198       -1016.9574810499998     
   133.34852106418316       -1012.0490007400003     
   132.89822552411130       -1006.5087066500000     
   132.44949415877667       -1000.2026230700003     
   132.00247135353953       -993.07695355000033     
   131.55732212024037       -985.07548863000011     
   131.11423152424183       -976.15677505999975     
   130.67334165907312       -966.45940283999971     
   130.23484618446363       -955.95084752000002     
   129.79898173197620       -944.52329603999988     
   129.36584570443321       -932.12810538000031     
   128.93537393056349       -918.75327706000007     
   128.50740426331544       -904.41236899999967     
   128.08214812410964       -889.05887574999997     
   127.65987136535560       -872.66834457999994     
   127.24067081691803       -855.37110424000002     
   126.82443188724106       -837.27400434999981     
   126.41077184052820       -818.72934179999993     
   125.99971302213285       -799.90434622999965     
   125.59100906020997       -781.11288879000040     
   125.18425200882078       -762.50137546000042     
   124.77903850568870       -744.19060475999959     
   124.37544131645173       -725.88520144999984     
   123.97401391832450       -707.18915991999984     
   123.57524046063050       -687.27714512999955     
   123.17924183746109       -665.39169155000036     
   122.78600544374513       -640.55479030999959     
   122.39598620795933       -613.62296339000022     
   122.00989230591870       -585.41764011000032     
   121.62817809314221       -556.33179293000012     
   121.25098337132792       -526.25572450999971     
   120.87811619961985       -494.78499621999981     
   120.50934796786404       -461.50544745000025     
   120.14433031773083       -426.20072665000043     
   119.78288907005529       -388.56308894999984     
   119.42533362203821       -349.28711993999968     
   119.07178715960207       -309.67328550999991     
   118.72221186753349       -269.03776147999997     
   118.37703230754683       -226.26700318999974     
   118.03571333707633       -181.13383329000044     
   117.69712680225477       -133.41690899999958     
   117.35994229511887       -83.302629679999882     
   117.02890333312256       -28.224564269999973     
   116.89629798470757        0.0000000000000000     
>
   154.81899542562425       -480.00000000000000     
   154.23573471965213       -508.57720894999966     
   153.93908239173146       -532.42297324999981     
   153.60404590330972       -562.92833875999986     
   153.28679803505847       -593.24893717000032     
   152.97420602172082       -622.70790892999958     
   152.65703435685415       -650.99481501999981     
   152.33017225706809       -677.10422173000006     
   151.99021692611205       -700.50861664999957     
   151.63651060845555       -722.60214609000013     
   151.28066486645156       -743.44841042999997     
   150.92313405561896       -762.82043207999959     
   150.56307879281127       -780.53708504000042     
   150.19960870163965       -796.66972795000038     
   149.83102954595097       -811.85186877999968     
   149.45859323849285       -826.37560914999995     
   149.08673733726502       -840.53679419000036     
   148.71435259600702       -854.53655026999968     
   148.33991723885728       -867.96915668000020     
   147.96209226348591       -880.73567363999973     
   147.58011449013100       -892.73050779000005     
   147.19660863837896       -903.92240947000028     
   146.81206917079328       -914.25928738000039     
   146.42598386311937       -923.80473978000009     
   146.03787372265379       -932.59937501999957     
   145.64718126147741       -940.55303192999963     
   145.25498134838404       -947.59540792999996     
   144.86268976204596       -953.87696432000030     
   144.47000913737583       -959.50290021000001     
   144.07678935943545       -964.48725034000017     
   143.68306767048054       -968.83820171000025     
   143.28906064855158       -972.53267101999973     
   142.89597207794267       -975.64334560000043     
   142.50383232541606       -978.21261350999976     
   142.11271816731420       -980.36628751999979     
   141.72247948869898       -982.31387484999959     
   141.33300341688781       -984.14790540000013     
   140.94409972989808       -985.86718726999970     
   140.55536048179096       -987.34664286000043     
   140.16670431256185       -988.57231233000039     
   139.77814898390181       -989.55717012999958     
   139.38971970595327       -990.31208857999991     
   139.00163362971443       -990.92573626000012     
   138.61402138955896       -991.44513128000017     
   138.22693741647592       -991.88283276000038     
   137.84043155779207       -992.25136157999987     
   137.45430958082028       -992.53810276999957     
   137.06840819259349       -992.73615859999973     
   136.68274515480283       -992.85042579000037     
   136.29741729731299       -992.87092630000006     
   135.91252144998865       -992.78469725000014     
   135.52815902635675       -992.57481425999958     
   135.14436325796845       -992.20420056999956     
   134.76096684115225       -991.58449613999983     
   134.37769074546969       -990.61101991000032     
   133.99441636866047       -989.17789181999979     
   133.61125085382926       -987.19731795000007     
   133.22827957168525       -984.56403730999955     
   132.84526073404552       -981.20313257999987     
   132.46221897809463       -977.03120200000012     
   132.07960006498479       -971.93320236000000     
   131.69782970234593       -965.76884170999983     
   131.31681392510222       -958.39508279999973     
   130.93655273325376       -949.77875831999972     
   130.55731312512555       -940.04020834000039     
   130.17978207709487       -929.24548909999976     
   129.80488377005960       -917.30380791999960     
   129.43354353083305       -904.26587973000005     
   129.06640994762128       -890.40729771000042     
   128.70277942827147       -875.78604130999975     
   128.34206870176439       -860.47643359999984     
   127.98480718108800       -844.41211263999958     
   127.63137072654550       -827.58870810999997     
   127.28245147113410       -809.92443662000005     
   126.93794341766464       -791.70921405999979     
   126.59650527197608       -773.17223442999966     
   126.25807114392379       -754.69753530999969     
   125.92292120986180       -736.11645188999955     
   125.59092025175420       -717.05356883999957     
   125.26282457386957       -697.00401589000012     
   124.93926786751163       -675.37867173999985     
   124.61934485938932       -651.09875956999986     
   124.30378778954439       -624.25542141000005     
   123.99347614816794       -595.57354349999969     
   123.68929687390209       -565.63273539999955     
   123.39228472849611       -534.58262101000037     
   123.10316393058287       -502.39111916000002     
   122.82156893309924       -468.91989749999993     
   122.54745275350736       -433.79143302000011     
   122.28311524433285       -395.98032634999981     
   122.03241183847186       -354.03168717999961     
   121.80106008160290       -307.13898874000006     
   121.59704929699897       -253.85783745000026     
   121.43105426104408       -194.36280320999958     
   121.30328353036987       -135.01080113999978     
   121.19710242177318       -80.080431559999852     
   121.13326060122728       -40.609668019999845     
   121.09171314082735       -13.960995710000134     
   121.07799939638249        0.0000000000000000     
>
   154.81899542562425       -480.00000000000000     
   154.19789544199907       -509.44313090000014     
   153.87874134321640       -534.88548050999998     
   153.53292923784153       -566.16206523999972     
   153.20698444345993       -596.85619802000019     
   152.88424477489514       -626.54779926999981     
   152.55558817134465       -654.86796018000041     
   152.21601500322737       -680.65037613000004     
   151.86199413175007       -703.82268750000003     
   151.49747094418029       -725.69079521999993     
   151.13294202703273       -746.23448698999982     
   150.76612357059949       -765.27056920999985     
   150.39517294266281       -782.79462263999994     
   150.01831340114936       -799.07092669000031     
   149.63554036239688       -814.43245389000003     
   149.25235364812789       -829.23397475999991     
   148.86943278626842       -843.66815422000036     
   148.48531845335489       -857.81180748000043     
   148.09848715465245       -871.23872747000041     
   147.70761593064898       -883.90256277000026     
   147.31380772506941       -895.79773356999976     
   146.91874416899563       -906.94610326000020     
   146.52175833957267       -917.23382501000015     
   146.12249557593523       -926.78553379000004     
   145.72057314228681       -935.53549870000006     
   145.31649925217755       -943.41129854999963     
   144.91219331416769       -950.44080800000029     
   144.50744619866788       -956.83483636999972     
   144.10193590340620       -962.62260937999963     
   143.69536907399967       -967.80604370000037     
   143.28805568060690       -972.39510873000017     
   142.88121039371970       -976.32825186999980     
   142.47456506909742       -979.43693582000014     
   142.06789396137509       -981.75510708000002     
   141.66138786549320       -983.49663253000017     
   141.25523299272990       -984.87207220999971     
   140.84982754874181       -986.28624990000026     
   140.44496469577058       -987.68045971999982     
   140.04043587718462       -988.97587306999958     
   139.63607493522801       -990.10971761000019     
   139.23176555947148       -991.05057714000031     
   138.82748884230838       -991.84688831000039     
   138.42323733528755       -992.52465422000023     
   138.01899098488676       -993.10226294000040     
   137.61474520744372       -993.58173523000005     
   137.21050344070514       -993.96855804999996     
   136.80616083339746       -994.26925723000022     
   136.40173342833842       -994.49038709999968     
   135.99725445707926       -994.63881821999985     
   135.59275428638227       -994.72182140000041     
   135.18824093765636       -994.73073770999963     
   134.78358434948564       -994.55618037000022     
   134.37871576693664       -994.16015094999966     
   133.97357273761142       -993.50790453999980     
   133.56808020404088       -992.48783617000026     
   133.16224618763391       -991.00539263999963     
   132.75600078754158       -988.90132560999973     
   132.34928384319690       -986.06857748000039     
   131.94205066389318       -982.40228750000006     
   131.53428463385484       -977.77542613999958     
   131.12644927592518       -972.05556136999985     
   130.71899837266540       -965.27866807000009     
   130.31232096240748       -957.23972501000026     
   129.90686280630374       -947.75823379000030     
   129.50309430269076       -936.85847436000040     
   129.10158783639002       -924.51449541999955     
   128.70257488234429       -910.67966550999972     
   128.30624279774742       -895.75383110999974     
   127.91307859671163       -879.79094953000003     
   127.52338193615549       -862.82791109000027     
   127.13757107525781       -844.81145012999968     
   126.75524952723534       -825.87129552999977     
   126.37623738334548       -806.13459389000036     
   126.00062402500177       -786.13077497999984     
   125.62863405165362       -766.11634747999960     
   125.26032991569899       -746.37119685000016     
   124.89559186896200       -726.26520784999957     
   124.53370944379650       -705.39188112000011     
   124.17476285429153       -682.69656152999960     
   123.81912280413027       -657.02120949999971     
   123.46729750686281       -627.83492233000015     
   123.11973043181028       -596.06818723000015     
   122.77594201331148       -562.45204895000006     
   122.43463622086992       -526.97247219000019     
   122.09585602631901       -489.43227742999989     
   121.75975670121689       -450.18695688000025     
   121.42636689345257       -409.50770186000045     
   121.09592094275770       -366.80517150000014     
   120.76917458044304       -323.23684546000004     
   120.44679243753244       -279.12860750999971     
   120.12857913542321       -234.95287394000025     
   119.81285247007565       -192.36913654999989     
   119.49877133946990       -149.13428449000003     
   119.18855939274701       -101.56166111000039     
   118.88727985780166       -44.132426359999954     
   118.74696822725660       -5.9086464199999682     
   118.72999950966819        0.0000000000000000     
>
   154.81899542562425       -480.00000000000000     
   154.25986369060701       -507.76409522999984     
   153.97469171770794       -530.61101037000026     
   153.64556356990519       -560.68510821000018     
   153.33178266917574       -590.88651238999955     
   153.02369238510917       -620.27960079999957     
   152.71183662251784       -648.59960900999977     
   152.39094073208642       -674.92932210999970     
   152.05763457615788       -698.50625460999981     
   151.70999645434071       -720.74171314999967     
   151.35810755875977       -741.77683998999964     
   151.00514780508954       -761.31820402999983     
   150.65080607725588       -779.07283513000039     
   150.29348038530827       -795.19328057999974     
   149.93146503393800       -810.34966241999973     
   149.56453198594895       -824.81693704000008     
   149.19753763147750       -838.88907371999994     
   148.83036222234787       -852.83294616999956     
   148.46149544185408       -866.29100056999960     
   148.08958740146835       -879.11684189999960     
   147.71389268311998       -891.17324971000016     
   147.33574857026559       -902.35957298999983     
   146.95680403539367       -912.73755027999960     
   146.57651190382512       -922.31517482999971     
   146.19445907300110       -931.16638441000032     
   145.81011211922925       -939.20507935000023     
   145.42349510673623       -946.34845396000037     
   145.03663859789151       -952.67056515999957     
   144.64987720003816       -958.34730410999964     
   144.26315991993380       -963.40935167000043     
   143.87611261614862       -967.82107893000011     
   143.48835541767502       -971.50497388999975     
   143.10104226148030       -974.58582310000020     
   142.71480340112157       -977.19812252999964     
   142.32984109069486       -979.46794311000031     
   141.94610949357781       -981.61140039000020     
   141.56307289424694       -983.63928714000031     
   141.18029355295891       -985.44114979999995     
   140.79768667196245       -986.97491409000031     
   140.41527860731534       -988.26227362000009     
   140.03309342324437       -989.32087700000011     
   139.65115231918730       -990.16385160000027     
   139.26953321740214       -990.81805967000037     
   138.88851228353846       -991.38056819000030     
   138.50788153392239       -991.85592470000029     
   138.12760258038276       -992.24195352999959     
   137.74770750855515       -992.53891843000019     
   137.36822954999082       -992.74561291999999     
   136.98922600046765       -992.86802059000001     
   136.61079941942810       -992.90422357999978     
   136.23306096068137       -992.84445500000038     
   135.85589374084049       -992.64000526000018     
   135.47901529172032       -992.20124994999969     
   135.10241186233415       -991.46186929000032     
   134.72598318507067       -990.32549217999986     
   134.34985015402123       -988.72307808999994     
   133.97414168468615       -986.57427937000011     
   133.59898898439690       -983.78162610999971     
   133.22437199963116       -980.31129512000007     
   132.84951437259821       -976.45956550000028     
   132.47445792921582       -971.96461701000044     
   132.09943700921579       -966.51140965000013     
   131.72467392021639       -959.88935063999998     
   131.35034112250912       -952.08055779999995     
   130.97666493441685       -943.31435117000001     
   130.60462683261525       -933.60157326999979     
   130.23476024079676       -922.72904194999956     
   129.86762780350057       -910.73327401000006     
   129.50382024019697       -897.93430430999979     
   129.14397009627427       -884.41396933000033     
   128.78744711817524       -870.32090716000039     
   128.43400035039269       -855.75685017999967     
   128.08411795295447       -840.64407666999978     
   127.73737994780842       -824.91982158999963     
   127.39424985779790       -808.50699027999963     
   127.05492879110346       -791.56950567999957     
   126.71807144285947       -774.23192325000036     
   126.38332830882071       -756.82090412999969     
   126.05112910732151       -739.27630780999971     
   125.72197689529206       -721.38922349000040     
   125.39594787611695       -702.84949204999975     
   125.07345400643942       -683.08108870999968     
   124.75375044114652       -661.25185275999957     
   124.43680280277150       -636.76191115999973     
   124.12341896178306       -610.46715501000017     
   123.81432943934959       -583.03535978000036     
   123.51028079945742       -554.77284597000016     
   123.21178927706558       -525.72026998999991     
   122.91866522314915       -495.76201715000025     
   122.62978850524983       -464.80968823999956     
   122.34590969805838       -432.55395463999957     
   122.06879179266134       -398.16285676999996     
   121.80103429850284       -360.57202345000042     
   121.54627607043855       -319.57225954000023     
   121.30978832003699       -274.46014455000022     
   121.09862816826434       -224.19061383000007     
   120.92064284486440       -169.00016713999958     
   120.76535696276032       -112.82157648999964     
   120.61687839203071       -61.342589099999714     
   120.49361397428980       -17.336015900000348     
   120.45599757721286        0.0000000000000000     
>
   154.81899542562425       -480.00000000000000     
   154.16873303695399       -511.10329427000033     
   153.87267314737704       -535.16477933999977     
   153.54241913753822       -565.24624629000027     
   153.21962102727989       -595.88549341999988     
   152.89367394106722       -626.17773262999981     
   152.55790349373035       -655.37632214000041     
   152.20818725404811       -682.06580242000018     
   151.84124446577681       -706.20551037000041     
   151.46300466897330       -729.07639913999992     
   151.08458095272266       -750.93271710000045     
   150.70340933096304       -771.78669320999961     
   150.31713895792646       -791.69104301999960     
   149.92348946165171       -810.80059992000042     
   149.52205175028445       -829.20483720999982     
   149.11862759429678       -847.07566975000009     
   148.71291962860127       -864.30941308000001     
   148.30371547453714       -880.72231084000032     
   147.88989958330836       -896.29682780999974     
   147.47121584278764       -911.11683938999977     
   147.05057602440874       -925.40950249999969     
   146.62770338956435       -939.22301166000034     
   146.20180439173029       -952.54560421000042     
   145.77208090072017       -965.25455607000004     
   145.33875866189896       -977.39130805999957     
   144.90400861229202       -989.09118946000035     
   144.46755974286981       -1000.2505777799997     
   144.02900181586239       -1010.8316900600003     
   143.58796183575552       -1020.7835583899996     
   143.14502994906184       -1030.1513173900003     
   142.70088854849621       -1039.0037524199997     
   142.25531131573601       -1047.3072007999999     
   141.80811203950290       -1055.0215484800001     
   141.35918930627000       -1062.1235291499997     
   140.90923467607678       -1068.6720258799996     
   140.45836675118355       -1074.6581288199995     
   140.00650531750119       -1080.0490399600003     
   139.55359021446293       -1084.8140936299997     
   139.09985406292708       -1088.9380848800001     
   138.64574606179255       -1092.3939282600004     
   138.19120662345028       -1095.1242449399997     
   137.73620022451794       -1097.0785332799996     
   137.28077499344906       -1098.2439677299999     
   136.82506041870167       -1098.8709533800002     
   136.36910577464482       -1099.0383307700004     
   135.91290991536295       -1098.7354746299998     
   135.45645966282709       -1097.9433442000000     
   134.99979626999738       -1096.6729288699999     
   134.54307271660085       -1094.9374022499996     
   134.08639156207997       -1092.6377864300002     
   133.62990234841513       -1089.6315154599997     
   133.17381649702685       -1085.7438843899999     
   132.71827667440209       -1081.1003355299999     
   132.26343184956352       -1075.7792450400002     
   131.80941609463142       -1070.0797884200001     
   131.35647578145088       -1064.0857820700003     
   130.90483149876687       -1057.7976529300004     
   130.45452621841275       -1051.3192911400001     
   130.00567625081783       -1044.6818562700000     
   129.55831597344877       -1037.9495102900000     
   129.11248549335014       -1031.1183469799998     
   128.66794932487471       -1024.1521019700003     
   128.22460548153776       -1017.0528811100003     
   127.78248433010157       -1009.8051088499997     
   127.34156467112835       -1002.0896881500003     
   126.90193817786276       -993.68014554000001     
   126.46341290944875       -984.51601871999992     
   126.02606163152433       -974.59564251000029     
   125.59000982184310       -963.91665218999970     
   125.15555713732356       -952.38720631999968     
   124.72286286022832       -939.96648853999977     
   124.29184906829948       -926.82416068000020     
   123.86274093394420       -912.94492987000012     
   123.43576935914750       -898.33347356000013     
   123.01125749209685       -882.96327837999979     
   122.58933367533479       -866.84397677000015     
   122.17005635055480       -850.01479812999969     
   121.75362204227513       -832.47114782999961     
   121.34028170600307       -814.19588011999986     
   120.93028400541479       -795.17879642000025     
   120.52358482276129       -775.46064691999982     
   120.12007128536007       -755.10097771999972     
   119.71991413462931       -734.04962324000007     
   119.32326520438052       -712.22731508000015     
   118.93031414363860       -689.27420020000045     
   118.54085239577192       -664.56025579000016     
   118.15482896753815       -637.15211770000042     
   117.77263919980493       -607.81339962000038     
   117.39470192470883       -577.31617867000023     
   117.02139873213076       -545.93240631000026     
   116.65274394601526       -513.62469255999986     
   116.28815085759642       -480.27625093000006     
   115.92771228603446       -445.77714751999974     
   115.57173132599461       -409.79362639000010     
   115.22082906370943       -371.40209001000039     
   114.87562085583380       -330.83897571000034     
   114.53542889331494       -288.71629336000024     
   114.19923560313707       -245.15300795999974     
   113.86676023598829       -199.64998046999972     
   113.53736165211379       -151.40683701000034     
   113.21024916977824       -101.04721711999991     
   112.88553566166412       -48.968833789999735     
   112.63499898651689        0.0000000000000000     
>
   154.81899542562425       -480.00000000000000     
   154.17055790748071       -513.23120022999956     
   153.87927419395103       -538.56863598000018     
   153.55371442719709       -569.51939078000032     
   153.23531548676738       -600.91032836999966     
   152.91410389659970       -631.90100851999978     
   152.58360523378911       -661.63606435000020     
   152.23989588346387       -688.59742807000021     
   151.87981884826056       -713.48892163999972     
   151.50729029459998       -737.20506913000008     
   151.13447984571204       -759.97502281000016     
   150.75932943725391       -781.82493651000004     
   150.37947848317532       -802.88214726000024     
   149.99280875856661       -823.30448496000008     
   149.59799386616899       -842.97710120000011     
   149.20052789812706       -862.12352079999982     
   148.80111845729817       -880.63088446999973     
   148.39855545685262       -898.46315956000035     
   147.99182476152129       -915.65330723999978     
   147.58003313012634       -932.21919032000005     
   147.16592503043017       -948.38766286000009     
   146.75005508556302       -964.12954160000027     
   146.33161599801394       -979.38619511999968     
   145.90986177675452       -994.09075037000002     
   145.48428306231907       -1008.1848299800004     
   145.05667149368301       -1021.8099527300001     
   144.62724193001358       -1034.9502815200003     
   144.19557267438537       -1047.5772964400003     
   143.76126609409951       -1059.6403752500000     
   143.32428208211155       -1071.1378739900001     
   142.88575452186640       -1082.1745638599996     
   142.44559575082394       -1092.7119831399996     
   142.00355252164576       -1102.7246826199998     
   141.55937788952897       -1112.1914503999997     
   141.11344943365009       -1121.1374988300004     
   140.66636360305728       -1129.6331543200004     
   140.21796741802345       -1137.6922092100003     
   139.76811019065272       -1145.3188774399996     
   139.31668420488253       -1152.4430973299995     
   138.86420970637647       -1159.1203941100002     
   138.41078524387251       -1165.3649701300001     
   137.95633862469043       -1171.1663278799997     
   137.50080796939019       -1176.5107520600004     
   137.04430385882310       -1181.3361967100000     
   136.58708641582092       -1185.6062289800002     
   136.12918085052593       -1189.3061043999996     
   135.67060607054484       -1192.4215151799999     
   135.21139874517553       -1194.9387667999999     
   134.75179149527636       -1196.8486399000003     
   134.29187026451419       -1198.1458546599997     
   133.83165281458017       -1198.8233680000003     
   133.37114315617879       -1198.8718867099997     
   132.91035675917004       -1198.2801771200002     
   132.44932570918959       -1197.0283560300004     
   131.98806604905522       -1195.0813010399997     
   131.52661616693820       -1192.3883830599998     
   131.06508263298539       -1188.8996520000001     
   130.60386193398003       -1184.6886791999996     
   130.14312595725585       -1179.7711995800000     
   129.68301278563763       -1174.1531059299996     
   129.22355565067664       -1167.9806333300003     
   128.76499118393556       -1161.3548430299998     
   128.30761675050189       -1154.2870758099998     
   127.85157100615814       -1146.7300156199999     
   127.39696453175571       -1138.6608359600004     
   126.94361684559415       -1130.2381977900004     
   126.49160586993142       -1121.4925699799996     
   126.04108000083237       -1112.3426261100003     
   125.59212059830161       -1102.7491815399999     
   125.14453228373642       -1092.8113694399999     
   124.69827265826119       -1082.5435808499997     
   124.25351246329409       -1071.9448859100003     
   123.81011533488365       -1061.1983670600002     
   123.36786240315827       -1050.2689551499998     
   122.92658751036197       -1039.0950112700002     
   122.48661495059775       -1027.7553858600004     
   122.04798139316350       -1016.1933503999999     
   121.61067251411471       -1004.2617716200002     
   121.17473816077818       -991.78771943999982     
   120.73990560525107       -978.92086199999994     
   120.30715288646235       -965.49709256999995     
   119.87661636836359       -951.44987156000025     
   119.44797920530279       -936.87528881999970     
   119.02124884573114       -921.80086066999957     
   118.59643445697306       -906.29389223999988     
   118.17449173260431       -890.15293963000022     
   117.75502533175717       -873.46088967000014     
   117.33798025048489       -856.23346739000044     
   116.92288551749296       -838.61306360999970     
   116.51052207423440       -820.48308661000010     
   116.10128354270354       -801.76420887000040     
   115.69502611049779       -782.47006278000026     
   115.29139740858295       -762.60796139000013     
   114.89010236370274       -742.17627978000019     
   114.49176836462536       -721.03694729000017     
   114.09686122602530       -698.90528930999972     
   113.70510363633741       -675.40217384999960     
   113.31632027048131       -649.38709886000015     
   112.93046815662352       -621.18960728000002     
   112.54806238380753       -591.61045726999964     
   112.17035486478088       -560.97695798000041     
   111.79684769923345       -529.27533998000035     
   111.42700001502169       -496.39246360000016     
   111.06039183409344       -462.15602819000014     
   110.69662323191884       -426.35128288000033     
   110.33656911502671       -388.33324712000012     
   109.98056179892899       -347.80323933000000     
   109.62833886896277       -305.34937099000035     
   109.27954509130500       -261.16962822999994     
   108.93406071777983       -215.01731402000041     
   108.59323105325277       -166.75473634999980     
   108.26048811482111       -116.47347969000020     
   107.93555115317314       -63.613553639999736     
   107.61749713332651        0.0000000000000000     
>
   154.81899542562425       -480.00000000000000     
   154.18639044979298       -520.82859205000022     
   153.90773300684327       -550.00263997999991     
   153.59341409875918       -584.13749814000039     
   153.28620788854587       -618.44155310000042     
   152.97774460896508       -651.99537787000008     
   152.66205346699982       -683.34305462999964     
   152.33529736440292       -712.32769150999957     
   151.99499482103269       -740.13263329999972     
   151.64085305546402       -767.01133685999957     
   151.28526571741844       -793.11515349000001     
   150.92981588923982       -818.62008342999980     
   150.57212980684906       -843.58074589999978     
   150.21011617435215       -867.96269293000023     
   149.84209278770930       -891.69736853999984     
   149.46882569147135       -914.92172225000013     
   149.09482692814936       -937.80445656000029     
   148.71919523515672       -960.37142211999981     
   148.34066781354807       -982.53139919000023     
   147.95811479058281       -1004.1940424000004     
   147.57072600396125       -1025.3059808400003     
   147.18121899242999       -1045.9614804900002     
   146.78999482643457       -1066.2009853500003     
   146.39617745353050       -1086.0015325499999     
   145.99892462578245       -1105.3150244099998     
   145.59746055835737       -1124.1161124000000     
   145.19298216005600       -1142.4538140499999     
   144.78617468838223       -1160.3535801600001     
   144.37657576640828       -1177.7828676099998     
   143.96378948030869       -1194.7168250400000     
   143.54744283456921       -1211.1346482600002     
   143.12834771036302       -1227.0803628200001     
   142.70701174828241       -1242.5748989399999     
   142.28314961535335       -1257.5910795099999     
   141.85648514592629       -1272.1049917399996     
   141.42680348083405       -1286.0980383200003     
   140.99488155082520       -1299.6185803099997     
   140.56089238914905       -1312.6630135599999     
   140.12465780593621       -1325.2069199600001     
   139.68599044399298       -1337.2238632999997     
   139.24488400078374       -1348.7072087500001     
   138.80201513944573       -1359.7012717400003     
   138.35733687744104       -1370.1744987599996     
   137.91074608236943       -1380.1019724300004     
   137.46227025620431       -1389.4764437000003     
   137.01215863557960       -1398.2961087699996     
   136.56074410896503       -1406.5511324199997     
   136.10795849438483       -1414.2397441800003     
   135.65373762056780       -1421.3486977100001     
   135.19806200694939       -1427.8555305199998     
   134.74135621524402       -1433.7452486499997     
   134.28367123869401       -1438.9885436699997     
   133.82498530490375       -1443.5906622200000     
   133.36526632823765       -1447.5313344599999     
   132.90486896956099       -1450.7889091200004     
   132.44424643847708       -1453.3223831900004     
   131.98331966681246       -1455.0784860900003     
   131.52203250470470       -1456.0177138299996     
   131.06039526539388       -1456.1453510399997     
   130.59867208241616       -1455.6450580600003     
   130.13690535464724       -1454.5228991399999     
   129.67507732039593       -1452.7188154799996     
   129.21315933177328       -1450.1384009300000     
   128.75156449133812       -1446.6842536100003     
   128.29072022559367       -1442.3015255500004     
   127.83070273792460       -1436.9321729200001     
   127.37157677255995       -1430.7196018400000     
   126.91343457570214       -1423.9026488299996     
   126.45665028878102       -1416.5358905399999     
   126.00139064251032       -1408.5746891500003     
   125.54775934224807       -1400.0192903600000     
   125.09560512714054       -1391.1851727599997     
   124.64507238254814       -1382.1179533599998     
   124.19635992482020       -1372.7671497399997     
   123.74914747055817       -1363.5305416700003     
   123.30261740901116       -1354.9627861899999     
   122.85656175650531       -1346.6793566799997     
   122.41159185899102       -1338.5089628799997     
   121.96788647929540       -1330.7517864399997     
   121.52461597455418       -1323.7581484700004     
   121.08085215316510       -1317.4507557999996     
   120.63669528273945       -1311.5945095099996     
   120.19343910194272       -1305.6057097599996     
   119.75226562267331       -1298.4183165200002     
   119.31338970409844       -1289.6974510199998     
   118.87572731009993       -1280.1465113499999     
   118.43952309364941       -1270.1665451099998     
   118.00629023624175       -1259.0365104700004     
   117.57586028828989       -1246.7651497300003     
   117.14761502835005       -1233.6788599000001     
   116.72202027109675       -1219.7230367399998     
   116.29948052472207       -1204.8552583000001     
   115.88041863206705       -1189.0736317800001     
   115.46476583819820       -1172.4531821999999     
   115.05251985128437       -1155.0597490600003     
   114.64372937273684       -1136.8977735500002     
   114.23866999524738       -1117.9470407099998     
   113.83742594360950       -1098.2345752700003     
   113.44008430740568       -1077.7936684500000     
   113.04678889903848       -1056.5873702500003     
   112.65769327119270       -1034.5641846300005     
   112.27259058611008       -1011.7315513900003     
   111.89157366295085       -988.11743279999973     
   111.51486366341776       -963.73350175999985     
   111.14265596611352       -938.58793960999992     
   110.77510756146962       -912.66865028000029     
   110.41179961734949       -886.06239206999999     
   110.05229267513650       -858.88968170000044     
   109.69673341202208       -831.16582741000002     
   109.34530116379116       -802.87529002999963     
   108.99804119410828       -773.99284738000006     
   108.65491912550668       -744.57190726000044     
   108.31519870724011       -715.10463883000011     
   107.97871951113041       -685.80229486000007     
   107.64559842056450       -655.72953064000012     
   107.31591335780040       -623.79664575999959     
   106.99008372793244       -589.99267317999966     
   106.66921591243224       -554.43351912999969     
   106.35386911809229       -517.40704114999971     
   106.04368982996282       -479.19779402000040     
   105.73848668014558       -439.51890937999997     
   105.43812559652025       -397.75230231000023     
   105.14279508219617       -353.25625130000026     
   104.85302168537244       -306.79435883000042     
   104.56942821115501       -258.70143408999957     
   104.29156087698279       -209.14800862999982     
   104.01940765074238       -158.37665259999994     
   103.75305046539624       -104.78615177000029     
   103.49277408096059       -47.329619809999713     
   103.32739841236500       -2.6281108000002860     
   103.31899713244879        0.0000000000000000     
>
   154.81899542562425       -480.00000000000000     
   154.18686256700303       -522.18304004000038     
   153.90942437820740       -551.85658488999979     
   153.59670516824281       -586.40604822000023     
   153.29109636431792       -621.08688488000007     
   152.98437086568137       -654.94672585999979     
   152.67066903312545       -686.44146803999956     
   152.34617554079855       -715.76411272000041     
   152.00846391250582       -743.94729984999958     
   151.65766134487421       -771.16292603999955     
   151.30645598792387       -797.48947866999970     
   150.95564539888335       -823.25639076999960     
   150.60265986211303       -848.50457242999983     
   150.24549918200583       -873.18785936000040     
   149.88256824410439       -897.27555476999987     
   149.51402575771363       -920.89072122000016     
   149.14450408647821       -944.19234412999958     
   148.77340907318114       -967.17701709999983     
   148.39952318254166       -989.77241922000030     
   148.02168732097249       -1011.8658855900003     
   147.63894636785568       -1033.4163129500002     
   147.25331770753178       -1054.5014537500001     
   146.86578281667650       -1075.1893949400001     
   146.47543584904096       -1095.4465086199998     
   146.08138470936305       -1115.2345236499996     
   145.68270292491368       -1134.5272121400003     
   145.28048770984009       -1153.3465254800003     
   144.87598925801646       -1171.7373113399999     
   144.46879503984172       -1189.6770528600000     
   144.05851143332163       -1207.1398729800003     
   143.64476601589968       -1224.1062472200001     
   143.22792777238567       -1240.5954326800002     
   142.80889796536630       -1256.6490592399996     
   142.38740959651642       -1272.2430917900001     
   141.96318420835539       -1287.3546707699998     
   141.53597829382699       -1301.9659786599996     
   141.10625021915462       -1316.1021327199996     
   140.67450762493064       -1329.7810512500000     
   140.24066112974148       -1342.9720246799998     
   139.80465343780924       -1355.6569301000000     
   139.36634360152021       -1367.8272994999998     
   138.92627020118687       -1379.5058014599999     
   138.48456902780282       -1390.6958657499999     
   138.04111059291003       -1401.3786338500004     
   137.59576827283928       -1411.5427983800000     
   137.14859707153735       -1421.2006707000000     
   136.70010061889215       -1430.3519657999996     
   136.25024969405698       -1438.9766388500002     
   135.79895720744938       -1447.0801251000003     
   135.34617503061585       -1454.6645917899996     
   134.89225094892845       -1461.7114951399999     
   134.43744107451440       -1468.1915433699996     
   133.98168467384914       -1474.1046549299999     
   133.52490783537914       -1479.4904620699999     
   133.06721025375802       -1484.3400122399999     
   132.60909097521139       -1488.6135259499997     
   132.15058953382604       -1492.3179555999996     
   131.69168243833300       -1495.4572744799998     
   131.23235020816784       -1498.0270762600003     
   130.77302198870714       -1500.1698211399998     
   130.31401061489834       -1501.9588280500002     
   129.85522555941230       -1503.3584677899998     
   129.39655681435542       -1504.3286752000004     
   128.93796541859874       -1504.8342036200002     
   128.47941412988661       -1504.8802817200003     
   128.02094706596802       -1504.4366404700004     
   127.56262152262087       -1503.4598310499996     
   127.10450109815871       -1501.8996065100000     
   126.64656688497475       -1499.9003813400004     
   126.18884867687355       -1497.5409064100004     
   125.73151263161107       -1494.7647197899996     
   125.27477991089008       -1491.4682542199998     
   124.81893126402238       -1487.5476044300003     
   124.36423999186860       -1482.9631477800003     
   123.91102122120738       -1477.4292601699999     
   123.45966112558180       -1470.6083945999999     
   123.01036711570798       -1462.4984757800003     
   122.56263498874024       -1453.7357128399999     
   122.11662058919451       -1444.2863906599996     
   121.67278171033634       -1433.9883404599996     
   121.23119283667704       -1423.0077402200004     
   120.79210263189275       -1411.3358607600003     
   120.35537129428540       -1399.0124222300001     
   119.92073640919207       -1386.2815175799997     
   119.48852112480024       -1373.0653670399997     
   119.05880336336793       -1359.4263912899996     
   118.63116200092736       -1345.6166767400000     
   118.20509168871733       -1331.7705319300003     
   117.77877672353557       -1318.5072415200002     
   117.35354407559871       -1305.3632188199999     
   116.92982403619892       -1292.0250393599999     
   116.50633890948858       -1278.7829960800000     
   116.08344507520636       -1265.5822970600002     
   115.66219047313038       -1251.9541542500001     
   115.24273381256550       -1237.8792814600001     
   114.82542746254590       -1223.2130809199998     
   114.40988181178176       -1208.0892172100002     
   113.99653173522745       -1192.4221906599996     
   113.58581898333074       -1176.1147922299997     
   113.17788450370531       -1159.1782254500004     
   112.77282569917361       -1141.6180190100004     
   112.37063053762230       -1123.4353973999996     
   111.97152247258525       -1104.5910427199997     
   111.57579485844538       -1085.0624425699998     
   111.18357374591416       -1064.8493624000002     
   110.79511410120327       -1043.9004931899999     
   110.41045373952618       -1022.1878487000004     
   110.02961958989850       -999.68708083000001     
   109.65285000275638       -976.41503513000043     
   109.28031973022246       -952.39765378999982     
   108.91224878808397       -927.63672826000038     
   108.54878729127901       -902.13222755999959     
   108.18942817217304       -875.95097067999995     
   107.83412903189038       -849.12816012999974     
   107.48302738029804       -821.67097862999981     
   107.13627562416529       -793.58388438000020     
   106.79400038716133       -764.91283454000040     
   106.45594498420110       -735.89007576000040     
   106.12097839662843       -706.89181491999989     
   105.78880096752486       -677.58809990999998     
   105.45941212393259       -646.48308022000037     
   105.13295510529642       -613.05294540999967     
   104.80970836909705       -577.86599343000034     
   104.48993031929284       -541.46355244999995     
   104.17334479023428       -504.03214742000000     
   103.85991912332794       -465.48053290999997     
   103.54968368533611       -425.51615519999996     
   103.24272728471458       -383.41912953999963     
   102.93925847809493       -338.94648124000014     
   102.63953051281558       -292.91546333000042     
   102.34379663621498       -245.55904788000043     
   102.05178526630574       -196.94079787999999     
   101.76329987856963       -147.23180109999976     
   101.47888019923462       -96.188462860000072     
   101.20001419965325       -42.383162219999576     
   101.02549412490185        0.0000000000000000     
>
   154.81899542562425       -480.00000000000000     
   154.18278081578410       -522.93225495000024     
   153.90169575072397       -553.16554899000039     
   153.58673054626496       -588.16475561999960     
   153.27953006562947       -623.21938778999993     
   152.97126904014470       -657.36548298999969     
   152.65605574496729       -689.01602782000009     
   152.33162012137612       -718.39768290000029     
   151.99618714617120       -746.37881509999988     
   151.64918787227782       -773.28026855000007     
   151.30186716907036       -799.30649384000026     
   150.95472007206996       -824.80571969999983     
   150.60527713324839       -849.82352993000040     
   150.25161837108755       -874.30754116000026     
   149.89221971789482       -898.22885499000040     
   149.52713102099693       -921.69780415999958     
   149.16095083952976       -944.87124922000021     
   148.79319731600091       -967.74924353999995     
   148.42268671963865       -990.27407106000010     
   148.04825881094007       -1012.3260400899999     
   147.66893211322943       -1033.8508977000001     
   147.28609604912126       -1054.8975644800003     
   146.90079340177371       -1075.5517619499997     
   146.51206446690662       -1095.7788699200000     
   146.11894839432429       -1115.5425998000001     
   145.72036000199296       -1134.8283484499998     
   145.31768183703377       -1153.6451101700004     
   144.91280007645585       -1172.0439091500002     
   144.50534516249161       -1189.9981440900001     
   144.09505296160481       -1207.4727998799999     
   143.68190456618879       -1224.4309739500004     
   143.26607472836616       -1240.8884889399997     
   142.84849679635923       -1256.8943412899998     
   142.42888199944730       -1272.4285284199996     
   142.00689573028731       -1287.4705918099999     
   141.58224406153855       -1302.0055790799997     
   141.15520487772392       -1316.0521462200004     
   140.72639238958268       -1329.6356185000004     
   140.29558257062322       -1342.7324167600000     
   139.86257373970722       -1355.3292510700003     
   139.42719458245875       -1367.4162697299998     
   138.98991263242559       -1379.0110625899997     
   138.55098056398839       -1390.1216109799998     
   138.11026373206900       -1400.7291778700001     
   137.66762921046265       -1410.8201589099999     
   137.22305923747825       -1420.4028249200001     
   136.77708609089260       -1429.4789625100002     
   136.32973899155249       -1438.0290977699997     
   135.88092683917097       -1446.0527826099997     
   135.43059176501237       -1453.5510103400002     
   134.97896925472395       -1460.5076989600002     
   134.52648444297782       -1466.8908005200001     
   134.07312701653404       -1472.6868632599999     
   133.61879785369672       -1477.9370339300003     
   133.16349924629702       -1482.6404158699997     
   132.70772279210948       -1486.7533411200002     
   132.25156474804101       -1490.2714721200000     
   131.79497354789149       -1493.1943105600003     
   131.33789819841854       -1495.5113150699999     
   130.88059251991834       -1497.3046485100003     
   130.42351774340318       -1498.7057892100001     
   129.96666527450634       -1499.6787549900000     
   129.51001047604331       -1500.1876612599999     
   129.05351495984291       -1500.2000577199997     
   128.59709564702712       -1499.6909662899998     
   128.14072388970703       -1498.6253565699999     
   127.68441000112261       -1496.9584303900001     
   127.22818778578288       -1494.6368765500001     
   126.77223887130380       -1491.7951229099999     
   126.31691333488851       -1488.5930712600002     
   125.86246900753757       -1484.7666422700004     
   125.40922846448073       -1479.9892537300002     
   124.95755897165439       -1473.9082435199998     
   124.50738432567398       -1466.6077681200004     
   124.05843007976323       -1458.6999824000004     
   123.61095750266945       -1450.2182791400000     
   123.16539803160038       -1440.9965810200001     
   122.72192813755198       -1431.0097775400000     
   122.28011638331658       -1420.6020496700003     
   121.84027102017934       -1409.6921880399996     
   121.40270660196103       -1398.1953519799999     
   120.96728791062577       -1386.2813613799999     
   120.53391124081557       -1373.9958610100002     
   120.10237491139210       -1361.4912969300003     
   119.67234030430787       -1349.0349854599999     
   119.24422281395280       -1336.4234068500000     
   118.81573003625236       -1324.4760262999998     
   118.38625635483395       -1313.3249240900004     
   117.95729489767017       -1302.4145659799997     
   117.52953951663152       -1291.4204790800004     
   117.10260461113270       -1280.2997620300002     
   116.67619568087518       -1269.0138002100002     
   116.25124091746122       -1257.3433933799997     
   115.82789559244900       -1245.2479393000003     
   115.40620955316530       -1232.6851158500003     
   114.98650193709314       -1219.4617165000000     
   114.56826395772458       -1205.8297017599998     
   114.15225650299041       -1191.6019871799999     
   113.73865489797106       -1176.7332070700004     
   113.32743851618643       -1161.2561387400001     
   112.91867553961229       -1145.1633643900004     
   112.51228747303290       -1128.5157138100003     
   112.10888107873637       -1111.1621312400002     
   111.70858699109641       -1093.1006991499999     
   111.31148141349759       -1074.3394909099998     
   110.91764226819794       -1054.8709244000001     
   110.52713028872201       -1034.6927610399998     
   110.14028638494844       -1013.7138829200003     
   109.75716556082403       -991.98055633999957     
   109.37784287381787       -969.53981656999986     
   109.00235900393223       -946.43868781000037     
   108.63075806891615       -922.69243120000010     
   108.26296214651165       -898.29984060999959     
   107.89892597305418       -873.28560844000003     
   107.53869767699717       -847.66175105000002     
   107.18236091017641       -821.44297539000036     
   106.83000333513209       -794.72661574999984     
   106.48161349270866       -767.78360247999990     
   106.13683443020965       -740.97021711999969     
   105.79554353467033       -713.97634495999955     
   105.45774195200627       -685.84223497000039     
   105.12365428166689       -655.20435063999957     
   104.79356127296400       -621.49121901000035     
   104.46754772364892       -585.86260091999975     
   104.14503551932245       -549.22876945999997     
   103.82581151969072       -511.68635329999961     
   103.50982243968029       -473.11924229000033     
   103.19730433789620       -433.27238120000038     
   102.88856202787692       -391.52176853000037     
   102.58386136203202       -347.24707048999971     
   102.28318744345925       -301.17136676999962     
   101.98604810142631       -253.59063962999971     
   101.69211273929456       -204.51712994999980     
   101.40107883535661       -154.04708816000038     
   101.11255448649150       -102.15703422000024     
   100.82671329890633       -48.410160989999895     
   100.62151477282613       -1.2455817899999602     
   100.61699413594835        0.0000000000000000     
>
   154.81899542562425       -480.00000000000000     
   154.21858494740550       -524.29115611999987     
   153.94285245391850       -556.25443689999975     
   153.63312064581459       -592.65329506000035     
   153.33794483009089       -628.07960031000039     
   153.04707364616223       -661.84879006000028     
   152.75321677924626       -692.65470284999992     
   152.45213777952361       -721.46487575999981     
   152.14138782544606       -749.09070491999955     
   151.81953108481898       -775.77163378000023     
   151.49159239736582       -801.69727251000040     
   151.16434756178327       -827.18412694000017     
   150.83561360893262       -852.33454689999962     
   150.50361035899391       -877.08659248000004     
   150.16696271329712       -901.41192052000042     
   149.82459924079518       -925.38273569000012     
   149.47771455845765       -949.08140803999959     
   149.13053136511718       -972.43924552000044     
   148.78197250014887       -995.42668360999960     
   148.43008303161017       -1017.8308071199999     
   148.07398977184556       -1039.6439177900002     
   147.71313867068258       -1060.9338901499996     
   147.34843270958123       -1081.7908587000002     
   146.98135355735849       -1102.2642754700000     
   146.61114490974583       -1122.3342769199999     
   146.23709515318151       -1141.9836696000002     
   145.85928851245907       -1161.1960800200004     
   145.47759721799375       -1179.9755790600002     
   145.09393093806352       -1198.3256539800004     
   144.70848562422896       -1216.2189101699996     
   144.32078171082881       -1233.6408159399998     
   143.93038088516207       -1250.5899862400001     
   143.53689296298106       -1267.0597290799997     
   143.14111779334553       -1283.0767391800000     
   142.74342092331861       -1298.6388415900001     
   142.34347404809282       -1313.7409141300004     
   141.94096433272074       -1328.3762314799997     
   141.53562592479278       -1342.5484297100002     
   141.12787708348782       -1356.2651718799998     
   140.71830680940280       -1369.5211931699996     
   140.30686697408430       -1382.2921422999998     
   139.89333756174508       -1394.5783735000005     
   139.47752892336030       -1406.3851311600001     
   139.05977280148406       -1417.7143722700002     
   138.64042672177055       -1428.5682786099997     
   138.21934228815502       -1438.9465663700003     
   137.79633787302143       -1448.8476481700000     
   137.37127768537610       -1458.2759104400002     
   136.94458055735564       -1467.2308866300000     
   136.51644186756272       -1475.7063926600003     
   136.08687422106854       -1483.6927949800001     
   135.65583922970185       -1491.1888890000000     
   135.22329564050256       -1498.1934574400002     
   134.78969265236955       -1504.6928291900003     
   134.35502682755617       -1510.6965985799998     
   133.91921107647997       -1516.2155400199999     
   133.48217435237629       -1521.2529521899996     
   133.04398369130533       -1525.8016362099997     
   132.60503959075476       -1529.8461825699997     
   132.16531225692000       -1533.3913379899996     
   131.72483205656343       -1536.4137855899999     
   131.28356117447157       -1538.8760111900001     
   130.84179468390073       -1540.8131874199998     
   130.39983224176939       -1542.2656550299998     
   129.95762170891965       -1543.2165751399998     
   129.51513214563147       -1543.6531044699996     
   129.07235438458036       -1543.5905700399999     
   128.62931363590860       -1543.2806247700000     
   128.18597724102273       -1542.7916421999998     
   127.74229649851164       -1542.1147086399997     
   127.29826797062854       -1541.2474734199996     
   126.85403031315604       -1540.1095487200000     
   126.40982130357253       -1538.5239404100003     
   125.96567245455581       -1536.4517451800002     
   125.52162158131934       -1533.8515348199999     
   125.07775405457220       -1530.6050033800002     
   124.63421082192809       -1526.6821479199998     
   124.19111392339397       -1522.0599488300004     
   123.74858081531457       -1516.6675628200001     
   123.30676333150134       -1510.4213432600000     
   122.86584539140149       -1503.2370866900001     
   122.42599200685534       -1495.2318419399999     
   121.98734985505438       -1486.5224523600000     
   121.55016702671701       -1477.0215222200004     
   121.11472369819727       -1466.6360210200000     
   120.68101070217065       -1455.5800544100002     
   120.24902861159497       -1443.9579612899997     
   119.81902609014638       -1431.6793705299997     
   119.39099454345821       -1418.8128331199996     
   118.96523420140672       -1405.2677423599998     
   118.54166141215615       -1391.0945327199997     
   118.12008824555494       -1376.3976592600002     
   117.70080691007050       -1361.1143429499998     
   117.28382943781617       -1345.3422518500001     
   116.86949673867053       -1328.9904628300001     
   116.45734127908585       -1312.2137504800003     
   116.04740545793773       -1295.0176767700004     
   115.63965489775940       -1277.4305619999996     
   115.23437092082050       -1259.3804324299999     
   114.83149336655417       -1240.8896549700003     
   114.43068934649071       -1222.0587657599999     
   114.03183166400316       -1202.9479955400002     
   113.63509392529858       -1183.5108544799996     
   113.24071161602426       -1163.6696346500003     
   112.84862915927560       -1143.4189798300004     
   112.45867466771881       -1122.8211008899998     
   112.07071750698029       -1101.9726013299996     
   111.68499029791836       -1080.8140975099996     
   111.30164143659783       -1059.2862358700004     
   110.92063539963641       -1037.3754891999997     
   110.54194067435621       -1015.0895754800003     
   110.16576008781109       -992.41552441000022     
   109.79232912564829       -969.29396163000001     
   109.42175034731029       -945.69205820000025     
   109.05399166716143       -921.60855797000022     
   108.68895281759038       -897.06046469000012     
   108.32684350114431       -872.02232172999993     
   107.96794618600836       -846.44859518999965     
   107.61231931387601       -820.35416754000016     
   107.25991475629380       -793.80472276000000     
   106.91064714255265       -766.79643089000001     
   106.56464767998398       -738.86303190000035     
   106.22311385034628       -708.84110383999996     
   105.88734970554501       -676.33477923000009     
   105.55821239041778       -641.10902591000013     
   105.23592879624522       -604.09223056999963     
   104.92015801314865       -566.23849796000013     
   104.61052991040276       -527.53399313000045     
   104.30671274545340       -487.86450287000025     
   104.00765628669126       -447.63112914999965     
   103.71190751318838       -406.71748216000015     
   103.41883559842987       -363.66149641999982     
   103.12862274298949       -318.57903487000021     
   102.84155714463020       -272.10463712000001     
   102.55802440393737       -224.27108903000044     
   102.27846168769653       -175.11939661999986     
   102.00299447366130       -124.63920005999989     
   101.73146347956911       -72.793168330000299     
   101.49469268802460       -22.235388899999634     
   101.41100017226101        0.0000000000000000     
>
   154.81899542562425       -480.00000000000000     
   154.19442790151942       -521.30785052000010     
   153.92095859126024       -550.48939057000007     
   153.61020176168932       -584.71511354999984     
   153.30591591727656       -619.16096672999993     
   153.00064000182138       -652.85846346000017     
   152.68848687414263       -684.31811611000012     
   152.36566584557315       -713.49144396999964     
   152.02974700217149       -741.52162714000042     
   151.67976032641747       -768.66576600999997     
   151.32718903812150       -795.09320110000044     
   150.97401958190412       -821.07440441000017     
   150.61860871485450       -846.54468705999989     
   150.25915276588384       -871.42940307000026     
   149.89398385489693       -895.69022608999967     
   149.52308765794925       -919.45569628999965     
   149.15119508742353       -942.89050442999996     
   148.77779391906526       -965.99657463000040     
   148.40162994829575       -988.68685143000039     
   148.02154408152768       -1010.8554549700002     
   147.63657833335429       -1032.4692587899999     
   147.24904057771016       -1053.6191939399996     
   146.86007615719581       -1074.3699969299996     
   146.46881646781804       -1094.6902658700001     
   146.07441696981036       -1114.5391666699998     
   145.67602452903949       -1133.8828585100000     
   145.27437539625174       -1152.7466227300001     
   144.87037599065374       -1171.1747701300001     
   144.46360805306676       -1189.1490318400001     
   144.05367738853863       -1206.6456268900001     
   143.64020699085069       -1223.6464268700001     
   143.22358761720832       -1240.1705345399996     
   142.80472053019824       -1256.2597445600004     
   142.38333529374864       -1271.8905842800004     
   141.95915058558990       -1287.0409513799996     
   141.53191774204592       -1301.6929899300003     
   141.10211690173560       -1315.8721826600004     
   140.67025914299796       -1329.5973718599998     
   140.23613762807480       -1342.8431153399997     
   139.79958849104122       -1355.5957606800002     
   139.36049885921474       -1367.8452340200001     
   138.91944971178341       -1379.6136746599996     
   138.47659173664320       -1390.9031710099998     
   138.03181664477384       -1401.6937933700001     
   137.58502073081729       -1411.9739636400000     
   137.13629165731376       -1421.7557410400004     
   136.68613591894007       -1431.0373466900000     
   136.23456612076728       -1439.7975935400000     
   135.78157194955548       -1448.0438814800000     
   135.32711788192233       -1455.7792164700004     
   134.87156488126868       -1462.9846607199997     
   134.41513869295954       -1469.6319661300004     
   133.95775795699032       -1475.7394572499998     
   133.49936766941414       -1481.3395379800004     
   133.04008929728022       -1486.4246066899996     
   132.58039037413636       -1490.9628369900001     
   132.12029611012488       -1494.9685577900000     
   131.65978645172348       -1498.4521497699998     
   131.19885165864994       -1501.4188523800003     
   130.73788821768741       -1504.0173913400004     
   130.27696316489610       -1506.2978208200002     
   129.81599743210248       -1508.2063401500000     
   129.35494231789531       -1509.6911499600001     
   128.89379209269677       -1510.7369421300000     
   128.43260004158037       -1511.4004573499997     
   127.97141601187288       -1511.6668560600001     
   127.51029042385885       -1511.5085057099996     
   127.04928229218957       -1510.8934563399998     
   126.58843458869845       -1509.8775445199999     
   126.12780174437454       -1508.4560609299997     
   125.66745251415131       -1506.5806338299999     
   125.20746825803343       -1504.1933611400000     
   124.74791773095440       -1501.5336841899998     
   124.28882671601427       -1499.1317173199996     
   123.83033386899562       -1496.8984433699998     
   123.37256581356760       -1494.6488176800003     
   122.91567209171068       -1492.1437708100002     
   122.45938112143745       -1488.9973868600000     
   122.00373702049690       -1485.0403318999997     
   121.54893058382953       -1480.1735901599995     
   121.09516521144694       -1474.3141380300003     
   120.64257497546947       -1467.4254700299998     
   120.19126071646625       -1459.8384201700001     
   119.74146823332453       -1451.6225896400001     
   119.29346796211611       -1442.6846760899998     
   118.84753263074391       -1432.9453326000003     
   118.40350811356528       -1422.5940903700002     
   117.96150040776938       -1411.6340199699998     
   117.52177708463911       -1399.9941362000000     
   117.08446018418142       -1387.7811335799997     
   116.64978633795913       -1374.9496059800003     
   116.21749714201378       -1361.5716500700000     
   115.78754217606087       -1347.7888581099996     
   115.36024286941448       -1333.5083698600001     
   114.93572699165938       -1318.7930338500000     
   114.51427930281183       -1303.5668650199996     
   114.09474873069344       -1288.0707959399997     
   113.67728023362233       -1272.2740962400003     
   113.26203309386113       -1256.1037304900001     
   112.84948401228213       -1239.4559518599999     
   112.43931786210678       -1222.3674654300003     
   112.03080412216657       -1204.9618230799997     
   111.62432896600474       -1187.1628765799996     
   111.22036279195795       -1168.9048622600003     
   110.81929463835830       -1150.1340541099999     
   110.42096923364761       -1130.8822249000004     
   110.02495857836483       -1111.1861183999999     
   109.63161504154417       -1090.9999074999996     
   109.24124630151304       -1070.2914857899996     
   108.85415430702109       -1049.0306487799999     
   108.47043359610187       -1027.2133979500004     
   108.08983378620590       -1004.8292880600002     
   107.71257546607812       -981.84156781999991     
   107.33887234897021       -958.23323482999967     
   106.96897080672720       -933.98756107999998     
   106.60315216161865       -909.08820144000038     
   106.24131270828659       -883.52078987999994     
   105.88336822193743       -857.29627251999955     
   105.52940980285807       -830.43343445000028     
   105.17956464767549       -802.94811052000023     
   104.83409459809479       -774.81310547999965     
   104.49336061751684       -746.08000214999993     
   104.15691178816942       -717.04932886000006     
   103.82416827678003       -687.72173397000006     
   103.49470552163424       -657.13291865999963     
   103.16840262864066       -624.16459349999968     
   102.84534439555064       -589.26671369999985     
   102.52548842348848       -553.12652480999986     
   102.20822623129268       -515.95432513000014     
   101.89348505332532       -477.69839264999973     
   101.58164418763621       -438.12686853000014     
   101.27303824156839       -396.63399793000008     
   100.96768153906633       -352.50029412000004     
   100.66513977813342       -306.45605886999965     
   100.36488010803502       -258.98083723000036     
   100.06724286569194       -210.26059679999980     
   99.772181641524085       -160.84487601999990     
   99.480792503763041       -110.70971455000017     
   99.194986266602399       -59.682899200000065     
   98.950224432911568       -7.1340500799997244     
   98.924000728315974        0.0000000000000000     
>
   154.81899542562425       -480.00000000000000     
   154.19295310819578       -521.50221076999969     
   153.91871603451247       -550.79074784000022     
   153.60758563646957       -585.08972415999961     
   153.30306029570511       -619.59004096999979     
   152.99752311150260       -653.32695446999969     
   152.68509381817427       -684.79612928000006     
   152.36197599747521       -714.00543834000018     
   152.02574260025276       -742.07346684000004     
   151.67550325011811       -769.25459377999960     
   151.32282596463301       -795.72028061000037     
   150.97002721209873       -821.68804066000030     
   150.61521966959060       -847.11714278999989     
   150.25634011614582       -871.96538455999962     
   149.89173671448694       -896.19700276000003     
   149.52143066405185       -919.93938489999982     
   149.15012938595427       -943.35539833999974     
   148.77730404016404       -966.44465142999979     
   148.40170958942707       -989.12386241999957     
   148.02218751311372       -1011.2855067099999     
   147.63777982581726       -1032.8951180100003     
   147.25072335470759       -1054.0407688599998     
   146.86213479449643       -1074.7881169100001     
   146.47113637386596       -1095.1047647400001     
   146.07687323980969       -1114.9509056300003     
   145.67847564241885       -1134.2941384500000     
   145.27675890061315       -1153.1586464100001     
   144.87270563698394       -1171.5892412499998     
   144.46590045714126       -1189.5668513099999     
   144.05594859317532       -1207.0674149099996     
   143.64247533069849       -1224.0723976400004     
   143.22586054071837       -1240.6007796000004     
   142.80701064244167       -1256.6943797300000     
   142.38565577275432       -1272.3297671099999     
   141.96151460938682       -1287.4846725300004     
   141.53434135345185       -1302.1413567199997     
   141.10460525737059       -1316.3248681300001     
   140.67282083722873       -1330.0540425999998     
   140.23878526597244       -1343.3034197600000     
   139.80233353176132       -1356.0595521100004     
   139.36335333487065       -1368.3120655000002     
   138.92241877899517       -1380.0830353700003     
   138.47968513569305       -1391.3744421199999     
   138.03504411594400       -1402.1658992299999     
   137.58839430622115       -1412.4469077499998     
   137.13988811329372       -1422.2268717899997     
   136.69007614958753       -1431.5022807599998     
   136.23892575650916       -1440.2548847899998     
   135.78634984447615       -1448.4946887400001     
   135.33230887940178       -1456.2234358300002     
   134.87716095989799       -1463.4219089300004     
   134.42113756090765       -1470.0616987100002     
   133.96415388467935       -1476.1654014200003     
   133.50616122980190       -1481.7617855899998     
   133.04727533374674       -1486.8437554399998     
   132.58797060555497       -1491.3802986700002     
   132.12827626607339       -1495.3853928899998     
   131.66817226177966       -1498.8693690399996     
   131.20764541464490       -1501.8366768100004     
   130.74706127173218       -1504.4341647900001     
   130.28651551699070       -1506.7119257900004     
   129.82593137407804       -1508.6156222700001     
   129.36525956862511       -1510.0933639499999     
   128.90449780880087       -1511.1289834400004     
   128.44370281742545       -1511.7835127899998     
   127.98292501478340       -1512.0431663400004     
   127.52221596707484       -1511.8805029400000     
   127.06163354303550       -1511.2628606999997     
   126.60122243337214       -1510.2445345200003     
   126.14103764203152       -1508.8239063600004     
   125.68114849690501       -1506.9530893000001     
   125.22162719067271       -1504.5861434500002     
   124.76249664164580       -1502.0188793099996     
   124.30376315235989       -1499.7796563499996     
   123.84554074141300       -1497.6840106899999     
   123.38797494008107       -1495.5535000199998     
   122.93120841485111       -1493.1803076599999     
   122.47502974430259       -1490.2020913200004     
   122.01948533801564       -1486.4551127100003     
   121.56476026135290       -1481.8539131899997     
   121.11105390362155       -1476.3308561200001     
   120.65848200229301       -1469.8539917400003     
   120.20709726948297       -1462.6019746100001     
   119.75714894182533       -1454.7625878400004     
   119.30889026665849       -1446.2532420899997     
   118.86258996118094       -1436.9834844899997     
   118.41813629862570       -1427.0465804699998     
   117.97557396969957       -1416.5415273600001     
   117.53517169160094       -1405.3885065499999     
   117.09713744800372       -1393.5986707299999     
   116.66159327891481       -1381.2352609700001     
   116.22839250714281       -1368.2895264400004     
   115.79748585831867       -1354.8994701600004     
   115.36910595330073       -1341.0434911100001     
   114.94352150928744       -1326.6832030500000     
   114.52078810318339       -1311.8725237899998     
   114.10040668876290       -1296.6778111100002     
   113.68184785303801       -1281.2300177099996     
   113.26569945069015       -1265.3882312699998     
   112.85199471327053       -1249.1165355399999     
   112.44076744528810       -1232.4007423100002     
   112.03101497062931       -1215.4046385700003     
   111.62324378397096       -1198.0379339299998     
   111.21777989828936       -1180.2406898800000     
   110.81511777614803       -1161.9484136600004     
   110.41500187837738       -1143.1980896599998     
   110.01704316664535       -1124.0317249399995     
   109.62156364322389       -1104.3999399499999     
   109.22890708278048       -1084.2599124400003     
   108.83933017040019       -1063.5945241099998     
   108.45291197425657       -1042.3931052099997     
   108.06941987349124       -1020.6475195900002     
   107.68906299769364       -998.32964370999980     
   107.31209688603325       -975.40850152999974     
   106.93875014866398       -951.87087109999993     
   106.56924108249972       -927.70670780999990     
   106.20350494331139       -902.89106317999995     
   105.84154975250792       -877.42337282999961     
   105.48347291291178       -851.31552079999983     
   105.12939761044545       -824.57620469999983     
   104.77952208850058       -797.20255359000021     
   104.43412537751561       -769.19084890999966     
   104.09302871466345       -740.69429012999990     
   103.75603901317247       -712.02819302999978     
   103.42275233780840       -682.97271522000028     
   103.09292403559951       -652.21356000000014     
   102.76663603950817       -618.89955218999967     
   102.44389350615448       -583.63505763000012     
   102.12378715154283       -547.15417877999971     
   101.80613191031050       -509.59063038000022     
   101.49114264162476       -470.88233785000011     
   101.17910467845961       -430.81574931999967     
   100.87016469800652       -388.67328205000013     
   100.56405570194038       -343.90698570000040     
   100.26042646714259       -297.31747955999981     
   99.959376115308885       -249.22392670000045     
   99.660457739371566       -199.84738878000007     
   99.363246204658424       -149.68114980999962     
   99.068375202473263       -98.993209670000397     
   98.776854284422996       -46.875928399999793     
   98.564496077934095        0.0000000000000000     
>
   154.81899542562425       -480.00000000000000     
   154.23677521097912       -523.87172316000033     
   153.96736702545880       -555.78237439999975     
   153.66425058787337       -591.92070820000026     
   153.37367619607434       -627.27661137999985     
   153.08783099778469       -661.05027506999977     
   152.79943212667322       -691.92431857999964     
   152.50425802982289       -720.80032279999978     
   152.19989598202548       -748.51469965999968     
   151.88494682038430       -775.30032989000028     
   151.56199744927230       -801.37252559999979     
   151.23947206691693       -827.02139357000033     
   150.91580019604538       -852.35568503000013     
   150.58920624049998       -877.31833586999983     
   150.25832025823070       -901.87970554000003     
   149.92249881765147       -926.04768509000041     
   149.58203355427196       -949.85719366000012     
   149.24070541647703       -973.33251755000038     
   148.89815114903459       -996.44120621000002     
   148.55226455914843       -1018.9505129999998     
   148.20234262762341       -1040.8869688200002     
   147.84789834034729       -1062.3360222600004     
   147.48880106294644       -1083.3496270500000     
   147.12725668287064       -1103.9950874899996     
   146.76294663559472       -1124.2614315999999     
   146.39539422024637       -1144.1233640099999     
   146.02463610612347       -1163.5315425299996     
   145.65039154391422       -1182.4586203999997     
   145.27347356070729       -1200.9258223999996     
   144.89488655148961       -1218.9530463000001     
   144.51415095059991       -1236.5257253800000     
   144.13082787237946       -1253.6413902800005     
   143.74451796525611       -1270.2948882700002     
   143.35518570584753       -1286.4959760299998     
   142.96383892688735       -1302.2561647700004     
   142.57030459512620       -1317.5725482400003     
   142.17433920350800       -1332.4329352100003     
   141.77591295822816       -1346.8154231899998     
   141.37487459843302       -1360.7184021000003     
   140.97200563853337       -1374.1535802199996     
   140.56730837036037       -1387.1161159000003     
   140.16057079953563       -1399.6090069100001     
   139.75158666125873       -1411.6358078800004     
   139.34019323552033       -1423.1970183100002     
   138.92700244122867       -1434.2971012099997     
   138.51207272007713       -1444.9337920300004     
   138.09531354473668       -1455.0980414899996     
   137.67674038506729       -1464.7819723599996     
   137.25628735092440       -1473.9866375700003     
   136.83442598656026       -1482.7065353799999     
   136.41120098268169       -1490.9442982600003     
   135.98651837421284       -1498.7010462400003     
   135.56026586142903       -1505.9761791700003     
   135.13240276432794       -1512.7773139000001     
   134.70339203279511       -1519.1049020299997     
   134.27324398007059       -1524.9635100300002     
   133.84201762080568       -1530.3508980400002     
   133.40967342091355       -1535.2642490099997     
   132.97629102152553       -1539.6899844500003     
   132.54218554942017       -1543.6086727399997     
   132.10731403276407       -1547.0226614100002     
   131.67162662423036       -1549.9346915699998     
   131.23507920607014       -1552.3452758499998     
   130.79795940308847       -1554.2769264799999     
   130.36043566487251       -1555.7194738799999     
   129.92252689902890       -1556.7079887099999     
   129.48423597034659       -1557.3229257900002     
   129.04555543037443       -1557.6602441000005     
   128.60665945827733       -1557.9610607599998     
   128.16754518926632       -1558.2170575600003     
   127.72816105714132       -1558.3588235899997     
   127.28845721457553       -1558.3101474900004     
   126.84843824523121       -1557.9879063400003     
   126.40819811418409       -1557.3428340299997     
   125.96774312396980       -1556.3561262900002     
   125.52711280867507       -1555.0071469400000     
   125.08633638914664       -1553.2717470199996     
   124.64549178764250       -1551.1676462400001     
   124.20464374839167       -1548.7038590499997     
   123.76383868097430       -1545.8580424299998     
   123.32313502708384       -1542.6061891700001     
   122.88260039573824       -1538.9285108200002     
   122.44226171595312       -1534.8469619300004     
   122.00217800237974       -1530.3093020500000     
   121.56246384657393       -1525.2269797299996     
   121.12325274769825       -1519.5597249200000     
   120.68467362125298       -1513.2890869900002     
   120.24678147118500       -1506.4280709900004     
   119.80968344059897       -1498.9743987700003     
   119.37353136330634       -1490.9418893000002     
   118.93851374241653       -1482.3016741000001     
   118.50471995934309       -1473.0394174200001     
   118.07218209972159       -1463.1799729000004     
   117.64099871229007       -1452.7788981200001     
   117.21133423593122       -1441.7993644400003     
   116.78335368248537       -1430.2110248600002     
   116.35705132237476       -1418.0668584699997     
   115.93250851560406       -1405.3612104300000     
   115.50983011344680       -1392.0970013200003     
   115.08918170070120       -1378.2704600699999     
   114.67076266667443       -1363.8458624699997     
   114.25444581473950       -1348.8709705499996     
   113.84032281814108       -1333.3335973900003     
   113.42847560984157       -1317.2507439700003     
   113.01914368619269       -1300.5861962600002     
   112.61246914072370       -1283.3315657900002     
   112.20830930694756       -1265.5138185200003     
   111.80663840176418       -1247.1593020299997     
   111.40764206349408       -1228.2501190300000     
   111.01148072031538       -1208.7818142300002     
   110.61836923139528       -1188.7304626100004     
   110.22804059840871       -1168.1472428600000     
   109.84040142923763       -1147.0652179299996     
   109.45562418417359       -1125.4644806500000     
   109.07387616688810       -1103.3287667300001     
   108.69535562077279       -1080.6318261200004     
   108.31987748046495       -1057.4013534300002     
   107.94721542764182       -1033.6779315699996     
   107.57750525329706       -1009.4480394499997     
   107.21089592645326       -984.69848275000004     
   106.84755188599303       -959.41178706000028     
   106.48754131389212       -933.57767851999961     
   106.13047459886069       -907.24972094999976     
   105.77641992287442       -880.42214143000001     
   105.42555375692933       -853.07206786999996     
   105.07803309145692       -825.18485469000007     
   104.73393928646180       -796.77220120000038     
   104.39311936221699       -767.86741470000015     
   104.05523985729494       -738.39230649000001     
   103.72082216327476       -707.97258468000018     
   103.39054122442029       -676.16731271000026     
   103.06497572808856       -641.96894263000013     
   102.74454909007831       -605.53732737999962     
   102.42934095152091       -567.68612008000036     
   102.11875142562153       -528.73469988000033     
   101.81272665434896       -488.71832957999959     
   101.51132164164996       -447.70332902999962     
   101.21455644104680       -405.39782701999957     
   100.92252157986860       -360.69657612999981     
   100.63521591219983       -313.87902219999978     
   100.35205960476792       -265.55294178999975     
   100.07171652003184       -215.86342781999974     
   99.794153426440346       -164.86745417000020     
   99.519569140342838       -112.63678076999986     
   99.247959078077130       -58.913686369999596     
   99.046709949968857       -12.392222970000148     
   99.002995563248021        0.0000000000000000     
>
   154.81899542562425       -480.00000000000000     
   154.24304737978790       -524.13167341999997     
   153.97732617757660       -555.99517850000029     
   153.67849603713728       -591.92130251999970     
   153.39097665621688       -627.16510097999981     
   153.10826095331717       -660.86824829000034     
   152.82315085985823       -691.70738947999962     
   152.53147180546091       -720.56390938000004     
   152.23085002604606       -748.27661090000038     
   151.91991901731029       -775.07167268000012     
   151.60024409990635       -801.17503017000035     
   151.28058293348911       -826.86864521000007     
   150.95994945772060       -852.26078367999980     
   150.63657380602089       -877.29821422999976     
   150.30928370677381       -901.91896567999993     
   149.97786143602320       -926.06373820000044     
   149.64160397457402       -949.86160802999984     
   149.30390036769020       -973.33466569000029     
   148.96506230440357       -996.44823075000022     
   148.62288275134875       -1018.9541475699998     
   148.27672629834856       -1040.8941987400003     
   147.92616723777311       -1062.3662350400000     
   147.57071053410118       -1083.4114656000002     
   147.21249446576471       -1104.0928096300004     
   146.85180952235768       -1124.4068060199997     
   146.48862533711784       -1144.2691415800000     
   146.12259698946218       -1163.6518789600004     
   145.75322486020710       -1182.5639084900004     
   145.38067969077093       -1201.0158721099997     
   145.00639616743271       -1219.0345758499998     
   144.63002593186266       -1236.6071095300003     
   144.25113353614867       -1253.7311011800002     
   143.86932192054971       -1270.4014276500002     
   143.48430059547172       -1286.6243975799998     
   143.09697999082587       -1302.4086097299996     
   142.70776805255093       -1317.7287712999996     
   142.31643960823968       -1332.5712584900002     
   141.92272651365141       -1346.9396790000001     
   141.52635031130555       -1360.8336262299999     
   141.12777280517201       -1374.2631545100003     
   140.72740136823185       -1387.2255903900004     
   140.32502171427561       -1399.7234162900004     
   139.92042528667173       -1411.7597745000003     
   139.51338519413960       -1423.3346986799997     
   139.10430365304026       -1434.4420688800001     
   138.69374330791280       -1445.0674323599997     
   138.28152826071906       -1455.2083695199999     
   137.86752214750757       -1464.8689143499996     
   137.45157829108689       -1474.0502283799997     
   137.03391097766644       -1482.7498989500000     
   136.61489033797150       -1490.9664745199998     
   136.19441896917968       -1498.6996256399998     
   135.77238342565067       -1505.9477452499996     
   135.34871839019769       -1512.7182281900004     
   134.92383352763278       -1519.0088702000003     
   134.49797922050550       -1524.8180097400000     
   134.07108728684011       -1530.1461146399997     
   133.64309126353425       -1534.9899817899995     
   133.21388801818759       -1539.3478450299999     
   132.78381846067887       -1543.1810001900003     
   132.35300004735271       -1546.4783847600002     
   131.92138579567126       -1549.2461095099998     
   131.48903987690579       -1551.5132179700004     
   131.05604307810316       -1553.3015893800002     
   130.62272370407086       -1554.7221546800001     
   130.18906972269551       -1555.8398048899999     
   129.75502727594588       -1556.7253773200000     
   129.32055453790406       -1557.4655173299998     
   128.88569390744576       -1558.1335326300004     
   128.45057143528237       -1558.6859471899998     
   128.01513727408707       -1559.0408261900002     
   127.57934845202647       -1559.0756866100000     
   127.14318548853605       -1558.7545449199997     
   126.70674578643830       -1558.0971414100004     
   126.27011127869562       -1557.1142462199996     
   125.83329457037915       -1555.7870928900002     
   125.39632316346231       -1554.0937757000002     
   124.95924289456742       -1552.0146027600003     
   124.52213798848805       -1549.5801523199998     
   124.08506115733984       -1546.7836216799997     
   123.64803474647617       -1543.5931478200000     
   123.21112006237949       -1539.9804857700001     
   122.77438013040543       -1535.9317537899997     
   122.33783958773851       -1531.4469442500003     
   121.90160557748352       -1526.4580261399997     
   121.46581159880290       -1520.9373634100002     
   121.03060375593040       -1514.8586251500001     
   120.59606398182844       -1508.2195609000000     
   120.16222665396371       -1501.0355505999996     
   119.72915708952317       -1493.3027866900002     
   119.29699795499370       -1484.9995597600000     
   118.86593202390694       -1476.0980191500003     
   118.43599138189850       -1466.6078395900004     
   118.00720811460403       -1456.5916506100002     
   117.57972374259495       -1446.0462055400003     
   117.15370270475394       -1434.9442842600001     
   116.72926818700346       -1423.2982684400004     
   116.30639383328577       -1411.1285979499999     
   115.88514725261869       -1398.4287629700002     
   115.46559204331578       -1385.1958794399998     
   115.04792472989531       -1371.3998859300000     
   114.63226792532198       -1357.0371843000003     
   114.21852365381561       -1342.1385245100000     
   113.80677155650746       -1326.7087580699999     
   113.39712565199558       -1310.7577419800000     
   112.98979048620718       -1294.2613674300001     
   112.58488007774029       -1277.2184852800001     
   112.18224087391012       -1259.6535639800004     
   111.78190782514115       -1241.5752771099997     
   111.38402245200488       -1222.9709262699998     
   110.98876580915950       -1203.8145017999996     
   110.59627483351429       -1184.0977736100003     
   110.20635070871981       -1163.8544735500000     
   109.81896249505601       -1143.1064348399996     
   109.43424942126323       -1121.8424392300003     
   109.05238280171748       -1100.0453778000001     
   108.67352478347021       -1077.6980065099997     
   108.29750863580772       -1054.8254670899996     
   107.92423179928753       -1031.4483627999998     
   107.55382720011440       -1007.5541316500003     
   107.18647703886209       -983.11947665000025     
   106.82238127779557       -958.11745874000007     
   106.46163445494842       -932.53516156000023     
   106.10398103115108       -906.40295828000035     
   105.74949549091487       -879.71892140999989     
   105.39831076044455       -852.47052744000030     
   105.05056549552270       -824.64619277000020     
   104.70637027700069       -796.24895292000019     
   104.36559905416708       -767.31132902999980     
   104.02784388108314       -737.82918256999983     
   103.69333623269161       -707.57465356000012     
   103.36247144986014       -676.09437771000012     
   103.03569185599430       -642.25488131000020     
   102.71342946125955       -606.12170272999992     
   102.39582234848072       -568.50899336000020     
   102.08232334297864       -529.77761430000010     
   101.77297598954453       -489.95291254000040     
   101.46813895974820       -448.96841015999962     
   101.16823681530400       -406.49326524000026     
   100.87351592805699       -361.56028519000029     
   100.58404046927842       -314.51078973000040     
   100.29909309582878       -266.01827443000002     
   100.01737835016931       -216.22693601999981     
   99.738869303284389       -165.15765588999966     
   99.463783679130103       -112.94935302999966     
   99.192266436024610       -59.466765780000060     
   98.991617194711168       -13.483578190000117     
   98.943799284375785        0.0000000000000000     
>
   121.95099281917607       -25.000000000000000     
   121.81841497273447       -67.501754500000061     
   121.75272307151960       -69.055027499999596     
   121.65825837654951       -70.039617209999960     
   121.52616697126243       -69.005745290000050     
   121.34835582702739       -62.232245960000000     
   121.23425128530231       -50.205360629999632     
   121.12257264681435       -23.194137149999733     
   121.07799939638249        0.0000000000000000     
>
   121.95099281917607       -25.000000000000000     
   121.77242708954583       -57.999890969999797     
   121.63973866225284       -57.862589800000023     
   121.43440549109457       -56.547208760000103     
   121.12503120864483       -51.326198699999622     
   120.78577603209497       -37.741109350000443     
   120.58367835351574       -19.387917719999678     
   120.45599757721286        0.0000000000000000     
>
   121.95099281917607       -25.000000000000000     
   122.00496372310214       -70.352843480000047     
   122.04314391063383       -73.641446489999907     
   122.10279740981385       -77.651829350000298     
   122.19237019126524       -82.348820520000118     
   122.32098431579041       -87.563088400000197     
   122.49665317088908       -92.853353530000277     
   122.72389624752350       -96.937446079999972     
   123.00418031760836       -97.433537509999951     
   123.31854907301921       -91.027707309999641     
   123.50391810331952       -77.364669259999573     
   123.62794741969567       -57.658554560000084     
   123.68325904482502       -37.001860909999778     
   123.72117968248273       -11.639508790000036     
   123.73399732096091        0.0000000000000000     
>
   121.95099281917607       -25.000000000000000     
   122.00863409063561       -70.422416960000191     
   122.04884942419893       -73.744162709999728     
   122.11148574157743       -77.810796759999903     
   122.20525543876137       -82.620136120000097     
   122.33943813994247       -88.105044130000351     
   122.52181002809986       -94.175584890000209     
   122.75650728544147       -100.21206692000032     
   123.04568652504818       -104.37853336999979     
   123.36185264901239       -107.17591262000042     
   123.66637226019905       -107.90845349000028     
   123.95705780580725       -105.70283523000035     
   124.23667552599488       -100.65001465000023     
   124.50560242698070       -92.650201659999766     
   124.75596148521639       -74.680843469999672     
   124.90060066586767       -49.344712559999607     
   124.95313172689463       -26.356601950000368     
   124.97899274921599        0.0000000000000000     
>
   121.95099281917607       -25.000000000000000     
   121.81815313102939       -68.051162310000109     
   121.75196046471551       -70.496387690000120     
   121.65689072633057       -73.539578289999554     
   121.52471796103886       -77.255048240000178     
   121.34874658423280       -81.679784250000012     
   121.12738491920173       -86.731425580000177     
   120.87761371564750       -91.761558530000002     
   120.63812710422964       -96.793549130000429     
   120.40942241230053       -102.00567692000004     
   120.19174314691634       -106.44743844000004     
   119.98500794807235       -109.68659612000010     
   119.77906686871034       -111.23278487999960     
   119.57170027039371       -110.16941768000015     
   119.36513294817904       -105.06791927999984     
   119.16091532581683       -93.800906849999592     
   118.95927830529206       -71.616194410000389     
   118.83843578008374       -48.006013860000166     
   118.75647187793997       -17.458414400000038     
   118.72999950966819        0.0000000000000000     
>
   121.95099281917607       -25.000000000000000     
   121.96624037159580       -70.101351280000017     
   121.98304866100602       -73.299280799999906     
   122.01112473810174       -77.225239069999589     
   122.05549401556418       -81.886114130000351     
   122.12179840864501       -87.209871740000381     
   122.21520427763917       -93.020340979999673     
   122.33897805484577       -98.762887439999758     
   122.49507524516522       -103.49249158000021     
   122.68247541079275       -107.50121538999974     
   122.89667968724619       -110.06618263000018     
   123.12882728247043       -109.93678697999985     
   123.36128542081099       -108.15656622000006     
   123.58446336200208       -105.26515903000018     
   123.79471881344136       -101.29226767999990     
   123.99021028882656       -96.703100710000399     
   124.17150902706352       -91.521591110000372     
   124.33593874236570       -84.254501569999775     
   124.48057219343916       -73.656306890000451     
   124.60350314975258       -54.023183190000054     
   124.65356820049790       -34.978012139999919     
   124.69070904261814       -5.0874311799998395     
   124.69419549070450        0.0000000000000000     
>
   121.95099281917607       -25.000000000000000     
   121.85593052924230       -68.797297719999733     
   121.81137561345939       -71.517311149999841     
   121.74873700424979       -74.893542650000200     
   121.66354448502028       -78.983424469999591     
   121.55264048544974       -83.786945769999875     
   121.41625075090323       -89.167586769999616     
   121.26011861015928       -94.741828279999936     
   121.08689513886216       -101.74690279999959     
   120.90810137203580       -109.63425387999996     
   120.74622934025993       -117.80996170999970     
   120.60064019561079       -126.29500055999961     
   120.45873688835516       -135.60154905000036     
   120.32110154359667       -145.30929404000017     
   120.18909493606091       -155.65528540000014     
   120.05972106952053       -166.66891646000022     
   119.92900189811462       -177.52210405999995     
   119.79782779823203       -188.17140618000030     
   119.66634888481093       -198.78384313999959     
   119.53476913082068       -209.30629358999977     
   119.40918079632735       -219.41492893000031     
   119.29847160240176       -228.60621652999998     
   119.19520398411225       -237.15345699000045     
   119.08209638892296       -245.58342469000036     
   118.96266391280928       -253.09935849999965     
   118.84039128498414       -258.72886273000040     
   118.71638431396138       -261.39362241999970     
   118.58792145028988       -260.68443114999991     
   118.45511327482107       -256.48323771000014     
   118.31873729126126       -249.40090991000034     
   118.17961340219244       -239.53834368000025     
   118.03857411526782       -226.74923327000033     
   117.89699166436853       -210.97130636000020     
   117.75565959601875       -192.70995552000022     
   117.61477386177893       -171.49055044000033     
   117.47422731854439       -147.56101327000033     
   117.33342237135146       -120.63844653999968     
   117.19175913340528       -90.419349419999890     
   117.04846926832401       -55.412221939999654     
   116.91898138318560       -10.664933549999660     
   116.89629798470757        0.0000000000000000     
>
   121.95099281917607       -25.000000000000000     
   121.53462325512545       -63.435384020000129     
   121.28713929902572       -68.759419979999620     
   120.92079009501366       -80.468509880000056     
   120.52685698463821       -99.729552079999849     
   120.13856808134555       -127.38513037000030     
   119.74385345655929       -161.84113181999965     
   119.33481832504005       -197.86967596999966     
   118.90643784706434       -231.02276972999971     
   118.47206308480276       -261.13225014999989     
   118.03586287905671       -288.82030802999998     
   117.59170314384218       -314.30700584999977     
   117.13467477690715       -337.79369658999985     
   116.66284805645125       -359.49794034000024     
   116.18419568997190       -379.36200965999979     
   115.69897493551196       -396.50633456000014     
   115.20792834635323       -409.71498163999968     
   114.71065542500810       -418.63718797999991     
   114.21464530260829       -424.48173774000043     
   113.72045833186185       -429.10374089000015     
   113.22673201916989       -432.88764886999979     
   112.73272782195500       -435.67651229999956     
   112.23953206816657       -437.70329190000029     
   111.74773032065488       -439.14685117000045     
   111.25718908025740       -439.93839817000026     
   110.76788714753631       -439.89171035999971     
   110.27926474274135       -439.15881830000035     
   109.79074489738883       -437.96820704000038     
   109.30240209599010       -436.05626957999993     
   108.81437327545436       -433.00115277999976     
   108.32634903858087       -428.23663494999983     
   107.83753411997208       -421.10461851000036     
   107.34885441939919       -410.63392475000001     
   106.86176639553688       -395.32262838000042     
   106.37798319214492       -374.61817972999961     
   105.89792879797990       -351.22364680999999     
   105.42203178546066       -325.53954490999968     
   104.95090120870648       -297.64686830000028     
   104.48591331230297       -267.32454916999995     
   104.02558929222202       -234.80054856999959     
   103.56815870892599       -200.60939590999988     
   103.11373844580179       -164.96620574999997     
   102.66395627590012       -127.66238888000044     
   102.21777972930286       -88.472267840000313     
   101.76978862541890       -44.755492420000337     
   101.41100017226101        0.0000000000000000     
>
   121.95099281917607       -25.000000000000000     
   121.88613571744547       -69.207871300000079     
   121.85848305614857       -72.081894160000047     
   121.82089645287613       -75.640013709999948     
   121.77155619372147       -79.925956860000042     
   121.70970482850048       -84.916841000000204     
   121.63672203954545       -90.455098080000425     
   121.55709465922516       -96.144268469999588     
   121.47302284541176       -102.73853605000022     
   121.38860496509969       -110.05666636000024     
   121.31014126202895       -117.99738075999994     
   121.24205497025484       -126.52351495000039     
   121.17670168708744       -136.32991873999981     
   121.11621281546539       -146.71674282000004     
   121.06357862203816       -157.86222104999979     
   121.01575727395610       -169.59298159999980     
   120.97238207824053       -181.25460108999960     
   120.93675728240405       -192.80590648999987     
   120.90881069376644       -204.31828976999986     
   120.88205929505618       -216.44048993999968     
   120.85349047427039       -229.68015352000020     
   120.82395564666885       -243.73997881000014     
   120.79306691983511       -258.49884058000043     
   120.76027253542779       -273.40917280000031     
   120.72544988048216       -287.01080350000029     
   120.68845055893338       -298.66022112999963     
   120.64953583952882       -308.32905983999990     
   120.60775060165048       -316.13110255999982     
   120.56201023622246       -322.06777989999955     
   120.51316386667344       -326.45957257999999     
   120.46327356805074       -329.61673163999967     
   120.41252956233707       -331.37313076999999     
   120.36070381233628       -331.52357277999999     
   120.30777511861056       -330.43145014000038     
   120.25344210536807       -327.79956982000022     
   120.19741428301471       -323.06074929999977     
   120.14160418461746       -315.92789156999970     
   120.08728778715054       -306.09145635999994     
   120.03542364897855       -292.78938604999985     
   119.98476845172064       -275.95204672000000     
   119.93297765214440       -256.05908378999993     
   119.88001859165637       -233.62086186000033     
   119.82578011644742       -208.75999830000001     
   119.76979354705421       -181.09632639000029     
   119.71171510880914       -150.85359830000016     
   119.65144052339647       -118.62865822000003     
   119.58896234236505       -84.308303669999987     
   119.52434359107056       -44.517343499999697     
   119.46999739979915        0.0000000000000000     
>
   121.95099281917607       -25.000000000000000     
   121.49869822941265       -63.225792070000352     
   121.22485076701921       -69.873955009999918     
   120.83307598859797       -84.054275679999591     
   120.43347346099745       -106.58285241999965     
   120.03746108684135       -137.80354239000008     
   119.63308811277133       -174.31531531000019     
   119.21263049496623       -210.34563407000041     
   118.77298165634724       -242.73921393999990     
   118.33130913085218       -272.46553990000029     
   117.88539041525554       -299.92177782999988     
   117.42942946866313       -325.30917994999982     
   116.95873319390557       -348.77141001000018     
   116.47578937366009       -370.54969912999968     
   115.98711654858054       -390.16172379000000     
   115.49265054739567       -406.34611376999965     
   114.99236845179423       -418.05112620000000     
   114.48806877624516       -425.69456301999980     
   113.98599676054154       -431.85322062999967     
   113.48430919950776       -436.84381479999956     
   112.98148145249341       -440.38994000999992     
   112.47731756793800       -442.49847837000016     
   111.97379138539081       -443.98964014000012     
   111.47116360064139       -444.89393835000010     
   110.96956083735896       -445.10681954000029     
   110.46893324821666       -444.58409631999984     
   109.96857208444170       -443.78531549000036     
   109.46841145588948       -442.67778283999996     
   108.96848001044891       -441.12252471000011     
   108.46856861853063       -438.94490365000001     
   107.96726150146223       -436.07631838999987     
   107.46432431951206       -432.31490111000039     
   106.95978285578015       -427.38602025000000     
   106.45393332943837       -421.07560704000025     
   105.94772856927348       -412.76783004000026     
   105.44160001249324       -401.70988168999975     
   104.93567600164016       -387.04996410999956     
   104.43086123704758       -369.41385833000004     
   103.92917424897159       -348.90766702000019     
   103.43129227350717       -326.15437885000028     
   102.93690362162246       -301.47128183000041     
   102.44623690347136       -274.90103584000008     
   101.96165556989298       -246.16978407999977     
   101.48357616119281       -215.28964340000039     
   101.01151681987859       -182.47924717000024     
   100.54610092401400       -147.77451844000007     
   100.08941976949313       -111.05530906999957     
   99.639898868338776       -72.411177169999974     
   99.195365564652235       -26.447200900000098     
   99.002995563248021        0.0000000000000000     
>
   121.95099281917607       -25.000000000000000     
   121.47795830372164       -62.965341420000186     
   121.18732088656691       -70.422263299999941     
   120.78211254005485       -86.013305729999956     
   120.37765820598021       -110.30831923999995     
   119.97574780444512       -143.24288230000002     
   119.56419337757080       -180.48711261999961     
   119.13503539588874       -216.22991172999991     
   118.68801373656717       -248.21863355999994     
   118.24019681184811       -277.74003956999968     
   117.78677636004859       -305.04922540000007     
   117.32210530929696       -330.32141596000019     
   116.84175985258011       -353.70046901000023     
   116.35182594742857       -375.43899909999982     
   115.85602208982928       -394.82095707999997     
   115.35481294854114       -410.30050464000033     
   114.84726059167961       -421.11053784999967     
   114.33881270180920       -428.43782531000033     
   113.83304453547207       -434.32700328999999     
   113.32760066323794       -438.60161022000011     
   112.82102405347437       -440.96580219000043     
   112.31417070510345       -441.96739072000037     
   111.80841399792187       -442.34773755999959     
   111.30379633080537       -442.05618862000028     
   110.80031655783829       -440.99679146000017     
   110.29757532744860       -439.33327205000023     
   109.79508104186172       -437.35051168999962     
   109.29280791797763       -434.99485272000038     
   108.79076970678300       -432.22206058000029     
   108.28838657500529       -429.09600073000001     
   107.78459683187968       -425.79910019999988     
   107.27935521374161       -422.38740188999964     
   106.77307539610767       -418.13742619999994     
   106.26587540828032       -412.19878633000008     
   105.75735131502530       -403.56581199999982     
   105.24777928199214       -390.79975331999958     
   104.73816255825220       -374.22810657999980     
   104.22971123063513       -355.37407978000010     
   103.72371731893298       -334.44726477000040     
   103.22013040286122       -311.76111572999980     
   102.72004139403137       -287.19621456000004     
   102.22525740127902       -260.51408057000026     
   101.73831433573486       -231.39838273999976     
   101.25807945986938       -200.17085129000043     
   100.78409326154373       -167.07866599000045     
   100.31791991549508       -132.08988500000032     
   99.861090937867189       -95.320671679999577     
   99.411036040062612       -55.889893520000442     
   99.003100987479414       -8.6440462500004287     
   98.943799284375785        0.0000000000000000     
>
   121.95099281917607       -25.000000000000000     
   122.29615805521827       -69.120353850000356     
   122.50410849751188       -72.822145009999986     
   122.82576011925400       -78.030337660000441     
   123.28931447529401       -85.512070759999915     
   123.77548691262517       -93.511702310000146     
   124.26263567001209       -102.37119313000039     
   124.76106482015561       -110.27462802999980     
   125.27635210703617       -116.91703127999972     
   125.78705687759877       -124.75614761999987     
   126.28489588122974       -135.17868853999971     
   126.76918729817184       -146.83512049000001     
   127.24145405020218       -159.23502903000008     
   127.70942705663523       -172.68003578000025     
   128.17698867938287       -187.75686055000006     
   128.64449128747924       -204.54799252999965     
   129.11130806511392       -222.50564061000023     
   129.57799077062830       -241.28823536999971     
   130.04593111846793       -260.79573575999984     
   130.51630596391138       -280.96877657000005     
   130.99089376790516       -301.58364881000034     
   131.47075106459414       -321.99392309999985     
   131.94789655211423       -341.99893163999968     
   132.41745149497564       -360.85750981999990     
   132.88039966168529       -377.18117423999956     
   133.33967459607251       -389.95068204000017     
   133.79455838204007       -399.33774169000026     
   134.24349028259743       -406.63520799999969     
   134.68827396883347       -412.24239096000019     
   135.13032006280059       -416.32541133999985     
   135.57095438879975       -418.93784571000015     
   136.01226308610507       -420.95990779000022     
   136.45520757786991       -422.56252100999973     
   136.90041353398925       -423.62643369000034     
   137.34842068069096       -423.88122293000015     
   137.79994807998807       -423.13377298999967     
   138.25622415335906       -421.42121328000030     
   138.71709649403465       -418.06813469999997     
   139.18198641465793       -411.90333003999967     
   139.64965632642586       -400.95556090999980     
   140.11885890025306       -382.94822226999986     
   140.58725245769605       -359.83578025000043     
   141.05204211070799       -333.01712720999967     
   141.51031952560166       -303.73965623000004     
   141.96048901496206       -272.72389198000019     
   142.40350684532268       -240.39131825000004     
   142.84068967366002       -206.74339993000012     
   143.27179399291802       -171.30449420999958     
   143.69380203447358       -133.84820297999977     
   144.10811754488583       -94.792381330000353     
   144.51718189725182       -52.963732930000333     
   144.90078858957298       -2.1804425299997092     
   144.91408923145903        0.0000000000000000     
>
   121.95099281917607       -25.000000000000000     
   121.62727224689330       -65.389213329999620     
   121.44484707366246       -69.351932130000023     
   121.17413770102560       -77.391578689999733     
   120.81592678930910       -92.650213910000275     
   120.45819888100048       -116.07226188999994     
   120.10132582569840       -147.56055585000013     
   119.73794912664479       -183.84915140999965     
   119.36462358871334       -219.95351767000011     
   118.97729782744747       -252.64071702999991     
   118.58226864884044       -282.10063365000042     
   118.18676448823447       -309.23212066999986     
   117.78786784461795       -334.13726953999958     
   117.38113199266658       -356.97526687000027     
   116.96312262345191       -377.64471849999973     
   116.53611724414625       -395.79595330000029     
   116.10666877287012       -410.53000909000002     
   115.67405528282178       -421.44628627000020     
   115.23575404089942       -428.92120831000011     
   114.78778069870665       -433.69755052999972     
   114.33485528242835       -436.94747971000015     
   113.88039319338628       -439.60551169999962     
   113.42515531951118       -441.90949080999962     
   112.96831946638994       -443.84013434999997     
   112.50970286049098       -445.40873556000042     
   112.05101005120738       -446.77844276999986     
   111.59151395511736       -447.91657417999977     
   111.13028408878753       -448.75717041000007     
   110.66645986963356       -449.21136879999995     
   110.20125253040059       -449.20465817999957     
   109.73508090322528       -448.61061357000017     
   109.26766194696468       -447.31228336000004     
   108.79891315569857       -445.21280001000014     
   108.32934675368158       -441.97141570999975     
   107.86038023845938       -437.09567701000014     
   107.39228232723045       -430.14216364000004     
   106.92532517493986       -420.65055492000010     
   106.46044900530326       -408.09514870000021     
   105.99901058234184       -392.02783968000040     
   105.54143160298098       -373.08191341000020     
   105.08848154951815       -352.17760951000037     
   104.64013349293778       -329.44239061000007     
   104.19658510367367       -304.86219474999962     
   103.75852106627192       -278.26972444999956     
   103.32574886691873       -249.70247991999986     
   102.89800208024681       -219.22458668000036     
   102.47526237160719       -186.94248271000015     
   102.05887046220317       -152.49987928999963     
   101.64857711540083       -115.91280989000006     
   101.24408496611275       -77.682766300000367     
   100.84526280700750       -33.882559609999589     
   100.61699413594835        0.0000000000000000     
>
   121.95099281917607       -25.000000000000000     
   121.73025281333544       -67.933696799999780     
   121.61244008886349       -72.191129740000179     
   121.44118472753789       -79.900836939999863     
   121.20470900924965       -94.490843350000432     
   120.90553624005838       -119.81843079999999     
   120.60305292081894       -155.03879635999965     
   120.30773615748157       -195.96614520999992     
   120.01813808573829       -236.77847884000039     
   119.73222585138849       -273.85788977999982     
   119.44709226666059       -306.88373139000032     
   119.15666397909526       -336.65536961999987     
   118.85796733781847       -364.03955539999970     
   118.55755984461302       -389.25997008000013     
   118.25552114061024       -411.98486224000044     
   117.95034205501972       -431.97814767000000     
   117.64093568693436       -450.46952003000024     
   117.32606272867780       -468.08014135000030     
   117.00353390857572       -485.20744170000035     
   116.67414449202569       -501.77545035000003     
   116.34176881953051       -517.26687082999979     
   116.00608889952278       -531.66928104999988     
   115.66729438102738       -544.69093847000022     
   115.32467193160923       -556.29618768999990     
   114.97755119066669       -566.51787751000029     
   114.62619686469374       -575.33146648999991     
   114.27264753746871       -582.57976591999977     
   113.91599449795385       -588.08547802999965     
   113.55689206393293       -592.28258242999982     
   113.19519355821454       -595.32547779000015     
   112.83015871934793       -597.10356835000039     
   112.46269625837094       -597.74402046999967     
   112.09343986658729       -597.44309907000024     
   111.72112846392503       -596.22714008000003     
   111.34458175735899       -594.19583416000023     
   110.96327147981681       -591.23400065999977     
   110.57767433217076       -586.97041113999967     
   110.19275212878858       -579.82316341000023     
   109.80927206013664       -569.17821654999989     
   109.42620108333901       -555.50337273999958     
   109.04314672231699       -539.78134557999965     
   108.66088934556581       -523.00900206000006     
   108.28241921973505       -504.77661174999957     
   107.90879574375845       -484.77382335000038     
   107.53904145166470       -462.74895273000038     
   107.17231123072948       -438.69187332999991     
   106.80796623302902       -412.66435762000037     
   106.44636341125975       -383.75642874000005     
   106.09006102190574       -352.18229549999978     
   105.73881441199526       -318.62746854000034     
   105.39224886714075       -283.37712010999985     
   105.05022630451742       -246.37221446999956     
   104.71300054442143       -207.69397813999967     
   104.38157655479750       -167.48208804000024     
   104.05773967208553       -124.65359568999975     
   103.74170246362166       -78.719711200000347     
   103.43375370012657       -25.714977290000206     
   103.31899713244879        0.0000000000000000     
>
   121.95099281917607       -25.000000000000000     
   121.80595887061496       -69.273742420000417     
   121.73260537797681       -73.614293900000121     
   121.62769795452323       -80.978008930000215     
   121.48441897563978       -94.462830219999887     
   121.30056599162319       -118.08696140000029     
   121.07868293501306       -153.60269218000030     
   120.83965067911413       -197.53438367000035     
   120.61875253692644       -242.26737116999993     
   120.41793771081481       -282.73845506999987     
   120.22922547187294       -318.01338396000028     
   120.04494620726865       -349.11830499999996     
   119.86081075506691       -377.22978417000013     
   119.67489856079195       -402.88707507999970     
   119.48677990610931       -425.59693814000002     
   119.29628576847416       -446.04034723000041     
   119.10348318394669       -465.12917076000031     
   118.90848960887161       -483.13675638000041     
   118.71409019101353       -499.99622051999995     
   118.52587184167731       -515.49008732000038     
   118.35066994716867       -529.62524267000026     
   118.18511265095709       -542.59138207999968     
   118.02750800872059       -554.55818545999955     
   117.87330215203028       -565.44232094000017     
   117.71779396230784       -574.99738435000017     
   117.56271148021533       -583.03573394999967     
   117.40992598585960       -589.33972790000007     
   117.25958988600989       -594.61259435000011     
   117.11091593667760       -599.59325979000005     
   116.96692362535904       -604.16686304999985     
   116.83025600628959       -608.10871835000034     
   116.70004734026494       -611.58817068999997     
   116.57260835214488       -615.47194856999977     
   116.44665962720846       -619.87359124999966     
   116.32333619481629       -624.93727677999959     
   116.20364416882863       -630.23368384999958     
   116.08584691421669       -635.52267263999966     
   115.96979889970463       -641.18078578000041     
   115.85589432024453       -647.60322647999965     
   115.74060089112764       -651.52008740000019     
   115.62174481053979       -650.36884150999958     
   115.49972714892640       -644.44152931999997     
   115.37621635934043       -635.63204602000042     
   115.25193379562590       -626.51716959999976     
   115.12780249276508       -617.48405654999988     
   115.00525770999482       -606.24073220999981     
   114.88447878310001       -591.29937653999968     
   114.76160913326896       -572.28723618000004     
   114.63455402686094       -549.85744559999966     
   114.50424967688716       -525.83054955999978     
   114.37186663609049       -500.74859411000034     
   114.23787874055432       -474.45189733999996     
   114.10285608326893       -446.84207056000014     
   113.96748506765380       -417.61167982999996     
   113.83231229543026       -385.93232809999972     
   113.69792218353309       -352.13651880999987     
   113.56432619111789       -317.02245508000033     
   113.43150999424014       -280.79572741999982     
   113.29935670951292       -242.99383598999975     
   113.16770533580028       -202.47113530000024     
   113.03629288548156       -158.14133082999979     
   112.90470969374462       -110.92632217000028     
   112.77304514200306       -62.588716240000394     
   112.64650684351186       -6.9024264199997560     
   112.63499898651689        0.0000000000000000     
>
   121.95099281917607       -25.000000000000000     
   121.90613251689686       -71.486156599999958     
   121.88855016152694       -77.427852069999972     
   121.86513967962718       -87.999905429999671     
   121.83490928128170       -107.84907311999996     
   121.80003849788262       -140.12994917000015     
   121.76676282894078       -184.39779489000011     
   121.74790335068109       -234.95197824000024     
   121.75487796572710       -283.04436686999998     
   121.78624339343314       -325.01870023999982     
   121.83440737026713       -361.55160209000042     
   121.89306965248919       -394.35508131000006     
   121.95875295933739       -424.01387298999998     
   122.02970919662745       -451.55685360000007     
   122.10482969105662       -478.16586912000002     
   122.18265683803470       -504.05327839999973     
   122.26324621446622       -529.25212079999983     
   122.34656859950444       -553.73596493999958     
   122.43225558129740       -577.52782814999955     
   122.51549030379542       -600.62057464999998     
   122.58570398780365       -622.93460156000037     
   122.64207443890895       -643.90239412000028     
   122.68415990666355       -662.85635060999994     
   122.70862806862372       -678.78352567999991     
   122.72599270003755       -691.13688422999985     
   122.74078016736057       -701.23054674000014     
   122.75347175512735       -709.64279892000013     
   122.76462495125699       -716.68909196999994     
   122.78020997580866       -722.83439099000043     
   122.80031964794256       -727.94854759999998     
   122.82307409318517       -731.80788432000008     
   122.84752907711643       -734.20701826999994     
   122.87090518154947       -736.03847174000020     
   122.89365332425653       -737.73229912999977     
   122.91779260845145       -739.26936561999992     
   122.94511811085641       -740.62384120000024     
   122.97466668944465       -741.56332535999991     
   123.00515892949520       -741.95232811000005     
   123.03590269801080       -741.72176752999985     
   123.06612049128510       -740.79042957999991     
   123.09541926028160       -739.28660264999962     
   123.12337501624370       -737.18109874000038     
   123.14935578674093       -734.35345948000031     
   123.17266313624046       -730.66791298000044     
   123.19274759823206       -726.15491377000035     
   123.20903850676770       -720.73367949000021     
   123.22149575480276       -714.21678356000029     
   123.23372381972619       -706.25536474000000     
   123.24638103002619       -696.70309768999959     
   123.25945535358946       -685.34396743999969     
   123.27297715717826       -671.60416832000010     
   123.28693612755259       -654.58596615999977     
   123.30120163033880       -634.50444662999962     
   123.31575991455014       -612.55311853999956     
   123.33079891033825       -589.38759190000019     
   123.34650540193908       -565.22136116000001     
   123.36287365977489       -539.98372125999958     
   123.37977247651423       -513.50678857000003     
   123.39701220313219       -485.73308237000037     
   123.41446105933953       -456.78523212999971     
   123.43183714990894       -426.49877760999971     
   123.44877721960839       -394.06811698000001     
   123.46503718842392       -358.93385498000043     
   123.48050475663086       -321.78604582000025     
   123.49502407971322       -282.88654545000009     
   123.50914004051906       -242.07493677999992     
   123.52673442800231       -199.63113417000022     
   123.54542774850606       -155.77916964999986     
   123.56543772598637       -110.60917780000000     
   123.58493547921211       -63.100549480000154     
   123.60424988594852       -4.7260879699997531     
   123.60499931472368        0.0000000000000000     
>
   121.95099281917607       -25.000000000000000     
   121.77468225136471       -68.715064449999772     
   121.68306974021941       -73.018134869999813     
   121.55098119972124       -80.517139949999546     
   121.36955182711061       -94.448742390000007     
   121.13587386165817       -118.86167693999960     
   120.86306918242285       -154.86918527000034     
   120.59853171098338       -197.58895353000025     
   120.34699808930036       -240.58771424000042     
   120.10871239738768       -279.57076626999969     
   119.87773993856855       -313.93567611999970     
   119.64715823695482       -344.57666797999991     
   119.41292163766768       -372.53124950999972     
   119.17318922736254       -398.33672681000007     
   118.92768999700994       -421.76993081999990     
   118.68073144319369       -442.70217116000003     
   118.43369496711952       -462.14760890999969     
   118.18501352926128       -480.57018547000007     
   117.93355668392067       -498.17752059000031     
   117.67855609471577       -514.72000753999964     
   117.42233224065232       -530.12200663000021     
   117.16464906312530       -544.37473274999957     
   116.90290246902825       -557.56385010000031     
   116.64007183881299       -569.72301881000021     
   116.37908212194226       -580.82866603999992     
   116.12040543562613       -590.81104037000023     
   115.86408475169800       -600.09574909000003     
   115.60940100814500       -608.93734976999986     
   115.35544434801380       -617.31268802999966     
   115.10160342535397       -625.05709217000003     
   114.84882877712121       -632.61365509999996     
   114.59892006369998       -640.54746677000003     
   114.35273672175902       -649.19313905000035     
   114.11024322791599       -658.08820045999983     
   113.87233797996869       -665.19919691999985     
   113.63884049621669       -670.47766846000013     
   113.40975879806886       -674.10583166000015     
   113.18506366467852       -676.27737296000032     
   112.96455857152736       -677.17700123000031     
   112.74680252980073       -676.79936968000038     
   112.53220463135298       -675.71267315000023     
   112.32087889478218       -674.10724874999960     
   112.11278292121263       -672.00915411999995     
   111.90666136015018       -668.87459874999968     
   111.70143991575880       -663.94689763000042     
   111.49818371655007       -656.87853393000023     
   111.29764963975025       -647.30773780999971     
   111.09590318428965       -636.35347283999999     
   110.89112864696605       -624.58304836000025     
   110.68649047359392       -611.40861865999977     
   110.48708111291464       -595.20810412999981     
   110.29234995250242       -576.08651740999994     
   110.10154240696207       -553.80679794000025     
   109.91481546672507       -529.26403321999987     
   109.73249514476782       -503.24006215999998     
   109.55459805686587       -475.75085387000036     
   109.37969811110688       -446.53914434000035     
   109.20643052206076       -415.31280177999997     
   109.03498321987914       -381.11168505000023     
   108.86550116288011       -344.31853231999958     
   108.69762625245171       -305.87455686999965     
   108.52854641181366       -266.22890884000026     
   108.35866271141144       -225.06437484999969     
   108.19100896268580       -182.42709887000001     
   108.02872039060449       -138.10239103000004     
   107.87205998278810       -91.622007040000426     
   107.71773896158415       -41.059046350000244     
   107.61749713332651        0.0000000000000000     
>
   121.95099281917607       -25.000000000000000     
   121.92550937603119       -72.236997330000122     
   121.91825286575778       -79.059492880000107     
   121.90944020215611       -91.616260730000249     
   121.89902211085716       -114.81179906000034     
   121.89023580331333       -151.33181390000027     
   121.89106028955757       -199.08198721000008     
   121.91592150055428       -250.61388465999971     
   121.97311815677716       -297.90541040999960     
   122.05729539482195       -339.32642866999959     
   122.16036763450877       -375.86013894000007     
   122.27648612282765       -408.89619401999971     
   122.40225207423249       -438.96529416999965     
   122.53595520975242       -467.74427467999976     
   122.67681917159663       -496.01847910000015     
   122.82379029040916       -523.90083218000018     
   122.97582406415862       -551.25881369000035     
   123.13225013224329       -578.04158140999971     
   123.28989029786209       -603.95622943000035     
   123.44816358182688       -628.81696130999990     
   123.60378980085181       -652.10969351000040     
   123.74923971676063       -673.02905730000020     
   123.88584717526324       -690.86327296000036     
   124.01539235617960       -706.93975530999978     
   124.13914550690616       -721.78415497999958     
   124.26136771444673       -735.98174860000017     
   124.38638824778087       -750.14490143999956     
   124.51406386746373       -764.58100447000015     
   124.64417341179259       -779.41768098000011     
   124.77632268581536       -794.73523637000017     
   124.91107777181786       -810.29290736999974     
   125.04841575148895       -826.05620514000020     
   125.18758203943342       -841.44814277000023     
   125.32632949524130       -856.23270669999965     
   125.46462030369916       -870.26287835000039     
   125.60316321357989       -883.47213403000023     
   125.74192728516337       -895.87264191000031     
   125.88080480238710       -907.42699764000008     
   126.01984905032461       -918.05984901000011     
   126.15960663069720       -927.91123217000040     
   126.29999102688021       -936.93794565000007     
   126.44087160450000       -945.04000037999958     
   126.58215382552299       -952.22385786999985     
   126.72398322122513       -958.69193249000000     
   126.86630937132180       -964.42569724999976     
   127.00904346735727       -969.37419818000035     
   127.15213451608915       -973.47246213000017     
   127.29538771187259       -976.62989210999967     
   127.43834125073748       -978.74913416999971     
   127.58112462114194       -979.79084965000038     
   127.72389481351749       -979.78616385999976     
   127.86688330280690       -979.34591662000003     
   128.01029463493737       -978.72100004999993     
   128.15432189668047       -977.93629146999956     
   128.29910488973428       -976.95950482999979     
   128.44451527155633       -975.44361465000020     
   128.59041954298405       -973.16541940000025     
   128.73669222626376       -970.01889636000033     
   128.88311330560830       -965.89659284000027     
   129.02950802889498       -960.72790383000029     
   129.17582826767037       -954.40349034999963     
   129.32196000333641       -946.85650040000019     
   129.46777718518169       -938.26409101999980     
   129.61332794165963       -928.77781287000016     
   129.75858591671241       -918.37648426000032     
   129.90345599934867       -907.06231931000002     
   130.04791240646838       -894.86705967000034     
   130.19189211271581       -881.76015782000013     
   130.33550283415340       -867.80293969000013     
   130.47864315725431       -853.03019924000000     
   130.62114807017809       -837.48286636000012     
   130.76290470024225       -821.30256360000021     
   130.90400930435374       -804.79915067000002     
   131.04437994955006       -788.68930767999973     
   131.18402351132457       -773.01805624999997     
   131.32294056263507       -758.57595812000000     
   131.46127491588419       -744.54717563000031     
   131.59902141445181       -730.20051174000037     
   131.73615828594239       -715.26787782999963     
   131.87247983851319       -698.97194932000002     
   132.00792190089294       -681.26620243999969     
   132.14252629899954       -661.20223753000028     
   132.27604723394569       -638.25610656000026     
   132.40824005275965       -613.31584021999970     
   132.53897698585672       -587.01963839000018     
   132.66839611606167       -559.62525531000028     
   132.79646421182326       -531.13774732000002     
   132.92306209792352       -501.53968541999984     
   133.04808721491986       -470.82388276999973     
   133.17147768337219       -438.92450035999991     
   133.29332976018742       -405.35741794000023     
   133.41354718845861       -369.21259203000045     
   133.53216319973700       -330.92101223999998     
   133.64914570838690       -291.03746796999985     
   133.76451476793062       -249.61313012000028     
   133.87846060035085       -206.60068030999992     
   133.99095627663195       -162.08163678999972     
   134.10194908465823       -116.23407518000022     
   134.21138172865182       -69.178817539999727     
   134.30809700177852       -21.204722649999894     
   134.33900119847235        0.0000000000000000     
>
   97.537000006320568       -30.000000000000000     
   97.569381288169083       -53.515830620000088     
   97.643107776321500       -56.150923230000444     
   97.750384380191988       -60.398221229999763     
   97.896555649944801       -67.052118159999736     
   98.079969175344743       -74.570731900000283     
   98.287692153400030       -81.086487720000150     
   98.512672046806642       -86.103357979999601     
   98.741097708297275       -90.388878149999982     
   98.960494128145726       -93.269868090000273     
   99.171895495143389       -94.612516330000290     
   99.385475820575309       -95.673552809999819     
   99.599920739296024       -96.613667700000406     
   99.812151749157948       -97.294938009999896     
   100.01600726220371       -97.925202299999910     
   100.20503634679748       -98.595101369999611     
   100.37331633837576       -99.238138099999560     
   100.53012514225695       -98.254795910000212     
   100.68780426900470       -94.562301359999765     
   100.84691407132711       -86.750780000000304     
   101.00635676211924       -74.536349770000015     
   101.16593180615833       -57.458416589999615     
   101.32371750305302       -26.656699610000032     
   101.41100017226101        0.0000000000000000     
>
   97.537000006320568       -30.000000000000000     
   97.487560052512308       -54.107046809999702     
   97.507519036750281       -57.558653539999796     
   97.532898774537145       -64.017748979999851     
   97.564322643936649       -74.232510640000328     
   97.601950500169181       -87.698158430000149     
   97.643412016902246       -104.57739187999960     
   97.688319874677148       -122.50956879000023     
   97.737726596934209       -141.42678410999997     
   97.790290316554589       -158.37576016000003     
   97.844917257137809       -172.09185419999994     
   97.903502763017443       -183.38074911999956     
   97.965685870792584       -191.98586213999988     
   98.030262223211395       -197.44666191000033     
   98.097634609592646       -200.69061374000012     
   98.167851731347540       -201.92878033000034     
   98.240180775476517       -200.76296508999985     
   98.314353597738929       -197.22584740000002     
   98.388935511855692       -191.45562871000038     
   98.461172882740001       -183.19320037000034     
   98.530189657947503       -172.36374278000039     
   98.598681603829277       -159.12054893000004     
   98.666420683189202       -143.97904226999981     
   98.733308920247026       -126.72744349000004     
   98.799486116700891       -107.70641779000016     
   98.864684701267890       -86.256061819999559     
   98.928473809698090       -58.807056599999669     
   98.989301299367682       -19.104277790000197     
   99.002995563248021        0.0000000000000000     
>
   97.537000006320568       -30.000000000000000     
   97.483279484944006       -54.150975759999710     
   97.500420662823942       -57.704228300000068     
   97.521463683180130       -64.455436629999895     
   97.547018746047428       -75.093301330000031     
   97.577315034537492       -89.359644770000159     
   97.610483560374618       -107.31380109000020     
   97.646350717351709       -126.38346332000037     
   97.685860166931107       -146.25149168999997     
   97.728095176666073       -164.08738515999994     
   97.771981450720659       -178.78293776999999     
   97.819084882705397       -191.11162014999991     
   97.869152225281852       -200.98192440000003     
   97.921136111629693       -208.35847477999960     
   97.975246244296102       -213.91062811000029     
   98.031585182723532       -217.98266863000026     
   98.089555331948333       -220.30815491999965     
   98.149696418198445       -220.85153511000044     
   98.212261688812305       -219.69443048999983     
   98.275167296347021       -216.53041959999973     
   98.336901205223285       -211.16945985999973     
   98.398308528165401       -203.72172050999961     
   98.459233420657441       -194.20165660000021     
   98.519517746352363       -182.50624668999990     
   98.579523614566611       -168.45801405000020     
   98.639068824726380       -152.27803057999972     
   98.697928204424457       -134.13269611000032     
   98.756431204383887       -113.79868874000022     
   98.814498756431135       -91.088260100000298     
   98.871704579978484       -63.232979950000299     
   98.927369720057598       -24.299265249999735     
   98.943799284375785        0.0000000000000000     
>
   97.537000006320568       -30.000000000000000     
   97.891938756160116       -55.021891710000091     
   98.116723843921804       -60.210463520000303     
   98.414872164603921       -69.638110740000229     
   98.746811816229112       -81.783687439999994     
   99.064336996045540       -94.963570969999637     
   99.384673106726666       -108.92670213000019     
   99.711554687077211       -122.87349309000001     
   100.04651153436761       -137.56277348999993     
   100.38964047846257       -152.16787258000022     
   100.73975091309691       -166.45505873999991     
   101.08837165750536       -178.45951597000021     
   101.43520305476942       -187.85470643999997     
   101.78134117312065       -194.73246224000013     
   102.12887616253755       -199.47360956000011     
   102.48177346380986       -202.84934869999961     
   102.83879720700786       -205.02506990999973     
   103.19442064139353       -205.95008512000004     
   103.54913078107920       -205.39943510000012     
   103.90318545706545       -203.18649276999986     
   104.25679379894173       -199.11593130999972     
   104.61057746589843       -192.84981175000030     
   104.96728149865565       -184.71065353999984     
   105.32655467409475       -174.64667001999987     
   105.68710898312811       -161.19001759999992     
   106.04696256479752       -143.54548144000000     
   106.40464750127272       -121.55388261999997     
   106.75976902464382       -95.477766580000207     
   107.11316193439514       -65.018774309999571     
   107.46489727729124       -24.251740959999552     
   107.61749713332651        0.0000000000000000     
>
   97.537000006320568       -30.000000000000000     
   97.968436641090449       -55.053259780000189     
   98.241232725959108       -61.123493179999969     
   98.600119154897257       -72.159441030000380     
   98.960569185614801       -84.869763820000117     
   99.314905756828423       -99.372033749999900     
   99.677626419224893       -114.62390044000040     
   100.05336353644891       -130.37754590999975     
   100.44361596605087       -146.42809414000021     
   100.84208289133302       -161.81015812999976     
   101.23639472680050       -175.26897929999996     
   101.62989410813711       -186.45894460000000     
   102.02580621468185       -195.30324822999955     
   102.42665721728321       -202.23153970000021     
   102.83256399932809       -207.73076741000023     
   103.23731168778569       -212.15572573999998     
   103.64209948328782       -215.27840555999956     
   104.04957273190101       -217.02236045999962     
   104.46093292608820       -217.25131014999988     
   104.87566612272146       -216.09355358999983     
   105.29097743375394       -214.54974046000007     
   105.70772171219213       -212.88128099999994     
   106.12738234572642       -211.36219574999996     
   106.55135276767571       -210.23447786999986     
   106.97993148904303       -209.27827722999973     
   107.41193191426765       -207.53594589000022     
   107.84809086705361       -204.96889062999981     
   108.28919387251617       -201.54981684999984     
   108.73576117631882       -197.19069973000023     
   109.18394995063659       -190.77638251000008     
   109.63012248652940       -180.11023974000000     
   110.07676599371669       -165.38140509999994     
   110.52624449599539       -147.50939751999977     
   110.97581982813878       -126.78540068999973     
   111.41500972757663       -102.75873201000013     
   111.84424964222113       -75.748615040000004     
   112.26612418461418       -43.317903500000284     
   112.63499898651689        0.0000000000000000     
>
   97.537000006320568       -30.000000000000000     
   98.170475877976202       -65.373364080000101     
   98.609487014586961       -90.665468760000294     
   99.034048156006619       -124.42167877999964     
   99.437327926633927       -159.21043731000009     
   99.842413087223477       -193.06087288999970     
   100.26080347336129       -225.76953217000028     
   100.69649833034610       -257.27485547000015     
   101.13123863967078       -287.63185469000018     
   101.56459181821207       -316.64573213000040     
   102.00085619522939       -344.20734704000006     
   102.44361619458935       -370.14675913999963     
   102.89360577520709       -394.15506404000007     
   103.34720785462262       -415.45756422999966     
   103.80615906786463       -433.60196441999960     
   104.27104211299455       -449.40050494000025     
   104.74284534218150       -462.97895837000033     
   105.21579677875792       -474.94441682999968     
   105.68832938319778       -485.37176206999993     
   106.16166813923294       -494.18703144000028     
   106.63708329425987       -501.42645440999968     
   107.11366556428302       -507.24778123000033     
   107.58959179764901       -511.80737332999979     
   108.06531749579226       -515.00633439000012     
   108.54118356859142       -516.75468587999967     
   109.01746904648495       -517.13936070000000     
   109.49439394526004       -516.68260388999988     
   109.97240517198446       -515.28566881000006     
   110.45181613456347       -512.68407524000031     
   110.93220800086043       -508.40903341000012     
   111.40970299262581       -501.57567542000015     
   111.88386050532745       -492.13105011999960     
   112.35544085393828       -480.37888454000040     
   112.82429392352020       -466.22928424000020     
   113.28724724684980       -449.08966564000002     
   113.74252580072722       -428.73959450999973     
   114.19218478470638       -405.15094641999985     
   114.63762106985294       -378.03429024999969     
   115.07912743759205       -348.64604901999974     
   115.51463092667861       -317.39148225000008     
   115.94483512926546       -284.25896759999978     
   116.37068771751940       -249.48458636000032     
   116.79223567397833       -213.59083285999986     
   117.20910944087463       -176.97823916000016     
   117.62027024575464       -139.24951853000039     
   118.02518810267267       -97.993746840000313     
   118.42669628784674       -49.551956209999844     
   118.69382925802591       -6.6732104599996092     
   118.72999950966819        0.0000000000000000     
>
   97.537000006320568       -30.000000000000000     
   98.037287258541994       -82.900761470000361     
   98.337179662703960       -120.07816802999969     
   98.672736396789162       -164.92526730999998     
   98.991516354142021       -209.73516589999963     
   99.304899622172712       -253.48503235000044     
   99.621819185616530       -295.69538845999978     
   99.946946942205003       -336.41816623999966     
   100.28291620589121       -375.72648596999989     
   100.63059443475292       -413.06798669000000     
   100.98042182824432       -447.53091967000000     
   101.33145587081873       -480.36696848999964     
   101.68600329049509       -512.15787928999998     
   102.04574629131311       -542.83526340000026     
   102.41123835048749       -572.16569116000028     
   102.78294585565051       -600.02415621999990     
   103.15779030465457       -626.43772489000003     
   103.53792143508717       -650.65410692000023     
   103.92376610049385       -671.57548531999964     
   104.31519825016315       -688.18890567000017     
   104.71321139288418       -701.77707227999963     
   105.11401369407429       -712.48938484999962     
   105.51626099478352       -720.02123596999991     
   105.92105165507455       -725.59810001000005     
   106.32882685243737       -729.69160790000024     
   106.73921702910440       -732.50460867000038     
   107.15003348635913       -734.98023783999997     
   107.56018817737890       -737.46747941000012     
   107.96993377654435       -739.71185521000007     
   108.37947139203595       -741.50376787000005     
   108.78899009992084       -742.69506215999991     
   109.19853058020132       -743.27190255000005     
   109.60832144303134       -743.21182296000006     
   110.01863025969371       -742.42186074999972     
   110.42959052935103       -740.75837009000043     
   110.84120454383441       -737.95529485000043     
   111.25300133184933       -734.15707859000031     
   111.66448471195905       -729.42249067000012     
   112.07515391906453       -723.58726872999978     
   112.48431109059077       -716.46513467000023     
   112.89077765238591       -707.63715913000033     
   113.29378297623700       -696.96267540000008     
   113.69252664012650       -684.26086733000011     
   114.08574641806686       -669.04031032999956     
   114.47207294096582       -650.52430645000004     
   114.84982916140369       -629.14276988999973     
   115.21839743089454       -605.61860240999977     
   115.57954417827158       -580.72444594999979     
   115.93486623686539       -554.61616694999975     
   116.28404446919299       -527.26123934000043     
   116.62496065034473       -498.75238369999988     
   116.95588559374299       -469.53695832999983     
   117.28648509712271       -440.97921947000032     
   117.62403228653281       -413.06220880000001     
   117.96390912227308       -383.32620528999996     
   118.30082720404164       -351.10353661000045     
   118.63237609846146       -316.57658747999994     
   118.95894083316010       -279.72447639999973     
   119.28629854142517       -240.21029877999990     
   119.61999144385467       -197.69120459999976     
   119.95934917984704       -153.83645431999958     
   120.30127491260566       -112.22454648999974     
   120.64469835699914       -72.759510779999800     
   120.86733313421553       -43.573185070000363     
   121.00031835363814       -19.855754389999674     
   121.07799939638249        0.0000000000000000     
>
   97.537000006320568       -30.000000000000000     
   97.957727487239680       -78.919866510000247     
   98.219348603583072       -112.38305579000007     
   98.527240644258029       -155.11960201999955     
   98.834002812192452       -199.46780648000004     
   99.132292653446001       -242.97493372999998     
   99.431995408583049       -285.15211849000025     
   99.738172013667125       -325.92814431999977     
   100.05367923618525       -365.41520615999980     
   100.38031329877518       -403.29418787000031     
   100.71684062333834       -438.48343855999974     
   101.05381428201150       -471.62928420000026     
   101.39128068437473       -503.33269942999959     
   101.73137180632443       -533.75434880000012     
   102.07589475669616       -562.94572648000030     
   102.42644407698934       -590.83677707999959     
   102.78345865286289       -617.40516027000012     
   103.14582121664736       -642.10452771000018     
   103.51580870255725       -663.93965228999969     
   103.88996903997294       -681.77134729000045     
   104.26819508578977       -696.01931786000023     
   104.65107240285803       -707.78279489000033     
   105.03593158088448       -716.74373706999995     
   105.42031119324977       -723.50004633000026     
   105.80521964564524       -729.12510670000029     
   106.19145678713065       -733.61065595000036     
   106.57985226057025       -736.78539372999967     
   106.97015396454121       -738.71451617000002     
   107.36031357498292       -740.03530984000008     
   107.75019243611287       -740.69063774000006     
   108.14020823415200       -740.46263882000039     
   108.53112357590445       -739.06770066999979     
   108.92371310028771       -736.18779586999972     
   109.31743307036929       -731.76800259999982     
   109.71213222529551       -725.49165815000015     
   110.10748627096334       -716.88608869000018     
   110.50189608221108       -705.24687772000016     
   110.89377800373703       -690.00805889000003     
   111.28205029125411       -671.37984873999994     
   111.66598127767830       -649.43546833999972     
   112.05021650468321       -626.25902562000010     
   112.43448782802822       -602.77422474000014     
   112.82144632335763       -579.03793649999989     
   113.21619303377952       -555.50749281000026     
   113.61253715048979       -532.29315276000034     
   114.00561082419644       -508.81615424000029     
   114.39692322568989       -486.23861863000002     
   114.79536551378752       -467.12387775000025     
   115.20661856487000       -452.50831345000006     
   115.61128718515408       -438.16182973000014     
   116.00817904950124       -422.76502782999978     
   116.39804530556003       -402.90709591999985     
   116.78462392988183       -377.68485461999990     
   117.16840365545229       -349.60193146999973     
   117.54375631800650       -319.56905875000029     
   117.90951136480152       -287.58541458000036     
   118.26722323029234       -253.44115942999997     
   118.61991885042636       -216.87881937000020     
   118.97097180060747       -177.60673467000015     
   119.32307269056670       -136.36777963999975     
   119.67474328923379       -96.876564440000038     
   120.02280941051197       -61.026816540000254     
   120.32329998259540       -24.000393289999920     
   120.45599757721286        0.0000000000000000     
>
   97.537000006320568       -30.000000000000000     
   98.123071643157417       -81.893905349999841     
   98.472535208459064       -119.22493620000023     
   98.840672613699951       -164.26757492999968     
   99.189484726006654       -209.25765773999956     
   99.534696371628939       -252.95959158000005     
   99.885748175894477       -294.90765047999957     
   100.24760768274882       -335.17892221999955     
   100.62232665399925       -373.89434530000017     
   100.99834509349286       -410.46011152000028     
   101.37401059099450       -443.92886346999967     
   101.75230424582925       -475.55034126000010     
   102.13556086094731       -505.95727735000037     
   102.52574510857353       -535.16904037000040     
   102.92129739763297       -563.15220058999967     
   103.31895358765756       -589.83568207000008     
   103.72047265902945       -615.17232617999980     
   104.12747894705259       -638.82852424999965     
   104.54141458645724       -660.07752951000020     
   104.96108954393600       -677.51162162000037     
   105.38332676860327       -690.91724880000038     
   105.80885391683863       -701.55453491000026     
   106.23798095880062       -709.62633258999995     
   106.67027989502819       -715.10416059999989     
   107.10343425722010       -718.69037784000011     
   107.53564152020300       -721.66581407000012     
   107.96763163218758       -724.14488642000015     
   108.39987040784834       -726.08120947000043     
   108.83266724438602       -727.44368590999966     
   109.26586973503137       -728.25977570000032     
   109.69935698569299       -728.50805234000018     
   110.13311868313082       -728.12971562999974     
   110.56712388762482       -727.04658735999965     
   111.00123680818130       -725.27532163999967     
   111.43504548815702       -723.36245171999963     
   111.86840439627609       -721.35046555000008     
   112.30117201196704       -719.18066138999984     
   112.73314436226048       -716.76690607000000     
   113.16442400659889       -713.69770871000037     
   113.59584459855095       -709.65120783000020     
   114.02726920120747       -704.47415937999995     
   114.45850873850134       -697.97278493999966     
   114.88933918394085       -689.89575558999968     
   115.32050423672342       -679.70893093999985     
   115.75249893237023       -667.24658495000040     
   116.18553927596408       -652.40692346000014     
   116.61888672492756       -636.30190829999992     
   117.05198207246821       -620.49674622000020     
   117.48444430166285       -604.27552367000044     
   117.91649686604538       -587.31196375000036     
   118.34939282427885       -569.11463918000027     
   118.78339917468841       -548.52639856000042     
   119.21760033074288       -525.29903664999983     
   119.64912119030632       -499.12593007000032     
   120.07845564298439       -470.51315634999992     
   120.50526965439180       -439.56215525999960     
   120.92902750900504       -406.46923584999968     
   121.34533691248883       -371.40858088999994     
   121.75130041735387       -336.09238559999994     
   122.14908666879434       -300.70611032000033     
   122.53996247646005       -264.17780202999984     
   122.92455637503474       -227.46766400999968     
   123.30417528121275       -190.52416642000026     
   123.68183237995486       -149.42564280999977     
   124.05677537769694       -102.91432860999976     
   124.41839825298845       -54.428200780000225     
   124.65347079767545       -10.853003870000066     
   124.69419549070450        0.0000000000000000     
>
   97.537000006320568       -30.000000000000000     
   98.128172686265515       -73.360753070000101     
   98.476494919670998       -101.44736310000008     
   98.848318735263206       -138.50080118000005     
   99.206970824469650       -177.41504956999961     
   99.567101144746417       -216.52016373999959     
   99.936936796844819       -255.30406669999957     
   100.32153585203952       -292.97056970999984     
   100.72087424610382       -329.33919298000001     
   101.11984594718943       -364.47884560999955     
   101.51937284436308       -397.86525368999992     
   101.92254547188570       -428.27412511999955     
   102.33188770877459       -456.24951841999973     
   102.74861938214165       -482.60034077999990     
   103.16836080272279       -507.51533526000003     
   103.58956784930308       -531.20085553999979     
   104.01401783691358       -553.70864864000032     
   104.44321821747128       -575.04924770999969     
   104.87725378872760       -595.21539885000038     
   105.31262148682049       -614.11222730999998     
   105.74944048696808       -631.48921410000003     
   106.18833703202297       -646.74092879999989     
   106.62994767807790       -659.69741429999976     
   107.07256214616194       -669.92686468000011     
   107.51348810767074       -677.81130288999975     
   107.95267170457302       -683.75146178999967     
   108.39090992113965       -688.21776347000014     
   108.83015425156651       -691.71784088000004     
   109.27063846262756       -694.50534564999998     
   109.71224509797800       -696.69797751999977     
   110.15486128493541       -698.29022706999967     
   110.59838217222612       -699.24292786000024     
   111.04283927252804       -699.54109088000041     
   111.48865886642888       -699.34253031000026     
   111.93588564463536       -698.56256880999990     
   112.38456372489655       -697.05944195000029     
   112.83481113651494       -694.65018992000023     
   113.28728964572547       -691.55733598000006     
   113.74245475396260       -688.24567535999995     
   114.20033510911531       -684.97566006000034     
   114.66032967847323       -681.63411947999975     
   115.12119055999328       -677.35173522999958     
   115.58137878908055       -670.49858984000002     
   116.04082675671710       -660.89943479999965     
   116.50022487702687       -649.10506859999987     
   116.95917036069108       -636.70084974000019     
   117.41462825035337       -623.58988216000034     
   117.86570415892047       -608.86523691999992     
   118.31255507682384       -590.73799173000043     
   118.75501083560304       -569.08487426000011     
   119.19097498274405       -543.75125164000019     
   119.61809667247893       -516.81689311999980     
   120.03743072007907       -489.09266480000042     
   120.45022560054534       -459.97126124999977     
   120.85667038994485       -428.70215268999982     
   121.25612452148057       -395.41353996999987     
   121.64996939635802       -361.27828250000039     
   122.04013530933531       -327.34544599000037     
   122.42752810666133       -292.21044860999973     
   122.81184927733312       -253.65210439000020     
   123.19183888719428       -211.83372698000039     
   123.56762871653400       -168.41268151999975     
   123.93890936815150       -124.14289774000008     
   124.30362678840845       -80.079670940000142     
   124.66007241720725       -32.027426010000454     
   124.83989349733170        0.0000000000000000     
>
   97.537000006320568       -30.000000000000000     
   98.091597353473347       -83.395280910000110     
   98.425373907738631       -122.20578360000036     
   98.779543748238510       -167.67769804999989     
   99.112602959364239       -212.55687981000028     
   99.441893827176258       -256.24290956000004     
   99.776242193305180       -298.26445667000007     
   100.12026724336678       -338.72009318999972     
   100.47659713469420       -377.68170090999956     
   100.84007467431698       -414.48308332000033     
   101.20286179981581       -448.31928348000019     
   101.56771615698197       -480.50239400999999     
   101.93691983664992       -511.57674004999990     
   102.31239683104222       -541.51893688000018     
   102.69552968727999       -570.27113927000028     
   103.08298035334171       -597.70363730999998     
   103.47493217571673       -623.78202046000024     
   103.87184409358615       -647.83520341999974     
   104.27466148728567       -668.83792368000013     
   104.68413149375931       -685.45065020000038     
   105.09717331902843       -698.60788394999963     
   105.51167905142334       -708.95629207000002     
   105.92815575857867       -716.33412599999974     
   106.34750413012330       -721.04824922999978     
   106.77068387033732       -723.94851294999989     
   107.19501926639198       -726.18077741999969     
   107.61943487653573       -728.29142331000003     
   108.04414384106242       -730.28579741999965     
   108.46928366983904       -732.16083065000021     
   108.89485837357009       -733.88607243000024     
   109.32039010546767       -735.28376090999973     
   109.74577344130046       -736.17762416000005     
   110.17111953487760       -736.41616938999960     
   110.59662433775958       -735.91767184000037     
   111.02227868262192       -734.67073308999989     
   111.44771644944373       -733.02741023999988     
   111.87280127427357       -731.00030917000004     
   112.29736356160878       -728.54653371000040     
   112.72115063706876       -725.61368754999967     
   113.14409832938222       -722.22119987000042     
   113.56660427124794       -718.56065304999993     
   113.98852121251663       -714.60146550999980     
   114.40959361401883       -710.05199798000012     
   114.82952984024489       -704.77124706999984     
   115.24867653065122       -698.38981925999997     
   115.66798250332016       -690.61743289999959     
   116.08773996671914       -681.60554193000007     
   116.50772489435641       -670.98113059000025     
   116.92761757579127       -658.08568998000010     
   117.34640674054339       -642.27607447999981     
   117.76310174461257       -624.99827854999967     
   118.17829731817368       -606.83318853000037     
   118.59189032882632       -588.43916601999990     
   119.00445946392762       -569.70967090999966     
   119.41423886760202       -549.77858565000042     
   119.82041379388758       -528.24283396000010     
   120.22380758311294       -505.07265705000009     
   120.62503387305966       -480.17060718999983     
   121.02384571892487       -453.00464912000007     
   121.41933440967081       -423.10955388999992     
   121.81044971368821       -389.57193157999973     
   122.19803788961694       -351.90206647000014     
   122.58445322097170       -310.48879302000023     
   122.97181393266207       -264.75728814000013     
   123.36037613681543       -217.32899228000042     
   123.74582546135443       -173.09511396000016     
   124.12621671461881       -130.88829124000040     
   124.49679835774570       -90.048892990000240     
   124.77835210226924       -53.200668319999750     
   124.91730467696206       -24.771866910000426     
   124.97899274921599        0.0000000000000000     
>
   97.537000006320568       -30.000000000000000     
   98.134835612279673       -82.208387040000162     
   98.487244180566336       -119.41039411000020     
   98.854947283810603       -163.98799210000016     
   99.206521052612985       -208.96088884999972     
   99.555096533356902       -252.71263104999980     
   99.909688643740026       -294.68097724000017     
   100.27533081785258       -334.94470694000029     
   100.65357462536055       -373.63216659000045     
   101.03210777654699       -410.15724650999982     
   101.41038825335285       -443.56589258999975     
   101.79141606270989       -475.09962942000038     
   102.17753861263945       -505.39373498999976     
   102.57073031564862       -534.47385126999961     
   102.96835040933313       -562.30973681999967     
   103.36782631326443       -588.84581520000029     
   103.77091987261352       -614.02979213999970     
   104.17922620183765       -637.54767739999988     
   104.59415535003139       -658.68644470999971     
   105.01387270638580       -676.18479197000033     
   105.43594549217045       -689.71690725000008     
   105.86128929391647       -700.48794822000036     
   106.29039227165173       -708.78119090000018     
   106.72370305131734       -714.57832417999998     
   107.15813568231461       -718.63591844999974     
   107.59165043494961       -721.98100101999989     
   108.02492569123294       -724.73452326999995     
   108.45848685344805       -726.83389444000022     
   108.89264790245798       -728.24573136999970     
   109.32726789064903       -729.09219959999973     
   109.76224655040986       -729.36916232000021     
   110.19755007723150       -729.01843617000031     
   110.63313378040715       -727.96318152999993     
   111.06881545936304       -726.31808077000005     
   111.50421295126047       -724.67131650000010     
   111.93925520933477       -723.04016482000043     
   112.37386660315914       -721.39021569000033     
   112.80794571920666       -719.68089054000029     
   113.24207869328541       -717.71508680999978     
   113.67691239472809       -715.16183160000037     
   114.11223998577644       -711.77019511999970     
   114.54796177177688       -707.43438522999986     
   114.98403019723374       -702.00738128000012     
   115.42137345374925       -694.89052950000041     
   115.86065273460066       -685.59400407999965     
   116.30194825387704       -674.03742870000042     
   116.74531157777848       -660.45096414999989     
   117.19076333278508       -644.94410443000015     
   117.63592402523980       -628.95195610999963     
   118.08231829579319       -613.11683553999956     
   118.53034377714386       -597.04172738000034     
   118.98154000684457       -580.98574662000010     
   119.43268180555629       -562.55668419999984     
   119.88172027626057       -540.75317480000012     
   120.32980878296696       -515.84581876999982     
   120.77787609023554       -488.52642355999978     
   121.22474706166118       -459.23335375999977     
   121.66284433061412       -428.05509101999996     
   122.09108328801838       -395.51065387000017     
   122.51011023024887       -362.38023729999986     
   122.92131629879344       -329.92522463000023     
   123.32562567454998       -297.34822732999965     
   123.72277365102444       -263.00490663999972     
   124.11542047118559       -227.49571068000023     
   124.50731156003600       -190.12382301999969     
   124.90174658142602       -147.36953091000032     
   125.29508553458444       -100.08162463000008     
   125.67347315449500       -55.152200419999645     
   125.94138076359164       -15.908709229999658     
   126.01799438599338        0.0000000000000000     
>
   97.537000006320568       -30.000000000000000     
   97.996105918162954       -71.414227459999893     
   98.259406946714918       -95.020707929999844     
   98.578267118156845       -129.50974640999993     
   98.899176186617140       -167.53524496000045     
   99.216428638530687       -206.41471180999997     
   99.537904935192373       -245.54990938999981     
   99.868506157445424       -284.11676059999991     
   100.21109193756568       -321.60951991999991     
   100.56532251159017       -357.80139028000031     
   100.92078208005100       -392.14562435999960     
   101.27445745798745       -423.55619166999986     
   101.62914926302416       -452.11620964000031     
   101.98674195329691       -478.84401691000039     
   102.34869599818481       -504.22521503999997     
   102.71573962702524       -528.50737320000007     
   103.08430503172718       -551.72133762999965     
   103.45408224213210       -573.93110651000006     
   103.82573015968607       -595.07925216999956     
   104.20006754105556       -615.20845121999992     
   104.57772120205097       -634.22323008999956     
   104.95765466204975       -651.69675088999975     
   105.33794679361831       -666.96321401000023     
   105.71920378608704       -679.34626484999990     
   106.10228736795581       -689.13519397999971     
   106.48816182716699       -697.73395990999961     
   106.87638541327283       -705.42324889999963     
   107.26476369797906       -712.53448905999994     
   107.65406559062532       -719.12288701000034     
   108.04495400336218       -725.02245226000014     
   108.43782026635277       -730.16928622999967     
   108.83299955989796       -734.56819603999975     
   109.22920673969899       -738.36277707000045     
   109.62615819165519       -741.49034266000035     
   110.02395418337792       -743.85636911999973     
   110.42296026193027       -745.42601309000020     
   110.82343769605960       -746.20926065000003     
   111.22468633135971       -746.22243142000025     
   111.62626613625618       -745.41602452000006     
   112.02831290174267       -743.72874623999996     
   112.43098877487073       -741.10248014999979     
   112.83435907282717       -737.49629508999988     
   113.23727444230691       -732.98260907999975     
   113.63889148945904       -727.62681168000017     
   114.03926464527254       -721.44302967000021     
   114.43841339031192       -714.39638697999999     
   114.83624318654361       -706.13076329999967     
   115.23234608802882       -696.56048128000020     
   115.62620585980855       -685.65777093999986     
   116.01778755145821       -672.80033309000009     
   116.40703444015769       -657.02428546000010     
   116.79395340140030       -638.40983512000003     
   117.17864642167081       -618.10060752000027     
   117.56101781702006       -596.55522957999983     
   117.94108076547695       -574.12384423999993     
   118.31885646647932       -550.80911104999996     
   118.69452998538985       -526.48299357999986     
   119.06824456165337       -501.01693269000043     
   119.43908575465423       -474.27922952999961     
   119.80636887984636       -446.28576022000016     
   120.17002919300070       -416.67277528999966     
   120.52990340115016       -384.41609058999984     
   120.88559616342712       -349.60214344999986     
   121.23665770797490       -312.97513512000023     
   121.58292703365757       -274.83970987999965     
   121.92461269710675       -235.17792157999975     
   122.26182642508937       -194.01597056999981     
   122.59445763675407       -151.58627107000029     
   122.92232298561149       -108.13371602000007     
   123.24558461871314       -63.420745409999654     
   123.52210893985094       -17.723699680000209     
   123.60499931472368        0.0000000000000000     
>
   97.537000006320568       -30.000000000000000     
   97.905470872988957       -77.089386229999945     
   98.111142662194752       -104.71876783999960     
   98.361035332798181       -141.99795788000029     
   98.641777196148595       -184.28531082999962     
   98.918221876155101       -227.54697055999986     
   99.194716403488400       -270.62062392999997     
   99.476066748000306       -312.65675396000006     
   99.764750379128031       -353.56707470000038     
   100.06024533233473       -392.78814734000025     
   100.36281459524103       -429.15416237000045     
   100.67217226191516       -463.06458598999961     
   100.98145028745797       -495.33712957999978     
   101.29101307301703       -526.35178197000005     
   101.60230733698481       -556.28242059999957     
   101.91655519830429       -585.22824057999969     
   102.23480230492250       -613.25081463999959     
   102.55768635884765       -640.06365617000029     
   102.88332003715514       -664.97266778999983     
   103.20952953803069       -686.93076587999985     
   103.53866857203124       -706.78356714999973     
   103.87109867551543       -725.49978743999964     
   104.20586415490759       -743.75871252999968     
   104.54403414942368       -761.59213813000042     
   104.88535942242976       -778.84201787999973     
   105.22729718730177       -795.48994856999980     
   105.57025825476741       -811.57204966999961     
   105.91491012063945       -827.09491274999982     
   106.26186814157269       -842.08153187999960     
   106.61173793393978       -856.55257781999990     
   106.96410811405524       -870.47013408000021     
   107.31767749480252       -883.87173594999967     
   107.67259962886646       -896.69747187000030     
   108.02924636584576       -908.92330829000002     
   108.38801591139698       -920.55298378000043     
   108.74923943511641       -931.58123894999972     
   109.11216349752449       -942.02311428000030     
   109.47627759323994       -951.88785149999967     
   109.84182351044556       -961.16672428000038     
   110.20898173084184       -969.83483021000029     
   110.57801008542937       -977.89647395999964     
   110.94897675618390       -985.35800585000015     
   111.32096672953203       -992.22971897000025     
   111.69400349674275       -998.52088266000010     
   112.06830592768770       -1004.2410640400003     
   112.44406653618067       -1009.3920222200004     
   112.82143028053983       -1013.9592513999996     
   113.19990441707502       -1017.9185904200003     
   113.57902370406958       -1021.2531360900002     
   113.95895258040615       -1023.9495995699999     
   114.33984459876952       -1025.9999414800004     
   114.72184414452006       -1027.4009235599997     
   115.10485782553977       -1028.1405731900004     
   115.48813850488456       -1028.1922340499996     
   115.87170623607673       -1027.5552834999999     
   116.25567102700988       -1026.2355653400000     
   116.64015090698653       -1024.2442770700000     
   117.02523869516691       -1021.6006196099997     
   117.41037518475846       -1018.3491874299998     
   117.79534723546743       -1014.4838841900000     
   118.18022131039616       -1009.9890294999996     
   118.56509996898713       -1004.9650034500000     
   118.95014879603848       -999.45938944000045     
   119.33516152674979       -993.50337413000034     
   119.71974282025333       -987.09474063000016     
   120.10393450246703       -980.18377412999962     
   120.48768615310632       -972.70336477999990     
   120.87106251640026       -964.65579899000022     
   121.25413463911346       -956.09273180000037     
   121.63646707333369       -947.03008023999973     
   122.01797674018302       -937.39705271000003     
   122.39873182163718       -927.17321473999982     
   122.77891337235435       -916.39350321999973     
   123.15854602951907       -905.04685410000002     
   123.53720580437474       -893.11290028999974     
   123.91476836508326       -880.59873063000032     
   124.29121423108013       -867.46416511000007     
   124.66662075166558       -853.71301779999976     
   125.04112085304433       -839.37896103000003     
   125.41456957689827       -824.47439905000010     
   125.78655382066866       -809.01024633999987     
   126.15692232350169       -792.94203661000029     
   126.52576618568435       -776.28459574000044     
   126.89308311538542       -759.01180828999986     
   127.25898312049860       -741.13765092999984     
   127.62303247198501       -722.59420281999974     
   127.98502547800190       -703.23685764000038     
   128.34485384952904       -682.66736052000033     
   128.70228840345470       -659.88412126000003     
   129.05706901694720       -634.35253394000028     
   129.40897166351485       -606.94813220000015     
   129.75755459270985       -578.31966490000013     
   130.10261555043624       -548.65655411999978     
   130.44402332936252       -517.97838363000028     
   130.78165531652394       -486.27828781999960     
   131.11538431529354       -453.54741129000013     
   131.44507338876210       -419.54933282000002     
   131.77064461467165       -383.31086555000002     
   132.09182755695039       -344.69978359000015     
   132.40840907530452       -304.40694548000010     
   132.72024077366916       -262.64950477999992     
   133.02716852640177       -219.40489961000003     
   133.32902388391523       -174.70941873999982     
   133.62620161411934       -128.68435251000028     
   133.91919446070435       -81.589832390000083     
   134.20788095662095       -30.265384180000183     
   134.33900119847235        0.0000000000000000     
>
   97.537000006320568       -30.000000000000000     
   97.970384124581912       -86.519420360000368     
   98.202517968819464       -121.35956899000030     
   98.480125753117719       -164.56089504000010     
   98.769229362297580       -210.66265913999996     
   99.052653813970139       -256.70254115999978     
   99.338050386318685       -301.67135669999971     
   99.629545521268881       -345.34940674999962     
   99.929428758106354       -387.64263953000045     
   100.23910327043238       -427.59566037999957     
   100.55955683745822       -465.34983193999960     
   100.88413168978975       -501.82469537999987     
   101.20976995175945       -537.16228839999985     
   101.53813090909588       -571.38831330999983     
   101.87065039399363       -604.48184894000042     
   102.20857745441134       -636.27366576999975     
   102.55286663800914       -665.95536988999993     
   102.90126679367260       -692.44911384999978     
   103.25217306666224       -717.19699089999995     
   103.60699550607259       -741.25480155999958     
   103.96632253954294       -765.19385223999961     
   104.33085833218388       -788.87437024999963     
   104.70111854599665       -812.17266355999982     
   105.07372960557743       -835.04721718000019     
   105.44797302187114       -857.43308586999956     
   105.82468130253089       -879.27383117000045     
   106.20450246280495       -900.55295217000003     
   106.58802550329035       -921.26051342000028     
   106.97501608425539       -941.39908527999978     
   107.36410369069225       -960.99213266999959     
   107.75561376261950       -980.03019289999975     
   108.14990267977582       -998.51315756999975     
   108.54732338415319       -1016.4476770199999     
   108.94796010054512       -1033.8418707800001     
   109.35067035113993       -1050.7180863499998     
   109.75552518270223       -1067.0725169099996     
   110.16253891917651       -1082.9004003500004     
   110.57197626705674       -1098.1921724000003     
   110.98391686747426       -1112.9572702100004     
   111.39754826629814       -1127.1920538799995     
   111.81290312212182       -1140.9044129200001     
   112.23019457523915       -1154.0989887300002     
   112.64966498679073       -1166.7720789799996     
   113.07130117874763       -1178.9320648200001     
   113.49448378375057       -1190.5630684899998     
   113.91925405475963       -1201.6682874799999     
   114.34573116699288       -1212.2538225400003     
   114.77411221792637       -1222.3087884799997     
   115.20425625994642       -1231.8292930300004     
   115.63560981583834       -1240.8076705300000     
   116.06828461236907       -1249.2413334700004     
   116.50240841912334       -1257.1321441700002     
   116.93794456680332       -1264.4918833800002     
   117.37444328355234       -1271.3051893100001     
   117.81156709723842       -1277.5672294599999     
   118.24951654308435       -1283.3105121099998     
   118.68837928363028       -1288.5629030999999     
   119.12817594535632       -1293.3380674999999     
   119.56836221837216       -1297.5583688300003     
   120.00889684971776       -1301.1453624799997     
   120.44990302531563       -1304.0370074900002     
   120.89147127249488       -1306.1759879299998     
   121.33340965039952       -1307.6962168600003     
   121.77503060969445       -1308.9537949500000     
   122.21635191207088       -1309.9212592900003     
   122.65741595640445       -1310.5494394600000     
   123.09820440804623       -1310.8164688500001     
   123.53875622812521       -1310.7018840500004     
   123.97911610734819       -1310.2258904600003     
   124.41928519163065       -1309.4323667099998     
   124.85927780491716       -1308.3717220400003     
   125.29911342777213       -1307.1032464600003     
   125.73872960779771       -1305.6527140199996     
   126.17815212809390       -1303.9067300300003     
   126.61733858978508       -1301.7099401100004     
   127.05616007737093       -1298.9157367199996     
   127.49445673563103       -1295.3428924500004     
   127.93203375892045       -1290.8002086500001     
   128.36860294947633       -1284.9953900900000     
   128.80382053263108       -1277.5922472499997     
   129.23732382611047       -1268.4860450200003     
   129.66909506822344       -1258.4641397100004     
   130.09900247868069       -1247.6501771100002     
   130.52666962422128       -1235.9350173200000     
   130.95208332681639       -1223.6288452199997     
   131.37491642757402       -1210.6583299599997     
   131.79550639862612       -1197.0982276799996     
   132.21413169745341       -1183.0519244999996     
   132.63032249867692       -1168.3542912100002     
   133.04401233919427       -1153.0863210799998     
   133.45477493841778       -1137.1699779800001     
   133.86327378145572       -1120.9560365500001     
   134.26938797421667       -1104.4750408700002     
   134.67318512571859       -1087.6011554899997     
   135.07439193510083       -1070.1741984999999     
   135.47326680632176       -1052.2285007900000     
   135.87026466785807       -1033.8850866700004     
   136.26569491691052       -1015.3712909799997     
   136.65912840810250       -996.54006452999965     
   137.05038695156472       -977.26339220000045     
   137.43927230390551       -957.43927835999966     
   137.82607208993011       -937.12069306000012     
   138.21081094682293       -916.30223303000002     
   138.59308092864526       -894.87380825000037     
   138.97264826862315       -872.73284595000041     
   139.34955135492780       -850.02028588000030     
   139.72411276278896       -827.02154369999971     
   140.09685273787005       -804.02404137000030     
   140.46763663509299       -780.81010927999978     
   140.83612010683257       -756.97861785999976     
   141.20196224321000       -732.28116324999974     
   141.56483989603797       -706.59793430999980     
   141.92464305742280       -679.62448251000023     
   142.28110988565945       -650.28942637000000     
   142.63386165565583       -618.49190406999969     
   142.98266173584918       -585.06745630000023     
   143.32742246369926       -550.49981337000008     
   143.66816618455942       -514.81368775999999     
   144.00495191308102       -477.95223886999975     
   144.33760718897244       -439.83003931999974     
   144.66595783306880       -400.06185888999971     
   144.98985487634758       -357.74153030999969     
   145.30926107655307       -313.40217063000000     
   145.62426982580334       -267.52599377000024     
   145.93473903056906       -220.13173491999987     
   146.24007911729552       -171.26287468999999     
   146.53989016145283       -121.06099671999982     
   146.83394183401376       -69.591898599999695     
   147.07911963505225       -20.284825880000426     
   147.15899281425979        0.0000000000000000     
>
   97.537000006320568       -30.000000000000000     
   97.569381288169083       -53.515830620000088     
   97.643107776321500       -56.150923230000444     
   97.750384380191988       -60.398221229999763     
   97.896555649944801       -67.052118159999736     
   98.079969175344743       -74.570731900000283     
   98.287692153400030       -81.086487720000150     
   98.512672046806642       -86.103357979999601     
   98.741097708297275       -90.388878149999982     
   98.960494128145726       -93.269868090000273     
   99.171895495143389       -94.612516330000290     
   99.385475820575309       -95.673552809999819     
   99.599920739296024       -96.613667700000406     
   99.812151749157948       -97.294938009999896     
   100.01600726220371       -97.925202299999910     
   100.20503634679748       -98.595101369999611     
   100.37331633837576       -99.238138099999560     
   100.53012514225695       -98.254795910000212     
   100.68780426900470       -94.562301359999765     
   100.84691407132711       -86.750780000000304     
   101.00635676211924       -74.536349770000015     
   101.16593180615833       -57.458416589999615     
   101.32371750305302       -26.656699610000032     
   101.41100017226101        0.0000000000000000     
>
   97.537000006320568       -30.000000000000000     
   97.487560052512308       -54.107046809999702     
   97.507519036750281       -57.558653539999796     
   97.532898774537145       -64.017748979999851     
   97.564322643936649       -74.232510640000328     
   97.601950500169181       -87.698158430000149     
   97.643412016902246       -104.57739187999960     
   97.688319874677148       -122.50956879000023     
   97.737726596934209       -141.42678410999997     
   97.790290316554589       -158.37576016000003     
   97.844917257137809       -172.09185419999994     
   97.903502763017443       -183.38074911999956     
   97.965685870792584       -191.98586213999988     
   98.030262223211395       -197.44666191000033     
   98.097634609592646       -200.69061374000012     
   98.167851731347540       -201.92878033000034     
   98.240180775476517       -200.76296508999985     
   98.314353597738929       -197.22584740000002     
   98.388935511855692       -191.45562871000038     
   98.461172882740001       -183.19320037000034     
   98.530189657947503       -172.36374278000039     
   98.598681603829277       -159.12054893000004     
   98.666420683189202       -143.97904226999981     
   98.733308920247026       -126.72744349000004     
   98.799486116700891       -107.70641779000016     
   98.864684701267890       -86.256061819999559     
   98.928473809698090       -58.807056599999669     
   98.989301299367682       -19.104277790000197     
   99.002995563248021        0.0000000000000000     
>
   97.537000006320568       -30.000000000000000     
   97.483279484944006       -54.150975759999710     
   97.500420662823942       -57.704228300000068     
   97.521463683180130       -64.455436629999895     
   97.547018746047428       -75.093301330000031     
   97.577315034537492       -89.359644770000159     
   97.610483560374618       -107.31380109000020     
   97.646350717351709       -126.38346332000037     
   97.685860166931107       -146.25149168999997     
   97.728095176666073       -164.08738515999994     
   97.771981450720659       -178.78293776999999     
   97.819084882705397       -191.11162014999991     
   97.869152225281852       -200.98192440000003     
   97.921136111629693       -208.35847477999960     
   97.975246244296102       -213.91062811000029     
   98.031585182723532       -217.98266863000026     
   98.089555331948333       -220.30815491999965     
   98.149696418198445       -220.85153511000044     
   98.212261688812305       -219.69443048999983     
   98.275167296347021       -216.53041959999973     
   98.336901205223285       -211.16945985999973     
   98.398308528165401       -203.72172050999961     
   98.459233420657441       -194.20165660000021     
   98.519517746352363       -182.50624668999990     
   98.579523614566611       -168.45801405000020     
   98.639068824726380       -152.27803057999972     
   98.697928204424457       -134.13269611000032     
   98.756431204383887       -113.79868874000022     
   98.814498756431135       -91.088260100000298     
   98.871704579978484       -63.232979950000299     
   98.927369720057598       -24.299265249999735     
   98.943799284375785        0.0000000000000000     
>
   97.537000006320568       -30.000000000000000     
   97.891938756160116       -55.021891710000091     
   98.116723843921804       -60.210463520000303     
   98.414872164603921       -69.638110740000229     
   98.746811816229112       -81.783687439999994     
   99.064336996045540       -94.963570969999637     
   99.384673106726666       -108.92670213000019     
   99.711554687077211       -122.87349309000001     
   100.04651153436761       -137.56277348999993     
   100.38964047846257       -152.16787258000022     
   100.73975091309691       -166.45505873999991     
   101.08837165750536       -178.45951597000021     
   101.43520305476942       -187.85470643999997     
   101.78134117312065       -194.73246224000013     
   102.12887616253755       -199.47360956000011     
   102.48177346380986       -202.84934869999961     
   102.83879720700786       -205.02506990999973     
   103.19442064139353       -205.95008512000004     
   103.54913078107920       -205.39943510000012     
   103.90318545706545       -203.18649276999986     
   104.25679379894173       -199.11593130999972     
   104.61057746589843       -192.84981175000030     
   104.96728149865565       -184.71065353999984     
   105.32655467409475       -174.64667001999987     
   105.68710898312811       -161.19001759999992     
   106.04696256479752       -143.54548144000000     
   106.40464750127272       -121.55388261999997     
   106.75976902464382       -95.477766580000207     
   107.11316193439514       -65.018774309999571     
   107.46489727729124       -24.251740959999552     
   107.61749713332651        0.0000000000000000     
>
   97.537000006320568       -30.000000000000000     
   97.968436641090449       -55.053259780000189     
   98.241232725959108       -61.123493179999969     
   98.600119154897257       -72.159441030000380     
   98.960569185614801       -84.869763820000117     
   99.314905756828423       -99.372033749999900     
   99.677626419224893       -114.62390044000040     
   100.05336353644891       -130.37754590999975     
   100.44361596605087       -146.42809414000021     
   100.84208289133302       -161.81015812999976     
   101.23639472680050       -175.26897929999996     
   101.62989410813711       -186.45894460000000     
   102.02580621468185       -195.30324822999955     
   102.42665721728321       -202.23153970000021     
   102.83256399932809       -207.73076741000023     
   103.23731168778569       -212.15572573999998     
   103.64209948328782       -215.27840555999956     
   104.04957273190101       -217.02236045999962     
   104.46093292608820       -217.25131014999988     
   104.87566612272146       -216.09355358999983     
   105.29097743375394       -214.54974046000007     
   105.70772171219213       -212.88128099999994     
   106.12738234572642       -211.36219574999996     
   106.55135276767571       -210.23447786999986     
   106.97993148904303       -209.27827722999973     
   107.41193191426765       -207.53594589000022     
   107.84809086705361       -204.96889062999981     
   108.28919387251617       -201.54981684999984     
   108.73576117631882       -197.19069973000023     
   109.18394995063659       -190.77638251000008     
   109.63012248652940       -180.11023974000000     
   110.07676599371669       -165.38140509999994     
   110.52624449599539       -147.50939751999977     
   110.97581982813878       -126.78540068999973     
   111.41500972757663       -102.75873201000013     
   111.84424964222113       -75.748615040000004     
   112.26612418461418       -43.317903500000284     
   112.63499898651689        0.0000000000000000     
>
   97.537000006320568       -30.000000000000000     
   98.170475877976202       -65.373364080000101     
   98.609487014586961       -90.665468760000294     
   99.034048156006619       -124.42167877999964     
   99.437327926633927       -159.21043731000009     
   99.842413087223477       -193.06087288999970     
   100.26080347336129       -225.76953217000028     
   100.69649833034610       -257.27485547000015     
   101.13123863967078       -287.63185469000018     
   101.56459181821207       -316.64573213000040     
   102.00085619522939       -344.20734704000006     
   102.44361619458935       -370.14675913999963     
   102.89360577520709       -394.15506404000007     
   103.34720785462262       -415.45756422999966     
   103.80615906786463       -433.60196441999960     
   104.27104211299455       -449.40050494000025     
   104.74284534218150       -462.97895837000033     
   105.21579677875792       -474.94441682999968     
   105.68832938319778       -485.37176206999993     
   106.16166813923294       -494.18703144000028     
   106.63708329425987       -501.42645440999968     
   107.11366556428302       -507.24778123000033     
   107.58959179764901       -511.80737332999979     
   108.06531749579226       -515.00633439000012     
   108.54118356859142       -516.75468587999967     
   109.01746904648495       -517.13936070000000     
   109.49439394526004       -516.68260388999988     
   109.97240517198446       -515.28566881000006     
   110.45181613456347       -512.68407524000031     
   110.93220800086043       -508.40903341000012     
   111.40970299262581       -501.57567542000015     
   111.88386050532745       -492.13105011999960     
   112.35544085393828       -480.37888454000040     
   112.82429392352020       -466.22928424000020     
   113.28724724684980       -449.08966564000002     
   113.74252580072722       -428.73959450999973     
   114.19218478470638       -405.15094641999985     
   114.63762106985294       -378.03429024999969     
   115.07912743759205       -348.64604901999974     
   115.51463092667861       -317.39148225000008     
   115.94483512926546       -284.25896759999978     
   116.37068771751940       -249.48458636000032     
   116.79223567397833       -213.59083285999986     
   117.20910944087463       -176.97823916000016     
   117.62027024575464       -139.24951853000039     
   118.02518810267267       -97.993746840000313     
   118.42669628784674       -49.551956209999844     
   118.69382925802591       -6.6732104599996092     
   118.72999950966819        0.0000000000000000     
>
   97.537000006320568       -30.000000000000000     
   98.037287258541994       -82.900761470000361     
   98.337179662703960       -120.07816802999969     
   98.672736396789162       -164.92526730999998     
   98.991516354142021       -209.73516589999963     
   99.304899622172712       -253.48503235000044     
   99.621819185616530       -295.69538845999978     
   99.946946942205003       -336.41816623999966     
   100.28291620589121       -375.72648596999989     
   100.63059443475292       -413.06798669000000     
   100.98042182824432       -447.53091967000000     
   101.33145587081873       -480.36696848999964     
   101.68600329049509       -512.15787928999998     
   102.04574629131311       -542.83526340000026     
   102.41123835048749       -572.16569116000028     
   102.78294585565051       -600.02415621999990     
   103.15779030465457       -626.43772489000003     
   103.53792143508717       -650.65410692000023     
   103.92376610049385       -671.57548531999964     
   104.31519825016315       -688.18890567000017     
   104.71321139288418       -701.77707227999963     
   105.11401369407429       -712.48938484999962     
   105.51626099478352       -720.02123596999991     
   105.92105165507455       -725.59810001000005     
   106.32882685243737       -729.69160790000024     
   106.73921702910440       -732.50460867000038     
   107.15003348635913       -734.98023783999997     
   107.56018817737890       -737.46747941000012     
   107.96993377654435       -739.71185521000007     
   108.37947139203595       -741.50376787000005     
   108.78899009992084       -742.69506215999991     
   109.19853058020132       -743.27190255000005     
   109.60832144303134       -743.21182296000006     
   110.01863025969371       -742.42186074999972     
   110.42959052935103       -740.75837009000043     
   110.84120454383441       -737.95529485000043     
   111.25300133184933       -734.15707859000031     
   111.66448471195905       -729.42249067000012     
   112.07515391906453       -723.58726872999978     
   112.48431109059077       -716.46513467000023     
   112.89077765238591       -707.63715913000033     
   113.29378297623700       -696.96267540000008     
   113.69252664012650       -684.26086733000011     
   114.08574641806686       -669.04031032999956     
   114.47207294096582       -650.52430645000004     
   114.84982916140369       -629.14276988999973     
   115.21839743089454       -605.61860240999977     
   115.57954417827158       -580.72444594999979     
   115.93486623686539       -554.61616694999975     
   116.28404446919299       -527.26123934000043     
   116.62496065034473       -498.75238369999988     
   116.95588559374299       -469.53695832999983     
   117.28648509712271       -440.97921947000032     
   117.62403228653281       -413.06220880000001     
   117.96390912227308       -383.32620528999996     
   118.30082720404164       -351.10353661000045     
   118.63237609846146       -316.57658747999994     
   118.95894083316010       -279.72447639999973     
   119.28629854142517       -240.21029877999990     
   119.61999144385467       -197.69120459999976     
   119.95934917984704       -153.83645431999958     
   120.30127491260566       -112.22454648999974     
   120.64469835699914       -72.759510779999800     
   120.86733313421553       -43.573185070000363     
   121.00031835363814       -19.855754389999674     
   121.07799939638249        0.0000000000000000     
>
   97.537000006320568       -30.000000000000000     
   97.957727487239680       -78.919866510000247     
   98.219348603583072       -112.38305579000007     
   98.527240644258029       -155.11960201999955     
   98.834002812192452       -199.46780648000004     
   99.132292653446001       -242.97493372999998     
   99.431995408583049       -285.15211849000025     
   99.738172013667125       -325.92814431999977     
   100.05367923618525       -365.41520615999980     
   100.38031329877518       -403.29418787000031     
   100.71684062333834       -438.48343855999974     
   101.05381428201150       -471.62928420000026     
   101.39128068437473       -503.33269942999959     
   101.73137180632443       -533.75434880000012     
   102.07589475669616       -562.94572648000030     
   102.42644407698934       -590.83677707999959     
   102.78345865286289       -617.40516027000012     
   103.14582121664736       -642.10452771000018     
   103.51580870255725       -663.93965228999969     
   103.88996903997294       -681.77134729000045     
   104.26819508578977       -696.01931786000023     
   104.65107240285803       -707.78279489000033     
   105.03593158088448       -716.74373706999995     
   105.42031119324977       -723.50004633000026     
   105.80521964564524       -729.12510670000029     
   106.19145678713065       -733.61065595000036     
   106.57985226057025       -736.78539372999967     
   106.97015396454121       -738.71451617000002     
   107.36031357498292       -740.03530984000008     
   107.75019243611287       -740.69063774000006     
   108.14020823415200       -740.46263882000039     
   108.53112357590445       -739.06770066999979     
   108.92371310028771       -736.18779586999972     
   109.31743307036929       -731.76800259999982     
   109.71213222529551       -725.49165815000015     
   110.10748627096334       -716.88608869000018     
   110.50189608221108       -705.24687772000016     
   110.89377800373703       -690.00805889000003     
   111.28205029125411       -671.37984873999994     
   111.66598127767830       -649.43546833999972     
   112.05021650468321       -626.25902562000010     
   112.43448782802822       -602.77422474000014     
   112.82144632335763       -579.03793649999989     
   113.21619303377952       -555.50749281000026     
   113.61253715048979       -532.29315276000034     
   114.00561082419644       -508.81615424000029     
   114.39692322568989       -486.23861863000002     
   114.79536551378752       -467.12387775000025     
   115.20661856487000       -452.50831345000006     
   115.61128718515408       -438.16182973000014     
   116.00817904950124       -422.76502782999978     
   116.39804530556003       -402.90709591999985     
   116.78462392988183       -377.68485461999990     
   117.16840365545229       -349.60193146999973     
   117.54375631800650       -319.56905875000029     
   117.90951136480152       -287.58541458000036     
   118.26722323029234       -253.44115942999997     
   118.61991885042636       -216.87881937000020     
   118.97097180060747       -177.60673467000015     
   119.32307269056670       -136.36777963999975     
   119.67474328923379       -96.876564440000038     
   120.02280941051197       -61.026816540000254     
   120.32329998259540       -24.000393289999920     
   120.45599757721286        0.0000000000000000     
>
   97.537000006320568       -30.000000000000000     
   98.123071643157417       -81.893905349999841     
   98.472535208459064       -119.22493620000023     
   98.840672613699951       -164.26757492999968     
   99.189484726006654       -209.25765773999956     
   99.534696371628939       -252.95959158000005     
   99.885748175894477       -294.90765047999957     
   100.24760768274882       -335.17892221999955     
   100.62232665399925       -373.89434530000017     
   100.99834509349286       -410.46011152000028     
   101.37401059099450       -443.92886346999967     
   101.75230424582925       -475.55034126000010     
   102.13556086094731       -505.95727735000037     
   102.52574510857353       -535.16904037000040     
   102.92129739763297       -563.15220058999967     
   103.31895358765756       -589.83568207000008     
   103.72047265902945       -615.17232617999980     
   104.12747894705259       -638.82852424999965     
   104.54141458645724       -660.07752951000020     
   104.96108954393600       -677.51162162000037     
   105.38332676860327       -690.91724880000038     
   105.80885391683863       -701.55453491000026     
   106.23798095880062       -709.62633258999995     
   106.67027989502819       -715.10416059999989     
   107.10343425722010       -718.69037784000011     
   107.53564152020300       -721.66581407000012     
   107.96763163218758       -724.14488642000015     
   108.39987040784834       -726.08120947000043     
   108.83266724438602       -727.44368590999966     
   109.26586973503137       -728.25977570000032     
   109.69935698569299       -728.50805234000018     
   110.13311868313082       -728.12971562999974     
   110.56712388762482       -727.04658735999965     
   111.00123680818130       -725.27532163999967     
   111.43504548815702       -723.36245171999963     
   111.86840439627609       -721.35046555000008     
   112.30117201196704       -719.18066138999984     
   112.73314436226048       -716.76690607000000     
   113.16442400659889       -713.69770871000037     
   113.59584459855095       -709.65120783000020     
   114.02726920120747       -704.47415937999995     
   114.45850873850134       -697.97278493999966     
   114.88933918394085       -689.89575558999968     
   115.32050423672342       -679.70893093999985     
   115.75249893237023       -667.24658495000040     
   116.18553927596408       -652.40692346000014     
   116.61888672492756       -636.30190829999992     
   117.05198207246821       -620.49674622000020     
   117.48444430166285       -604.27552367000044     
   117.91649686604538       -587.31196375000036     
   118.34939282427885       -569.11463918000027     
   118.78339917468841       -548.52639856000042     
   119.21760033074288       -525.29903664999983     
   119.64912119030632       -499.12593007000032     
   120.07845564298439       -470.51315634999992     
   120.50526965439180       -439.56215525999960     
   120.92902750900504       -406.46923584999968     
   121.34533691248883       -371.40858088999994     
   121.75130041735387       -336.09238559999994     
   122.14908666879434       -300.70611032000033     
   122.53996247646005       -264.17780202999984     
   122.92455637503474       -227.46766400999968     
   123.30417528121275       -190.52416642000026     
   123.68183237995486       -149.42564280999977     
   124.05677537769694       -102.91432860999976     
   124.41839825298845       -54.428200780000225     
   124.65347079767545       -10.853003870000066     
   124.69419549070450        0.0000000000000000     
>
   97.537000006320568       -30.000000000000000     
   98.128172686265515       -73.360753070000101     
   98.476494919670998       -101.44736310000008     
   98.848318735263206       -138.50080118000005     
   99.206970824469650       -177.41504956999961     
   99.567101144746417       -216.52016373999959     
   99.936936796844819       -255.30406669999957     
   100.32153585203952       -292.97056970999984     
   100.72087424610382       -329.33919298000001     
   101.11984594718943       -364.47884560999955     
   101.51937284436308       -397.86525368999992     
   101.92254547188570       -428.27412511999955     
   102.33188770877459       -456.24951841999973     
   102.74861938214165       -482.60034077999990     
   103.16836080272279       -507.51533526000003     
   103.58956784930308       -531.20085553999979     
   104.01401783691358       -553.70864864000032     
   104.44321821747128       -575.04924770999969     
   104.87725378872760       -595.21539885000038     
   105.31262148682049       -614.11222730999998     
   105.74944048696808       -631.48921410000003     
   106.18833703202297       -646.74092879999989     
   106.62994767807790       -659.69741429999976     
   107.07256214616194       -669.92686468000011     
   107.51348810767074       -677.81130288999975     
   107.95267170457302       -683.75146178999967     
   108.39090992113965       -688.21776347000014     
   108.83015425156651       -691.71784088000004     
   109.27063846262756       -694.50534564999998     
   109.71224509797800       -696.69797751999977     
   110.15486128493541       -698.29022706999967     
   110.59838217222612       -699.24292786000024     
   111.04283927252804       -699.54109088000041     
   111.48865886642888       -699.34253031000026     
   111.93588564463536       -698.56256880999990     
   112.38456372489655       -697.05944195000029     
   112.83481113651494       -694.65018992000023     
   113.28728964572547       -691.55733598000006     
   113.74245475396260       -688.24567535999995     
   114.20033510911531       -684.97566006000034     
   114.66032967847323       -681.63411947999975     
   115.12119055999328       -677.35173522999958     
   115.58137878908055       -670.49858984000002     
   116.04082675671710       -660.89943479999965     
   116.50022487702687       -649.10506859999987     
   116.95917036069108       -636.70084974000019     
   117.41462825035337       -623.58988216000034     
   117.86570415892047       -608.86523691999992     
   118.31255507682384       -590.73799173000043     
   118.75501083560304       -569.08487426000011     
   119.19097498274405       -543.75125164000019     
   119.61809667247893       -516.81689311999980     
   120.03743072007907       -489.09266480000042     
   120.45022560054534       -459.97126124999977     
   120.85667038994485       -428.70215268999982     
   121.25612452148057       -395.41353996999987     
   121.64996939635802       -361.27828250000039     
   122.04013530933531       -327.34544599000037     
   122.42752810666133       -292.21044860999973     
   122.81184927733312       -253.65210439000020     
   123.19183888719428       -211.83372698000039     
   123.56762871653400       -168.41268151999975     
   123.93890936815150       -124.14289774000008     
   124.30362678840845       -80.079670940000142     
   124.66007241720725       -32.027426010000454     
   124.83989349733170        0.0000000000000000     
>
   97.537000006320568       -30.000000000000000     
   98.091597353473347       -83.395280910000110     
   98.425373907738631       -122.20578360000036     
   98.779543748238510       -167.67769804999989     
   99.112602959364239       -212.55687981000028     
   99.441893827176258       -256.24290956000004     
   99.776242193305180       -298.26445667000007     
   100.12026724336678       -338.72009318999972     
   100.47659713469420       -377.68170090999956     
   100.84007467431698       -414.48308332000033     
   101.20286179981581       -448.31928348000019     
   101.56771615698197       -480.50239400999999     
   101.93691983664992       -511.57674004999990     
   102.31239683104222       -541.51893688000018     
   102.69552968727999       -570.27113927000028     
   103.08298035334171       -597.70363730999998     
   103.47493217571673       -623.78202046000024     
   103.87184409358615       -647.83520341999974     
   104.27466148728567       -668.83792368000013     
   104.68413149375931       -685.45065020000038     
   105.09717331902843       -698.60788394999963     
   105.51167905142334       -708.95629207000002     
   105.92815575857867       -716.33412599999974     
   106.34750413012330       -721.04824922999978     
   106.77068387033732       -723.94851294999989     
   107.19501926639198       -726.18077741999969     
   107.61943487653573       -728.29142331000003     
   108.04414384106242       -730.28579741999965     
   108.46928366983904       -732.16083065000021     
   108.89485837357009       -733.88607243000024     
   109.32039010546767       -735.28376090999973     
   109.74577344130046       -736.17762416000005     
   110.17111953487760       -736.41616938999960     
   110.59662433775958       -735.91767184000037     
   111.02227868262192       -734.67073308999989     
   111.44771644944373       -733.02741023999988     
   111.87280127427357       -731.00030917000004     
   112.29736356160878       -728.54653371000040     
   112.72115063706876       -725.61368754999967     
   113.14409832938222       -722.22119987000042     
   113.56660427124794       -718.56065304999993     
   113.98852121251663       -714.60146550999980     
   114.40959361401883       -710.05199798000012     
   114.82952984024489       -704.77124706999984     
   115.24867653065122       -698.38981925999997     
   115.66798250332016       -690.61743289999959     
   116.08773996671914       -681.60554193000007     
   116.50772489435641       -670.98113059000025     
   116.92761757579127       -658.08568998000010     
   117.34640674054339       -642.27607447999981     
   117.76310174461257       -624.99827854999967     
   118.17829731817368       -606.83318853000037     
   118.59189032882632       -588.43916601999990     
   119.00445946392762       -569.70967090999966     
   119.41423886760202       -549.77858565000042     
   119.82041379388758       -528.24283396000010     
   120.22380758311294       -505.07265705000009     
   120.62503387305966       -480.17060718999983     
   121.02384571892487       -453.00464912000007     
   121.41933440967081       -423.10955388999992     
   121.81044971368821       -389.57193157999973     
   122.19803788961694       -351.90206647000014     
   122.58445322097170       -310.48879302000023     
   122.97181393266207       -264.75728814000013     
   123.36037613681543       -217.32899228000042     
   123.74582546135443       -173.09511396000016     
   124.12621671461881       -130.88829124000040     
   124.49679835774570       -90.048892990000240     
   124.77835210226924       -53.200668319999750     
   124.91730467696206       -24.771866910000426     
   124.97899274921599        0.0000000000000000     
>
   97.537000006320568       -30.000000000000000     
   98.134835612279673       -82.208387040000162     
   98.487244180566336       -119.41039411000020     
   98.854947283810603       -163.98799210000016     
   99.206521052612985       -208.96088884999972     
   99.555096533356902       -252.71263104999980     
   99.909688643740026       -294.68097724000017     
   100.27533081785258       -334.94470694000029     
   100.65357462536055       -373.63216659000045     
   101.03210777654699       -410.15724650999982     
   101.41038825335285       -443.56589258999975     
   101.79141606270989       -475.09962942000038     
   102.17753861263945       -505.39373498999976     
   102.57073031564862       -534.47385126999961     
   102.96835040933313       -562.30973681999967     
   103.36782631326443       -588.84581520000029     
   103.77091987261352       -614.02979213999970     
   104.17922620183765       -637.54767739999988     
   104.59415535003139       -658.68644470999971     
   105.01387270638580       -676.18479197000033     
   105.43594549217045       -689.71690725000008     
   105.86128929391647       -700.48794822000036     
   106.29039227165173       -708.78119090000018     
   106.72370305131734       -714.57832417999998     
   107.15813568231461       -718.63591844999974     
   107.59165043494961       -721.98100101999989     
   108.02492569123294       -724.73452326999995     
   108.45848685344805       -726.83389444000022     
   108.89264790245798       -728.24573136999970     
   109.32726789064903       -729.09219959999973     
   109.76224655040986       -729.36916232000021     
   110.19755007723150       -729.01843617000031     
   110.63313378040715       -727.96318152999993     
   111.06881545936304       -726.31808077000005     
   111.50421295126047       -724.67131650000010     
   111.93925520933477       -723.04016482000043     
   112.37386660315914       -721.39021569000033     
   112.80794571920666       -719.68089054000029     
   113.24207869328541       -717.71508680999978     
   113.67691239472809       -715.16183160000037     
   114.11223998577644       -711.77019511999970     
   114.54796177177688       -707.43438522999986     
   114.98403019723374       -702.00738128000012     
   115.42137345374925       -694.89052950000041     
   115.86065273460066       -685.59400407999965     
   116.30194825387704       -674.03742870000042     
   116.74531157777848       -660.45096414999989     
   117.19076333278508       -644.94410443000015     
   117.63592402523980       -628.95195610999963     
   118.08231829579319       -613.11683553999956     
   118.53034377714386       -597.04172738000034     
   118.98154000684457       -580.98574662000010     
   119.43268180555629       -562.55668419999984     
   119.88172027626057       -540.75317480000012     
   120.32980878296696       -515.84581876999982     
   120.77787609023554       -488.52642355999978     
   121.22474706166118       -459.23335375999977     
   121.66284433061412       -428.05509101999996     
   122.09108328801838       -395.51065387000017     
   122.51011023024887       -362.38023729999986     
   122.92131629879344       -329.92522463000023     
   123.32562567454998       -297.34822732999965     
   123.72277365102444       -263.00490663999972     
   124.11542047118559       -227.49571068000023     
   124.50731156003600       -190.12382301999969     
   124.90174658142602       -147.36953091000032     
   125.29508553458444       -100.08162463000008     
   125.67347315449500       -55.152200419999645     
   125.94138076359164       -15.908709229999658     
   126.01799438599338        0.0000000000000000     
>
   97.537000006320568       -30.000000000000000     
   97.996105918162954       -71.414227459999893     
   98.259406946714918       -95.020707929999844     
   98.578267118156845       -129.50974640999993     
   98.899176186617140       -167.53524496000045     
   99.216428638530687       -206.41471180999997     
   99.537904935192373       -245.54990938999981     
   99.868506157445424       -284.11676059999991     
   100.21109193756568       -321.60951991999991     
   100.56532251159017       -357.80139028000031     
   100.92078208005100       -392.14562435999960     
   101.27445745798745       -423.55619166999986     
   101.62914926302416       -452.11620964000031     
   101.98674195329691       -478.84401691000039     
   102.34869599818481       -504.22521503999997     
   102.71573962702524       -528.50737320000007     
   103.08430503172718       -551.72133762999965     
   103.45408224213210       -573.93110651000006     
   103.82573015968607       -595.07925216999956     
   104.20006754105556       -615.20845121999992     
   104.57772120205097       -634.22323008999956     
   104.95765466204975       -651.69675088999975     
   105.33794679361831       -666.96321401000023     
   105.71920378608704       -679.34626484999990     
   106.10228736795581       -689.13519397999971     
   106.48816182716699       -697.73395990999961     
   106.87638541327283       -705.42324889999963     
   107.26476369797906       -712.53448905999994     
   107.65406559062532       -719.12288701000034     
   108.04495400336218       -725.02245226000014     
   108.43782026635277       -730.16928622999967     
   108.83299955989796       -734.56819603999975     
   109.22920673969899       -738.36277707000045     
   109.62615819165519       -741.49034266000035     
   110.02395418337792       -743.85636911999973     
   110.42296026193027       -745.42601309000020     
   110.82343769605960       -746.20926065000003     
   111.22468633135971       -746.22243142000025     
   111.62626613625618       -745.41602452000006     
   112.02831290174267       -743.72874623999996     
   112.43098877487073       -741.10248014999979     
   112.83435907282717       -737.49629508999988     
   113.23727444230691       -732.98260907999975     
   113.63889148945904       -727.62681168000017     
   114.03926464527254       -721.44302967000021     
   114.43841339031192       -714.39638697999999     
   114.83624318654361       -706.13076329999967     
   115.23234608802882       -696.56048128000020     
   115.62620585980855       -685.65777093999986     
   116.01778755145821       -672.80033309000009     
   116.40703444015769       -657.02428546000010     
   116.79395340140030       -638.40983512000003     
   117.17864642167081       -618.10060752000027     
   117.56101781702006       -596.55522957999983     
   117.94108076547695       -574.12384423999993     
   118.31885646647932       -550.80911104999996     
   118.69452998538985       -526.48299357999986     
   119.06824456165337       -501.01693269000043     
   119.43908575465423       -474.27922952999961     
   119.80636887984636       -446.28576022000016     
   120.17002919300070       -416.67277528999966     
   120.52990340115016       -384.41609058999984     
   120.88559616342712       -349.60214344999986     
   121.23665770797490       -312.97513512000023     
   121.58292703365757       -274.83970987999965     
   121.92461269710675       -235.17792157999975     
   122.26182642508937       -194.01597056999981     
   122.59445763675407       -151.58627107000029     
   122.92232298561149       -108.13371602000007     
   123.24558461871314       -63.420745409999654     
   123.52210893985094       -17.723699680000209     
   123.60499931472368        0.0000000000000000     
>
   97.537000006320568       -30.000000000000000     
   97.905470872988957       -77.089386229999945     
   98.111142662194752       -104.71876783999960     
   98.361035332798181       -141.99795788000029     
   98.641777196148595       -184.28531082999962     
   98.918221876155101       -227.54697055999986     
   99.194716403488400       -270.62062392999997     
   99.476066748000306       -312.65675396000006     
   99.764750379128031       -353.56707470000038     
   100.06024533233473       -392.78814734000025     
   100.36281459524103       -429.15416237000045     
   100.67217226191516       -463.06458598999961     
   100.98145028745797       -495.33712957999978     
   101.29101307301703       -526.35178197000005     
   101.60230733698481       -556.28242059999957     
   101.91655519830429       -585.22824057999969     
   102.23480230492250       -613.25081463999959     
   102.55768635884765       -640.06365617000029     
   102.88332003715514       -664.97266778999983     
   103.20952953803069       -686.93076587999985     
   103.53866857203124       -706.78356714999973     
   103.87109867551543       -725.49978743999964     
   104.20586415490759       -743.75871252999968     
   104.54403414942368       -761.59213813000042     
   104.88535942242976       -778.84201787999973     
   105.22729718730177       -795.48994856999980     
   105.57025825476741       -811.57204966999961     
   105.91491012063945       -827.09491274999982     
   106.26186814157269       -842.08153187999960     
   106.61173793393978       -856.55257781999990     
   106.96410811405524       -870.47013408000021     
   107.31767749480252       -883.87173594999967     
   107.67259962886646       -896.69747187000030     
   108.02924636584576       -908.92330829000002     
   108.38801591139698       -920.55298378000043     
   108.74923943511641       -931.58123894999972     
   109.11216349752449       -942.02311428000030     
   109.47627759323994       -951.88785149999967     
   109.84182351044556       -961.16672428000038     
   110.20898173084184       -969.83483021000029     
   110.57801008542937       -977.89647395999964     
   110.94897675618390       -985.35800585000015     
   111.32096672953203       -992.22971897000025     
   111.69400349674275       -998.52088266000010     
   112.06830592768770       -1004.2410640400003     
   112.44406653618067       -1009.3920222200004     
   112.82143028053983       -1013.9592513999996     
   113.19990441707502       -1017.9185904200003     
   113.57902370406958       -1021.2531360900002     
   113.95895258040615       -1023.9495995699999     
   114.33984459876952       -1025.9999414800004     
   114.72184414452006       -1027.4009235599997     
   115.10485782553977       -1028.1405731900004     
   115.48813850488456       -1028.1922340499996     
   115.87170623607673       -1027.5552834999999     
   116.25567102700988       -1026.2355653400000     
   116.64015090698653       -1024.2442770700000     
   117.02523869516691       -1021.6006196099997     
   117.41037518475846       -1018.3491874299998     
   117.79534723546743       -1014.4838841900000     
   118.18022131039616       -1009.9890294999996     
   118.56509996898713       -1004.9650034500000     
   118.95014879603848       -999.45938944000045     
   119.33516152674979       -993.50337413000034     
   119.71974282025333       -987.09474063000016     
   120.10393450246703       -980.18377412999962     
   120.48768615310632       -972.70336477999990     
   120.87106251640026       -964.65579899000022     
   121.25413463911346       -956.09273180000037     
   121.63646707333369       -947.03008023999973     
   122.01797674018302       -937.39705271000003     
   122.39873182163718       -927.17321473999982     
   122.77891337235435       -916.39350321999973     
   123.15854602951907       -905.04685410000002     
   123.53720580437474       -893.11290028999974     
   123.91476836508326       -880.59873063000032     
   124.29121423108013       -867.46416511000007     
   124.66662075166558       -853.71301779999976     
   125.04112085304433       -839.37896103000003     
   125.41456957689827       -824.47439905000010     
   125.78655382066866       -809.01024633999987     
   126.15692232350169       -792.94203661000029     
   126.52576618568435       -776.28459574000044     
   126.89308311538542       -759.01180828999986     
   127.25898312049860       -741.13765092999984     
   127.62303247198501       -722.59420281999974     
   127.98502547800190       -703.23685764000038     
   128.34485384952904       -682.66736052000033     
   128.70228840345470       -659.88412126000003     
   129.05706901694720       -634.35253394000028     
   129.40897166351485       -606.94813220000015     
   129.75755459270985       -578.31966490000013     
   130.10261555043624       -548.65655411999978     
   130.44402332936252       -517.97838363000028     
   130.78165531652394       -486.27828781999960     
   131.11538431529354       -453.54741129000013     
   131.44507338876210       -419.54933282000002     
   131.77064461467165       -383.31086555000002     
   132.09182755695039       -344.69978359000015     
   132.40840907530452       -304.40694548000010     
   132.72024077366916       -262.64950477999992     
   133.02716852640177       -219.40489961000003     
   133.32902388391523       -174.70941873999982     
   133.62620161411934       -128.68435251000028     
   133.91919446070435       -81.589832390000083     
   134.20788095662095       -30.265384180000183     
   134.33900119847235        0.0000000000000000     
>
   97.537000006320568       -30.000000000000000     
   97.970384124581912       -86.519420360000368     
   98.202517968819464       -121.35956899000030     
   98.480125753117719       -164.56089504000010     
   98.769229362297580       -210.66265913999996     
   99.052653813970139       -256.70254115999978     
   99.338050386318685       -301.67135669999971     
   99.629545521268881       -345.34940674999962     
   99.929428758106354       -387.64263953000045     
   100.23910327043238       -427.59566037999957     
   100.55955683745822       -465.34983193999960     
   100.88413168978975       -501.82469537999987     
   101.20976995175945       -537.16228839999985     
   101.53813090909588       -571.38831330999983     
   101.87065039399363       -604.48184894000042     
   102.20857745441134       -636.27366576999975     
   102.55286663800914       -665.95536988999993     
   102.90126679367260       -692.44911384999978     
   103.25217306666224       -717.19699089999995     
   103.60699550607259       -741.25480155999958     
   103.96632253954294       -765.19385223999961     
   104.33085833218388       -788.87437024999963     
   104.70111854599665       -812.17266355999982     
   105.07372960557743       -835.04721718000019     
   105.44797302187114       -857.43308586999956     
   105.82468130253089       -879.27383117000045     
   106.20450246280495       -900.55295217000003     
   106.58802550329035       -921.26051342000028     
   106.97501608425539       -941.39908527999978     
   107.36410369069225       -960.99213266999959     
   107.75561376261950       -980.03019289999975     
   108.14990267977582       -998.51315756999975     
   108.54732338415319       -1016.4476770199999     
   108.94796010054512       -1033.8418707800001     
   109.35067035113993       -1050.7180863499998     
   109.75552518270223       -1067.0725169099996     
   110.16253891917651       -1082.9004003500004     
   110.57197626705674       -1098.1921724000003     
   110.98391686747426       -1112.9572702100004     
   111.39754826629814       -1127.1920538799995     
   111.81290312212182       -1140.9044129200001     
   112.23019457523915       -1154.0989887300002     
   112.64966498679073       -1166.7720789799996     
   113.07130117874763       -1178.9320648200001     
   113.49448378375057       -1190.5630684899998     
   113.91925405475963       -1201.6682874799999     
   114.34573116699288       -1212.2538225400003     
   114.77411221792637       -1222.3087884799997     
   115.20425625994642       -1231.8292930300004     
   115.63560981583834       -1240.8076705300000     
   116.06828461236907       -1249.2413334700004     
   116.50240841912334       -1257.1321441700002     
   116.93794456680332       -1264.4918833800002     
   117.37444328355234       -1271.3051893100001     
   117.81156709723842       -1277.5672294599999     
   118.24951654308435       -1283.3105121099998     
   118.68837928363028       -1288.5629030999999     
   119.12817594535632       -1293.3380674999999     
   119.56836221837216       -1297.5583688300003     
   120.00889684971776       -1301.1453624799997     
   120.44990302531563       -1304.0370074900002     
   120.89147127249488       -1306.1759879299998     
   121.33340965039952       -1307.6962168600003     
   121.77503060969445       -1308.9537949500000     
   122.21635191207088       -1309.9212592900003     
   122.65741595640445       -1310.5494394600000     
   123.09820440804623       -1310.8164688500001     
   123.53875622812521       -1310.7018840500004     
   123.97911610734819       -1310.2258904600003     
   124.41928519163065       -1309.4323667099998     
   124.85927780491716       -1308.3717220400003     
   125.29911342777213       -1307.1032464600003     
   125.73872960779771       -1305.6527140199996     
   126.17815212809390       -1303.9067300300003     
   126.61733858978508       -1301.7099401100004     
   127.05616007737093       -1298.9157367199996     
   127.49445673563103       -1295.3428924500004     
   127.93203375892045       -1290.8002086500001     
   128.36860294947633       -1284.9953900900000     
   128.80382053263108       -1277.5922472499997     
   129.23732382611047       -1268.4860450200003     
   129.66909506822344       -1258.4641397100004     
   130.09900247868069       -1247.6501771100002     
   130.52666962422128       -1235.9350173200000     
   130.95208332681639       -1223.6288452199997     
   131.37491642757402       -1210.6583299599997     
   131.79550639862612       -1197.0982276799996     
   132.21413169745341       -1183.0519244999996     
   132.63032249867692       -1168.3542912100002     
   133.04401233919427       -1153.0863210799998     
   133.45477493841778       -1137.1699779800001     
   133.86327378145572       -1120.9560365500001     
   134.26938797421667       -1104.4750408700002     
   134.67318512571859       -1087.6011554899997     
   135.07439193510083       -1070.1741984999999     
   135.47326680632176       -1052.2285007900000     
   135.87026466785807       -1033.8850866700004     
   136.26569491691052       -1015.3712909799997     
   136.65912840810250       -996.54006452999965     
   137.05038695156472       -977.26339220000045     
   137.43927230390551       -957.43927835999966     
   137.82607208993011       -937.12069306000012     
   138.21081094682293       -916.30223303000002     
   138.59308092864526       -894.87380825000037     
   138.97264826862315       -872.73284595000041     
   139.34955135492780       -850.02028588000030     
   139.72411276278896       -827.02154369999971     
   140.09685273787005       -804.02404137000030     
   140.46763663509299       -780.81010927999978     
   140.83612010683257       -756.97861785999976     
   141.20196224321000       -732.28116324999974     
   141.56483989603797       -706.59793430999980     
   141.92464305742280       -679.62448251000023     
   142.28110988565945       -650.28942637000000     
   142.63386165565583       -618.49190406999969     
   142.98266173584918       -585.06745630000023     
   143.32742246369926       -550.49981337000008     
   143.66816618455942       -514.81368775999999     
   144.00495191308102       -477.95223886999975     
   144.33760718897244       -439.83003931999974     
   144.66595783306880       -400.06185888999971     
   144.98985487634758       -357.74153030999969     
   145.30926107655307       -313.40217063000000     
   145.62426982580334       -267.52599377000024     
   145.93473903056906       -220.13173491999987     
   146.24007911729552       -171.26287468999999     
   146.53989016145283       -121.06099671999982     
   146.83394183401376       -69.591898599999695     
   147.07911963505225       -20.284825880000426     
   147.15899281425979        0.0000000000000000     
>
   103.13399995174717       -30.000000000000000     
   103.56157255925423       -51.994288150000102     
   103.64190009398067       -53.418255280000267     
   103.76647830390925       -55.825680689999899     
   103.95980571776248       -59.801239469999928     
   104.25841469649906       -65.908617899999626     
   104.71341421993800       -72.157154569999875     
   105.24485777027606       -76.935604080000303     
   105.77782538830677       -77.731522629999745     
   106.31415225779683       -71.421987880000415     
   106.86011799600615       -54.780611760000284     
   107.38552199839381       -21.441295919999902     
   107.61749713332651        0.0000000000000000     
>
   103.13399995174717       -30.000000000000000     
   103.36031827452595       -53.866042239999842     
   103.34289061775644       -56.645748679999997     
   103.32035905308992       -61.255565679999563     
   103.29010860122220       -68.280933130000449     
   103.25756918302663       -76.411171609999656     
   103.22985979890959       -85.030788930000199     
   103.21008473411874       -93.288568799999666     
   103.19835055880100       -99.278226950000317     
   103.19323461879064       -101.26553790999969     
   103.19276078270723       -101.82984547999968     
   103.19771744045498       -100.84136037999997     
   103.20854978022830       -97.890110520000235     
   103.22441097042952       -90.756884229999741     
   103.24586995813340       -77.845478320000439     
   103.27394890001800       -60.007058870000037     
   103.30431680823045       -25.865424270000403     
   103.31899713244879        0.0000000000000000     
>
   103.13399995174717       -30.000000000000000     
   103.26270574951702       -54.566695800000161     
   103.19887080446448       -58.539134110000305     
   103.10934328667764       -65.428380469999865     
   102.99260657691501       -74.627217989999735     
   102.85901001154201       -85.504998989999876     
   102.72255667868200       -98.239429760000348     
   102.58725957462039       -109.58762455000033     
   102.46083873247392       -116.63242913999966     
   102.34057718645373       -121.50931751999997     
   102.22638784697736       -124.03507686000012     
   102.12086105616451       -123.67282840999997     
   102.02053614902889       -119.26421061000019     
   101.92619177519245       -111.55655243000001     
   101.84192687460744       -102.36523154000042     
   101.77074718378350       -91.877406759999758     
   101.71335858670457       -75.185505010000270     
   101.67467476928501       -49.971102010000322     
   101.64915007318001       -8.3184829000001628     
   101.64499441040756        0.0000000000000000     
>
   103.13399995174717       -30.000000000000000     
   103.00678097941432       -54.384473359999902     
   102.82080232203695       -60.071959189999689     
   102.56205802670284       -69.652521449999767     
   102.27248230031293       -79.222212689999651     
   101.99880844412657       -87.079546250000021     
   101.73598927306692       -92.958984910000254     
   101.48097321400196       -96.422044359999745     
   101.23159563244202       -97.589156770000045     
   100.98128355674423       -98.120608070000344     
   100.73327190652986       -98.134228629999598     
   100.49217700262584       -97.656487059999563     
   100.26035656629351       -96.479173089999676     
   100.03607854616641       -94.117214310000236     
   99.819695311278707       -89.981013220000023     
   99.611414845304282       -83.485964139999851     
   99.409964036057758       -73.026980380000168     
   99.216225811476860       -57.325816970000233     
   99.031531725440416       -28.791929320000236     
   98.924000728315974        0.0000000000000000     
>
   103.13399995174717       -30.000000000000000     
   102.99829776653567       -54.456143950000296     
   102.80838174329973       -60.290616600000249     
   102.54479824656262       -70.079173199999786     
   102.25435391617947       -79.683817439999984     
   101.97942986611892       -87.674683219999679     
   101.71487978960833       -93.833962570000040     
   101.45761659013344       -97.757370020000053     
   101.20535817685973       -99.292763479999849     
   100.95183696464071       -100.21929517999979     
   100.70027698689984       -100.65482713999972     
   100.45542691771102       -100.63652118000027     
   100.22010857413676       -99.914348469999823     
   99.991869696882134       -98.406395179999890     
   99.771581754729283       -96.407597749999695     
   99.559452731352053       -93.584409129999585     
   99.353017189426595       -88.056172499999775     
   99.151973753161059       -78.805563109999639     
   98.957635641785373       -65.432471950000036     
   98.767490435437736       -44.307305010000164     
   98.588079020125434       -7.1155054999999265     
   98.564496077934095        0.0000000000000000     
>
   103.13399995174717       -30.000000000000000     
   103.24256742949417       -55.567223400000330     
   103.16897902416653       -61.160826999999699     
   103.06741996597454       -71.091037580000375     
   102.94310531662438       -85.201893550000023     
   102.80884755797422       -105.25642307999988     
   102.66857374264258       -127.23813989999962     
   102.52523231136118       -147.57348344999991     
   102.38840712890247       -162.34398882999994     
   102.25379413642919       -172.29703289000008     
   102.11999130625570       -178.02954244000011     
   101.98845337818334       -179.26427277000039     
   101.85901935107613       -176.53551916000015     
   101.72917107549458       -170.92587501999969     
   101.60046183997807       -161.14951463000034     
   101.47791591129223       -147.75351906000014     
   101.37003426400692       -133.38560598999993     
   101.27982492646287       -117.68339428000036     
   101.21053542335245       -101.42304139000044     
   101.15295431245974       -83.924379750000298     
   101.09942114827699       -61.676704729999983     
   101.05068478662156       -28.060774939999646     
   101.02549412490185        0.0000000000000000     
>
   103.13399995174717       -30.000000000000000     
   103.25852831434898       -55.691490909999629     
   103.19240841367305       -61.465857150000375     
   103.10171320793222       -71.792851410000367     
   102.99241349014342       -86.766496889999871     
   102.87554442713378       -108.31584921000012     
   102.75311824662383       -132.01142382000035     
   102.62697872674694       -153.84386602999984     
   102.50051663164039       -170.85406822000004     
   102.37665977555581       -183.30635190999965     
   102.25321945977666       -191.96270898999956     
   102.13102933787174       -196.73863371999960     
   102.01059361268666       -198.31895856000028     
   101.88911567730125       -198.70035583000026     
   101.76719656442587       -197.79706489999990     
   101.64613746117705       -195.30860057999962     
   101.53150923604181       -191.62203872000009     
   101.42803477999399       -186.67966811000042     
   101.33874962334777       -179.99713247000000     
   101.25897327400492       -170.84068611000021     
   101.17843145306907       -158.72686253000029     
   101.09807527045368       -144.50548109000010     
   101.01794254137216       -128.35580988000038     
   100.93754510579667       -110.87788345999979     
   100.85671222230900       -92.356714389999979     
   100.77515569314620       -70.766346329999578     
   100.69307891831991       -42.463856919999671     
   100.61699413594835        0.0000000000000000     
>
   103.13399995174717       -30.000000000000000     
   103.55750169423311       -53.452972430000045     
   103.63626276239127       -57.226539639999828     
   103.75857950796538       -65.591734220000035     
   103.94599113274850       -80.131462600000305     
   104.22136094396126       -102.94575930999963     
   104.58953444554226       -133.22114571000020     
   105.00066488365999       -166.70395155000006     
   105.40544408479543       -200.21110160999979     
   105.81288181002631       -233.45900739999979     
   106.23151341138917       -265.77162770999985     
   106.66773825431970       -296.18834134999997     
   107.11303072706369       -324.75273317000028     
   107.55867270405297       -351.68603184000040     
   108.00878432467768       -376.70231392000005     
   108.46684057786860       -399.08271126000000     
   108.93399024397297       -417.69197168000028     
   109.40307708032880       -432.76700365000033     
   109.87514959967196       -445.44696268999996     
   110.35302446244496       -455.89833246000035     
   110.83910006991145       -464.20840345000033     
   111.32765257385736       -470.81413318999967     
   111.81554904114611       -475.77491156999986     
   112.30319111518088       -478.88313799000025     
   112.79028314974767       -480.02726594999967     
   113.27652434201234       -479.51450804999968     
   113.76143398039817       -477.75029327999982     
   114.24557012578212       -474.62407463999989     
   114.72953381087451       -469.96923435999997     
   115.21338290441109       -463.66839288000028     
   115.69603795393581       -455.85609700999976     
   116.17743364226193       -446.49842575999992     
   116.65759517953165       -435.49913893000030     
   117.13650709588497       -422.70729648999986     
   117.61390124708122       -407.47997390999990     
   118.08933989337710       -388.93624997999996     
   118.56235836601373       -367.58892423999987     
   119.03231953594057       -343.95498252000016     
   119.49851293551150       -318.52049410000018     
   119.96108352304462       -291.55846928000028     
   120.41994077121085       -263.09346445000028     
   120.87431405179713       -232.96282221999991     
   121.32383724478262       -201.10503486000016     
   121.76965511981012       -167.98236791999989     
   122.21130472699402       -133.76521012000012     
   122.64812315418381       -98.671464799999740     
   123.07969787177849       -61.779083469999932     
   123.50609534288044       -14.449313699999948     
   123.60499931472368        0.0000000000000000     
>
   103.13399995174717       -30.000000000000000     
   103.29201425879576       -60.189908520000245     
   103.24373225265926       -71.876171220000288     
   103.19028388622782       -90.720933259999583     
   103.13810175648837       -118.98452285999974     
   103.08158978481161       -153.87846851999984     
   103.02213452902318       -189.83056748000035     
   102.96097529679943       -225.57926706000035     
   102.89860024816826       -262.58250211999984     
   102.83512340172771       -299.68474292999963     
   102.77031557436611       -336.00295121999989     
   102.70394758297179       -371.61226822000026     
   102.63603432444700       -405.91056315999958     
   102.56645089399588       -437.37707530999978     
   102.49570779699967       -466.35283607000019     
   102.42381993036066       -493.45379125999989     
   102.35014443545059       -519.18205424000007     
   102.27461026550485       -543.73665084000004     
   102.19828484086602       -567.19473345000006     
   102.12842409884978       -589.77376026999991     
   102.06327306977845       -611.34388158999991     
   101.99964324361085       -631.52988447999996     
   101.93727564343081       -649.63225031999991     
   101.87551824328560       -665.27456912999969     
   101.81291171971164       -677.92656144000011     
   101.74933403270194       -687.48417719999998     
   101.68476856648093       -694.97706225999991     
   101.61890420497451       -700.95263391000026     
   101.55092391038956       -705.74527907999982     
   101.48117145739357       -709.31729544999962     
   101.40993733558062       -711.51757873000042     
   101.33691845028551       -712.35015314999964     
   101.26062167353562       -712.56493377999959     
   101.18043279459178       -712.22551003999979     
   101.09617706133122       -711.30342999000004     
   101.00861478872699       -709.73249829999986     
   100.92009109296930       -707.29496785999982     
   100.83148489129140       -703.80794986000001     
   100.74371348909777       -699.05263576000016     
   100.65793769884904       -692.84089158999996     
   100.57544037301284       -685.20706409000013     
   100.49523602420892       -675.47902190999957     
   100.41540524387705       -662.48550694999994     
   100.33617148555108       -645.63086301000021     
   100.25714055427895       -626.20449448999989     
   100.17851413119892       -604.74999697000021     
   100.10035237687781       -581.78222695000022     
   100.02270456568463       -557.31831940000029     
   99.945472148881350       -531.49917457999982     
   99.868748518586003       -504.44376432999979     
   99.792721031992372       -476.10083976999977     
   99.717555273898626       -446.26012763000017     
   99.642920074708428       -414.94526676999976     
   99.568771889630526       -381.24082312999963     
   99.495322713043223       -345.11749484000029     
   99.422804019889313       -307.08133899000040     
   99.351089759457409       -267.42419945999973     
   99.279825843839944       -226.38918717999968     
   99.209034045432489       -183.90742348999993     
   99.138661079161650       -139.92939331999969     
   99.068504117973561       -94.590556330000254     
   98.997936919015601       -46.582051059999685     
   98.946133514368199       -2.3723302400003377     
   98.943799284375785        0.0000000000000000     
>
   125.35799859057028       -210.00000000000000     
   125.55196771713619       -183.69238420999955     
   125.65402754042719       -147.83738548000019     
   125.75615726456724       -105.37625624999964     
   125.85939451609444       -69.358411989999695     
   125.96754774536711       -31.404148919999898     
   126.01518345512871       -2.3055711999995765     
   126.01799438599338        0.0000000000000000     
>
   125.35799859057028       -210.00000000000000     
   125.03417545884503       -194.96788388999994     
   124.99043299719303       -171.06777356000021     
   124.93374971114028       -131.88922751999962     
   124.86125622812867       -94.004394820000016     
   124.79221939939889       -61.060798399999840     
   124.74465416344414       -33.568382649999876     
   124.69606333306463       -1.2974530999999843     
   124.69419549070450        0.0000000000000000     
>
   125.35799859057028       -210.00000000000000     
   125.16086444523214       -190.64569159999974     
   125.09804650023767       -181.20007323000027     
   125.04753225059346       -160.36566623999988     
   125.00462000476345       -132.60629198999959     
   124.95695163640845       -106.27284143999987     
   124.92134632113645       -81.861245369999779     
   124.88316040402700       -52.492009710000275     
   124.84318227498423       -5.1004497200001424     
   124.83989349733170        0.0000000000000000     
>
   125.35799859057028       -210.00000000000000     
   125.19621078358797       -214.83872891000010     
   125.19499439422275       -211.22628287000043     
   125.18923215783748       -200.79512725000041     
   125.17985742265442       -183.62226473000010     
   125.16978654376965       -160.87075260999973     
   125.16067594212279       -133.07057946999976     
   125.15228841319329       -106.98462037999980     
   125.14201413429691       -89.828648849999809     
   125.11943616005027       -73.789831920000324     
   125.08057186093025       -57.858834040000147     
   125.03747626861093       -35.506706649999614     
   124.99910757796991       -12.132362770000327     
   124.97899274921599        0.0000000000000000     
>
   125.35799859057028       -210.00000000000000     
   124.95665026061660       -223.57553048000045     
   124.89299751613785       -229.26356046999990     
   124.81621143344456       -233.13326464999955     
   124.72762815007785       -232.91779752999992     
   124.63128931021203       -227.54667428999983     
   124.53565979207686       -220.28576874999999     
   124.44511240944306       -210.85740032000012     
   124.36365271014493       -197.73919430000024     
   124.28701445055871       -180.89210568999988     
   124.20928184161419       -162.00846347999959     
   124.13174461127241       -142.08126465999976     
   124.05530402211997       -122.28014678999989     
   123.97908115692363       -104.91472666000027     
   123.89660560348304       -86.718635119999817     
   123.81688597696029       -62.096123440000156     
   123.78118898844363       -43.100856230000318     
   123.75694542593293       -22.442653529999916     
   123.73399732096091        0.0000000000000000     
>
   125.35799859057028       -210.00000000000000     
   124.85050123765555       -222.76731529999961     
   124.75434631723685       -224.27829388000009     
   124.63436781235960       -225.93605039999966     
   124.48387300320505       -227.81854440000006     
   124.29339032472549       -230.63578657000016     
   124.05265753013791       -234.47583933999977     
   123.76285892317189       -236.62173375000020     
   123.42320267617660       -235.60120627000015     
   123.03196647806779       -231.58046121000007     
   122.62628601434569       -226.65415692999977     
   122.22794513977495       -221.46420140000009     
   121.83195912167666       -215.02396727999985     
   121.43366293781270       -206.14178136000010     
   121.02987094293083       -194.06585190999976     
   120.62339521381119       -178.35939297999994     
   120.21838797547963       -158.26135183000042     
   119.81392504703828       -131.96670729000016     
   119.40676978999255       -97.737715819999721     
   119.03975309016775       -57.666850980000163     
   118.84888824884946       -27.002067940000416     
   118.72999950966819        0.0000000000000000     
>
   125.35799859057028       -210.00000000000000     
   124.86633435292561       -224.24251016000017     
   124.77583796353417       -226.08450260999962     
   124.66314175203036       -228.02064745999996     
   124.52073366897123       -231.02472827000020     
   124.34026801134523       -236.11423591000039     
   124.11175583322991       -244.25479629999973     
   123.82286364547056       -255.96124280999993     
   123.46068729296432       -268.91347312000016     
   123.01501781400165       -277.46998262000034     
   122.53469527559599       -282.24369225999999     
   122.05462827635984       -283.93305099000008     
   121.57194801669280       -281.71477013000003     
   121.08490697536837       -275.04085461999966     
   120.59379907972730       -264.40605598000002     
   120.10035237043158       -250.73891421999997     
   119.60562280866823       -234.67135549999966     
   119.10937318991674       -215.53997557000002     
   118.60663654318927       -194.05475194999963     
   118.10212487326189       -169.60981107000043     
   117.60205419908097       -139.61032771000009     
   117.11108037556022       -101.42640207000022     
   116.63254833021448       -54.478063939999629     
   116.21469595143134        0.0000000000000000     
>
   125.35799859057028       -210.00000000000000     
   124.82945191476381       -221.51984405999974     
   124.72797020587200       -223.40201402000002     
   124.60164848542134       -226.63545101999989     
   124.44719797575929       -230.70413638999980     
   124.26718323590548       -232.98415411000042     
   124.06368868626060       -232.57590479999999     
   123.84127277891584       -229.66369921000023     
   123.60632743085583       -225.75733834000039     
   123.36396056068202       -221.26475534000019     
   123.12055148030785       -215.48658513000009     
   122.88698524162236       -207.49964308000017     
   122.66746907359807       -197.00142641000002     
   122.45360627998102       -185.22044596999967     
   122.24747440567852       -172.77955535999990     
   122.05088915389285       -159.68740015999992     
   121.86149509519376       -146.45334774999992     
   121.68448036227177       -133.64357507000022     
   121.52767614205283       -121.51186187999974     
   121.38684884950649       -108.58998217000044     
   121.25593487245567       -93.453456070000357     
   121.14596250223407       -68.882186400000137     
   121.10004337397892       -43.746334579999711     
   121.08277499947202       -18.388005400000111     
   121.07799939638249        0.0000000000000000     
>
   125.35799859057028       -210.00000000000000     
   124.91276284064647       -226.65550464999978     
   124.83688718786429       -229.10128638999959     
   124.74086232886150       -233.27376014000038     
   124.61950070390525       -240.67406502999984     
   124.46723774704414       -253.85144066999965     
   124.28357040134800       -272.84620231000008     
   124.07942898237043       -288.89167834000000     
   123.86013798675334       -300.84637438000027     
   123.62770964221731       -309.05987006000032     
   123.38475549031983       -314.01541916000042     
   123.13066475806828       -316.81151506999959     
   122.87444892541374       -317.45471777999956     
   122.62873770068281       -315.56311250999988     
   122.39134238515901       -310.83440986999994     
   122.15605784609370       -303.49518919000002     
   121.92315108181205       -293.12442646999989     
   121.69339845010481       -279.61876380000012     
   121.46747374932031       -263.07774872000027     
   121.24346043568720       -243.86805854999966     
   121.01916293499559       -223.00505327999963     
   120.79918496300128       -200.50702983999963     
   120.58443179299536       -176.12608533000002     
   120.37053462191156       -149.97373502000028     
   120.15852076304795       -122.10975341999983     
   119.94883884234561       -92.704370960000233     
   119.74003755774990       -60.436175539999567     
   119.52992706462875       -16.782263750000311     
   119.46999739979915        0.0000000000000000     
>
   125.35799859057028       -210.00000000000000     
   124.82946108208827       -221.54055298999992     
   124.72791233713632       -223.37434950999977     
   124.60149951639876       -226.45816291000028     
   124.44629556725708       -230.57441171000028     
   124.26496130563780       -233.01122665000003     
   124.05943103700346       -232.82307371000024     
   123.83404319765808       -230.13044148999961     
   123.59518454796621       -226.40089087999968     
   123.34790914849809       -222.24343314999987     
   123.09842614270676       -217.00627070999963     
   122.85855564957689       -209.84130748999996     
   122.63341418207654       -200.35102614999960     
   122.41350496501572       -189.68562689999999     
   122.20050905651860       -178.60775213000034     
   121.99638081556991       -167.32296434999989     
   121.79907134515135       -156.05886783000005     
   121.61042843410075       -145.46403530000043     
   121.43935068968671       -136.10787756999980     
   121.29160607787226       -128.53964831000030     
   121.15069398757458       -121.01724343000024     
   121.01833100030021       -113.15056316000027     
   120.90074172936215       -105.96272580000004     
   120.79338663027592       -99.349123730000429     
   120.68513657113859       -91.424431970000114     
   120.58789704164388       -80.143117489999895     
   120.52138638376256       -66.081794800000353     
   120.48110286822349       -43.538172309999936     
   120.46439026276239       -19.239755339999647     
   120.45599757721286        0.0000000000000000     
>
   125.35799859057028       -210.00000000000000     
   125.04364072135719       -230.56127944000036     
   125.00246682942930       -237.61642292000033     
   124.95050987209709       -251.92661379000037     
   124.88632542279923       -274.42195458999959     
   124.81778133775953       -294.06122162999964     
   124.74997636825502       -308.97054432999994     
   124.68238339312877       -319.47227037999983     
   124.61078487016826       -328.13210497000000     
   124.53512293063774       -335.03894743999990     
   124.45710728055033       -339.79908769000031     
   124.37860175156173       -343.02038721000008     
   124.30082216007932       -345.22936217000006     
   124.22483191574132       -346.18949540999984     
   124.15310734206939       -345.67242997999983     
   124.09132816952858       -343.56056016000002     
   124.04200280727615       -339.86982922999960     
   124.00641697256863       -334.73430411000027     
   123.97449061919680       -327.62182120000034     
   123.94294012612809       -318.38120771000013     
   123.91220781676806       -306.72305813999992     
   123.88248219422607       -292.88713365999956     
   123.85309175198489       -276.73483680000027     
   123.82438255654320       -258.72813978999966     
   123.79677401299530       -239.42755689000023     
   123.76986791568467       -218.51203504000023     
   123.74360582291787       -195.83339176000027     
   123.71841458824036       -171.64844157999960     
   123.69436067475456       -145.67422067000007     
   123.67103097990163       -117.71083240999997     
   123.64866098932885       -88.114654770000016     
   123.62764375207269       -54.607197799999994     
   123.60803026137559       -9.1494318599998223     
   123.60499931472368        0.0000000000000000     
>
   125.35799859057028       -210.00000000000000     
   124.88652595802193       -225.91617452999981     
   124.80323795045042       -228.22894724999969     
   124.69817697431206       -232.15221879999990     
   124.56506627713581       -239.66505195999980     
   124.39700286359808       -253.88923314000021     
   124.18826746914696       -276.12923297999987     
   123.93844068868815       -299.33292075999998     
   123.64764456222855       -322.35954358999970     
   123.32224522365276       -344.79221916999995     
   122.97068978949930       -367.28328260000035     
   122.62104345066611       -390.49003807000008     
   122.27648497691210       -413.38347478000014     
   121.93024716390730       -434.34145324000019     
   121.57808496746566       -453.36818766000033     
   121.21735647926744       -470.25086009999995     
   120.84864554328956       -484.92898728000000     
   120.47904709571176       -497.58856277999985     
   120.10830273257558       -508.93063404999975     
   119.73464831687886       -519.01749756000027     
   119.35640221753978       -527.84229124000012     
   118.97377413710547       -535.48672281000017     
   118.58986205828801       -542.08425426000031     
   118.20570933720327       -547.55725618999986     
   117.81982742954098       -551.60380924000037     
   117.43108130594051       -553.90300530999957     
   117.03880920016694       -554.17575034000038     
   116.64380695057554       -552.57683557000018     
   116.24938453425665       -548.99525860999984     
   115.85481372187296       -543.84564119999959     
   115.45887468631258       -537.53138044000025     
   115.06034015201250       -530.24569082000016     
   114.65887436571410       -521.77730772999985     
   114.25819639636205       -511.07218514000033     
   113.85834864283207       -498.26332521000040     
   113.45782651799598       -483.65267233000031     
   113.05658017452700       -467.53976909999983     
   112.65424463831977       -450.13804341000014     
   112.25544310569458       -430.42428018999999     
   111.85959230563221       -408.04676202999963     
   111.46548444313410       -382.31927052999981     
   111.07217356490685       -354.27799951999987     
   110.67889305344191       -324.72750563000045     
   110.28901476526976       -293.77848566000011     
   109.90242124404570       -261.31366143000014     
   109.51802100520037       -226.73960990999967     
   109.13661332483574       -189.51697400000012     
   108.76040752814832       -149.73138354000002     
   108.39153272624561       -108.04762241000026     
   108.03020721604148       -64.329639530000350     
   107.67514241549051       -10.972809750000124     
   107.61749713332651        0.0000000000000000     
>
   125.35799859057028       -210.00000000000000     
   124.87383723504406       -224.71043700999962     
   124.78588019452997       -226.68279781000001     
   124.67616680122461       -228.99882315000013     
   124.53720162146064       -233.07746701999986     
   124.36118268915887       -240.34610703999988     
   124.13869974575397       -252.71574801000042     
   123.86015517548671       -270.53733863999969     
   123.52138644009139       -287.51630325000042     
   123.11438244389936       -301.90716488999988     
   122.66703419864366       -313.79112153999995     
   122.22336778007700       -324.51371982000001     
   121.77831652255809       -334.15846583999974     
   121.32704867313497       -342.90289347999988     
   120.86640551557102       -350.89991069000007     
   120.40085440167057       -360.06075173000045     
   119.93158364586763       -370.62197694000042     
   119.45773667628232       -382.50032500999987     
   118.97836524779011       -395.76945298999999     
   118.49435973677981       -408.47530539000036     
   118.00645868582885       -419.98143966000043     
   117.51455552479024       -430.30525459999990     
   117.01835632632331       -439.49247904999993     
   116.51876980146581       -447.34062394000011     
   116.01839775149304       -453.72921914000017     
   115.51727856457622       -458.79594851000002     
   115.01521743507043       -462.63727623999966     
   114.51273518159692       -465.35369547000028     
   114.01175350454710       -467.27746869000021     
   113.51232568899445       -468.49150919000022     
   113.01430792253637       -469.02885421999963     
   112.51760624009708       -468.75574093999967     
   112.02242003098374       -467.10723251000036     
   111.52849318306906       -463.98717629000021     
   111.03563203662364       -459.47086273999957     
   110.54453273534925       -453.50546636000036     
   110.05999036289987       -444.46997866000038     
   109.58091228879059       -432.45471068999996     
   109.10448357145226       -418.12361415000032     
   108.63000520239430       -400.69655020000027     
   108.16068574518013       -379.70881154000017     
   107.69752959479666       -355.70212969000022     
   107.23822773139379       -329.52262539999992     
   106.78125264953221       -301.63023522000003     
   106.32637860384689       -272.15815165999993     
   105.87629906885782       -240.98498197000026     
   105.43191015053162       -208.04674253000030     
   104.99290932716092       -173.54490858000008     
   104.55730786229411       -136.56328240000039     
   104.12564834694810       -96.701369850000447     
   103.70066493564518       -53.127637149999828     
   103.33964939559958       -3.4736927000003561     
   103.31899713244879        0.0000000000000000     
>
   125.35799859057028       -210.00000000000000     
   124.87166801689206       -225.02833496000039     
   124.78356830989095       -227.15685251000014     
   124.67328711542640       -230.15312460000041     
   124.53342984040025       -235.94415188000039     
   124.35621056155109       -246.92250897000031     
   124.13260748568786       -266.15003713999977     
   123.85939944417598       -288.03023280999969     
   123.53426080138972       -309.31420175000039     
   123.15525839778211       -329.55810145000032     
   122.74045644621532       -349.89302065999982     
   122.32964686445393       -372.26511477999975     
   121.91678208313861       -396.41021972999988     
   121.49554295092270       -420.54816469999969     
   121.06019416043648       -443.83451943000000     
   120.61371681100516       -466.98579531999985     
   120.16374212728967       -490.43884985000022     
   119.70829684269852       -514.23104384999988     
   119.24493786526125       -538.10474306000015     
   118.77182771937996       -560.32528101000025     
   118.29665320662028       -578.71553500000027     
   117.82114924313757       -592.76811431999977     
   117.34493252017754       -603.89814996000041     
   116.86685311147740       -612.13942817000043     
   116.39071316485976       -618.34743667000021     
   115.91904343483537       -624.00368995999997     
   115.45008608693765       -630.02361879999989     
   114.98214803092911       -636.45000839000022     
   114.51399798054224       -643.34885075999955     
   114.04652344737706       -650.98997956000039     
   113.58145018026444       -658.39591586999995     
   113.12027932858587       -663.21911086999989     
   112.66247403090223       -665.47493487999964     
   112.20805376777803       -665.37745004000044     
   111.75662090651453       -663.48118952000004     
   111.30736242002301       -660.05817341999955     
   110.85915015443632       -655.08896566000021     
   110.41115446689014       -648.47865826999987     
   109.96404457207058       -640.08540669000013     
   109.51640984792530       -630.16063477999978     
   109.06644948815428       -619.12811212999986     
   108.61606571258447       -606.09652421999999     
   108.16917526059434       -589.93895679999969     
   107.72601361783116       -570.94673158000023     
   107.28673089923309       -549.61611669000013     
   106.85175968792336       -526.80068768000001     
   106.42158356026769       -502.71880646000045     
   105.99673021038066       -477.12496742999974     
   105.57537362181999       -450.02577319000011     
   105.15724393147171       -421.26319829000022     
   104.74357529039219       -389.96688687000005     
   104.33469944113553       -355.94418563999989     
   103.92814750863128       -320.20945544999995     
   103.52447640784079       -283.06722254000033     
   103.12474152699330       -244.47838134999984     
   102.73053167801051       -204.50063410999974     
   102.34204567724179       -163.27917575999982     
   101.95452396441544       -120.80941730999984     
   101.56872456267334       -76.932997580000119     
   101.18829148349110       -27.156113779999941     
   101.02549412490185        0.0000000000000000     
>
   125.35799859057028       -210.00000000000000     
   124.86903126519223       -224.73017311999956     
   124.77988705615969       -226.79582999000013     
   124.66858255910149       -229.46796826999980     
   124.52748368456787       -234.54111909000039     
   124.34860340111683       -244.08506745999966     
   124.12220257241782       -261.03766714999983     
   123.84250578405666       -282.00089647999994     
   123.50646948431027       -302.07536855000035     
   123.11020328985796       -320.48009055999955     
   122.68042307602768       -338.17010793000009     
   122.25449600326246       -357.21277444000043     
   121.82646732136317       -378.01511765000032     
   121.38957555557764       -400.18687235000016     
   120.93810831684736       -421.90792494000016     
   120.47811030974279       -443.80321456999991     
   120.01365812886279       -466.37771170999986     
   119.54394562261211       -489.26351958000032     
   119.06754039654274       -512.20610770999974     
   118.58589432566713       -534.55840506000004     
   118.10491460468874       -554.11039547000019     
   117.62693202585328       -570.19382552000025     
   117.15301286358779       -582.98804305999965     
   116.68246040123280       -593.26534886999980     
   116.21496696046090       -602.17995372000041     
   115.75034231928937       -610.23067126000024     
   115.28834182474654       -617.81865938999999     
   114.82842231285771       -625.19540622000022     
   114.36968423990957       -632.41547696999987     
   113.91203994336189       -639.65529359999982     
   113.45558224237490       -647.03249401999983     
   113.00049792118462       -654.52850396000031     
   112.54798388859177       -659.83357884999987     
   112.09799430797403       -661.94271959999969     
   111.64969151505824       -661.53486394999982     
   111.20223555374005       -659.01782860999992     
   110.75471083748836       -654.51533417999963     
   110.30662347669751       -648.17208028000005     
   109.85769558684460       -640.01763973000016     
   109.40707689858530       -630.03981426999962     
   108.95385125243072       -618.17093130000012     
   108.49879672504495       -604.10418185999970     
   108.04414613289354       -588.41726558000028     
   107.59121727886856       -571.04250853000030     
   107.14062895737156       -551.99034496999957     
   106.69235137459802       -531.63134590000027     
   106.24700389790725       -510.05017813999984     
   105.80616846372757       -486.66796276999958     
   105.36992815093697       -461.32576382000025     
   104.93832192066444       -433.92534063000039     
   104.51154228672378       -404.22657580000032     
   104.08980640011329       -371.76564229999985     
   103.67311254195964       -337.03020631999971     
   103.26153175902746       -300.46644027999992     
   102.85524453301720       -262.16729954000039     
   102.45477053663456       -222.07761103000030     
   102.05940044814891       -180.33526485000039     
   101.66788751143274       -137.04494718000024     
   101.27953844757327       -92.382476249999854     
   100.89508091295002       -44.259552370000165     
   100.61699413594835        0.0000000000000000     
>
   125.35799859057028       -210.00000000000000     
   124.85588589486434       -225.07080181000038     
   124.76386887552697       -227.68611991000034     
   124.64811306948226       -232.55912025999987     
   124.50081994839783       -243.19794647999970     
   124.31299636697149       -264.79771118999997     
   124.08141256220195       -292.36958030000005     
   123.80964493654695       -320.19230450000032     
   123.50691352658913       -347.12626059000013     
   123.17563793303000       -374.89818554999965     
   122.82556760544018       -404.06598751000001     
   122.47778223347380       -433.45956614999977     
   122.12667886300812       -463.33766823000042     
   121.76766924814746       -493.43980517000000     
   121.39748695659264       -522.63874543000020     
   121.01436727838379       -549.60278759999983     
   120.62707990528915       -573.69966457000010     
   120.24152286468762       -595.55054288999963     
   119.85342991295545       -616.15406662999976     
   119.45862246900896       -635.69045024000025     
   119.05585778742511       -654.46057414999996     
   118.64698881366184       -670.68954974999997     
   118.23794909848036       -683.55348338000022     
   117.82821553142828       -693.58683698000004     
   117.41776462123664       -701.32307632999982     
   117.00584178251032       -707.15529748999961     
   116.59293231048819       -711.50089898999977     
   116.18124495740908       -714.83219818999987     
   115.77013342689804       -717.41661683999973     
   115.35884198764437       -719.61410258999967     
   114.94665788017072       -721.76088236000032     
   114.53341666559444       -724.10049675000027     
   114.11939393660738       -726.94597628999963     
   113.70398980641470       -730.28738521000014     
   113.28676710823086       -733.86895172999994     
   112.86731445837044       -737.43230602000040     
   112.44573957289589       -740.66989568000008     
   112.02293798481614       -743.29151814000033     
   111.59925690654531       -745.20926985000006     
   111.17493354260401       -746.31516852999994     
   110.75000398933234       -746.49815799000044     
   110.32447340335030       -745.80550837999999     
   109.89808968323504       -744.25439301000006     
   109.47052223234799       -741.60967875000006     
   109.04196356450296       -737.35073513000043     
   108.61257525379365       -730.67289627999980     
   108.18352155042740       -720.98035504000018     
   107.75562350290176       -708.07080984999993     
   107.32952454280276       -692.50931852000031     
   106.90618781215723       -674.01189180999972     
   106.48635013466918       -652.32318799000041     
   106.07024699598590       -628.44430087000001     
   105.65829894711726       -603.38845803999993     
   105.25084861681525       -577.47443543999998     
   104.84784100113305       -550.57552188000045     
   104.44897472427878       -522.58600116999969     
   104.05385902904712       -493.70472608999989     
   103.66195304329442       -464.27491621999980     
   103.27171149989030       -434.55715931000032     
   102.88137771028369       -403.85799160999977     
   102.49127596857767       -370.52097656000024     
   102.09840512192484       -335.70431993999955     
   101.70398213264819       -300.02307483000004     
   101.31052228539835       -263.14884834999975     
   100.91910904333577       -224.78943364000042     
   100.52935508700172       -184.99273896999966     
   100.14136240288089       -143.97906008999962     
   99.757331148845338       -101.68265153999982     
   99.377567284349198       -57.277671279999595     
   99.077126559592557       -13.556946220000100     
   99.002995563248021        0.0000000000000000     
>
   125.35799859057028       -210.00000000000000     
   124.85414009251117       -225.13612448999993     
   124.76176210977290       -227.93152599000041     
   124.64536172622662       -233.45708976999958     
   124.49706306423971       -245.71922446999997     
   124.30796637062799       -269.98054185999990     
   124.07715204815594       -298.70079388999966     
   123.81400915595101       -326.21590124999966     
   123.52368743853259       -353.26345749000029     
   123.20835324926378       -381.43256841000039     
   122.87373272818976       -410.81990420999955     
   122.53917294064031       -440.26871554999980     
   122.20100237316646       -470.33168451999973     
   121.85515990102928       -500.45515717000035     
   121.50018562780743       -529.02488979999998     
   121.13582687912027       -554.81726264000008     
   120.76422136044195       -578.04468903999987     
   120.39369071055739       -599.40382041999965     
   120.02000993880289       -619.55811610000001     
   119.63966624103419       -638.49239219999981     
   119.25204426059648       -656.48326837999957     
   118.85682772479565       -671.77983303000019     
   118.46134189883864       -683.91281266999977     
   118.06681806899284       -693.39711213000010     
   117.67208510955766       -700.93841678999979     
   117.27602575286363       -706.90205146999961     
   116.87768258646179       -711.61406334000003     
   116.47885011411651       -715.47153866000008     
   116.08041985813225       -718.82902056999956     
   115.68148654521784       -722.23875488999965     
   115.28133455110708       -725.83260566999979     
   114.87932330900288       -729.61838968000029     
   114.47554907581214       -733.70403692000036     
   114.07022269999756       -738.04524120000042     
   113.66280330941561       -742.46069298000020     
   113.25276320995168       -746.72296776999974     
   112.83960163650673       -750.56728053999996     
   112.42461748436617       -753.64093177999985     
   112.00982470012387       -755.81113009999990     
   111.59545819646929       -757.15226460000031     
   111.18090204378981       -757.73957280000013     
   110.76555922007948       -757.64905212000031     
   110.34938675350490       -756.97320694999962     
   109.93259090886657       -755.65409138999985     
   109.51498432897067       -753.49338500999966     
   109.09643466057027       -750.16831892000027     
   108.67690122366297       -744.99044314999992     
   108.25709906955724       -737.90932548999990     
   107.83765329519017       -728.81381642999986     
   107.41895752255604       -717.21468251999977     
   107.00146324238489       -703.18579639000018     
   106.58585571218059       -686.80874947000029     
   106.17266549084667       -667.82245143999990     
   105.76235495531094       -645.72896037999999     
   105.35530569545435       -621.44434447000003     
   104.95177955298199       -595.56800254999962     
   104.55178913296497       -568.48162675000003     
   104.15524619990533       -540.36088414000005     
   103.76234785127910       -511.19497966000017     
   103.37331181104237       -480.94065640000008     
   102.98856264090951       -449.56980908999958     
   102.60785740678216       -416.81857702999969     
   102.23019457846227       -381.66988709999987     
   101.85318320313733       -344.60004485999980     
   101.47690292193865       -306.32016583000041     
   101.10228765604624       -266.86648523999975     
   100.72968633674772       -226.07232864999969     
   100.35805904567378       -184.00931226000012     
   99.987219571546248       -141.04404324999996     
   99.619119408561005       -97.182149039999786     
   99.254813944947301       -51.067956889999550     
   98.979251046962958       -6.9434078200001750     
   98.943799284375785        0.0000000000000000     
>
   125.35799859057028       -210.00000000000000     
   125.55196771713619       -183.69238420999955     
   125.65402754042719       -147.83738548000019     
   125.75615726456724       -105.37625624999964     
   125.85939451609444       -69.358411989999695     
   125.96754774536711       -31.404148919999898     
   126.01518345512871       -2.3055711999995765     
   126.01799438599338        0.0000000000000000     
>
   125.35799859057028       -210.00000000000000     
   125.03417545884503       -194.96788388999994     
   124.99043299719303       -171.06777356000021     
   124.93374971114028       -131.88922751999962     
   124.86125622812867       -94.004394820000016     
   124.79221939939889       -61.060798399999840     
   124.74465416344414       -33.568382649999876     
   124.69606333306463       -1.2974530999999843     
   124.69419549070450        0.0000000000000000     
>
   125.35799859057028       -210.00000000000000     
   125.16086444523214       -190.64569159999974     
   125.09804650023767       -181.20007323000027     
   125.04753225059346       -160.36566623999988     
   125.00462000476345       -132.60629198999959     
   124.95695163640845       -106.27284143999987     
   124.92134632113645       -81.861245369999779     
   124.88316040402700       -52.492009710000275     
   124.84318227498423       -5.1004497200001424     
   124.83989349733170        0.0000000000000000     
>
   125.35799859057028       -210.00000000000000     
   125.19621078358797       -214.83872891000010     
   125.19499439422275       -211.22628287000043     
   125.18923215783748       -200.79512725000041     
   125.17985742265442       -183.62226473000010     
   125.16978654376965       -160.87075260999973     
   125.16067594212279       -133.07057946999976     
   125.15228841319329       -106.98462037999980     
   125.14201413429691       -89.828648849999809     
   125.11943616005027       -73.789831920000324     
   125.08057186093025       -57.858834040000147     
   125.03747626861093       -35.506706649999614     
   124.99910757796991       -12.132362770000327     
   124.97899274921599        0.0000000000000000     
>
   125.35799859057028       -210.00000000000000     
   124.95665026061660       -223.57553048000045     
   124.89299751613785       -229.26356046999990     
   124.81621143344456       -233.13326464999955     
   124.72762815007785       -232.91779752999992     
   124.63128931021203       -227.54667428999983     
   124.53565979207686       -220.28576874999999     
   124.44511240944306       -210.85740032000012     
   124.36365271014493       -197.73919430000024     
   124.28701445055871       -180.89210568999988     
   124.20928184161419       -162.00846347999959     
   124.13174461127241       -142.08126465999976     
   124.05530402211997       -122.28014678999989     
   123.97908115692363       -104.91472666000027     
   123.89660560348304       -86.718635119999817     
   123.81688597696029       -62.096123440000156     
   123.78118898844363       -43.100856230000318     
   123.75694542593293       -22.442653529999916     
   123.73399732096091        0.0000000000000000     
>
   125.35799859057028       -210.00000000000000     
   124.85050123765555       -222.76731529999961     
   124.75434631723685       -224.27829388000009     
   124.63436781235960       -225.93605039999966     
   124.48387300320505       -227.81854440000006     
   124.29339032472549       -230.63578657000016     
   124.05265753013791       -234.47583933999977     
   123.76285892317189       -236.62173375000020     
   123.42320267617660       -235.60120627000015     
   123.03196647806779       -231.58046121000007     
   122.62628601434569       -226.65415692999977     
   122.22794513977495       -221.46420140000009     
   121.83195912167666       -215.02396727999985     
   121.43366293781270       -206.14178136000010     
   121.02987094293083       -194.06585190999976     
   120.62339521381119       -178.35939297999994     
   120.21838797547963       -158.26135183000042     
   119.81392504703828       -131.96670729000016     
   119.40676978999255       -97.737715819999721     
   119.03975309016775       -57.666850980000163     
   118.84888824884946       -27.002067940000416     
   118.72999950966819        0.0000000000000000     
>
   125.35799859057028       -210.00000000000000     
   124.86633435292561       -224.24251016000017     
   124.77583796353417       -226.08450260999962     
   124.66314175203036       -228.02064745999996     
   124.52073366897123       -231.02472827000020     
   124.34026801134523       -236.11423591000039     
   124.11175583322991       -244.25479629999973     
   123.82286364547056       -255.96124280999993     
   123.46068729296432       -268.91347312000016     
   123.01501781400165       -277.46998262000034     
   122.53469527559599       -282.24369225999999     
   122.05462827635984       -283.93305099000008     
   121.57194801669280       -281.71477013000003     
   121.08490697536837       -275.04085461999966     
   120.59379907972730       -264.40605598000002     
   120.10035237043158       -250.73891421999997     
   119.60562280866823       -234.67135549999966     
   119.10937318991674       -215.53997557000002     
   118.60663654318927       -194.05475194999963     
   118.10212487326189       -169.60981107000043     
   117.60205419908097       -139.61032771000009     
   117.11108037556022       -101.42640207000022     
   116.63254833021448       -54.478063939999629     
   116.21469595143134        0.0000000000000000     
>
   125.35799859057028       -210.00000000000000     
   124.82945191476381       -221.51984405999974     
   124.72797020587200       -223.40201402000002     
   124.60164848542134       -226.63545101999989     
   124.44719797575929       -230.70413638999980     
   124.26718323590548       -232.98415411000042     
   124.06368868626060       -232.57590479999999     
   123.84127277891584       -229.66369921000023     
   123.60632743085583       -225.75733834000039     
   123.36396056068202       -221.26475534000019     
   123.12055148030785       -215.48658513000009     
   122.88698524162236       -207.49964308000017     
   122.66746907359807       -197.00142641000002     
   122.45360627998102       -185.22044596999967     
   122.24747440567852       -172.77955535999990     
   122.05088915389285       -159.68740015999992     
   121.86149509519376       -146.45334774999992     
   121.68448036227177       -133.64357507000022     
   121.52767614205283       -121.51186187999974     
   121.38684884950649       -108.58998217000044     
   121.25593487245567       -93.453456070000357     
   121.14596250223407       -68.882186400000137     
   121.10004337397892       -43.746334579999711     
   121.08277499947202       -18.388005400000111     
   121.07799939638249        0.0000000000000000     
>
   125.35799859057028       -210.00000000000000     
   124.91276284064647       -226.65550464999978     
   124.83688718786429       -229.10128638999959     
   124.74086232886150       -233.27376014000038     
   124.61950070390525       -240.67406502999984     
   124.46723774704414       -253.85144066999965     
   124.28357040134800       -272.84620231000008     
   124.07942898237043       -288.89167834000000     
   123.86013798675334       -300.84637438000027     
   123.62770964221731       -309.05987006000032     
   123.38475549031983       -314.01541916000042     
   123.13066475806828       -316.81151506999959     
   122.87444892541374       -317.45471777999956     
   122.62873770068281       -315.56311250999988     
   122.39134238515901       -310.83440986999994     
   122.15605784609370       -303.49518919000002     
   121.92315108181205       -293.12442646999989     
   121.69339845010481       -279.61876380000012     
   121.46747374932031       -263.07774872000027     
   121.24346043568720       -243.86805854999966     
   121.01916293499559       -223.00505327999963     
   120.79918496300128       -200.50702983999963     
   120.58443179299536       -176.12608533000002     
   120.37053462191156       -149.97373502000028     
   120.15852076304795       -122.10975341999983     
   119.94883884234561       -92.704370960000233     
   119.74003755774990       -60.436175539999567     
   119.52992706462875       -16.782263750000311     
   119.46999739979915        0.0000000000000000     
>
   125.35799859057028       -210.00000000000000     
   124.82946108208827       -221.54055298999992     
   124.72791233713632       -223.37434950999977     
   124.60149951639876       -226.45816291000028     
   124.44629556725708       -230.57441171000028     
   124.26496130563780       -233.01122665000003     
   124.05943103700346       -232.82307371000024     
   123.83404319765808       -230.13044148999961     
   123.59518454796621       -226.40089087999968     
   123.34790914849809       -222.24343314999987     
   123.09842614270676       -217.00627070999963     
   122.85855564957689       -209.84130748999996     
   122.63341418207654       -200.35102614999960     
   122.41350496501572       -189.68562689999999     
   122.20050905651860       -178.60775213000034     
   121.99638081556991       -167.32296434999989     
   121.79907134515135       -156.05886783000005     
   121.61042843410075       -145.46403530000043     
   121.43935068968671       -136.10787756999980     
   121.29160607787226       -128.53964831000030     
   121.15069398757458       -121.01724343000024     
   121.01833100030021       -113.15056316000027     
   120.90074172936215       -105.96272580000004     
   120.79338663027592       -99.349123730000429     
   120.68513657113859       -91.424431970000114     
   120.58789704164388       -80.143117489999895     
   120.52138638376256       -66.081794800000353     
   120.48110286822349       -43.538172309999936     
   120.46439026276239       -19.239755339999647     
   120.45599757721286        0.0000000000000000     
>
   125.35799859057028       -210.00000000000000     
   125.04364072135719       -230.56127944000036     
   125.00246682942930       -237.61642292000033     
   124.95050987209709       -251.92661379000037     
   124.88632542279923       -274.42195458999959     
   124.81778133775953       -294.06122162999964     
   124.74997636825502       -308.97054432999994     
   124.68238339312877       -319.47227037999983     
   124.61078487016826       -328.13210497000000     
   124.53512293063774       -335.03894743999990     
   124.45710728055033       -339.79908769000031     
   124.37860175156173       -343.02038721000008     
   124.30082216007932       -345.22936217000006     
   124.22483191574132       -346.18949540999984     
   124.15310734206939       -345.67242997999983     
   124.09132816952858       -343.56056016000002     
   124.04200280727615       -339.86982922999960     
   124.00641697256863       -334.73430411000027     
   123.97449061919680       -327.62182120000034     
   123.94294012612809       -318.38120771000013     
   123.91220781676806       -306.72305813999992     
   123.88248219422607       -292.88713365999956     
   123.85309175198489       -276.73483680000027     
   123.82438255654320       -258.72813978999966     
   123.79677401299530       -239.42755689000023     
   123.76986791568467       -218.51203504000023     
   123.74360582291787       -195.83339176000027     
   123.71841458824036       -171.64844157999960     
   123.69436067475456       -145.67422067000007     
   123.67103097990163       -117.71083240999997     
   123.64866098932885       -88.114654770000016     
   123.62764375207269       -54.607197799999994     
   123.60803026137559       -9.1494318599998223     
   123.60499931472368        0.0000000000000000     
>
   125.35799859057028       -210.00000000000000     
   124.88652595802193       -225.91617452999981     
   124.80323795045042       -228.22894724999969     
   124.69817697431206       -232.15221879999990     
   124.56506627713581       -239.66505195999980     
   124.39700286359808       -253.88923314000021     
   124.18826746914696       -276.12923297999987     
   123.93844068868815       -299.33292075999998     
   123.64764456222855       -322.35954358999970     
   123.32224522365276       -344.79221916999995     
   122.97068978949930       -367.28328260000035     
   122.62104345066611       -390.49003807000008     
   122.27648497691210       -413.38347478000014     
   121.93024716390730       -434.34145324000019     
   121.57808496746566       -453.36818766000033     
   121.21735647926744       -470.25086009999995     
   120.84864554328956       -484.92898728000000     
   120.47904709571176       -497.58856277999985     
   120.10830273257558       -508.93063404999975     
   119.73464831687886       -519.01749756000027     
   119.35640221753978       -527.84229124000012     
   118.97377413710547       -535.48672281000017     
   118.58986205828801       -542.08425426000031     
   118.20570933720327       -547.55725618999986     
   117.81982742954098       -551.60380924000037     
   117.43108130594051       -553.90300530999957     
   117.03880920016694       -554.17575034000038     
   116.64380695057554       -552.57683557000018     
   116.24938453425665       -548.99525860999984     
   115.85481372187296       -543.84564119999959     
   115.45887468631258       -537.53138044000025     
   115.06034015201250       -530.24569082000016     
   114.65887436571410       -521.77730772999985     
   114.25819639636205       -511.07218514000033     
   113.85834864283207       -498.26332521000040     
   113.45782651799598       -483.65267233000031     
   113.05658017452700       -467.53976909999983     
   112.65424463831977       -450.13804341000014     
   112.25544310569458       -430.42428018999999     
   111.85959230563221       -408.04676202999963     
   111.46548444313410       -382.31927052999981     
   111.07217356490685       -354.27799951999987     
   110.67889305344191       -324.72750563000045     
   110.28901476526976       -293.77848566000011     
   109.90242124404570       -261.31366143000014     
   109.51802100520037       -226.73960990999967     
   109.13661332483574       -189.51697400000012     
   108.76040752814832       -149.73138354000002     
   108.39153272624561       -108.04762241000026     
   108.03020721604148       -64.329639530000350     
   107.67514241549051       -10.972809750000124     
   107.61749713332651        0.0000000000000000     
>
   125.35799859057028       -210.00000000000000     
   124.87383723504406       -224.71043700999962     
   124.78588019452997       -226.68279781000001     
   124.67616680122461       -228.99882315000013     
   124.53720162146064       -233.07746701999986     
   124.36118268915887       -240.34610703999988     
   124.13869974575397       -252.71574801000042     
   123.86015517548671       -270.53733863999969     
   123.52138644009139       -287.51630325000042     
   123.11438244389936       -301.90716488999988     
   122.66703419864366       -313.79112153999995     
   122.22336778007700       -324.51371982000001     
   121.77831652255809       -334.15846583999974     
   121.32704867313497       -342.90289347999988     
   120.86640551557102       -350.89991069000007     
   120.40085440167057       -360.06075173000045     
   119.93158364586763       -370.62197694000042     
   119.45773667628232       -382.50032500999987     
   118.97836524779011       -395.76945298999999     
   118.49435973677981       -408.47530539000036     
   118.00645868582885       -419.98143966000043     
   117.51455552479024       -430.30525459999990     
   117.01835632632331       -439.49247904999993     
   116.51876980146581       -447.34062394000011     
   116.01839775149304       -453.72921914000017     
   115.51727856457622       -458.79594851000002     
   115.01521743507043       -462.63727623999966     
   114.51273518159692       -465.35369547000028     
   114.01175350454710       -467.27746869000021     
   113.51232568899445       -468.49150919000022     
   113.01430792253637       -469.02885421999963     
   112.51760624009708       -468.75574093999967     
   112.02242003098374       -467.10723251000036     
   111.52849318306906       -463.98717629000021     
   111.03563203662364       -459.47086273999957     
   110.54453273534925       -453.50546636000036     
   110.05999036289987       -444.46997866000038     
   109.58091228879059       -432.45471068999996     
   109.10448357145226       -418.12361415000032     
   108.63000520239430       -400.69655020000027     
   108.16068574518013       -379.70881154000017     
   107.69752959479666       -355.70212969000022     
   107.23822773139379       -329.52262539999992     
   106.78125264953221       -301.63023522000003     
   106.32637860384689       -272.15815165999993     
   105.87629906885782       -240.98498197000026     
   105.43191015053162       -208.04674253000030     
   104.99290932716092       -173.54490858000008     
   104.55730786229411       -136.56328240000039     
   104.12564834694810       -96.701369850000447     
   103.70066493564518       -53.127637149999828     
   103.33964939559958       -3.4736927000003561     
   103.31899713244879        0.0000000000000000     
>
   125.35799859057028       -210.00000000000000     
   124.87166801689206       -225.02833496000039     
   124.78356830989095       -227.15685251000014     
   124.67328711542640       -230.15312460000041     
   124.53342984040025       -235.94415188000039     
   124.35621056155109       -246.92250897000031     
   124.13260748568786       -266.15003713999977     
   123.85939944417598       -288.03023280999969     
   123.53426080138972       -309.31420175000039     
   123.15525839778211       -329.55810145000032     
   122.74045644621532       -349.89302065999982     
   122.32964686445393       -372.26511477999975     
   121.91678208313861       -396.41021972999988     
   121.49554295092270       -420.54816469999969     
   121.06019416043648       -443.83451943000000     
   120.61371681100516       -466.98579531999985     
   120.16374212728967       -490.43884985000022     
   119.70829684269852       -514.23104384999988     
   119.24493786526125       -538.10474306000015     
   118.77182771937996       -560.32528101000025     
   118.29665320662028       -578.71553500000027     
   117.82114924313757       -592.76811431999977     
   117.34493252017754       -603.89814996000041     
   116.86685311147740       -612.13942817000043     
   116.39071316485976       -618.34743667000021     
   115.91904343483537       -624.00368995999997     
   115.45008608693765       -630.02361879999989     
   114.98214803092911       -636.45000839000022     
   114.51399798054224       -643.34885075999955     
   114.04652344737706       -650.98997956000039     
   113.58145018026444       -658.39591586999995     
   113.12027932858587       -663.21911086999989     
   112.66247403090223       -665.47493487999964     
   112.20805376777803       -665.37745004000044     
   111.75662090651453       -663.48118952000004     
   111.30736242002301       -660.05817341999955     
   110.85915015443632       -655.08896566000021     
   110.41115446689014       -648.47865826999987     
   109.96404457207058       -640.08540669000013     
   109.51640984792530       -630.16063477999978     
   109.06644948815428       -619.12811212999986     
   108.61606571258447       -606.09652421999999     
   108.16917526059434       -589.93895679999969     
   107.72601361783116       -570.94673158000023     
   107.28673089923309       -549.61611669000013     
   106.85175968792336       -526.80068768000001     
   106.42158356026769       -502.71880646000045     
   105.99673021038066       -477.12496742999974     
   105.57537362181999       -450.02577319000011     
   105.15724393147171       -421.26319829000022     
   104.74357529039219       -389.96688687000005     
   104.33469944113553       -355.94418563999989     
   103.92814750863128       -320.20945544999995     
   103.52447640784079       -283.06722254000033     
   103.12474152699330       -244.47838134999984     
   102.73053167801051       -204.50063410999974     
   102.34204567724179       -163.27917575999982     
   101.95452396441544       -120.80941730999984     
   101.56872456267334       -76.932997580000119     
   101.18829148349110       -27.156113779999941     
   101.02549412490185        0.0000000000000000     
>
   125.35799859057028       -210.00000000000000     
   124.86903126519223       -224.73017311999956     
   124.77988705615969       -226.79582999000013     
   124.66858255910149       -229.46796826999980     
   124.52748368456787       -234.54111909000039     
   124.34860340111683       -244.08506745999966     
   124.12220257241782       -261.03766714999983     
   123.84250578405666       -282.00089647999994     
   123.50646948431027       -302.07536855000035     
   123.11020328985796       -320.48009055999955     
   122.68042307602768       -338.17010793000009     
   122.25449600326246       -357.21277444000043     
   121.82646732136317       -378.01511765000032     
   121.38957555557764       -400.18687235000016     
   120.93810831684736       -421.90792494000016     
   120.47811030974279       -443.80321456999991     
   120.01365812886279       -466.37771170999986     
   119.54394562261211       -489.26351958000032     
   119.06754039654274       -512.20610770999974     
   118.58589432566713       -534.55840506000004     
   118.10491460468874       -554.11039547000019     
   117.62693202585328       -570.19382552000025     
   117.15301286358779       -582.98804305999965     
   116.68246040123280       -593.26534886999980     
   116.21496696046090       -602.17995372000041     
   115.75034231928937       -610.23067126000024     
   115.28834182474654       -617.81865938999999     
   114.82842231285771       -625.19540622000022     
   114.36968423990957       -632.41547696999987     
   113.91203994336189       -639.65529359999982     
   113.45558224237490       -647.03249401999983     
   113.00049792118462       -654.52850396000031     
   112.54798388859177       -659.83357884999987     
   112.09799430797403       -661.94271959999969     
   111.64969151505824       -661.53486394999982     
   111.20223555374005       -659.01782860999992     
   110.75471083748836       -654.51533417999963     
   110.30662347669751       -648.17208028000005     
   109.85769558684460       -640.01763973000016     
   109.40707689858530       -630.03981426999962     
   108.95385125243072       -618.17093130000012     
   108.49879672504495       -604.10418185999970     
   108.04414613289354       -588.41726558000028     
   107.59121727886856       -571.04250853000030     
   107.14062895737156       -551.99034496999957     
   106.69235137459802       -531.63134590000027     
   106.24700389790725       -510.05017813999984     
   105.80616846372757       -486.66796276999958     
   105.36992815093697       -461.32576382000025     
   104.93832192066444       -433.92534063000039     
   104.51154228672378       -404.22657580000032     
   104.08980640011329       -371.76564229999985     
   103.67311254195964       -337.03020631999971     
   103.26153175902746       -300.46644027999992     
   102.85524453301720       -262.16729954000039     
   102.45477053663456       -222.07761103000030     
   102.05940044814891       -180.33526485000039     
   101.66788751143274       -137.04494718000024     
   101.27953844757327       -92.382476249999854     
   100.89508091295002       -44.259552370000165     
   100.61699413594835        0.0000000000000000     
>
   125.35799859057028       -210.00000000000000     
   124.85588589486434       -225.07080181000038     
   124.76386887552697       -227.68611991000034     
   124.64811306948226       -232.55912025999987     
   124.50081994839783       -243.19794647999970     
   124.31299636697149       -264.79771118999997     
   124.08141256220195       -292.36958030000005     
   123.80964493654695       -320.19230450000032     
   123.50691352658913       -347.12626059000013     
   123.17563793303000       -374.89818554999965     
   122.82556760544018       -404.06598751000001     
   122.47778223347380       -433.45956614999977     
   122.12667886300812       -463.33766823000042     
   121.76766924814746       -493.43980517000000     
   121.39748695659264       -522.63874543000020     
   121.01436727838379       -549.60278759999983     
   120.62707990528915       -573.69966457000010     
   120.24152286468762       -595.55054288999963     
   119.85342991295545       -616.15406662999976     
   119.45862246900896       -635.69045024000025     
   119.05585778742511       -654.46057414999996     
   118.64698881366184       -670.68954974999997     
   118.23794909848036       -683.55348338000022     
   117.82821553142828       -693.58683698000004     
   117.41776462123664       -701.32307632999982     
   117.00584178251032       -707.15529748999961     
   116.59293231048819       -711.50089898999977     
   116.18124495740908       -714.83219818999987     
   115.77013342689804       -717.41661683999973     
   115.35884198764437       -719.61410258999967     
   114.94665788017072       -721.76088236000032     
   114.53341666559444       -724.10049675000027     
   114.11939393660738       -726.94597628999963     
   113.70398980641470       -730.28738521000014     
   113.28676710823086       -733.86895172999994     
   112.86731445837044       -737.43230602000040     
   112.44573957289589       -740.66989568000008     
   112.02293798481614       -743.29151814000033     
   111.59925690654531       -745.20926985000006     
   111.17493354260401       -746.31516852999994     
   110.75000398933234       -746.49815799000044     
   110.32447340335030       -745.80550837999999     
   109.89808968323504       -744.25439301000006     
   109.47052223234799       -741.60967875000006     
   109.04196356450296       -737.35073513000043     
   108.61257525379365       -730.67289627999980     
   108.18352155042740       -720.98035504000018     
   107.75562350290176       -708.07080984999993     
   107.32952454280276       -692.50931852000031     
   106.90618781215723       -674.01189180999972     
   106.48635013466918       -652.32318799000041     
   106.07024699598590       -628.44430087000001     
   105.65829894711726       -603.38845803999993     
   105.25084861681525       -577.47443543999998     
   104.84784100113305       -550.57552188000045     
   104.44897472427878       -522.58600116999969     
   104.05385902904712       -493.70472608999989     
   103.66195304329442       -464.27491621999980     
   103.27171149989030       -434.55715931000032     
   102.88137771028369       -403.85799160999977     
   102.49127596857767       -370.52097656000024     
   102.09840512192484       -335.70431993999955     
   101.70398213264819       -300.02307483000004     
   101.31052228539835       -263.14884834999975     
   100.91910904333577       -224.78943364000042     
   100.52935508700172       -184.99273896999966     
   100.14136240288089       -143.97906008999962     
   99.757331148845338       -101.68265153999982     
   99.377567284349198       -57.277671279999595     
   99.077126559592557       -13.556946220000100     
   99.002995563248021        0.0000000000000000     
>
   125.35799859057028       -210.00000000000000     
   124.85414009251117       -225.13612448999993     
   124.76176210977290       -227.93152599000041     
   124.64536172622662       -233.45708976999958     
   124.49706306423971       -245.71922446999997     
   124.30796637062799       -269.98054185999990     
   124.07715204815594       -298.70079388999966     
   123.81400915595101       -326.21590124999966     
   123.52368743853259       -353.26345749000029     
   123.20835324926378       -381.43256841000039     
   122.87373272818976       -410.81990420999955     
   122.53917294064031       -440.26871554999980     
   122.20100237316646       -470.33168451999973     
   121.85515990102928       -500.45515717000035     
   121.50018562780743       -529.02488979999998     
   121.13582687912027       -554.81726264000008     
   120.76422136044195       -578.04468903999987     
   120.39369071055739       -599.40382041999965     
   120.02000993880289       -619.55811610000001     
   119.63966624103419       -638.49239219999981     
   119.25204426059648       -656.48326837999957     
   118.85682772479565       -671.77983303000019     
   118.46134189883864       -683.91281266999977     
   118.06681806899284       -693.39711213000010     
   117.67208510955766       -700.93841678999979     
   117.27602575286363       -706.90205146999961     
   116.87768258646179       -711.61406334000003     
   116.47885011411651       -715.47153866000008     
   116.08041985813225       -718.82902056999956     
   115.68148654521784       -722.23875488999965     
   115.28133455110708       -725.83260566999979     
   114.87932330900288       -729.61838968000029     
   114.47554907581214       -733.70403692000036     
   114.07022269999756       -738.04524120000042     
   113.66280330941561       -742.46069298000020     
   113.25276320995168       -746.72296776999974     
   112.83960163650673       -750.56728053999996     
   112.42461748436617       -753.64093177999985     
   112.00982470012387       -755.81113009999990     
   111.59545819646929       -757.15226460000031     
   111.18090204378981       -757.73957280000013     
   110.76555922007948       -757.64905212000031     
   110.34938675350490       -756.97320694999962     
   109.93259090886657       -755.65409138999985     
   109.51498432897067       -753.49338500999966     
   109.09643466057027       -750.16831892000027     
   108.67690122366297       -744.99044314999992     
   108.25709906955724       -737.90932548999990     
   107.83765329519017       -728.81381642999986     
   107.41895752255604       -717.21468251999977     
   107.00146324238489       -703.18579639000018     
   106.58585571218059       -686.80874947000029     
   106.17266549084667       -667.82245143999990     
   105.76235495531094       -645.72896037999999     
   105.35530569545435       -621.44434447000003     
   104.95177955298199       -595.56800254999962     
   104.55178913296497       -568.48162675000003     
   104.15524619990533       -540.36088414000005     
   103.76234785127910       -511.19497966000017     
   103.37331181104237       -480.94065640000008     
   102.98856264090951       -449.56980908999958     
   102.60785740678216       -416.81857702999969     
   102.23019457846227       -381.66988709999987     
   101.85318320313733       -344.60004485999980     
   101.47690292193865       -306.32016583000041     
   101.10228765604624       -266.86648523999975     
   100.72968633674772       -226.07232864999969     
   100.35805904567378       -184.00931226000012     
   99.987219571546248       -141.04404324999996     
   99.619119408561005       -97.182149039999786     
   99.254813944947301       -51.067956889999550     
   98.979251046962958       -6.9434078200001750     
   98.943799284375785        0.0000000000000000     
>
   126.30699543573078       -30.000000000000000     
   126.18553125133207       -54.029522410000027     
   126.14392534923863       -46.369381999999860     
   126.07653348229289       -24.763936970000032     
   126.02592755940400       -3.5776961800002027     
   126.01799438599338        0.0000000000000000     
>
   126.30699543573078       -30.000000000000000     
   125.84821610982253       -57.535938850000093     
   125.66241793414559       -56.168035830000008     
   125.39111956091173       -50.227592440000080     
   125.05628704545943       -34.883948550000241     
   124.82351779104475       -15.296724499999982     
   124.69419549070450        0.0000000000000000     
>
   126.30699543573078       -30.000000000000000     
   126.08210377782216       -57.311506189999818     
   125.99768876229901       -60.125212089999877     
   125.88064036350448       -63.470761630000197     
   125.72466406727645       -66.380623539999760     
   125.52300298252496       -65.639513760000227     
   125.31151796369153       -57.165942360000372     
   125.16362266398116       -40.877446479999890     
   125.04783477230086       -17.906657540000197     
   124.97899274921599        0.0000000000000000     
>
   126.30699543573078       -30.000000000000000     
   126.09911317541285       -57.520273000000088     
   126.02345811137570       -60.908770510000068     
   125.91976077475179       -66.125782209999670     
   125.78193406209506       -71.982229100000040     
   125.60667888251295       -77.831840539999575     
   125.39505979155919       -83.493694710000455     
   125.15304586337737       -88.594802880000316     
   124.89116233237111       -92.460961159999897     
   124.61361241680855       -94.522740600000361     
   124.32099886827338       -92.686490979999689     
   124.05483706152995       -81.708713850000095     
   123.89556224736715       -64.476859149999655     
   123.81518887601835       -44.855694089999815     
   123.77327185785083       -24.813367560000188     
   123.73399732096091        0.0000000000000000     
>
   126.30699543573078       -30.000000000000000     
   126.00869757306828       -57.541289449999567     
   125.88928285864573       -61.247424789999968     
   125.72653935808772       -66.885489289999896     
   125.51154726468791       -73.082947590000003     
   125.23977677424401       -79.508756979999816     
   124.92394411170729       -86.042567079999571     
   124.60483069292695       -91.700811249999788     
   124.27954823773811       -96.751094760000342     
   123.93590191276857       -101.41992596000000     
   123.57251031681268       -105.00515271000040     
   123.19091585221202       -107.32328596000025     
   122.79926540562886       -107.83636877000026     
   122.41446696112698       -105.71686398000020     
   122.03597735473174       -100.51826300999983     
   121.66725094889382       -90.111128640000061     
   121.31920660001126       -64.907594379999864     
   121.17000037290209       -39.080154979999861     
   121.09997805679212       -12.797482769999988     
   121.07799939638249        0.0000000000000000     
>
   126.30699543573078       -30.000000000000000     
   126.23086882744134       -58.533748650000234     
   126.21431722311617       -59.704047219999666     
   126.19090960600528       -61.311071000000084     
   126.15850425993003       -63.221954089999599     
   126.11444839037280       -65.196690599999783     
   126.05644329072349       -67.635030489999735     
   125.98426149674376       -70.583129159999771     
   125.89959380683999       -73.949769910000214     
   125.80329965768095       -77.241805710000335     
   125.69516648193057       -79.987553990000379     
   125.57669943967481       -81.657331589999558     
   125.44938134564613       -81.586584269999548     
   125.31370322466134       -78.923054550000415     
   125.17090667622797       -71.816080689999580     
   125.02770218185579       -57.750962459999755     
   124.90403096409166       -29.767067120000320     
   124.83989349733170        0.0000000000000000     
>
   126.30699543573078       -30.000000000000000     
   126.09285876829527       -57.580457750000278     
   126.01431657000879       -61.019878840000274     
   125.90684917119783       -66.312570729999607     
   125.76421247798483       -72.218190450000293     
   125.58319334314410       -78.162214519999907     
   125.36504024167650       -84.033526029999848     
   125.11607289788645       -89.640842949999751     
   124.85078427879849       -94.686226189999616     
   124.57048817660026       -99.740946619999704     
   124.27559654793507       -103.87231241999962     
   123.96776695965804       -106.80856065999978     
   123.64806167549179       -108.36294798000017     
   123.31391155275449       -108.93530069000008     
   122.96886377305704       -108.38116061999972     
   122.62890729618546       -106.39042175000031     
   122.29802131391617       -102.91266393000024     
   121.96783319422191       -98.759505459999673     
   121.64161910968413       -93.579188939999767     
   121.32645738070686       -85.149008819999835     
   121.03217079545647       -72.463909549999698     
   120.75730003046937       -53.654432479999741     
   120.57221576018530       -28.859771780000301     
   120.45599757721286        0.0000000000000000     
>
   126.30699543573078       -30.000000000000000     
   125.82455467241543       -59.031585820000146     
   125.63072420163211       -61.094618559999617     
   125.35832288467331       -65.398122220000005     
   124.98659418007246       -73.107871739999609     
   124.57655694539743       -84.880627520000417     
   124.14905996831722       -104.44122828000036     
   123.70232077718079       -130.26375898999959     
   123.23681435398711       -156.06472985999972     
   122.75883693177165       -176.36532973999965     
   122.28895769480721       -190.71028809000018     
   121.82255745747801       -200.36594329000036     
   121.35373074395393       -206.36788807999983     
   120.87949187124767       -208.44623210999998     
   120.40146402874764       -207.98380533000000     
   119.91984775167657       -205.16266658000040     
   119.43440297072495       -199.27151162999962     
   118.94576337719660       -189.26480220000030     
   118.45611480501908       -174.89533415999995     
   117.96684094722920       -155.54864128999998     
   117.48076877750937       -128.39544801000011     
   117.00424953284194       -90.936927560000186     
   116.54488006042114       -44.028727330000038     
   116.21469595143134        0.0000000000000000     
>
   126.30699543573078       -30.000000000000000     
   126.13489037801862       -57.426571119999608     
   126.07609688846516       -60.674571479999940     
   125.99483887030530       -65.719311320000088     
   125.88594366070862       -71.539695280000160     
   125.74627259696071       -77.389360289999786     
   125.57643817092749       -83.109893060000104     
   125.38105097385808       -88.389703339999869     
   125.15895076624966       -93.247815329999867     
   124.91006650133762       -98.448427340000308     
   124.64833365822727       -102.92459832999975     
   124.37526484545573       -106.15080477999982     
   124.09050253736878       -108.05882775999999     
   123.79132060085298       -109.03565472999981     
   123.48048527606635       -108.86992422000003     
   123.16175573899808       -107.00904597000044     
   122.83554451924917       -103.51912154999991     
   122.50613734100799       -99.843663079999715     
   122.17813620115690       -96.357232520000252     
   121.85567441711498       -92.050097850000384     
   121.54795884743602       -84.846838569999818     
   121.25863407655339       -73.799333910000314     
   120.98690999568959       -57.977986449999662     
   120.76159664085552       -32.293962570000076     
   120.64437864655835       -7.4266913100000238     
   120.61899948172928        0.0000000000000000     
>
   126.30699543573078       -30.000000000000000     
   125.93788342930746       -59.819895429999633     
   125.79975018423889       -62.904569260000244     
   125.61120467601076       -69.345271340000181     
   125.35822204410418       -81.845717160000277     
   125.03490483409794       -107.58260463999977     
   124.69115136602367       -144.85327706000044     
   124.35360532252912       -180.46046504999958     
   124.02607973763477       -208.56370348000019     
   123.70311260483162       -231.77044816000034     
   123.37901502633017       -252.49157119000029     
   123.05078985998740       -271.59072688000015     
   122.72344647566685       -287.71086412000022     
   122.40112850402751       -300.05944371999976     
   122.08211879060522       -309.03303087000040     
   121.76505770658993       -314.80161016999955     
   121.44898039108151       -317.29342140999961     
   121.13324799615614       -316.78889562000040     
   120.81870448862261       -314.63752959999965     
   120.50794250243172       -310.73850913000024     
   120.20003842964339       -304.24181957000019     
   119.89354440594964       -293.98288365000008     
   119.58699480535132       -279.46000141999957     
   119.28096029379650       -260.36603374999959     
   118.97589522680403       -237.05766611000035     
   118.67600969813545       -210.19040688000041     
   118.38133235567963       -181.07218958999965     
   118.08424457984680       -150.80852907999997     
   117.78267913896961       -119.15352297000027     
   117.47671166347494       -85.684901870000431     
   117.16731618158741       -47.066133530000116     
   116.89629798470757        0.0000000000000000     
>
   126.30699543573078       -30.000000000000000     
   125.94475376603771       -59.951290619999781     
   125.80998836679517       -63.277442900000096     
   125.62634909603024       -70.179459220000354     
   125.38073412820620       -83.711636439999893     
   125.06707125677929       -111.29107175999980     
   124.73076165617219       -149.94353548999970     
   124.40320283972666       -185.65702280000005     
   124.08636635516083       -214.02866005000033     
   123.77467617736764       -237.95258255000044     
   123.46235058939733       -259.85277483000027     
   123.14653110488952       -279.60099007999997     
   122.82907181521770       -296.09836746000019     
   122.51692384415894       -309.20766526999978     
   122.20867370487200       -319.32866334000028     
   121.90303453418480       -326.71815573999993     
   121.59874066836315       -331.97367080000004     
   121.29507419130967       -336.00282854000034     
   120.99200530921991       -339.57156728999962     
   120.69151129938982       -342.39875967999978     
   120.39411068860956       -344.11126743000023     
   120.09897612584597       -344.54662661000020     
   119.80433946339248       -343.88726934999977     
   119.50980879812816       -342.12594069999977     
   119.21534345005067       -339.13683976999982     
   118.92104998930694       -334.79000590000032     
   118.62675251785872       -330.55796878999990     
   118.33153373030162       -327.42943725999976     
   118.03486937026760       -325.38915874000031     
   117.73677261578561       -323.96478494999974     
   117.43720565164223       -322.36896027999956     
   117.13591580345685       -320.29103390999990     
   116.83317293434344       -317.72213463000026     
   116.53066211313062       -314.31651815999976     
   116.22885201928173       -308.97063309999976     
   115.92782343984362       -300.19343533000028     
   115.62759642833865       -289.04557825000029     
   115.32855142873210       -276.03100989999984     
   115.03060249735714       -261.15993082000023     
   114.73428420382176       -242.87631890000011     
   114.43991511265116       -220.76003465000031     
   114.14645530547614       -194.64985957000044     
   113.85281043293844       -164.52053737999995     
   113.55933973956562       -130.70925662999980     
   113.26626725184933       -95.193606370000452     
   112.97362219063632       -58.075730569999905     
   112.68264099881405       -10.246964410000146     
   112.63499898651689        0.0000000000000000     
>
   126.30699543573078       -30.000000000000000     
   125.84119279336527       -59.452646040000218     
   125.65717250567714       -62.189935340000375     
   125.40136175417250       -68.039960369999790     
   125.05240067284318       -78.965709680000145     
   124.66198838802084       -98.822299149999708     
   124.26098211386135       -128.43982775000040     
   123.85039369380272       -160.53720487999999     
   123.43029245573626       -187.69612664000033     
   122.99686421972591       -209.11470098999962     
   122.56297532566110       -227.60824588000014     
   122.13341111691356       -245.51322918999995     
   121.70506043274237       -264.46360817999994     
   121.27341810612974       -282.56933679000031     
   120.83539417577254       -298.49977983000008     
   120.39401156691375       -312.43749293000019     
   119.94882222657003       -324.35372822000045     
   119.49783111575427       -334.87256634000005     
   119.03892516617682       -345.38844779999999     
   118.57255128490543       -356.70661207000012     
   118.10073143994290       -369.09612352000022     
   117.62306513380153       -382.61458208000022     
   117.13982452142648       -397.61162367999987     
   116.65184841300641       -412.01923760000045     
   116.16259575465433       -424.99893223999970     
   115.67263033682495       -436.33195769000031     
   115.18171151725097       -445.95769662000021     
   114.68951213704054       -453.76601521999964     
   114.19914507580795       -459.35839838999982     
   113.71095181638958       -463.00040317999992     
   113.22394916323637       -464.86369480000030     
   112.73718772530820       -464.94934680999995     
   112.25229699452908       -463.41555787000016     
   111.76986482558043       -460.35742779999964     
   111.28919392884499       -455.66087535000042     
   110.81009981191791       -449.27333351000016     
   110.33400512896485       -440.99517454000033     
   109.86242535331178       -430.58505126000000     
   109.39409825897116       -418.08024354000008     
   108.92839531125921       -402.49852169000042     
   108.46499221607294       -383.50508323000031     
   108.00543080279608       -361.84509048000018     
   107.54937761000123       -338.01428598999973     
   107.09603794524855       -312.49392638999961     
   106.64446241749802       -285.32297791000019     
   106.19491286845471       -256.60391515999981     
   105.74955049486167       -226.23072453999976     
   105.30921983648545       -194.30315705999965     
   104.87349919640059       -160.56185080999967     
   104.44089372776115       -124.06073367000045     
   104.01342826335880       -84.835651360000156     
   103.59339348839472       -40.044959910000216     
   103.31899713244879        0.0000000000000000     
>
   126.30699543573078       -30.000000000000000     
   125.91041583337326       -59.850246150000203     
   125.75995081802323       -63.097851239999727     
   125.55383842428523       -69.903260590000173     
   125.27649420056541       -83.127521669999624     
   124.93107285239593       -109.61464790999980     
   124.57538352786565       -146.32526547999987     
   124.22054848338411       -181.52210414999990     
   123.87066723186146       -209.89951870000004     
   123.52292884243295       -233.65563494999969     
   123.17112818235003       -255.52021651999985     
   122.81616021166371       -276.24252739999974     
   122.46505111162026       -294.42610787000012     
   122.11549530011619       -309.87259376000020     
   121.76660354667817       -322.63751504999982     
   121.41688845291148       -333.39363057999981     
   121.06448389532927       -343.55929236999964     
   120.71038911229847       -353.93505286999971     
   120.35626052475868       -364.86953715999971     
   120.00125072815452       -376.22591032000037     
   119.64450486947941       -389.00553176999983     
   119.28509131938441       -402.96372874999997     
   118.92220908289423       -416.30906372000027     
   118.55729972178126       -428.62650191000012     
   118.19116251214753       -439.59958666999955     
   117.82332590974069       -448.95602945999963     
   117.45379965484307       -456.51353291000032     
   117.08264734576808       -462.24097700000038     
   116.71039152001039       -466.10993160999988     
   116.33910170106840       -468.06523895000009     
   115.96799179086906       -468.26098973999979     
   115.59661373642912       -466.90308269999969     
   115.22479679633027       -463.96415400000024     
   114.85248940437246       -459.14829697000005     
   114.48001012508088       -452.29406740000013     
   114.10679860574751       -444.45538019000014     
   113.73285140862566       -435.48408165000001     
   113.35842636471598       -425.00682478999988     
   112.98348279401613       -412.59287465000034     
   112.60851916979399       -397.55062132999956     
   112.23440581491617       -379.72525047999989     
   111.85944333660960       -360.49225088999992     
   111.48338822781814       -340.03143250999983     
   111.10574201527383       -318.69336730000032     
   110.72623254403166       -296.46955618999982     
   110.34733785648652       -272.89295892999962     
   109.97013855101002       -247.22369256000002     
   109.59496350536736       -218.61593331000040     
   109.22304858948829       -186.95426716000020     
   108.85609262318808       -152.58956344000035     
   108.49591589333122       -116.01994034000018     
   108.14463318708064       -77.077600980000170     
   107.79967306992343       -31.705308239999795     
   107.61749713332651        0.0000000000000000     
>
   126.30699543573078       -30.000000000000000     
   125.79532523131023       -59.848655800000415     
   125.58427795222011       -65.377527579999878     
   125.28617088449808       -76.761537149999640     
   124.89927942522884       -98.256475400000454     
   124.50162667295095       -130.72151290999955     
   124.10470386888369       -167.01860294000016     
   123.70461661900200       -200.91887651999969     
   123.29557575790494       -233.52241116999994     
   122.87409541046397       -268.43918353000026     
   122.45361544730549       -303.51529220999964     
   122.03469049155967       -335.37089526000000     
   121.61459727490212       -364.07061445999989     
   121.19020114532287       -389.36803469000006     
   120.75990928019580       -410.41851907000000     
   120.32599517598869       -426.61768874999962     
   119.88842330931928       -439.07358234999992     
   119.44705674327828       -448.51290580000023     
   118.99973198929155       -455.07532723999975     
   118.54958656415785       -459.47519984999963     
   118.10138747660008       -462.63559058000010     
   117.65373670963697       -464.54689665000024     
   117.20548605587905       -465.20842533999985     
   116.75571763696408       -464.69337566000013     
   116.30316464324224       -463.50248020999970     
   115.84732344482566       -461.80688855999961     
   115.38797803663158       -459.64253285999985     
   114.92500122203299       -457.02413302999958     
   114.45891095486233       -454.17937873000028     
   113.99012262950946       -451.48960600000009     
   113.51894277838628       -448.94469458999993     
   113.04554500769986       -446.48931816999993     
   112.57018657549305       -444.09536971000034     
   112.09429185480494       -441.79999607999980     
   111.61809002874718       -439.58287157999985     
   111.14161203703985       -437.41025169000022     
   110.66491517546086       -435.23901371000011     
   110.18825727501086       -432.92510404000041     
   109.71169276667888       -430.39600099000018     
   109.23518498116702       -427.61972779999996     
   108.75872990777086       -424.55146709000019     
   108.28182964618027       -420.85286341000028     
   107.80386883974040       -415.23591607999970     
   107.32524397523446       -406.42910186999961     
   106.84678526848448       -392.44764607999969     
   106.36998871225192       -372.87704458000007     
   105.89539460572256       -350.08566924000024     
   105.42357533371778       -325.12831608000033     
   104.95536970642637       -298.36088706999999     
   104.49183196616197       -269.76348478000000     
   104.03446268934830       -239.08255338999970     
   103.58294388441790       -206.42127298000014     
   103.13721882855066       -171.94263340999987     
   102.69790803502138       -135.73520455000016     
   102.26645822222257       -97.726876919999995     
   101.84451263306491       -56.868160209999587     
   101.48569209427136       -11.960647449999669     
   101.41100017226101        0.0000000000000000     
>
   126.30699543573078       -30.000000000000000     
   125.81901187885958       -60.081997199999932     
   125.62558591626835       -64.425475910000387     
   125.35677074204949       -73.341679289999774     
   124.99827048665450       -90.627712880000217     
   124.61452914925525       -119.97054497000045     
   124.22520319238225       -155.79207183000017     
   123.83100480255504       -188.75006198000028     
   123.42869046578565       -217.25650953999957     
   123.01324565559064       -243.91040318999967     
   122.59387493869264       -272.53939821000040     
   122.17399371641338       -301.59585496000000     
   121.74948299527830       -329.61360033999972     
   121.31661912268044       -357.44293180000022     
   120.87238948661685       -386.01261976000023     
   120.42087010872868       -414.76095190999968     
   119.96201457943579       -441.55558273000042     
   119.49656774385114       -466.69961332000003     
   119.02758633172671       -490.30870838000010     
   118.55780621645805       -512.09157343999959     
   118.09043825343980       -531.73730112999965     
   117.62484531362146       -548.82362208999984     
   117.16060398120423       -563.39330014999996     
   116.69776353055710       -575.51099619999968     
   116.23931995790745       -584.90756019000037     
   115.78545775566020       -591.94569070000034     
   115.33495652374563       -597.83062937999966     
   114.88750228130080       -602.77919052000016     
   114.44179785191359       -607.24709231999987     
   113.99658502030090       -611.49634649000018     
   113.55182654420715       -615.25989783000023     
   113.10739064334305       -618.24885326000003     
   112.66297307712792       -620.24270619999970     
   112.21720333055386       -621.55335915999967     
   111.76979607064692       -622.06228681999983     
   111.32074556782926       -621.57110629999988     
   110.86995785702511       -619.95772544000010     
   110.41776525374640       -616.84488057999988     
   109.96493208367053       -611.54046878999998     
   109.51118619185245       -603.99479700000029     
   109.05641699744072       -594.17331352000019     
   108.60103760299418       -581.97082141000010     
   108.14877452590862       -567.09797700000036     
   107.70016176283426       -549.81109085000026     
   107.25538896279600       -530.97181439999986     
   106.81418798155320       -510.96089682000002     
   106.37775916565326       -489.35733514000003     
   105.94713097430980       -465.80900998000016     
   105.52131505535371       -440.31029639000008     
   105.10006560989775       -412.82970370000021     
   104.68412461826597       -382.44755824999993     
   104.27410629119764       -349.39463084999988     
   103.86904863258151       -314.44437381999978     
   103.46855859338105       -277.89126656000008     
   103.07280576909891       -239.77989597000033     
   102.68322198122527       -200.20446243999959     
   102.29972357792438       -159.28779666999981     
   101.91738426821078       -117.03959175000000     
   101.53683602451491       -73.391054030000305     
   101.16161342337659       -23.212506779999785     
   101.02549412490185        0.0000000000000000     
>
   126.30699543573078       -30.000000000000000     
   125.80688694633643       -60.480043120000119     
   125.60776406454674       -65.902723709999918     
   125.33075616704329       -76.769203189999644     
   124.96774673392613       -98.093844289999652     
   124.58604283438964       -131.30701596000017     
   124.20072529013983       -168.30046089999996     
   123.81099310620138       -201.68882711999959     
   123.41252904570814       -232.17470830000002     
   122.99944138381670       -263.47598790000029     
   122.58130080727061       -296.17701508000027     
   122.16118925596410       -328.17721288000030     
   121.73527478827000       -359.66680378000001     
   121.29981083327020       -391.06962158999977     
   120.85260181675486       -420.78956197000025     
   120.40001387260853       -447.68070231999991     
   119.94353153443703       -471.75218589999986     
   119.48995867586821       -493.60564759000044     
   119.03760793624245       -513.31286642000032     
   118.58571785467116       -530.95393593999961     
   118.13572369039119       -546.70193265000034     
   117.68677288222710       -560.74060249000013     
   117.23781577152745       -573.35395263999999     
   116.78847878982019       -584.65179280000029     
   116.33996113773718       -594.86559638000017     
   115.89210296005801       -604.52737309999975     
   115.44483951255363       -613.93842738999956     
   114.99820058902857       -623.36987182000030     
   114.55180803734856       -632.26148425999963     
   114.10514791438567       -640.26077090000035     
   113.65843336043376       -647.30588157999955     
   113.21182652254433       -653.36384533999990     
   112.76552965481345       -657.87519205999979     
   112.31942816568528       -660.11188143999971     
   111.87285398638926       -659.90292986999975     
   111.42495799349665       -657.21273622999979     
   110.97470198751158       -651.67886413999986     
   110.52112741006947       -643.81462866000038     
   110.06525813672171       -635.01006426999993     
   109.60705979000156       -625.07619565999994     
   109.14621953496157       -613.59724774999995     
   108.68271044258614       -600.32272482999997     
   108.21834993495084       -586.00356913999985     
   107.75666227535541       -570.17423261000022     
   107.29784456127597       -552.70246701999986     
   106.84164583720518       -533.93087484999978     
   106.38810621018760       -514.10383110000021     
   105.94018156940604       -492.39837532999991     
   105.49792405401841       -468.59513513999991     
   105.06129642176910       -442.52613064999969     
   104.63022934476678       -414.29517339999984     
   104.20504539824114       -383.18343533999996     
   103.78623847179786       -349.43348975000026     
   103.37389851980825       -313.69277485000021     
   102.96796366283220       -276.18000567000036     
   102.56872954708369       -236.86115117999998     
   102.17644655511232       -195.70364538000013     
   101.78961984007212       -152.85655630000019     
   101.40689435681537       -108.40872367999964     
   101.02812514702386       -62.472146400000383     
   100.65439853864702       -6.8175751899998431     
   100.61699413594835        0.0000000000000000     
>
   126.30699543573078       -30.000000000000000     
   125.84373557998929       -59.974412560000019     
   125.66240704794780       -63.811083640000106     
   125.41158446686872       -71.785210080000070     
   125.07295782500265       -87.287669940000342     
   124.69638075167431       -115.17454448999979     
   124.31452329945300       -150.79668920000040     
   123.92896282110482       -184.05905562000044     
   123.53729633170384       -212.12545413000043     
   123.13468634872039       -237.24155341000005     
   122.72394895963919       -262.91668781000044     
   122.31516077292275       -289.24641683000027     
   121.90614684084133       -314.24957173999974     
   121.49337602460179       -337.70873458000005     
   121.07330744512876       -361.48882185999992     
   120.64579385227294       -386.67677466999976     
   120.21308295940213       -413.00167203999990     
   119.77312071287793       -438.66736993999984     
   119.32672357753567       -464.21271087999958     
   118.87447998101463       -489.56757257000027     
   118.42086644244353       -514.25416965000022     
   117.96764939065562       -537.75100933999965     
   117.51446213267224       -558.87706775999959     
   117.06133618117123       -576.48508438000044     
   116.60955152383129       -589.82519156000035     
   116.16264674789667       -600.13284514000043     
   115.72007410573050       -608.82618885000011     
   115.28140960857615       -616.34725672999957     
   114.84612269753013       -622.97433732999980     
   114.41278670772223       -629.66933463999976     
   113.98111573322065       -636.96783118999974     
   113.55095392950945       -644.90679524999996     
   113.12197069995001       -653.38877898999999     
   112.69452643498549       -661.24759561999963     
   112.26912132675710       -667.97912474999976     
   111.84594445133197       -673.36716000999968     
   111.42520780308838       -676.92984443000023     
   111.00683403272616       -678.47705424000014     
   110.59049483543785       -678.10800552000001     
   110.17529525117232       -676.44650180000008     
   109.76092473681329       -673.53288441000041     
   109.34733516390729       -669.10120645999996     
   108.93465659387019       -662.65887064999970     
   108.52315430615376       -653.51520925000023     
   108.11143085673454       -642.44569337000030     
   107.69855862696809       -630.47812738999983     
   107.28605767384255       -616.92464610000025     
   106.87586001098931       -600.95087518000037     
   106.46794730375949       -582.91132322999965     
   106.06345286264030       -563.03112633000001     
   105.66335243472969       -541.38192486000025     
   105.26912310518240       -518.17862607000006     
   104.88093446950110       -493.42415206999976     
   104.49969409280796       -466.78784601000007     
   104.12434601391601       -438.00576421999995     
   103.75265168678192       -406.90995377000036     
   103.38399117108862       -372.97673028000008     
   103.01961007704809       -336.94001579999986     
   102.66167876872785       -299.27889047000008     
   102.31006890358537       -260.05296487000032     
   101.96041568925882       -220.01197234000028     
   101.61288184575749       -179.60365869999987     
   101.26965549884008       -137.13820710999971     
   100.93587722570146       -92.247213270000429     
   100.61717117990212       -43.867070489999605     
   100.39700012113623        0.0000000000000000     
>
   126.30699543573078       -30.000000000000000     
   125.80150801870545       -59.786021079999955     
   125.59263110368286       -65.409369969999716     
   125.29731720513438       -77.033674489999612     
   124.91223342765849       -99.016207839999879     
   124.51842235728999       -131.69934816000023     
   124.12671232309781       -167.96033188000001     
   123.73171007350641       -202.07090492000043     
   123.32778343354639       -235.27689998999995     
   122.91072059058293       -270.95183475999966     
   122.49373624283525       -306.19597412999974     
   122.07877099830142       -337.89240819000042     
   121.66321847204391       -366.25714133000020     
   121.24397094106845       -391.00461894000000     
   120.81899497821665       -411.25814285999968     
   120.39154784846323       -426.56628750999971     
   119.96258581834167       -438.26513249999971     
   119.53023531591397       -447.12024251000003     
   119.09244801711955       -453.25751232000039     
   118.65016701046299       -457.06427954999981     
   118.20927657233651       -459.62016887000027     
   117.76889091001350       -461.06393318000028     
   117.32787212934446       -461.42557011999997     
   116.88532584323615       -460.77253101000042     
   116.44023906233491       -459.46060829999988     
   115.99200502435258       -457.74579747000007     
   115.54047476026660       -455.67946699000004     
   115.08527011794271       -453.30352977999974     
   114.62629541343176       -450.68130190000011     
   114.16516180400882       -448.18910450000021     
   113.70211222377229       -445.86225515000024     
   113.23715125638439       -443.68027127000005     
   112.77029666353627       -441.62407578999955     
   112.30269665261746       -439.73090966000018     
   111.83514477015208       -438.04144627000005     
   111.36768799867804       -436.57722846999968     
   110.90036415340877       -435.37551548000010     
   110.43312739772195       -434.47576474000016     
   109.96570557667245       -433.92516043999967     
   109.49780705475065       -433.74312471000030     
   109.02913962348920       -433.91287975999967     
   108.55938930202508       -434.52582299999995     
   108.08787083285439       -435.17116315000021     
   107.61433612525875       -435.56281510000008     
   107.13866543106229       -435.51125912000043     
   106.66070118687574       -434.78796822000004     
   106.18166436572656       -431.89513650000026     
   105.70161742001268       -425.83618658999967     
   105.21822955748834       -417.22898683000039     
   104.73235505820237       -405.08746247999989     
   104.24790378603987       -388.86987771999975     
   103.77261410876656       -367.89383464000002     
   103.30160156131490       -343.65160362999995     
   102.83111327023119       -317.59600268000031     
   102.36064388675419       -290.22670123999978     
   101.89984087396986       -260.32378928999970     
   101.44750331237302       -227.92173782000009     
   101.00019345528851       -193.56127545999971     
   100.55525621636764       -157.80191277999984     
   100.11523724702330       -120.53627375999986     
   99.684241216785608       -81.362535739999657     
   99.259922436506542       -36.809005809999690     
   99.009831522511504       -1.1540934900003776     
   99.002995563248021        0.0000000000000000     
>
   126.30699543573078       -30.000000000000000     
   125.82541410908424       -60.168106889999763     
   125.63525457879214       -64.685586489999878     
   125.37134163133197       -73.914634470000237     
   125.01889868557856       -91.971601260000170     
   124.63915430164690       -122.42097543000000     
   124.25487094618853       -158.87360712000009     
   123.86661183670039       -192.07883262999985     
   123.47094495608512       -221.06443324999964     
   123.06251658685403       -248.67073655999957     
   122.64804637784141       -278.11287400000037     
   122.23317509838336       -307.59073789000013     
   121.81392871332346       -336.04054977000033     
   121.38659617512585       -364.72858947999975     
   120.94763373992635       -394.31305735000024     
   120.50022533410383       -423.44018199000038     
   120.04610873860260       -450.99535852000008     
   119.58665160364158       -477.20995208000022     
   119.12367879974748       -501.99791646999984     
   118.65787730329751       -524.97516856000038     
   118.19414017372596       -545.39958198000022     
   117.73238719694372       -563.07925489999980     
   117.27248372787273       -578.14326186000017     
   116.81501991302547       -590.78337708999970     
   116.36142814684997       -602.24919211999986     
   115.91242405361243       -613.49538713000038     
   115.46791424119483       -625.30222434999996     
   115.02695390221929       -637.76505325000016     
   114.58910930764695       -651.23792460000004     
   114.15263236329356       -664.33809970000038     
   113.71774996043963       -675.28347667999969     
   113.28528028279386       -684.29002304999995     
   112.85526229148522       -691.46826669999973     
   112.42681019378713       -696.93364288999965     
   111.99928399586018       -700.80390881000039     
   111.57280573771136       -703.18734118999964     
   111.14744302835862       -704.10915863999981     
   110.72315117709520       -703.54924983999990     
   110.29909939514124       -702.05168907000007     
   109.87464253203740       -699.86617731000024     
   109.44973417820354       -696.95606815999963     
   109.02441100293757       -693.23005175999970     
   108.59880937019091       -688.50958753000032     
   108.17337618703134       -682.54289892999986     
   107.74788799992496       -674.65668052000001     
   107.32247257845653       -664.18696891000036     
   106.89764157392288       -650.37986800999988     
   106.47257622965755       -634.07681115000014     
   106.04763006061027       -616.15944065999975     
   105.62368312992990       -596.78103049000038     
   105.20146194808046       -575.98936013999992     
   104.78187809088860       -553.75604699999985     
   104.36501692906343       -530.35850300000038     
   103.95202208633221       -505.73236567000004     
   103.54359142527002       -479.63910253999984     
   103.13943159149387       -451.92438327000036     
   102.73932887175214       -422.36384177000036     
   102.34390893593969       -390.15275972000018     
   101.95363530689994       -355.08127669999976     
   101.56783246741114       -317.98077845999978     
   101.18602543547441       -279.24536001999968     
   100.80811279756280       -238.91709635000007     
   100.43445207933055       -197.37342463999994     
   100.06529652811605       -154.80201402999955     
   99.701047787322494       -111.02756416000011     
   99.342984125755251       -66.043832909999765     
   98.992778007171779       -13.082590269999855     
   98.924000728315974        0.0000000000000000     
>
   126.30699543573078       -30.000000000000000     
   125.82428366338590       -64.628453850000369     
   125.63478418045540       -77.028172450000056     
   125.37983401153511       -101.09990260999984     
   125.05507466679865       -140.07786554999984     
   124.71465180229481       -183.20993153000018     
   124.38030286320812       -224.04902318000040     
   124.04419895444379       -265.39191613999992     
   123.69893860741026       -306.98620923999988     
   123.34289748680355       -345.78383730000041     
   122.97733380790676       -381.63499281999975     
   122.61157016674505       -413.84938845000033     
   122.24652100393396       -441.74687692000043     
   121.87984005736776       -466.91578689000016     
   121.50975344976207       -490.03410334999990     
   121.13546820755052       -511.51165702999970     
   120.75692703495511       -531.77779761999955     
   120.37680106114253       -551.15292229999977     
   119.99393921393433       -569.93010988999958     
   119.60702712818504       -588.34873132000030     
   119.21492232608296       -606.57179841000016     
   118.81708966506238       -624.72665531999974     
   118.41600833343381       -642.18471209000018     
   118.01183875937541       -658.56722909000018     
   117.60453682513818       -672.70223748999979     
   117.19377938253470       -684.31920607000029     
   116.77959221466500       -694.06345776000035     
   116.36324843371445       -702.79906508000022     
   115.94498982786584       -710.85810828000012     
   115.52436318751589       -718.50932620999993     
   115.10074857234743       -725.69824984000024     
   114.67389961051549       -732.31097239999963     
   114.24487627391152       -738.14881832999981     
   113.81373471239790       -743.01717184999961     
   113.38019303074729       -746.65267058999962     
   112.94394068584332       -748.74687718000041     
   112.50619521296679       -749.49125023000033     
   112.06904275139172       -749.42520742000033     
   111.63205759348818       -748.51121739999962     
   111.19454646034336       -746.65106895999998     
   110.75570950289749       -743.70131628000036     
   110.31531352733444       -739.81279283000003     
   109.87389023847331       -734.91937743000017     
   109.43199941606437       -728.39526738000040     
   108.99060993171223       -719.21209381999961     
   108.55047121419204       -706.72144191000007     
   108.11064132091484       -692.27782137000031     
   107.67187082657135       -675.59417346999999     
   107.23500942754811       -655.89565444999971     
   106.80110964728550       -633.18719324999984     
   106.37056625369335       -608.59810454000035     
   105.94350472452531       -582.82019047999984     
   105.52026768853337       -555.92021103000025     
   105.10100239586673       -527.84176441000000     
   104.68587786907028       -498.53520193999975     
   104.27277702914992       -468.44562678999955     
   103.85402453369566       -439.28100612999970     
   103.43026725204021       -410.93088191999959     
   103.00613812078608       -380.26102048000030     
   102.58044653366808       -347.51281296999969     
   102.15200303033666       -313.89580411000043     
   101.72462350960117       -279.49278631000016     
   101.30040155918678       -243.74652352999965     
   100.87902892780831       -206.43671346999963     
   100.45874548916808       -167.85979454999961     
   100.04228081412610       -128.11770121999962     
   99.632283686495612       -87.141099530000247     
   99.228235006528607       -42.273305339999752     
   98.956828344274498       -2.3050481600002968     
   98.943799284375785        0.0000000000000000     
>
   126.30699543573078       -30.000000000000000     
   126.36062714865156       -68.274839419999807     
   126.40014863034430       -83.788057869999648     
   126.45066230703075       -114.97414009000022     
   126.51488514449981       -160.27127930999995     
   126.59486603976981       -206.62244241999997     
   126.68933302657102       -249.60922369000036     
   126.79516119317573       -288.65804716000002     
   126.91028158904328       -324.80308556999989     
   127.03469937079372       -359.92739144999996     
   127.16800716544600       -394.13559233999968     
   127.30500595411178       -425.68079244999990     
   127.44078949932792       -454.96500389999983     
   127.57581731323333       -483.31260852000014     
   127.71088867192994       -510.70254482000018     
   127.84615884697595       -536.79650445999960     
   127.97829150522311       -561.58194060000005     
   128.10521425838414       -585.17998393000016     
   128.21728136224641       -607.65958564999983     
   128.30210776145503       -628.96761335999963     
   128.39463757800479       -648.69564912999977     
   128.49622585704350       -666.30091419000019     
   128.59812467919855       -680.85947940000005     
   128.70047384616802       -692.56151451000005     
   128.80468340704653       -702.60046483000042     
   128.91038151223535       -711.16723033000017     
   129.01537258752467       -718.21608007000032     
   129.12002962842871       -724.00902499000040     
   129.22672582606887       -729.05555430000004     
   129.33673142784164       -733.66848621999998     
   129.44867878352804       -737.61721868000041     
   129.56139332968078       -740.64955260999977     
   129.67452269726570       -742.94048259000010     
   129.78898820239161       -745.18139961999987     
   129.90569798313862       -747.39508620000015     
   130.02539573870411       -749.59028232000037     
   130.14722203241928       -751.65274719999979     
   130.26787548156042       -753.28900162999980     
   130.38733488668979       -754.48597670999970     
   130.50572343372980       -755.22724921999998     
   130.62328004607446       -755.51165913000023     
   130.74050033220271       -755.39826869999979     
   130.85749258113489       -754.84058834999996     
   130.97433471512889       -753.76494872999956     
   131.09119289194072       -752.10379446000024     
   131.20846016060690       -749.86721809000028     
   131.32549423545692       -746.95710385999973     
   131.44195134182334       -743.21094526999968     
   131.55771574223468       -738.50446155000009     
   131.67282697077778       -732.82883638000021     
   131.78716012265673       -726.09542294000039     
   131.90058341758231       -718.20103619000020     
   132.01337359416192       -708.98431915000037     
   132.12598386199883       -698.24830471000041     
   132.23827098164833       -685.76003887000024     
   132.35005160662101       -670.98187144999974     
   132.46110858591857       -653.04850921999969     
   132.57139952066535       -632.25656496000011     
   132.68078002550101       -609.56245441000010     
   132.78911087168521       -585.52215473999968     
   132.89629752118435       -560.29171181000038     
   133.00238810245193       -533.89627313999972     
   133.10742100365911       -506.35057830999995     
   133.21130627043459       -477.64105825000024     
   133.31395108361815       -447.72976997000023     
   133.41532679532077       -416.30521631000011     
   133.51558523935398       -382.43262882999989     
   133.61466911993992       -346.15390029999980     
   133.71252056834277       -308.12114650999956     
   133.80911895808254       -268.53177916999994     
   133.90448319676594       -227.34758221999982     
   133.99865568326865       -184.57549302999996     
   134.09158771617942       -140.34216970000034     
   134.18324319915814       -94.923945329999697     
   134.27359978685146       -47.120486249999885     
   134.33181287017464       -7.0159418100001858     
   134.33900119847235        0.0000000000000000     
>
   126.30699543573078       -30.000000000000000     
   126.52444208025662       -70.684577889999673     
   126.62888311607792       -90.012310609999986     
   126.76158185661093       -126.49670901999980     
   126.92401309517928       -173.92508840000028     
   127.11528530947855       -221.15222551999977     
   127.32717655537742       -265.75509262000014     
   127.53842322377470       -305.21530455999982     
   127.75042046686272       -341.89607963999970     
   127.96521488982874       -377.18190287000016     
   128.18354503525012       -410.28930395000043     
   128.40555070482495       -440.30939332999969     
   128.63062914696960       -469.24174624999978     
   128.85865545688813       -497.62921682999968     
   129.09059449548076       -525.10696524000014     
   129.32674133600372       -551.29363388999991     
   129.56453886788853       -575.96232114000031     
   129.80127299013515       -599.28690198999993     
   130.03163811370834       -621.55090036999991     
   130.25682255304213       -642.55980542999987     
   130.47834292737801       -661.90567049000038     
   130.69767460299741       -678.31702927999959     
   130.91783935922774       -691.72308095999961     
   131.14192429258327       -703.31963756000005     
   131.36909460357967       -713.64767434999976     
   131.59650899459007       -723.02175071999955     
   131.82401964250738       -731.66705998999987     
   132.05253067470710       -739.75963795999996     
   132.28268494981756       -747.40992145000018     
   132.51475920644606       -754.50683405000018     
   132.74843029640516       -760.75570970999979     
   132.98372457575269       -766.14609360000031     
   133.22097493295837       -770.88190569000017     
   133.45992067223267       -774.93313804999980     
   133.69886010897139       -778.33587116000035     
   133.93754171470948       -781.07859506000023     
   134.17609784269391       -783.34141286999966     
   134.41499545351476       -785.47797890000038     
   134.65451930718825       -787.52967147999971     
   134.89483326963921       -789.47623624999960     
   135.13609605017257       -791.30050656999992     
   135.37874596148930       -792.97820617999969     
   135.62239110046849       -794.39081753000028     
   135.86647340623318       -795.44439321000027     
   136.11101235934788       -796.13744796999981     
   136.35609791418395       -796.45010540000021     
   136.60196383751526       -796.30422016000011     
   136.84860210793292       -795.65511075999984     
   137.09598694233685       -794.45655075000013     
   137.34409313058481       -792.65437686000041     
   137.59289890028111       -790.27462923999974     
   137.84223752071208       -787.64519732000008     
   138.09220754061570       -784.85369581000032     
   138.34289146591217       -781.95653968999977     
   138.59411282560555       -778.81143522999992     
   138.84574556898437       -775.40200630999971     
   139.09760405772820       -771.50386209000044     
   139.34947858928984       -766.82419828999991     
   139.60122649718230       -761.12343934000000     
   139.85289361802788       -754.31033466000008     
   140.10460714845357       -746.39952031000030     
   140.35650975494639       -737.72009736000018     
   140.60850518059945       -728.20746507999957     
   140.86043872681233       -717.71146323999983     
   141.11225309780718       -706.03486116000022     
   141.36384229639475       -692.93535937999968     
   141.61486942340102       -678.08990524000001     
   141.86529838248575       -660.57377237000037     
   142.11489368800179       -639.96833475000039     
   142.36349147402427       -617.31240885999978     
   142.61096225209508       -593.13558447000014     
   142.85709975741372       -567.76474968000002     
   143.10169027672856       -541.23002054999961     
   143.34446566579896       -513.44630400999995     
   143.58507699333734       -484.29928801999995     
   143.82354946948601       -453.88658040999962     
   144.06008821312994       -422.17505966000044     
   144.29466343046462       -388.27943744999993     
   144.52713875753855       -351.80593467000017     
   144.75732282645350       -313.44340545999967     
   144.98510276452700       -273.49635387000035     
   145.21028892273412       -231.95291034999991     
   145.43257648753632       -188.81265319999966     
   145.65161308989946       -144.18221041000015     
   145.86750587292815       -98.300469929999963     
   146.08049376001640       -50.255341090000002     
   146.22695150865880       -9.3733777199995529     
   146.25399396992086        0.0000000000000000     
>
   108.69299789951144       -63.000000000000000     
   109.21120268740360       -78.892899690000377     
   109.37740799886346       -100.80834094999955     
   109.55964982560498       -127.28781125000023     
   109.76522306607274       -152.11770353999964     
   109.99145773701579       -176.32499287999963     
   110.23553144841379       -198.94218715999978     
   110.49393655274261       -218.93504350999956     
   110.76307487514892       -235.82834338999965     
   111.03340838748264       -249.55215866999970     
   111.29940403647012       -260.27174553999976     
   111.56114833873603       -268.44722464999995     
   111.81864358611149       -274.38561809000021     
   112.07395299955937       -278.61881182999969     
   112.32835370196943       -281.42639997999959     
   112.58100115357520       -282.67110563999995     
   112.83098263263442       -282.29169644000012     
   113.07717800668875       -280.52741327999956     
   113.31888597541651       -277.35586570000032     
   113.55640676869398       -272.52886356999988     
   113.79041017416499       -265.55322583999987     
   114.02305165899489       -255.83382875000007     
   114.25436273586152       -243.13823339000010     
   114.48448263350522       -227.60806229999980     
   114.71417625056120       -209.47424429999955     
   114.94387044057497       -189.00643144999958     
   115.17178445076878       -166.16532260999975     
   115.39788447663372       -140.61585157999980     
   115.62388538080286       -111.17974431000039     
   115.85214889524197       -76.684019770000305     
   116.08419966060154       -33.479555779999828     
   116.21469595143134        0.0000000000000000     
>
   108.69299789951144       -63.000000000000000     
   109.21924758758118       -83.785215199999584     
   109.37320134284867       -112.14061057999970     
   109.55436429009197       -143.36577441999998     
   109.75797858791270       -173.78846008999972     
   109.98288113201914       -203.08989408999969     
   110.22575105912307       -230.54429642000014     
   110.48303660395136       -255.74962438999955     
   110.75233936524030       -278.89759993999996     
   111.02421069625335       -300.35101174000010     
   111.29089675936476       -320.39295218000007     
   111.55490653668957       -339.43714971000009     
   111.81682559107813       -357.22050204999960     
   112.07687393831765       -373.51390076999996     
   112.33412854342586       -388.08264994000001     
   112.58876931514541       -400.72520473999975     
   112.84322158375562       -410.67858806000004     
   113.09593492550600       -417.70015882999996     
   113.34558867271551       -421.87029755000003     
   113.59327430995353       -423.92095498999970     
   113.83904454933571       -424.56553305000034     
   114.08294064382218       -424.14726134000011     
   114.32633654616741       -422.58573015000002     
   114.56977713921943       -419.38454846999957     
   114.81305272043103       -413.97907219999979     
   115.05538693201143       -405.85542139999961     
   115.29678493058064       -395.04750969999986     
   115.53722608965862       -382.23873691999961     
   115.77560116298483       -369.38349092000044     
   116.01099227219706       -356.13709396000013     
   116.24454705172697       -342.80005873000027     
   116.47584380464912       -329.16728444000000     
   116.70396064189678       -314.24954519000039     
   116.92852342204016       -296.15729442999964     
   117.15035835019681       -274.67704494000009     
   117.36896809901442       -250.42781732000003     
   117.58367543239801       -224.36243379999996     
   117.79404662130868       -196.58433403999970     
   118.00158510695908       -166.31349837000016     
   118.20573626621891       -132.03888747000019     
   118.40653447655495       -90.968095829999584     
   118.60762031169614       -39.921870129999661     
   118.72999950966819        0.0000000000000000     
>
   108.69299789951144       -63.000000000000000     
   109.33363746228027       -78.913433040000200     
   109.49439795596450       -99.575942509999550     
   109.73010820265972       -135.22657232999973     
   110.00209756297528       -170.16498144999969     
   110.30932038896414       -204.09655019999991     
   110.65102094931558       -236.42060908999974     
   111.01715013754044       -267.10169829999995     
   111.37975506246549       -296.15548238999963     
   111.73931299792086       -323.77205269000024     
   112.09807223023202       -350.01225874000011     
   112.45885858716592       -374.79121220999969     
   112.82358059108510       -397.64934053999968     
   113.18872028122530       -417.67194595999990     
   113.55144380841065       -434.73803430000044     
   113.91279338284153       -449.99302591000014     
   114.27357057245098       -463.59391806999975     
   114.63492587645965       -475.68699207999998     
   114.99700368022785       -486.53225302000010     
   115.35731963882509       -495.88851594999960     
   115.71543543955022       -503.22945335999975     
   116.07158714100828       -508.83394590999978     
   116.42574380347926       -512.86629403000006     
   116.77764530413133       -515.42776075999973     
   117.12685848688346       -516.63707611999962     
   117.47320917257079       -516.72249558000021     
   117.81872849652051       -515.73407083999973     
   118.16396248749618       -513.57112759000029     
   118.50902058043364       -510.06459873000040     
   118.85398700012645       -505.01521483000033     
   119.19860448853174       -498.25725103999957     
   119.54207548842086       -489.85171978000017     
   119.88417540034438       -479.77636351999990     
   120.22411927214483       -467.27145306999955     
   120.56177016691296       -452.25262853000004     
   120.89720027732899       -435.14849444999982     
   121.23061987889783       -416.12294976999965     
   121.56201120992837       -395.80706246000045     
   121.89162694480119       -374.84235196000009     
   122.22026349482938       -354.56116583000039     
   122.54883701950187       -334.30099083999994     
   122.87810382308717       -313.31024428000001     
   123.20831772588147       -289.40142302999993     
   123.53795179540323       -261.47651580999991     
   123.86710687222160       -229.70902250000017     
   124.19748521389853       -194.58613892999983     
   124.53168231917373       -154.79511072999958     
   124.86925128097946       -110.20498116999988     
   125.20156106333002       -65.627888789999815     
   125.47411650593141       -22.854784119999749     
   125.57899871924268        0.0000000000000000     
>
   108.69299789951144       -63.000000000000000     
   109.33714912050890       -81.289990360000047     
   109.49912944130502       -104.48123602000032     
   109.72954040150056       -139.02283735000037     
   109.99367049995899       -172.96030120999967     
   110.29052107127124       -205.88020772999971     
   110.61921778186625       -237.21006015999956     
   110.97283013444699       -266.97035653999956     
   111.32228567833971       -294.80519248000019     
   111.66669231828224       -321.00900097999966     
   112.00979089561490       -345.93063118999999     
   112.35415914738623       -369.51594981000017     
   112.70147526693150       -391.35551305999979     
   113.05086434772184       -410.75116614000035     
   113.39725227566478       -426.85919786999966     
   113.74167725025626       -440.63911499999995     
   114.08514309352536       -452.59989138000037     
   114.42852127425428       -462.77523159999964     
   114.77244720262004       -471.44905877000019     
   115.11573886672431       -478.93049743000029     
   115.45607005798350       -485.10986289999983     
   115.79417817305944       -489.89370056999996     
   116.13009300575662       -493.17614040999979     
   116.46404087439787       -495.06206474000010     
   116.79706685397242       -495.86528394000015     
   117.12913943180243       -495.70172170000023     
   117.45897174471577       -494.33456604000003     
   117.78684797977098       -491.69483947000026     
   118.11346657250088       -487.67062220000025     
   118.43958554604734       -481.94872974000009     
   118.76572629198940       -474.34050785999989     
   119.09192719849828       -464.64251356000022     
   119.41587981868162       -452.56120043999999     
   119.73744778858799       -438.49403880000045     
   120.05678809864888       -422.83149518000027     
   120.37369562997932       -405.89308052999968     
   120.68836977188653       -387.88980565000020     
   121.00136285566958       -370.32530193999992     
   121.31253336075706       -353.74352343999999     
   121.62099091076007       -337.17229725000016     
   121.92739326120915       -320.30410489000042     
   122.23201715071161       -301.00905993000015     
   122.53583202382988       -278.39153417000034     
   122.83915415325805       -252.34584233999976     
   123.14250034691297       -224.54111591000037     
   123.44507476643928       -194.09124979999979     
   123.74850346601437       -158.34170080999957     
   124.05380287273850       -115.36657666999963     
   124.35274760473368       -70.255738169999859     
   124.60292274352226       -24.993303379999816     
   124.69419549070450        0.0000000000000000     
>
   108.69299789951144       -63.000000000000000     
   109.33377439918948       -80.495572349999748     
   109.48095636646477       -101.41260956000042     
   109.71240724502954       -137.92908002999957     
   109.97880453742020       -173.73117058000025     
   110.27905446723636       -208.45751118000044     
   110.61221050822681       -241.61220768000021     
   110.97140633436571       -273.30909462999989     
   111.32845471474822       -303.55913349000002     
   111.68268528877269       -332.53009039999961     
   112.03575218554765       -360.08978234000006     
   112.39041648861095       -385.95444021000003     
   112.74849905778491       -409.52128331000040     
   113.10841852959892       -430.06547405000038     
   113.46585537535573       -448.58979766999983     
   113.82158595284611       -465.57488800000010     
   114.17664445086150       -481.06004086000030     
   114.53176368240149       -495.23335392999979     
   114.88820415458028       -507.52773262000028     
   115.24322770217118       -517.90981273000034     
   115.59480147097354       -526.54854662999969     
   115.94434123965981       -533.92281074000039     
   116.29236610797791       -540.12009502999990     
   116.63908520551725       -545.09657821000019     
   116.98460223763583       -548.75981675000003     
   117.32792885216462       -551.21128667999983     
   117.66897566769001       -551.64393225999993     
   118.00791113379906       -549.70141113000045     
   118.34500224881697       -545.80720199999996     
   118.68070852488255       -540.52805111999987     
   119.01554848878598       -534.40223987999980     
   119.34957427968520       -527.24687678999999     
   119.68182332851119       -518.74840190000032     
   120.01282619416745       -508.55867949999993     
   120.34286763667019       -497.18718447999981     
   120.67113978555084       -485.01164041999982     
   120.99685253203182       -470.16815640999994     
   121.32020813020925       -452.92261928999960     
   121.64110573951399       -434.05275675000030     
   121.95958317515944       -413.90882942000007     
   122.27601228674428       -392.44087321000006     
   122.59114422191702       -370.35419397999976     
   122.90620109962073       -348.81883868000023     
   123.22244801063177       -327.35256349999963     
   123.53882498305872       -304.46247672000027     
   123.85514752449663       -278.20278921000045     
   124.17167690369283       -247.91567412000040     
   124.49014918271826       -214.56305952999992     
   124.81366406315831       -177.38370114000008     
   125.14439993048946       -134.48242538999966     
   125.47349484674099       -88.806345549999605     
   125.78667815250674       -45.234599499999604     
   125.97675918758308       -10.219362730000285     
   126.01799438599338        0.0000000000000000     
>
   108.69299789951144       -63.000000000000000     
   108.38138965468067       -91.405255730000135     
   108.31281233808980       -126.36724045000028     
   108.22213374812458       -165.73670456000036     
   108.12328019656593       -204.93177287999970     
   108.01609641185564       -244.23256435999974     
   107.90002777086356       -283.12127514999975     
   107.77705899933670       -320.71315790999961     
   107.64848555481385       -356.92763310000009     
   107.51497837085441       -391.48546743000043     
   107.37696716579278       -423.11930648999987     
   107.23477336894308       -451.53706246999991     
   107.08881753131524       -477.52285330999985     
   106.93957005124599       -501.59214941000027     
   106.78733975297830       -524.11282750000009     
   106.63357965744017       -545.27250793999974     
   106.48937191399664       -565.22484225999960     
   106.35595468440852       -584.02746592000040     
   106.23192193028572       -601.75520039000003     
   106.11585328929360       -618.47262445999968     
   105.99917272939332       -634.08126326000001     
   105.87921427803832       -648.25764737000009     
   105.75647526258092       -660.61788514999989     
   105.63188387462341       -670.28405258000021     
   105.50491471188226       -677.15358724999987     
   105.37534775857031       -681.61832876999961     
   105.24341964625032       -684.13967537999997     
   105.10946326339199       -685.09292342000026     
   104.97406818355012       -685.45387372000005     
   104.83847772510556       -685.61588440000014     
   104.70414834673299       -685.58037770999999     
   104.57250957809150       -685.32666404999964     
   104.44260457968979       -683.89759979999963     
   104.31368163092162       -680.20289439000044     
   104.18577854700042       -673.49100639999961     
   104.05888558764393       -662.95076401999995     
   103.93250599845757       -647.86382476000017     
   103.80663920648357       -629.89652924999973     
   103.68181577062549       -609.79772195999976     
   103.55789703510075       -588.48494888000005     
   103.43419659648987       -566.33480830999997     
   103.30996789080660       -543.80342216000008     
   103.18523727410873       -520.73653989000013     
   103.06022533514128       -496.70629114999974     
   102.93473211163935       -471.78686394000033     
   102.80910939967930       -446.02022576000036     
   102.68420173902769       -418.66705387000002     
   102.56038269815650       -388.56987732000016     
   102.43775025284603       -355.87645972999962     
   102.31602250786891       -321.53486568999961     
   102.19503674321582       -285.70223475999956     
   102.07459013183295       -248.30688657999963     
   101.95458813568672       -209.42641519999961     
   101.83476948602983       -169.06407422000029     
   101.71504308257539       -126.89598321999983     
   101.59534819179882       -83.143159889999879     
   101.47574783905578       -34.986608359999991     
   101.41100017226101        0.0000000000000000     
>
   108.69299789951144       -63.000000000000000     
   109.27423033494527       -87.835101679999752     
   109.40841933866194       -116.42967887000032     
   109.60903305659309       -155.11120503999973     
   109.83572208305500       -193.06915530999959     
   110.08710960050433       -229.79950410000038     
   110.36163200716167       -265.27737478000017     
   110.65859946186089       -299.93768326000009     
   110.97150660197707       -333.92291523000040     
   111.27943531194990       -366.45108462000007     
   111.58399216539220       -397.06254539000020     
   111.88759790892107       -424.71299020999959     
   112.19218913983013       -449.95096339999964     
   112.49904240805142       -473.75836523999988     
   112.80894381165800       -496.27946238000004     
   113.11961297868866       -517.16220719000012     
   113.42872370055996       -536.19028453000010     
   113.73586860429086       -553.69152759000008     
   114.04196728711698       -569.21124742000029     
   114.34860168546660       -582.20305843999995     
   114.65545667256124       -592.84539803999996     
   114.96232712951591       -601.83531246999974     
   115.26833413909733       -609.16255758999978     
   115.57308006860680       -614.88596329000029     
   115.87657580424205       -619.24168031000045     
   116.17896401249016       -622.38500602000022     
   116.48051856716951       -624.10880995000025     
   116.78129504518475       -624.20771116000014     
   117.08118057385335       -622.68562082999961     
   117.38133883042485       -620.62589551000019     
   117.68220354393809       -618.20018024000001     
   117.98303044223790       -614.30540792000011     
   118.28308613936692       -607.98307124999974     
   118.58217984038467       -598.53342353999960     
   118.88187629298614       -586.36758918000032     
   119.18083191117914       -571.30534448999970     
   119.47572984237992       -552.04467414000010     
   119.76624006290767       -530.49015925000003     
   120.05330508830919       -508.48538153000027     
   120.34049387259101       -487.62329565999971     
   120.62714121177152       -466.56933391999974     
   120.91247819651100       -445.07679722000012     
   121.19550845323150       -423.61455804999969     
   121.47633110362877       -401.59049762999985     
   121.75460638373980       -378.70463515000029     
   122.02985988452338       -356.55459368999982     
   122.30225890965103       -335.05083460999958     
   122.57302958877027       -313.67301141000007     
   122.84393777775648       -289.36564988999999     
   123.11529803043048       -262.56120202999955     
   123.38583322390245       -235.06086939000033     
   123.65542246408103       -208.04229011000007     
   123.92645842265199       -178.32564841000021     
   124.19999190418247       -144.15963535999981     
   124.47105708360019       -108.40040508000038     
   124.72968678737844       -74.171820990000015     
   124.88347724967889       -47.549623529999735     
   124.96278434660057       -22.951992880000034     
   124.97899274921599        0.0000000000000000     
>
   108.69299789951144       -63.000000000000000     
   109.00606661372134       -93.976506189999782     
   109.09860903534226       -135.27904694999961     
   109.20682414405506       -177.21860328999992     
   109.32593805564355       -218.24124076000044     
   109.45416142296334       -258.30093596999995     
   109.59019993439122       -297.51439136000045     
   109.73282287661750       -335.77043195999977     
   109.88142119552295       -372.86475034999967     
   110.03600749617867       -408.10159144000045     
   110.19672272619835       -440.33202667000023     
   110.36410202814776       -470.44178252999973     
   110.53882149220632       -498.84967814999982     
   110.72123234149269       -525.66443574000004     
   110.90958648182257       -550.84777623999980     
   111.09924696588899       -573.97599419000016     
   111.28849033669215       -594.39863186999992     
   111.47137845980859       -612.93253642000036     
   111.64834162653045       -629.78831380999964     
   111.82049996931606       -645.32557660000020     
   111.98969325559436       -659.62712789000034     
   112.16195530373800       -671.58176648999961     
   112.33791464843073       -680.95289255999978     
   112.51715073866264       -687.81865509999989     
   112.69924875300156       -693.09607196999968     
   112.88501083233838       -697.62922598000023     
   113.07245683458825       -701.45764634999978     
   113.26086082224492       -704.38959821000026     
   113.45021019023724       -706.23554647000037     
   113.64173679779047       -707.13279234000038     
   113.83627143368444       -707.09798809000040     
   114.03424324329575       -706.02192147000005     
   114.23625669708144       -703.84159731999989     
   114.44284636464950       -700.67993174000003     
   114.65443738067206       -696.52666824999960     
   114.87188402519793       -691.17937837000045     
   115.09396246041074       -684.14109229000042     
   115.31703841511711       -675.08171761999984     
   115.54033667744181       -664.31637623999995     
   115.76547699902659       -651.88217824000003     
   115.99228004408660       -639.22592383000028     
   116.22088733319323       -627.65000638000038     
   116.45158935594058       -616.82770913999957     
   116.68407327738122       -605.17875834000006     
   116.91912806037706       -592.85517271000026     
   117.15579858431019       -579.88153005000004     
   117.39063621630771       -564.44367366000006     
   117.62348396593811       -546.84226541000044     
   117.85467300279777       -527.21513459000016     
   118.08480550551262       -505.90800178999962     
   118.31407226902310       -483.06481189999977     
   118.54203727245928       -458.48389735999990     
   118.76823355523112       -431.96249400000033     
   118.99268002494530       -403.00567573999979     
   119.21339711247478       -370.68106163999983     
   119.43007427470319       -335.12703898000018     
   119.64496896528055       -296.09892277000017     
   119.86103191676968       -253.16825591999987     
   120.08195985276191       -207.04996646000018     
   120.30859101048812       -160.83948737999981     
   120.53882206194098       -117.60694048999994     
   120.77364823478291       -76.037596479999593     
   120.93460983664765       -44.106816710000203     
   121.03052468775687       -18.910744910000176     
   121.07799939638249        0.0000000000000000     
>
   108.69299789951144       -63.000000000000000     
   109.12948286527374       -92.601828959999693     
   109.25267795512337       -131.87562033999984     
   109.40336126738730       -173.62960946000021     
   109.57059675693411       -214.44502559000011     
   109.75252001915040       -254.17548844999965     
   109.94768834634813       -293.03375347000019     
   110.15583130245555       -331.36752961000002     
   110.37511771441039       -368.88009566999972     
   110.60446526496776       -404.79710384999998     
   110.84321390676601       -437.90902936000020     
   111.08288787537764       -468.73608480999974     
   111.32215046030383       -497.76401420000002     
   111.56213611794735       -525.13752803999978     
   111.80342754636962       -550.93550841999968     
   112.04708185267329       -574.83234705999985     
   112.29527398458808       -595.88369808999960     
   112.54716856967200       -615.30604253000001     
   112.80086682584479       -633.65543485000035     
   113.05350625604166       -651.09356928000034     
   113.30341611537848       -667.06916923999961     
   113.55150053123080       -680.53001052000036     
   113.79859945970293       -691.71944823000013     
   114.04618024566733       -701.54973359999985     
   114.29480954436765       -710.42705818000013     
   114.54462085496644       -718.73883492999994     
   114.79565141971935       -726.25351634999970     
   115.04758210114335       -732.56363651999982     
   115.29913520339086       -737.43675007000002     
   115.54974808192274       -740.92975609000041     
   115.79891309614659       -743.09077560999958     
   116.04621141392587       -743.95880009000030     
   116.29278952377672       -743.90607120000004     
   116.53975609900186       -743.07225206000021     
   116.78759758075579       -741.27951388000020     
   117.03633860622308       -738.10836012999971     
   117.28411305191685       -733.01912091000031     
   117.53013825751079       -725.36344247000034     
   117.77390371762360       -714.22951637999995     
   118.01641669203111       -700.23321957000007     
   118.25730189338793       -682.84645619999992     
   118.49866207674374       -663.13114824999957     
   118.74283089913310       -641.95080316999974     
   118.99544626510323       -621.94067497000015     
   119.25456011820489       -602.30566969000029     
   119.51660350443156       -582.63110858999971     
   119.77855750924464       -560.87683776999984     
   120.04033103235729       -536.52981369999998     
   120.30254974366437       -509.74269223000010     
   120.56670849001178       -480.86909012999968     
   120.83372801455066       -449.85001072999967     
   121.10193012394579       -417.07349198999964     
   121.36596281958178       -381.88711461000003     
   121.62485379210736       -344.57825081999999     
   121.88150793746296       -305.18707217999963     
   122.13996518094970       -262.44688147000033     
   122.40366384220042       -219.74460889999955     
   122.67641924706675       -180.80607951000002     
   122.96134312924744       -144.41876038000009     
   123.25422596793884       -110.05562010999984     
   123.53859637290481       -72.635110209999766     
   123.64964819558237       -49.201401770000302     
   123.71053298102989       -27.199669130000075     
   123.73361343924886       -1.2559877699995923     
   123.73399732096091        0.0000000000000000     
>
   108.69299789951144       -63.000000000000000     
   108.35139073127802       -91.790318809999917     
   108.27325705188808       -127.56010676000005     
   108.17206411371700       -167.17195529000037     
   108.06151592092736       -206.70377955999993     
   107.94146465041212       -246.39952217999962     
   107.81128291340309       -285.72715734000030     
   107.67300528297413       -323.84575226000015     
   107.52828073161378       -360.61097519000032     
   107.37774638837246       -395.66605902999981     
   107.22180389665341       -427.63628212000003     
   107.06074890267068       -456.61991571999988     
   106.89496299630520       -483.35793292000017     
   106.72486214490465       -508.33262148999984     
   106.55192515249713       -531.86879529999987     
   106.37961096519560       -554.02557855000032     
   106.21181569589851       -575.01232327999969     
   106.05209282875236       -594.99779000000035     
   105.89866562168393       -613.96809508000024     
   105.75062708252877       -631.90200798000023     
   105.60576674017473       -648.51913883999987     
   105.45796368666680       -663.34346172000005     
   105.30764076484603       -675.40727197999968     
   105.15544312517173       -684.62563322000005     
   105.00184632260066       -691.79874974999984     
   104.84606196722865       -698.12370897999972     
   104.68856790584357       -703.66135816000042     
   104.53034160441668       -708.28134666000005     
   104.37287561796275       -711.81766141000026     
   104.21547724052679       -714.81604533999962     
   104.05772076447882       -717.46363858000041     
   103.89979469292824       -719.76282602999981     
   103.74217114308505       -721.69349328000044     
   103.58484954199149       -723.08519540999987     
   103.42774165414954       -723.87853052999981     
   103.27092310998613       -724.08558057000027     
   103.11450678218368       -723.69120105000002     
   102.95823713157270       -722.68021876999956     
   102.80183627363031       -721.02255212999989     
   102.64554313175039       -718.62384182999995     
   102.48976164116728       -715.33789542999966     
   102.33502121486896       -710.96762012999989     
   102.18108751312374       -705.38051995000023     
   102.02814846608318       -698.35772543999974     
   101.87649456334134       -689.62377829999969     
   101.72644379646566       -678.71752311000000     
   101.57780938122013       -664.53367187000003     
   101.43075174578291       -646.36723215999973     
   101.28532302931194       -625.57655668000007     
   101.14165157434974       -602.90990123000029     
   100.99940162763768       -578.96690649999982     
   100.85846604607109       -553.77470023000024     
   100.71896629669912       -527.31157662999976     
   100.58117396150917       -499.53316309999991     
   100.44527754361052       -470.37027476999992     
   100.31109025876718       -439.77680134999991     
   100.17864992219258       -407.35500316999969     
   100.04801669445354       -372.10845623000023     
   99.919240422876854       -334.40096216999973     
   99.791751587429985       -294.88873486000011     
   99.665170890063152       -253.72979163000036     
   99.539328735273685       -210.98928711999997     
   99.414103656012387       -166.73192706000009     
   99.289266469167586       -120.89043938000032     
   99.164033941455159       -73.586991989999660     
   99.046658956726517       -23.651595350000207     
   99.002995563248021        0.0000000000000000     
>
   108.69299789951144       -63.000000000000000     
   108.97534920126358       -94.535852039999554     
   109.06095195826299       -136.99705919999997     
   109.15910592837326       -179.28565564000019     
   109.26686324382050       -220.65967307000028     
   109.38243513041806       -261.09828379999999     
   109.50462525232298       -300.68327310000041     
   109.63231634186590       -339.25081895000039     
   109.76518525085932       -376.59211162999964     
   109.90331219339232       -411.90521626999998     
   110.04692520666107       -444.17864602000009     
   110.19658349745799       -474.36869240000033     
   110.35293508103139       -502.85117083000023     
   110.51627503063754       -529.74251427000036     
   110.68673111586119       -555.05115948999992     
   110.86336597777556       -578.42061310000008     
   111.03787917703363       -599.37389722999978     
   111.20421454990935       -618.54053581999960     
   111.36318970715365       -636.08707718000005     
   111.51563772937745       -652.40325295999992     
   111.66454659139920       -666.92138149000039     
   111.81688059502494       -678.89550787000007     
   111.97280074139061       -688.37060544999986     
   112.13193861864418       -696.37521142999958     
   112.29406389775845       -703.45223800999975     
   112.45981256186829       -710.10268315000030     
   112.62819568584682       -716.21151026999996     
   112.79861624768814       -721.49354757000037     
   112.97040159495951       -725.70390095000039     
   113.14323602792454       -729.20966616999976     
   113.31715908067004       -731.97091415999967     
   113.49205558868238       -733.86925539999993     
   113.66794274069494       -734.81554846000017     
   113.84579341901676       -734.90768217999994     
   114.02609635663349       -734.09566333000021     
   114.20930304427515       -732.26290117999997     
   114.39609300986784       -729.27781277000031     
   114.58707301569974       -725.39457579000009     
   114.78286242913012       -720.73381100999995     
   114.98356209072814       -715.21857130999979     
   115.18576748536984       -708.52904431000024     
   115.38886382935820       -700.48733518999961     
   115.59274397958848       -690.91270085999986     
   115.79771847917701       -679.31088261999957     
   116.00408984983119       -665.79862202999993     
   116.21260694736841       -649.94546286999957     
   116.42249226808237       -633.35668303999955     
   116.63376471957972       -616.76657084999988     
   116.84576769224552       -600.15786296999977     
   117.05781993928036       -583.47556418000022     
   117.26659257598712       -565.73222333000012     
   117.47143701415975       -546.90621138000006     
   117.67201062504635       -526.70415785000023     
   117.86826585315121       -505.27073882999957     
   118.06008810691850       -482.89515811999991     
   118.24827494357686       -459.82557861999976     
   118.43329790737853       -435.98848393000026     
   118.61511803719456       -410.89598560000013     
   118.79312054932788       -383.43252243000006     
   118.96658351697668       -353.75586864999968     
   119.13574872832380       -321.72282656999960     
   119.30169334399413       -286.91052843000034     
   119.46670060073770       -248.80927081000027     
   119.63413949029615       -206.88976115999958     
   119.80719966862618       -161.53733864999958     
   119.98619798137973       -116.16671829000006     
   120.16791612471104       -75.122500509999554     
   120.35287377132590       -32.706454670000312     
   120.45267442209358       -1.2522153399995659     
   120.45599757721286        0.0000000000000000     
>
   108.69299789951144       -63.000000000000000     
   108.36117283944206       -91.313520730000164     
   108.28718909324679       -126.47919836999972     
   108.18928321385491       -166.21606117000010     
   108.08232517450965       -205.83887564999986     
   107.96619178928849       -245.60961450000013     
   107.84022472970315       -285.01461362999999     
   107.70638637614735       -323.21366947000024     
   107.56631596082732       -360.05724057000043     
   107.42065806124467       -395.19853495999996     
   107.26981947742260       -427.27001089999976     
   107.11410674177300       -456.33644362999985     
   106.95390602783903       -483.14668370999971     
   106.78963273001060       -508.18580833000033     
   106.62177042465333       -531.81445926000015     
   106.45368065505775       -554.08867430000009     
   106.29073088969925       -575.17998273000012     
   106.13647461272433       -595.25652981999974     
   105.98918378347098       -614.32564693000040     
   105.84797203625482       -632.35610242999974     
   105.71020605712269       -649.06151164000039     
   105.56944178993207       -663.93481745000008     
   105.42615364372413       -676.03594331000022     
   105.28095181853371       -685.29691694000030     
   105.13426144903296       -692.66547694000019     
   104.98539441292908       -699.19462182999996     
   104.83490418743678       -704.95327054999962     
   104.68355051457122       -709.84453981000024     
   104.53210344958767       -713.73664775999987     
   104.38053491755494       -717.14498008999999     
   104.22859052521905       -720.22514037000019     
   104.07665816499652       -722.96596820000013     
   103.92510452986603       -725.30347093000000     
   103.77392961982758       -727.11535117000039     
   103.62308072276549       -728.40683421999984     
   103.47261226966880       -729.21386648000043     
   103.32261077716211       -729.55325409000034     
   103.17263334888219       -729.44179270000041     
   103.02244850988617       -728.87692228000014     
   102.87225049286124       -727.82543459000044     
   102.72226447021461       -726.22987946000012     
   102.57244861602841       -724.01837042999978     
   102.42257603902206       -721.03939199999968     
   102.27279971892260       -717.14124738999999     
   102.12370865632707       -712.16680833999999     
   101.97590904056581       -706.11529673000041     
   101.82973777081300       -698.93999196000004     
   101.68506593156835       -689.98033446000045     
   101.54169069577796       -678.49055168999985     
   101.39943272765701       -663.90597877999971     
   101.25844443397473       -645.73751969000023     
   101.11900828291627       -625.24548071000027     
   100.98118844575289       -603.02886301000035     
   100.84486345543540       -579.59136789999957     
   100.70987116491231       -554.96794848999980     
   100.57643502771751       -529.12972005000029     
   100.44484839823390       -502.03879116999997     
   100.31527227759746       -473.66627510000035     
   100.18763619200135       -443.96294355000009     
   100.06185305186312       -412.55905586999961     
   99.938026562540841       -378.39607144000001     
   99.816285639534783       -341.67384604000017     
   99.696628563971629       -303.05096037000021     
   99.578584937514648       -262.67540631999964     
   99.461904950572162       -220.57296908999979     
   99.346348533834629       -176.85161161999986     
   99.231727757150551       -131.60618546000023     
   99.117728639656860       -85.040723660000367     
   99.003700301316428       -34.307323349999933     
   98.943799284375785        0.0000000000000000     
>
   108.69299789951144       -63.000000000000000     
   108.97599377876516       -94.860005980000096     
   109.06165268562692       -137.36462191999999     
   109.15989661010855       -179.69069474000025     
   109.26772841006705       -221.10239643000023     
   109.38335415469587       -261.57901570000013     
   109.50559813463204       -301.20507696999994     
   109.63335568727733       -339.81941880999966     
   109.76629793486650       -377.20229811999980     
   109.90450509148860       -412.53481560999990     
   110.04821378870646       -444.83430932000010     
   110.19798724401701       -475.06713668999964     
   110.35446659717516       -503.59986759999993     
   110.51794176481719       -530.54585703999965     
   110.68853879765452       -555.91208078000000     
   110.86527335422248       -579.32569600999977     
   111.04003292532559       -600.34959186000015     
   111.20663988018866       -619.61398497000027     
   111.36592214280260       -637.29045291999955     
   111.51870477236943       -653.75627327999973     
   111.66781187778278       -668.30577413999981     
   111.82027766169774       -680.30938373000026     
   111.97635078779045       -689.91280505000032     
   112.13564680139109       -698.20936121999966     
   112.29785458642556       -705.64918775000024     
   112.46351100433294       -712.70191205999981     
   112.63167755027094       -719.23775947000013     
   112.80191992224293       -724.84188973999971     
   112.97339644527131       -729.38808449000044     
   113.14576792835076       -733.22851885000000     
   113.31902176641019       -736.33875197999987     
   113.49295112169126       -738.60958776000007     
   113.66744140263815       -739.95914510999955     
   113.84336006732855       -740.47703909000029     
   114.02116605494359       -740.12954079999963     
   114.20123751761754       -738.81990677999966     
   114.38416345594740       -736.43850905999989     
   114.57060563616814       -733.25170377999984     
   114.76113243239668       -729.40873214000021     
   114.95613402888067       -724.85895509999955     
   115.15393051341157       -719.42453785999987     
   115.35362807185378       -713.08867109000039     
   115.55406417287337       -705.84660514000007     
   115.75538205591512       -697.24695556999995     
   115.95798049959335       -686.77846803000011     
   116.16229380590470       -674.20515851999971     
   116.36812716920423       -659.67854556000020     
   116.57568570837689       -642.98697420000008     
   116.78487202060020       -625.85508990000017     
   116.99547525741148       -608.20600090999960     
   117.20402501354212       -590.40137177999986     
   117.40932839089589       -572.17858980999972     
   117.61090238606496       -553.01757404000000     
   117.80848515734419       -532.75380728999971     
   118.00175928612394       -511.43169547999969     
   118.19100322988493       -489.23594673000025     
   118.37655732554789       -466.41509658999985     
   118.55853329987987       -443.21358357999998     
   118.73692485034522       -419.24261483000009     
   118.91127934029845       -393.50012271000014     
   119.08173599847986       -365.17771140999957     
   119.24774994204147       -334.43873789000008     
   119.41005512989840       -301.31243918000018     
   119.57047013004180       -265.34484953999981     
   119.73213532405936       -225.81416621999961     
   119.89904537358763       -182.25710901999992     
   120.07220811136013       -136.50708934999966     
   120.24910538793739       -93.387977299999875     
   120.42716233105972       -54.440591300000051     
   120.56587770123198       -18.389892719999807     
   120.61899948172928        0.0000000000000000     
>
   108.69299789951144       -63.000000000000000     
   109.27404355070925       -81.566338190000351     
   109.38530049227175       -102.13720560999991     
   109.59698318153900       -145.47578855000029     
   109.83914722465899       -187.71294694999960     
   110.10989842321372       -228.62049036000008     
   110.40747493203219       -268.18716034000045     
   110.73128545868630       -306.84800015000019     
   111.06841782666429       -344.68737254000007     
   111.40169934540835       -381.26808350000010     
   111.73468980160058       -415.77639137000006     
   112.07008897229652       -447.76256044999991     
   112.41002940635030       -478.40902654999991     
   112.75518318323689       -507.69766894999975     
   113.10308257380134       -535.51294756999960     
   113.44979307697399       -562.05316195999967     
   113.79689949397205       -587.49713505999989     
   114.14590182826147       -612.10050676999981     
   114.49795287089390       -635.98681719999968     
   114.85370121007544       -658.85532114000034     
   115.21224042659938       -679.54360439999982     
   115.57135890343812       -697.71500993999962     
   115.93165996513306       -714.32235133999984     
   116.29330919648244       -729.81482426000002     
   116.65669391694499       -744.63206842000000     
   117.02195163638768       -758.94005109000045     
   117.38771470459164       -772.74409531000038     
   117.75370122632948       -786.15774017999956     
   118.12052999600270       -799.15102538999963     
   118.48851900517879       -811.70033828000032     
   118.85779086682248       -823.81181902000026     
   119.22834558093375       -835.52549343000010     
   119.59940106014405       -846.81206203999955     
   119.97114580756269       -857.64373906000037     
   120.34376603446796       -868.03660772999956     
   120.71740440734683       -878.00177721999989     
   121.09220817634856       -887.55674846999955     
   121.46766683609189       -896.65547317999972     
   121.84348989698282       -905.27532040000006     
   122.21972720634807       -913.44379039999967     
   122.59652773321028       -921.17637301000013     
   122.97402612264752       -928.52150909000011     
   123.35204189295936       -935.50076383000032     
   123.73010407285133       -942.04740950999985     
   124.10823099697237       -948.18573284000013     
   124.48664841068742       -953.84124204999989     
   124.86545772752345       -959.05622014999972     
   125.24467842804494       -963.90448948999983     
   125.62403148181342       -968.35310442999980     
   126.00356043362009       -972.32108312000037     
   126.38343831671432       -975.71498413999961     
   126.76382212152755       -978.42495504999988     
   127.14478117595110       -980.39048557000024     
   127.52590982587728       -981.83155194000028     
   127.90660933042683       -982.98722613999962     
   128.28688885692424       -983.82415958000001     
   128.66675069720065       -984.31343668000045     
   129.04618052731152       -984.43493986999965     
   129.42512907288790       -984.23162250000041     
   129.80342043589155       -983.99028263000037     
   130.18100534195347       -983.64314353000009     
   130.55787004008693       -983.03984270000001     
   130.93400249817861       -982.01007406000008     
   131.30939354890401       -980.35418983000000     
   131.68389937986055       -978.19126531999973     
   132.05761739387074       -975.69990695999968     
   132.43088735489755       -972.82161857000028     
   132.80387943140153       -969.21472566000011     
   133.17652372253352       -964.41980034999960     
   133.54872798209107       -958.01153989999966     
   133.92042230922516       -949.85124332000032     
   134.29124344870374       -939.67063277000034     
   134.66110660277556       -927.70925730999988     
   135.02934943224781       -913.73344137000004     
   135.39574160809332       -898.00710745000015     
   135.76086525541569       -881.13136298999962     
   136.12477996182398       -863.45175124999969     
   136.48670535882292       -845.02381874999992     
   136.84595733482422       -825.89145123999970     
   137.20195949430192       -805.94917326999985     
   137.55486195219422       -784.90894934999960     
   137.90585359589298       -762.67821997999999     
   138.25494932230038       -738.98133156000040     
   138.60257770383527       -714.40473352000026     
   138.94815203173178       -689.19750735999969     
   139.29067421353858       -662.73759132000032     
   139.63018607517353       -634.07323548000022     
   139.96858754463238       -604.11789857999975     
   140.30529936160048       -573.22117351999987     
   140.63953829279353       -541.25410660000034     
   140.97093592635966       -508.07474473999991     
   141.29966758737916       -473.81448782000007     
   141.62773690920596       -439.02205898000011     
   141.95773996353753       -403.84042563999992     
   142.28783354519820       -366.17211832999965     
   142.61487784555806       -326.06111684000007     
   142.93811140372850       -284.75167646000045     
   143.25924679051158       -242.78120903000035     
   143.58035352940573       -200.27962192999985     
   143.89948299100388       -156.74743143999967     
   144.21292527368578       -111.88735094000003     
   144.52008908502341       -65.556224339999972     
   144.78588706357709       -18.772492789999887     
   144.86838897307555        0.0000000000000000     
>
   108.69299789951144       -63.000000000000000     
   109.27275955232609       -81.343450469999880     
   109.38086236131417       -100.99882635999984     
   109.59195490406886       -144.38019882000026     
   109.83361417138538       -186.64900631999990     
   110.10395742400134       -227.59529988000031     
   110.40119646068786       -267.19353876999958     
   110.72471878957904       -305.87310615000024     
   111.06213820940440       -343.73586856000020     
   111.39568844534689       -380.34991492999961     
   111.72888688521299       -414.92111957999987     
   112.06444591112931       -446.94696012999975     
   112.40451526068340       -477.61895360000017     
   112.74988389673720       -506.94758445000025     
   113.09808122534683       -534.80066635000003     
   113.44507648853575       -561.37267837000036     
   113.79243729878776       -586.84546871000020     
   114.14166480548437       -611.46950991999984     
   114.49393471798848       -635.38006664000022     
   114.84989791633720       -658.28259003000039     
   115.20873106020188       -679.03813308999997     
   115.56816695565027       -697.26688880999973     
   115.92879001961713       -713.91570071000024     
   116.29076526394287       -729.43501056999958     
   116.65448516470623       -744.27172480999980     
   117.02008665881645       -758.59693858999981     
   117.38620037718124       -772.41609865000009     
   117.75253353837549       -785.84164386999964     
   118.11970264496955       -798.84803130000000     
   118.48806121191322       -811.41439918000015     
   118.85771007977560       -823.54320519999965     
   119.22864351897894       -835.27341770000021     
   119.60007657736570       -846.57663600999967     
   119.97219775804531       -857.42449171000044     
   120.34519728300035       -867.83228485000018     
   120.71921667280239       -877.81166968999969     
   121.09440604238952       -887.38107697000032     
   121.47026405370498       -896.50004759999956     
   121.84648990391463       -905.14042093999979     
   122.22313344034531       -913.33019891999993     
   122.60034134018855       -921.08457556000030     
   122.97825168626900       -928.45055654000043     
   123.35667826730855       -935.44831051999972     
   123.73515183088597       -942.01216712000041     
   124.11369529531247       -948.17761425000026     
   124.49253039524855       -953.86487133999981     
   124.87175682534783       -959.11261221000041     
   125.25139234730145       -963.99412808000034     
   125.63115449292427       -968.47077055000045     
   126.01109540137418       -972.46138323000014     
   126.39138867885831       -975.87282891999985     
   126.77219704538591       -978.59261676000006     
   127.15359040180608       -980.57016598999962     
   127.53513673795331       -982.03637330000038     
   127.91626596083724       -983.21580685000026     
   128.29699010257130       -984.07341859999997     
   128.67731202794440       -984.57948477999980     
   129.05722027780089       -984.71314120999978     
   129.43667245326517       -984.51630650999959     
   129.81549723996125       -984.27597471999979     
   130.19362359112449       -983.94053299999996     
   130.57104004759933       -983.36201536000044     
   130.94773629614571       -982.37333943999965     
   131.32370431535475       -980.78115129999969     
   131.69877680155491       -978.71504086999994     
   132.07303224996198       -976.34880932000033     
   132.44675198284548       -973.62282442000014     
   132.82019440416389       -970.22343338999963     
   133.19329534264585       -965.69205476000025     
   133.56596942758236       -959.59989758000029     
   133.93816165502656       -951.79645274999984     
   134.30943600410851       -941.91615754000031     
   134.67971283369687       -930.19631191999997     
   135.04837163051684       -916.48851270999967     
   135.41507434947863       -900.90139006000027     
   135.78060938048645       -884.18913871000041     
   136.14488848804231       -866.59624444000019     
   136.50721667436005       -848.26583993999975     
   136.86682560305775       -829.18293013000039     
   137.22316981832964       -809.32694310999977     
   137.57638396525383       -788.40991584000039     
   137.92760937572646       -766.35001506000026     
   138.27680250495632       -742.77284464999957     
   138.62437817437555       -718.21945416000017     
   138.96973019465372       -692.95915702999991     
   139.31203923616667       -666.64650153000002     
   139.65134540595886       -638.15020608000032     
   139.98959561456405       -608.30329701000028     
   140.32617679715844       -577.48351403000015     
   140.66015904326648       -545.57933948000027     
   140.99130744019860       -512.46511606999957     
   141.31971136936846       -478.21436761000041     
   141.64711262242474       -443.33361298999989     
   141.97619894430960       -408.18046520999997     
   142.30549726057276       -370.70326826000019     
   142.63195313329336       -330.67330520999985     
   142.95464410044696       -289.35099435000029     
   143.27518590297078       -247.33001581999997     
   143.59577927169474       -204.80814164999992     
   143.91464631863005       -161.31817995999972     
   144.22814761596325       -116.51487785999961     
   144.53553774562363       -70.322015800000372     
   144.81682105407535       -21.821804490000432     
   144.91408923145903        0.0000000000000000     
>
