   150.11899869872806       -5.9249999393621291     
   149.77257696627612       -6.4385104841694201     
   149.46431823262247       -6.6505902331776436     
   149.18023717133499       -6.8739950656492725     
   148.89676860191341       -7.1186377241220189     
   148.60584069516460       -7.3874907135543051     
   148.30270076631024       -7.6816386430221311     
   147.98468398871924       -7.9929879109367041     
   147.65202699395451       -8.3044798453382924     
   147.31410910086126       -8.6183759105813511     
   146.97514154911656       -8.9364161794412684     
   146.63242112391816       -9.2603304114534062     
   146.28391382514997       -9.5907706325704858     
   145.92859119359841       -9.9220960734564070     
   145.56612950811811       -10.253422660257886     
   145.20149573969695       -10.585853909657637     
   144.83679264338451       -10.921147656122207     
   144.47144840731713       -11.260878960586576     
   144.10467922525294       -11.601869053291820     
   143.73505556753284       -11.942546311049629     
   143.36251383584332       -12.282943392453415     
   142.98962030807741       -12.622811633827013     
   142.61571608278902       -12.963039119728158     
   142.24041670530826       -13.302089750350856     
   141.86342022688558       -13.638747136329888     
   141.48417259734848       -13.973247336270283     
   141.10447977961695       -14.306124346822244     
   140.72536851403126       -14.637797000122353     
   140.34648299381061       -14.967449977250826     
   139.96715515018442       -15.294204360974394     
   139.58679197185123       -15.618242351866838     
   139.20611939631732       -15.939578273872636     
   138.82746134033496       -16.258455061090167     
   138.45076279995749       -16.574671032381151     
   138.07597335490021       -16.887307163467778     
   137.70307696234539       -17.196242560258636     
   137.33218248427104       -17.501403884157995     
   136.96524599853532       -17.802769935728012     
   136.60290692601981       -18.100381967928804     
   136.24477680135018       -18.394125389204522     
   135.89036975632973       -18.683929152790554     
   135.53966974814060       -18.969612776986452     
   135.19281543256537       -19.250977445442842     
   134.85007094314028       -19.528500431989784     
   134.51190954299085       -19.801771498857377     
   134.33900119847235       -19.942599937319265     
>
   150.11899869872806       -5.9249999393621291     
   149.44774943956395       -6.1451853220725061     
   149.13223706042581       -6.2205309889089113     
   148.82109176548065       -6.2916763022660973     
   148.50362044369544       -6.3629654280258592     
   148.17491685760712       -6.4360731217767597     
   147.83216549268863       -6.5118479339897748     
   147.47651799407623       -6.5907029672236987     
   147.11865429477390       -6.6724898254137210     
   146.75693115187102       -6.7572474696888278     
   146.38887625255035       -6.8449925158246145     
   146.01244012683568       -6.9356693869165005     
   145.62581394701823       -7.0291720857753353     
   145.23282163331621       -7.1243461024760570     
   144.83478499932622       -7.2133482179793811     
   144.43001095481080       -7.2947741127685140     
   144.01612057907070       -7.3687103034681201     
   143.59258617799136       -7.4346818080792474     
   143.16565585615476       -7.4968735102210813     
   142.73764092524218       -7.5601223194655152     
   142.30683167924050       -7.6243898476413428     
   141.87193609835765       -7.6894893105125499     
   141.43250040003252       -7.7554739931525978     
   140.99193425600905       -7.8225352634597414     
   140.55121799704744       -7.8904668566334690     
   140.10963256113482       -7.9589164036395816     
   139.66653279781181       -8.0275091900904894     
   139.22204132004313       -8.0964640858578445     
   138.77858059331922       -8.1676489333017948     
   138.33577303846357       -8.2403154495627202     
   137.89302449825919       -8.3137142058654483     
   137.44992244310504       -8.3874447047223235     
   137.00647432145229       -8.4609294046919299     
   136.56284342626796       -8.5335787322194818     
   136.11890485275617       -8.6051365751776832     
   135.67446952484988       -8.6750431538162669     
   135.22936383634192       -8.7425198185133173     
   134.78457270165472       -8.8078656532295749     
   134.34071205040095       -8.8714055250258355     
   133.89823108147945       -8.9335170130785819     
   133.45739622025758       -8.9945885827621055     
   133.01823840645534       -9.0544810053360631     
   132.58063903781252       -9.1134670087033456     
   132.14496423434997       -9.1713953320102490     
   131.71133718199025       -9.2280333543984252     
   131.28018301540550       -9.2829244285178607     
   130.85124103880619       -9.3361023588775272     
   130.42432733274518       -9.3876754344976909     
   130.00014663529092       -9.4374946863557643     
   129.57925127774249       -9.4854271882469749     
   129.16220161280796       -9.5315273711603457     
   128.74940501346836       -9.5763819438617652     
   128.34117316875552       -9.6204217706011832     
   127.93762353501423       -9.6637333680032516     
   127.53900878662502       -9.7063115794479611     
   127.14618549546786       -9.7480143114060738     
   126.75877035278846       -9.7893262861587811     
   126.37574922331764       -9.8308067104985692     
   125.99735071720926       -9.8724928266810856     
   125.62431223112522       -9.9142413952615343     
   125.25753388173656       -9.9557275491791124     
   124.89678648593161       -9.9970269188606800     
   124.53964815117776       -10.039030453652865     
   124.18676116314548       -10.081700338342245     
   123.83920783907966       -10.124642377976738     
   123.60499931472368       -10.151300384568964     
>
   150.11899869872806       -5.9249999393621291     
   149.65879729161188       -5.5503869653008637     
   149.38390991084918       -5.4452245756355770     
   149.11541100932442       -5.3202223769503894     
   148.84403528679039       -5.1811649509839679     
   148.56517157904017       -5.0303762144886983     
   148.27608172084697       -4.8688324875203115     
   147.97488068111736       -4.6969033278463845     
   147.66013205469889       -4.5147061918116504     
   147.33875659860630       -4.3231262991849535     
   147.01575107763199       -4.1261835217450678     
   146.69026923313598       -3.9278020473216442     
   146.36047416247825       -3.7274238150377537     
   146.02484924641732       -3.5246655161391218     
   145.68207496318772       -3.3192767680762429     
   145.33359115568845       -3.1125455799367296     
   144.98268259086771       -2.9057725658793352     
   144.62868005403939       -2.6973425579245331     
   144.27112002236004       -2.4862448585498371     
   143.90994634596737       -2.2744458588534164     
   143.54408014536318       -2.0615141216275426     
   143.17626015873196       -1.8466177121768379     
   142.80781965882588       -1.6291630462420641     
   142.43791754362508       -1.4088974494425996     
   142.06604559957947       -1.1868533916965394     
   141.69107452690619      -0.96300738173493639     
   141.31284447038490      -0.73803722861056886     
   140.93442992145873      -0.51327391324448779     
   140.55588359224336      -0.28890937649272075     
   140.17701755258719       -6.5102327660102474E-002
   139.79777909037455       0.15790143436609586     
   139.41822320955225       0.37981714956961843     
   139.03916179129337       0.60140054926121256     
   138.66010954035897       0.82318734896441803     
   138.27994288654406        1.0450302985299840     
   137.89833810870340        1.2664504052545098     
   137.51524134880569        1.4872328099708010     
   137.13077521981575        1.7076811803018261     
   136.74562039557523        1.9284584283981043     
   136.35972187213733        2.1492780753700429     
   135.97303725062636        2.3697281645744050     
   135.58557283357794        2.5892666779520814     
   135.19768385481512        2.8075939585845573     
   134.81046695552732        3.0253860966512720     
   134.42491335267249        3.2425829315854124     
   134.04192660066840        3.4588664718195283     
   133.66194558517395        3.6736500085877331     
   133.28283202775717        3.8867582168095960     
   132.90510330929268        4.0985984694661184     
   132.52719525504332        4.3094360460090630     
   132.14689051840361        4.5197699926641040     
   131.76707795249621        4.7293791477284728     
   131.38986833377967        4.9373020880486953     
   131.01380634949484        5.1433010361464078     
   130.63949532418323        5.3479134264184873     
   130.26775114972236        5.5506304723570183     
   129.89884540809956        5.7509983914008824     
   129.53281133086605        5.9487507581827597     
   129.16982596197559        6.1441167558143235     
   128.81047314540521        6.3394604080924992     
   128.45488924510630        6.5346338919102562     
   128.10283476472716        6.7285623384738393     
   127.75407593749394        6.9204533471746359     
   127.40867120510005        7.1100135636296988     
   127.06710357095341        7.2970120858540186     
   126.73063697991483        7.4814437572275807     
   126.40034916556699        7.6621110959918859     
   126.07734822825491        7.8365091307363288     
   125.76350201033864        8.0019048528541887     
   125.46021941499723        8.1540142570304841     
   125.16592251650680        8.2863526071203815     
   124.87207710874640        8.3953652730618025     
   124.69940654170621        8.4529945124079706     
   124.69419549070450        8.4547993294124115     
>
   150.11899869872806       -5.9249999393621291     
   149.71154779546828       -5.5167411656336771     
   149.44329354691524       -5.3990224062375116     
   149.18312946220431       -5.2592711284004947     
   148.92133015599157       -5.1038379961471358     
   148.65312632772313       -4.9352961628637617     
   148.37567667977194       -4.7546861198773751     
   148.08704633371764       -4.5623883111533567     
   147.78572096214995       -4.3584926910630397     
   147.47435622437536       -4.1461178687985356     
   147.16263567981989       -3.9322218436302916     
   146.84913380952889       -3.7163731783505778     
   146.53206527706249       -3.4979714132068076     
   146.20998049923926       -3.2766166236691094     
   145.88162240669175       -3.0520372277501471     
   145.54615390810454       -2.8241478547408225     
   145.20734334679133       -2.5940308218860206     
   144.86662483607341       -2.3625799433212706     
   144.52379325706588       -2.1309869712272826     
   144.17844295566101       -1.8985053416177755     
   143.82952713799628       -1.6640796662634885     
   143.47662296123062       -1.4268149851133300     
   143.12261125707781       -1.1860214570011600     
   142.76793606781669      -0.94135244247057037     
   142.41230174723322      -0.69430851794525161     
   142.05515424515488      -0.44630775392869054     
   141.69568511815530      -0.19788185523997301     
   141.33388749074112        5.0842554451700890E-002
   140.97237863404760       0.29999152585775224     
   140.61147367485341       0.54940864150446300     
   140.25122303344301       0.79882747602451132     
   139.89168171376326        1.0476086085363245     
   139.53164765039341        1.2953601359189395     
   139.17042011596953        1.5429672779411989     
   138.80825293078775        1.7911794633782798     
   138.44505728639234        2.0398081891208295     
   138.08074666615863        2.2886426067061074     
   137.71525059627979        2.5374627003469050     
   137.34856048238913        2.7859888666469810     
   136.98117537071229        3.0347178600008879     
   136.61336225957442        3.2837997953467744     
   136.24515036982220        3.5329711121062140     
   135.87660444568476        3.7818633984271894     
   135.50781902519560        4.0299804728729258     
   135.13931607289160        4.2769063680957320     
   134.77307172015313        4.5230765320077904     
   134.40982107181091        4.7684949753135566     
   134.04832768497747        5.0133043645000477     
   133.68721130436273        5.2579069159282517     
   133.32875803150566        5.5014053777159617     
   132.96774077258669        5.7447737780877972     
   132.60458638115142        5.9880235761993408     
   132.24247992949424        6.2303211184818768     
   131.88395159916806        6.4715346246461909     
   131.52769676530974        6.7117981668126117     
   131.17331435747380        6.9514411957041746     
   130.82066915762434        7.1916170753303819     
   130.47017140353125        7.4324478456981993     
   130.12234535156253        7.6734969129798856     
   129.77761556343256        7.9141712658739864     
   129.43624273493080        8.1541655178841896     
   129.09816613253270        8.3933776825258040     
   128.76279045310571        8.6318490127589289     
   128.42935079801461        8.8696683170393413     
   128.09749250639405        9.1072853672236995     
   127.76707806837702        9.3449774748771315     
   127.43785366366737        9.5821407425003731     
   127.10805687413632        9.8165956387013988     
   126.78000359512734        10.045838910942942     
   126.45553645885828        10.267941983340258     
   126.13461363941128        10.479977614599484     
   125.81678307309853        10.678068599428862     
   125.50079571196147        10.862771852789757     
   125.22728915944663        11.017853188966695     
   125.07733579539340        11.104510188279807     
   124.98820189960085        11.159115929425205     
   124.97899274921599        11.164999632859674     
>
   150.11899869872806       -5.9249999393621291     
   149.69940223646506       -5.5842567914597137     
   149.43334470803742       -5.4900791483369966     
   149.17497398117536       -5.3779627701057198     
   148.91501501534938       -5.2532797089035377     
   148.64897925931737       -5.1181344386534056     
   148.37431418617300       -4.9734391081397860     
   148.08927170173203       -4.8195380649879729     
   147.79252197098893       -4.6565705379383076     
   147.48582282841022       -4.4849736937763094     
   147.17688112908377       -4.3057387494599713     
   146.86563155582280       -4.1222283941953410     
   146.55128056210307       -3.9371595937713231     
   146.23235335460095       -3.7501375802780572     
   145.90762724141570       -3.5608987931371172     
   145.57625252616080       -3.3693171816370824     
   145.24143605352629       -3.1775201380120737     
   144.90480731543619       -2.9853483799994760     
   144.56561573719981       -2.7909850584814895     
   144.22279332551673       -2.5925262347578757     
   143.87515463074180       -2.3906726361925799     
   143.52320156388961       -2.1878180803870437     
   143.16983959385840       -1.9841459138306092     
   142.81579924181659       -1.7798658390704569     
   142.46031503617127       -1.5752643349961806     
   142.10229320052193       -1.3702674900542657     
   141.74107769821137       -1.1650580777762727     
   141.37621589259410      -0.95945103279952371     
   141.00958765814357      -0.75306304636974319     
   140.64154765572513      -0.54633701485024233     
   140.27149657150176      -0.33904375512934670     
   139.89886259360981      -0.13119071565818546     
   139.52334721104631        7.6940781293660554E-002
   139.14539160130130       0.28543324164639428     
   138.76594630133036       0.49427062258219845     
   138.38477639844410       0.70285189139070614     
   138.00156390107500       0.91074732973752714     
   137.61644058951234        1.1175002902726499     
   137.22969638039234        1.3230013380602490     
   136.84292466929895        1.5275776319922409     
   136.45584642579371        1.7313357422155540     
   136.06795916590426        1.9341020625230945     
   135.67891854200528        2.1355689145874392     
   135.28845583689835        2.3354205986722572     
   134.89688159369985        2.5338060838001351     
   134.50440837974574        2.7307265158866323     
   134.11125162716112        2.9263022160653787     
   133.71730304692562        3.1203274924936450     
   133.32241023227004        3.3125634217775111     
   132.92663850038119        3.5027859774253147     
   132.52994258759452        3.6906015374427543     
   132.13255511476834        3.8755780916643232     
   131.73499632756619        4.0572486794999838     
   131.33817837477255        4.2350815961306525     
   130.94333827223267        4.4095311970752222     
   130.54995577428301        4.5831448526199576     
   130.15799077387908        4.7557145790910154     
   129.76833708515639        4.9266250198335477     
   129.38160548110753        5.0957472593472382     
   128.99800108061751        5.2630406176297653     
   128.61666272814412        5.4296767933395644     
   128.23511524608136        5.5970308851466850     
   127.85355286711636        5.7642274135645284     
   127.47255599747939        5.9301078579635798     
   127.09203926646138        6.0939898256288263     
   126.71112203795570        6.2591678237905963     
   126.33146245177539        6.4241716427874902     
   125.95452155025727        6.5876359242317122     
   125.58012286240543        6.7493595599427625     
   125.20849156062705        6.9089833053930949     
   124.83913604714763        7.0669237008881751     
   124.47248604030148        7.2229773464163936     
   124.10876957728480        7.3768652115392852     
   123.74785659668167        7.5285643779456839     
   123.38909621845495        7.6782879859294466     
   123.03137002901964        7.8264520028382627     
   122.67433883737050        7.9734855740487429     
   122.31839397367072        8.1188799130529699     
   121.96403161935702        8.2633346012993307     
   121.61195823137119        8.4089082760884413     
   121.26304871624204        8.5588467432393998     
   120.91797343457118        8.7159580688279963     
   120.57804445967300        8.8795587142236627     
   120.24285842927092        9.0477837018551472     
   119.91061453706494        9.2174439487234956     
   119.58014452214337        9.3846060996745884     
   119.25128108083460        9.5428610489904404     
   118.93109393917607        9.6828122890923929     
   118.77559319790477        9.7511197425692675     
   118.72999950966819        9.7761001287840337     
>
   150.11899869872806       -5.9249999393621291     
   149.76046521178191       -5.5384281905336774     
   149.50337676442967       -5.4278610901373208     
   149.25553700154907       -5.2969814905532342     
   149.00754024823695       -5.1517710709961264     
   148.75467163492840       -4.9945262462449778     
   148.49429154513473       -4.8262210445244085     
   148.22460776692262       -4.6472003864174862     
   147.94425895260872       -4.4575639665777906     
   147.65246645257116       -4.2577191579863234     
   147.35674403512613       -4.0541008494611326     
   147.06046756750860       -3.8488822698586720     
   146.76195198089005       -3.6414681160463678     
   146.45980326899365       -3.4314435665920882     
   146.15286978668325       -3.2185238614795781     
   145.84027261672563       -3.0024964333727584     
   145.52182440192692       -2.7831882490223152     
   145.20143844391902       -2.5612994628344143     
   144.88021023797572       -2.3374047514615808     
   144.55740124151961       -2.1112840991166060     
   144.23152978573378       -1.8821697423753805     
   143.90267321991840       -1.6504656164722302     
   143.57047860208141       -1.4167257715796293     
   143.23643562244882       -1.1812040279937572     
   142.90192339039507      -0.94394393050583236     
   142.56597532614666      -0.70525831406329076     
   142.22852382068567      -0.46653201761842694     
   141.88883835284363      -0.22740121298145716     
   141.54631559807908        1.2445215921716926E-002
   141.20169581784268       0.25358882123696996     
   140.85582297894322       0.49657162102341273     
   140.50823470445283       0.74131626598085498     
   140.15869837351326       0.98739819439491938     
   139.80707131963743        1.2340473510103784     
   139.45323379464944        1.4810614817311798     
   139.09827269945652        1.7283712586660414     
   138.74290595015592        1.9758855815280727     
   138.38697139969614        2.2234898587614365     
   138.03029028525012        2.4710901252903459     
   137.67258529525265        2.7186840892836837     
   137.31415150296004        2.9658603670559955     
   136.95586438785892        3.2128618927056540     
   136.59766035163580        3.4598616994819755     
   136.23923286187878        3.7069233856984494     
   135.88036705942071        3.9540647130462303     
   135.52092715326785        4.2012593254674755     
   135.16091772708248        4.4484344573242280     
   134.80060692510528        4.6954904139629097     
   134.44001823860518        4.9424736049636344     
   134.07914192729990        5.1894504934287884     
   133.71796424020280        5.4364835317563038     
   133.35646340491823        5.6836323075552126     
   132.99473338652200        5.9310475087214449     
   132.63281601093195        6.1787938794840471     
   132.27043453954076        6.4265528553177909     
   131.90756662699505        6.6743164148137692     
   131.54439447386858        6.9222593100946330     
   131.18131628581790        7.1705436882118914     
   130.81883110906870        7.4192371581834875     
   130.45742882252216        7.6685872377700335     
   130.09756148986600        7.9188248289565415     
   129.73954882154115        8.1688630308358885     
   129.38405086490911        8.4180051267485911     
   129.03172881324710        8.6658735375181593     
   128.68215810484077        8.9120156264990378     
   128.33567220111755        9.1562749762175102     
   127.99266529702956        9.3985215252576975     
   127.65334423033512        9.6384602003633209     
   127.31786140780341        9.8757626967269037     
   126.98655773931308        10.110403231248389     
   126.65855545354646        10.342624165068365     
   126.33378350373886        10.572600823267265     
   126.01205510565431        10.800725108966059     
   125.69371231508698        11.027125364707276     
   125.37915849431342        11.251752889079690     
   125.06893394251939        11.474113219519859     
   124.76214255373827        11.694301467019134     
   124.45846461752922        11.912392116088807     
   124.15867591872531        12.127954302478926     
   123.86362787258638        12.340455175454849     
   123.57428362113924        12.549399699495362     
   123.29180741459125        12.754326070630437     
   123.01758294597909        12.954676800940927     
   122.75049867721114        13.150411210424508     
   122.49031625785130        13.341591751479111     
   122.23901181927994        13.527745733936909     
   122.00007467437233        13.707639579699311     
   121.77889635583061        13.879274239074737     
   121.58343524720773        14.040321784606350     
   121.42506226858934        14.189664948624731     
   121.30746096553791        14.335176171015911     
   121.21091929861826        14.484600122081158     
   121.14524802388345        14.592815803751733     
   121.09921029336799        14.641189483132914     
   121.07799939638249        14.659999114065839     
>
   150.11899869872806       -5.9249999393621291     
   149.53697443564340       -5.6749794991739337     
   149.24100048973327       -5.6118154876808211     
   148.94815145555089       -5.5336835271642304     
   148.64961925315671       -5.4454079221249163     
   148.34098179441105       -5.3489550636610490     
   148.01966306113863       -5.2452285061904043     
   147.68386110112391       -5.1346270283272979     
   147.34036603700807       -5.0177820295443922     
   146.99475675868700       -4.8954257498834881     
   146.64456668292135       -4.7677913831607146     
   146.28785749354412       -4.6349694567051856     
   145.92291833862666       -4.4969914831947531     
   145.54846808457467       -4.3540625815143663     
   145.16833695414206       -4.2133515993972130     
   144.78420314066406       -4.0801704284141334     
   144.39493791731564       -3.9528013411431235     
   143.99952542995433       -3.8297403234138194     
   143.59710738782692       -3.7098958906568709     
   143.19088146829904       -3.5894074533561162     
   142.78391127661598       -3.4646516265159777     
   142.37513111130843       -3.3358083188791205     
   141.96358527880082       -3.2033565231489449     
   141.54812156099908       -3.0677866911844345     
   141.13002567515977       -2.9293325897594973     
   140.71105373687607       -2.7887533879315574     
   140.29032854778808       -2.6465888119286065     
   139.86708291742943       -2.5035499023546164     
   139.44115928241087       -2.3608209629391670     
   139.01490104004930       -2.2177402274472966     
   138.58954749802101       -2.0740028823404781     
   138.16448501854455       -1.9299635884840283     
   137.73931253117451       -1.7859174191342277     
   137.31380199871475       -1.6420826712049479     
   136.88837225330187       -1.4979064404392721     
   136.46305538057143       -1.3532603842946636     
   136.03766402332977       -1.2083186819359943     
   135.61203947227193       -1.0632709823881756     
   135.18614162035340      -0.91820093748696852     
   134.76048555661774      -0.77250866043756461     
   134.33538010530785      -0.62636661153149908     
   133.91081094247929      -0.47994037556695690     
   133.48675686869421      -0.33336975424205961     
   133.06320012226146      -0.18663698586565247     
   132.64013096289884       -3.9240732380946962E-002
   132.21762272920199       0.10890953354116839     
   131.79575277047118       0.25788600458087113     
   131.37461906248663       0.40754372242002701     
   130.95427202553287       0.55748562731765949     
   130.53460107875858       0.70774495082496169     
   130.11559705483927       0.85841508505994057     
   129.69721526306816        1.0093103917021400     
   129.27937262456723        1.1602045524287810     
   128.86203819961645        1.3113399283804599     
   128.44523719835811        1.4629388271755004     
   128.02896159938328        1.6146597659775082     
   127.61311056212284        1.7664316980218633     
   127.19753110684971        1.9183187945798352     
   126.78251544203130        2.0703961131204971     
   126.36845718966191        2.2228372598509427     
   125.95521081846564        2.3758834499962092     
   125.54259584674203        2.5297564182168424     
   125.13056758378431        2.6841903121032997     
   124.71990353329883        2.8377991467877277     
   124.31128150433838        2.9902546174626532     
   123.90452330703363        3.1419514920379350     
   123.49977561857602        3.2929029485424945     
   123.09678805641609        3.4436475672887683     
   122.69657762061188        3.5936393195131897     
   122.29997452698541        3.7427034530931080     
   121.90620757436594        3.8917332092062749     
   121.51420418579079        4.0419501338379176     
   121.12316050149579        4.1946382253711931     
   120.73351769897090        4.3498163914128138     
   120.34703647747156        4.5044932193976459     
   119.96387554630260        4.6571996455798548     
   119.58392031390819        4.8075621014874104     
   119.20675653181399        4.9556327262782185     
   118.83158606983358        5.1014802748857822     
   118.45908673701975        5.2438860661137703     
   118.08869416995998        5.3819637342777815     
   117.71971394382589        5.5145948657928425     
   117.35215923664640        5.6418671231991695     
   116.98704189185962        5.7658832615463780     
   116.62893697733229        5.8904339695015668     
   116.28524195095149        6.0177543553613457     
   116.21469595143134        6.0443000622288494     
>
   150.11899869872806       -5.9249999393621291     
   149.43045528195697       -6.0360213952773796     
   149.10611419639935       -6.0812369313796868     
   148.78672976858948       -6.1185851842159806     
   148.46107202605526       -6.1529001985692577     
   148.12425306598249       -6.1860572652507990     
   147.77353701497555       -6.2190241099496504     
   147.41221608843364       -6.2523032166381585     
   147.04963465477752       -6.2860893909612470     
   146.68313075216508       -6.3205814492682935     
   146.31019998214353       -6.3558641893106183     
   145.92869948261867       -6.3919295896793118     
   145.53715503322462       -6.4287220734697925     
   145.14115411822411       -6.4650390023035493     
   144.74128230046739       -6.4983433191343423     
   144.33480427951665       -6.5288143597470558     
   143.91749449175038       -6.5567512081024253     
   143.49834493655516       -6.5815917926190695     
   143.08137090204750       -6.6053758429908935     
   142.66309338859216       -6.6291369750515505     
   142.24201010089217       -6.6527222090739970     
   141.81701924113813       -6.6760559146313803     
   141.38751404704186       -6.6991335080614665     
   140.95619544157449       -6.7217372654081666     
   140.52349199715482       -6.7437193635644483     
   140.08881815093250       -6.7651869456350200     
   139.65169777499307       -6.7862259552867599     
   139.21230676737471       -6.8068776454797693     
   138.77254620198880       -6.8271597779052033     
   138.33201672726324       -6.8470838117186457     
   137.89032357528811       -6.8666142235377876     
   137.44714302491820       -6.8856742370202166     
   137.00285666603449       -6.9045245479554627     
   136.55789192514021       -6.9231806262035649     
   136.11191247601900       -6.9413233342815150     
   135.66472752373036       -6.9590323133206216     
   135.21624081136747       -6.9763092821942205     
   134.76682533444443       -6.9939076803819438     
   134.31647479042581       -7.0117438560480299     
   133.86504823169787       -7.0294511162137985     
   133.41241731571807       -7.0466713622672588     
   132.95866741319551       -7.0630212854541341     
   132.50414630950220       -7.0782367522382188     
   132.04900526549176       -7.0925119953066584     
   131.59344825413368       -7.1061793301713809     
   131.13753429007915       -7.1192192762678941     
   130.68179049448500       -7.1316180826094966     
   130.22636698228948       -7.1433849165206560     
   129.77120473884122       -7.1544951408168673     
   129.31621094498007       -7.1648885949313170     
   128.86163942100214       -7.1746878918287500     
   128.40820006159592       -7.1844573949216626     
   127.95568259125641       -7.1942062715345276     
   127.50377016433173       -7.2038445672960085     
   127.05215796728331       -7.2132777441725393     
   126.60145390831492       -7.2227682168269896     
   126.15195477955616       -7.2322357711702727     
   125.70359755565133       -7.2417571835448005     
   125.25571875149207       -7.2517673289049736     
   124.80786229268627       -7.2622513103485344     
   124.36105205478520       -7.2733529402780563     
   123.91549774033616       -7.2846906288126068     
   123.47140905188625       -7.2959595624136524     
   123.02780680459090       -7.3071127585433029     
   122.58512014382667       -7.3184945648268478     
   122.14497283193980       -7.3302573880335551     
   121.70757170668855       -7.3423181492854379     
   121.27194560463725       -7.3544935020931561     
   120.83818562607274       -7.3668143861767899     
   120.40716094794608       -7.3796010849349027     
   119.97953620128111       -7.3928083347029379     
   119.55517731395751       -7.4063289923761886     
   119.13373420877218       -7.4201309723190194     
   118.71497025416234       -7.4343580869340071     
   118.30032815781598       -7.4494475030066729     
   117.89014653778058       -7.4656123608308693     
   117.48426668475132       -7.4829145398467540     
   117.08233451082064       -7.5012698152607822     
   116.68416781541477       -7.5205034349503048     
   116.29064207802033       -7.5402263605832536     
   115.90207987386698       -7.5601629994678374     
   115.51874419057538       -7.5801047949724341     
   115.14070149124791       -7.5999829921635413     
   114.76782973587758       -7.6198726485102339     
   114.39975535599241       -7.6394741070939931     
   114.03598274311337       -7.6583089481692017     
   113.67565876310724       -7.6751688037795534     
   113.31787241310514       -7.6886682620149749     
   112.96228335618621       -7.6986474676550714     
   112.65218313623025       -7.7039662347192612     
   112.63499898651689       -7.7040000392282337     
>
   150.11899869872806       -5.9249999393621291     
   149.78834419140156       -5.5245459965017591     
   149.53476453748908       -5.4086446591811743     
   149.29048685312165       -5.2711353651341168     
   149.04674316540448       -5.1184742026164640     
   148.79865531180545       -4.9531088472609008     
   148.54350346174687       -4.7760574450410438     
   148.27946274470199       -4.5876786675266636     
   148.00515405129627       -4.3880687716246625     
   147.72003249868175       -4.1790635140595569     
   147.42927705222451       -3.9675011459259402     
   147.13819903053755       -3.7540927078277839     
   146.84521305944591       -3.5382417507169537     
   146.54894575915287       -3.3195225669635140     
   146.24825866255117       -3.0976366455645099     
   145.94228316564761       -2.8723651166482895     
   145.63048240700306       -2.6434071773807819     
   145.31577789833355       -2.4117282616199160     
   145.00099432149054       -2.1788352483249533     
   144.68511926007815       -1.9433627791080914     
   144.36680339852646       -1.7044095913826693     
   144.04599688950861       -1.4621533020602353     
   143.72240809751506       -1.2172195810356616     
   143.39571330140052      -0.96992813874973394     
   143.06864264498284      -0.72068348339455846     
   142.74100074965932      -0.47086415138685850     
   142.41228513145759      -0.22056639963353758     
   142.08178073906925        3.0631468790885796E-002
   141.74885216231715       0.28309442799175366     
   141.41317682597165       0.53716052305878625     
   141.07602612334475       0.79347891515580227     
   140.73749803021667        1.0517780222954671     
   140.39753926151394        1.3109801108951304     
   140.05588912144708        1.5711384660282566     
   139.71237400380897        1.8322748600904544     
   139.36704776663083        2.0943251218104555     
   139.02124482858042        2.3571603356879427     
   138.67526713840735        2.6206355434047803     
   138.32920636935631        2.8840265263280789     
   137.98326821327001        3.1470101362703753     
   137.63724124872795        3.4099685360703873     
   137.29112203798340        3.6731578378554119     
   136.94528071176180        3.9369596315063871     
   136.59955684188489        4.2015194482992255     
   136.25366452242093        4.4667582200604015     
   135.90720898546002        4.7322616983155621     
   135.56025382931566        4.9981307236338433     
   135.21296005512380        5.2645411940534554     
   134.86571039868096        5.5316289005680668     
   134.51856903125838        5.7994883812112423     
   134.17153136919381        6.0682050066920823     
   133.82430749585103        6.3374212513563730     
   133.47676448502520        6.6070460149172234     
   133.12897739418545        6.8772964483729471     
   132.78105107460536        7.1483816813129435     
   132.43300729868056        7.4203893762774342     
   132.08489362190670        7.6933837045376823     
   131.73673926513047        7.9672346046778149     
   131.38854021764752        8.2414493330077310     
   131.04078463948565        8.5162759802458190     
   130.69398303602608        8.7921706207843116     
   130.34868372786360        9.0692071661767226     
   130.00536226995484        9.3465513898965558     
   129.66455208599226        9.6236572631802506     
   129.32634828696720        9.8996223775255814     
   128.99100010951361        10.174347611236755     
   128.65830988319766        10.447969328265209     
   128.32859044296683        10.720688636791451     
   128.00203487559261        10.992612106962397     
   127.67910956870736        11.263940274000772     
   127.35958648511490        11.533841203211189     
   127.04361573975339        11.802194000502247     
   126.73015111171809        12.069099506443077     
   126.41900123311066        12.334962802183567     
   126.11021938900461        12.600341375642863     
   125.80408117209176        12.865762347977819     
   125.50079112829924        13.131118576083729     
   125.20042202326501        13.395810173165783     
   124.90320590488963        13.659973503175422     
   124.60835724805783        13.923745503021880     
   124.31640546575764        14.187427548497006     
   124.02800659464617        14.451268876234744     
   123.74375937560271        14.715565132449157     
   123.46373657426517        14.978953823541339     
   123.18833811516346        15.241359892042215     
   122.91794673409403        15.503449687848978     
   122.65171846424822        15.765412287028765     
   122.39027152706970        16.028014307090125     
   122.13514889785785        16.292181074846440     
   121.88853125392025        16.557812895644137     
   121.65295164159868        16.821955026215949     
   121.43244654844752        17.083633438337259     
   121.23261033422273        17.341156760643905     
   121.05938514405229        17.592135759196676     
   120.91046883357939        17.836359012575063     
   120.77113524196341        18.076549216145747     
   120.65994820124997        18.265830975120128     
   120.61899948172928        18.325000324976749     
>
   150.11899869872806       -5.9249999393621291     
   149.46879761654014       -6.0045213224932468     
   149.15234845143306       -6.0402257594610518     
   148.84084677674923       -6.0675392297526676     
   148.52447266911116       -6.0909749217947464     
   148.19839838627149       -6.1124803190787445     
   147.85992472413244       -6.1330695568738225     
   147.50944874243498       -6.1533218954947388     
   147.15705048738835       -6.1735226679155293     
   146.80173874203453       -6.1938890251345029     
   146.44108072764317       -6.2145023271563078     
   146.07300921254688       -6.2353528336986948     
   145.69581105298593       -6.2564262208171870     
   145.31142170033840       -6.2772824569373658     
   144.92400827653231       -6.2968741752388793     
   144.52923750188370       -6.3153858681266266     
   144.13348696943265       -6.3324726150175366     
   143.73758517612794       -6.3477963708218885     
   143.33770361808897       -6.3614831862511023     
   142.93641029208209       -6.3745151109387068     
   142.53301879468782       -6.3869866829182671     
   142.12653389824376       -6.3988961833164444     
   141.71616663988789       -6.4104349800314866     
   141.30194566750922       -6.4217549068748809     
   140.88651231646980       -6.4327671553908514     
   140.46960990168455       -6.4435857441774580     
   140.05046550310931       -6.4542112461924770     
   139.62819218210194       -6.4646270456603139     
   139.20277446880243       -6.4747959003253222     
   138.77560407765634       -6.4845419121492895     
   138.34631718047396       -6.4938364332432581     
   137.91454479244547       -6.5027757205141308     
   137.47985203861643       -6.5113981621331138     
   137.04262394661453       -6.5197049040157644     
   136.60387751649776       -6.5277068323598879     
   136.16342023445236       -6.5354108226588341     
   135.72105271117110       -6.5428111453348103     
   135.27667181425383       -6.5498934764433390     
   134.83116333642710       -6.5567598024691138     
   134.38486417686511       -6.5634416360899897     
   133.93767349499868       -6.5699131942059044     
   133.48944690546750       -6.5761360886456535     
   133.04027722743177       -6.5821349565937401     
   132.59088065811548       -6.5880891338350480     
   132.14128126174535       -6.5939682536072848     
   131.69143950423464       -6.5997213226681000     
   131.24132387290550       -6.6053019314373786     
   130.79122944101417       -6.6112314714941842     
   130.34137049477005       -6.6179918003308087     
   129.89173041839760       -6.6256717264030289     
   129.44229546091012       -6.6343354209821133     
   128.99301749385413       -6.6439101184301039     
   128.54368337693577       -6.6537942130788563     
   128.09425987860388       -6.6638324333702093     
   127.64476132280289       -6.6739514407084268     
   127.19522380587290       -6.6840704480466462     
   126.74555680048483       -6.6941075224224411     
   126.29568066550739       -6.7039927629867506     
   125.84572947306083       -6.7136488204393867     
   125.39587568343676       -6.7229914699868063     
   124.94631811298453       -6.7318843476775649     
   124.49712494367985       -6.7399206534884391     
   124.04851389947883       -6.7471685693951535     
   123.60080469082224       -6.7538670187916265     
   123.15411649292818       -6.7603540467675796     
   122.70834445452303       -6.7666949705098398     
   122.26325824657955       -6.7728095759293208     
   121.81913002404289       -6.7787104680971657     
   121.37619183481360       -6.7844005118022706     
   120.93474333581020       -6.7899243977514105     
   120.49481661266830       -6.7952242572088890     
   120.05640364397902       -6.8002765989057581     
   119.61966543087831       -6.8051444481977299     
   119.18487069056461       -6.8099005707227596     
   118.75221537459839       -6.8146039811321035     
   118.32156827564820       -6.8191463904054963     
   117.89299585681647       -6.8235312362896137     
   117.46667917276139       -6.8278307114646317     
   117.04284110405906       -6.8321531049508168     
   116.62172630368123       -6.8364989897059480     
   116.20320528316975       -6.8407016350162841     
   115.78732559802035       -6.8447289552461887     
   115.37417491077319       -6.8486594456114096     
   114.96398641524443       -6.8525618610454506     
   114.55698986750355       -6.8564001052082242     
   114.15303457965456       -6.8598899910412507     
   113.75214117817754       -6.8630057354444691     
   113.35460588224434       -6.8658464601136764     
   112.96078965525585       -6.8685897819604227     
   112.57089245947701       -6.8713468547938703     
   112.18430925149298       -6.8739028194468217     
   111.80076100086529       -6.8760233361875933     
   111.42026718815846       -6.8773949971109660     
   111.04295959366169       -6.8777433554407130     
   110.66887889737727       -6.8767865159494699     
   110.29795233366730       -6.8745554183573168     
   109.93018849689844       -6.8710351657619926     
   109.56564124510192       -6.8662968049281181     
   109.20435412306898       -6.8604526355804127     
   108.84701639900798       -6.8534304650386977     
   108.49581849050875       -6.8453821271144619     
   108.15256349570238       -6.8367992195822422     
   107.81601726353250       -6.8283538219170294     
   107.61749713332651       -6.8265999981549390     
>
   150.11899869872806       -5.9249999393621291     
   149.60173126976264       -5.8125558292811563     
   149.32152741376689       -5.7898575339008920     
   149.04656841328182       -5.7564924835455047     
   148.76861742727380       -5.7163464778734436     
   148.48366203241525       -5.6711309417711364     
   148.18938232265825       -5.6216812476806384     
   147.88441236665710       -5.5684740964742341     
   147.56878596892093       -5.5119151422595865     
   147.25041682229573       -5.4525458301380265     
   146.92971000793150       -5.3905128373010287     
   146.60490425361493       -5.3258253310730570     
   146.27451330686685       -5.2585365965275779     
   145.93726119071306       -5.1887245559225592     
   145.59218590904217       -5.1164694233470893     
   145.24301111446127       -5.0443191420452091     
   144.89215698062955       -4.9739650833810805     
   144.53804787365425       -4.9055819994773540     
   144.17926228528523       -4.8397588909310345     
   143.81464341376636       -4.7774984338556985     
   143.44356902694935       -4.7196342818200634     
   143.06994669688828       -4.6620915590985526     
   142.69441985516920       -4.6036097585769520     
   142.31622532203028       -4.5440192847526282     
   141.93439307995123       -4.4830158970448268     
   141.54818401339702       -4.4204683881221190     
   141.15859621481891       -4.3562845117820528     
   140.76682372822879       -4.2903777513999728     
   140.37267289389726       -4.2227899328937575     
   139.97575180870334       -4.1537410720506163     
   139.57552991374354       -4.0833835756398127     
   139.17227306142740       -4.0118452132461044     
   138.76713117801773       -3.9390641054293396     
   138.35978226124263       -3.8651663029009402     
   137.94985904516560       -3.7902257172144216     
   137.53705786216378       -3.7143546480945031     
   137.12159529027758       -3.6375760138523523     
   136.70435597631820       -3.5598869496990733     
   136.28507177604487       -3.4814175170505424     
   135.86349230690809       -3.4023115283093346     
   135.43937177002061       -3.3226950341868715     
   135.01297429891866       -3.2426545513078100     
   134.58484993307025       -3.1621814853054628     
   134.15485142232612       -3.0813698012556165     
   133.72282979766365       -3.0003386743763412     
   133.28867333231597       -2.9191230550921672     
   132.85279627475737       -2.8377521642498347     
   132.41543411063512       -2.7563148103051160     
   131.97649344783122       -2.6748665701625929     
   131.53595079507673       -2.5934882308691298     
   131.09390470110961       -2.5122021377781167     
   130.65091322680686       -2.4309693297605679     
   130.20700559301517       -2.3498184547054422     
   129.76214742226782       -2.2687752957128038     
   129.31633814160702       -2.1879217857450772     
   128.86992267161585       -2.1071507816975523     
   128.42360002078490       -2.0260990283382263     
   127.97733638460520       -1.9447739741182284     
   127.53103264138097       -1.8632638545355529     
   127.08455987561187       -1.7817285248105932     
   126.63801205237371       -1.7004080542528286     
   126.19136338856642       -1.6194296394892382     
   125.74460299799216       -1.5388144799576529     
   125.29777614431552       -1.4585557001647211     
   124.85091204838322       -1.3786951260283249     
   124.40387377328608       -1.2995284037625237     
   123.95655589479269       -1.2213517525391568     
   123.50902315713211       -1.1443702912431741     
   123.06140963242464       -1.0688263810151710     
   122.61389694828630      -0.99473434579962727     
   122.16671600670215      -0.92185354332928460     
   121.72017219416843      -0.84999260570589430     
   121.27471700141517      -0.77880603938860704     
   120.83081337832795      -0.70811107084586200     
   120.38829344827747      -0.63822454572954967     
   119.94742363663103      -0.56925360714437767     
   119.50872361609440      -0.50122002748595540     
   119.07269587063986      -0.43414328731877516     
   118.63950254731900      -0.36819985763882651     
   118.20918547204961      -0.30357938747102009     
   117.78173891525398      -0.24002977539251388     
   117.35753644540409      -0.17750289294985616     
   116.93693386928085      -0.11596665450741248     
   116.51971174405477       -5.5356315836134665E-002
   116.10533091645571        4.5532954711976622E-003
   115.69402515325756        6.3849268997020911E-002
   115.28601733503638       0.12263588305714707     
   114.88200188662059       0.18074526102227439     
   114.48119385585268       0.23864035277798584     
   114.08307872664696       0.29670504003633663     
   113.68806501789997       0.35511464787775782     
   113.29659849076393       0.41386516559779524     
   112.90933002527598       0.47271938867586549     
   112.52566661013469       0.53192483487257713     
   112.14349689592372       0.59218337746743432     
   111.76296698687679       0.65325838489763266     
   111.38460744189742       0.71485707573800772     
   111.00873109593304       0.77686142068604680     
   110.63484463233580       0.83948971665562067     
   110.26076794675585       0.90314360704993879     
   109.88741490685102       0.96734696395449737     
   109.51624999270490        1.0313314509874063     
   109.14813607873296        1.0943825897980199     
   108.78296258408379        1.1559503409183189     
   108.42010097407365        1.2158971944812982     
   108.05992997379457        1.2743537848606130     
   107.70319500131728        1.3315578895346252     
   107.35087409557083        1.3880251705046032     
   107.00394873323098        1.4440982565225005     
   106.66252090078245        1.4997198518103982     
   106.32622562411984        1.5546441574810264     
   105.99500331563419        1.6083973374509963     
   105.66876115616520        1.6604471139434436     
   105.34760628881763        1.7105866492000825     
   105.03179769050764        1.7590709094326502     
   104.72161324575816        1.8061680388818071     
   104.41752048811701        1.8523249446153178     
   104.11954462772643        1.8983712694974462     
   103.82769024824869        1.9430275988072669     
   103.54209829729746        1.9845429735715854     
   103.34199909545202        2.0124878433358644     
   103.31899713244879        2.0156998446459857     
>
   150.11899869872806       -5.9249999393621291     
   149.57368212168254       -5.8756453562629760     
   149.28742038308746       -5.8714753695460544     
   149.00593367462409       -5.8578149101746826     
   148.72105276427683       -5.8384116949825202     
   148.42874574815352       -5.8149863161804669     
   148.12677751795758       -5.7884090966351067     
   147.81384688657246       -5.7592088763766300     
   147.49148193239523       -5.7278400109239316     
   147.16754420911417       -5.6947064355113364     
   146.84084712116851       -5.6598814887345821     
   146.50960246732947       -5.6233743379181353     
   146.17229133652438       -5.5852451436288115     
   145.82761769825672       -5.5455804224912653     
   145.47525553955018       -5.5046895717062609     
   145.12096136721223       -5.4644375688450486     
   144.76574817059645       -5.4251658967440255     
   144.40809302792579       -5.3868888793476719     
   144.04674689124158       -5.3499617504790802     
   143.68068359316135       -5.3150416927109809     
   143.31037238610620       -5.2819356192717875     
   142.93847637783387       -5.2484238917249302     
   142.56438135760496       -5.2143821782323245     
   142.18723820199082       -5.1796970331536913     
   141.80613361629136       -5.1441684942240968     
   141.42055995991427       -5.1077381197500609     
   141.03235184366847       -5.0702918911335271     
   140.64169089516994       -5.0318120466833394     
   140.24796920621500       -4.9922985863995004     
   139.85070893001583       -4.9517761474665125     
   139.44944940851795       -4.9102178008687538     
   139.04518185867929       -4.8675582294193998     
   138.63849757292806       -4.8237412832560871     
   138.22903501490552       -4.7787715460410523     
   137.81646358797315       -4.7326484448165127     
   137.40052546113026       -4.6853559367646538     
   136.98198954371651       -4.6368596444187222     
   136.56127581378411       -4.5871630055253947     
   136.13809034399227       -4.5363124296647861     
   135.71218332474930       -4.4843543264170078     
   135.28337370139695       -4.4313167707132424     
   134.85230318664799       -4.3772249726957728     
   134.41917976417616       -4.3220497115178613     
   133.98390259341238       -4.2660104300089365     
   133.54645677745438       -4.2095591918567754     
   133.10687268306444       -4.1527246449503386     
   132.66569863083726       -4.0955509070386231     
   132.22291399429278       -4.0381010034773404     
   131.77846434244202       -3.9804184790577071     
   131.33231529781816       -3.9225978718132897     
   130.88470578381515       -3.8647113744242665     
   130.43599561791831       -3.8067778944973498     
   129.98615844406984       -3.7488461334437702     
   129.53519655410082       -3.6910129211282103     
   129.08316151421135       -3.6333424288219405     
   128.63082968219231       -3.5755871387643507     
   128.17840159326633       -3.5177556453221293     
   127.72577125024434       -3.4598685749753262     
   127.27265389311000       -3.4018256601125842     
   126.81909306665459       -3.3436154415783204     
   126.36529961934082       -3.2852929233193349     
   125.91124375736418       -3.2270042095693223     
   125.45691230269576       -3.1688770699130404     
   125.00231728744892       -3.1110375550619103     
   124.54750397528821       -3.0538460554590401     
   124.09249757635588       -2.9974538319581350     
   123.63731929008983       -2.9419284935771408     
   123.18199833733675       -2.8873582758140506     
   122.72658513838121       -2.8338795426203109     
   122.27110834111218       -2.7817140286564679     
   121.81569514215670       -2.7308158973001859     
   121.36054092011734       -2.6811908781292568     
   120.90583360514579       -2.6328641812859650     
   120.45154741414190       -2.5850285092594367     
   119.99774193471478       -2.5373246175221214     
   119.54454894715359       -2.4897960508652370     
   119.09206700019639       -2.4426301664825778     
   118.64045365723243       -2.3959404100144233     
   118.19007217349372       -2.3496345352583234     
   117.74133106787683       -2.3035051314982136     
   117.29443316743557       -2.2576461638098793     
   116.84952686823476       -2.2122146226248187     
   116.40667061196790       -2.1670535175115342     
   115.96601795131980       -2.1219777831073490     
   115.52768806150850       -2.0771581608304599     
   115.09185741353001       -2.0326828861788622     
   114.65884743669848       -1.9885078414035584     
   114.22867302791612       -1.9445459369221119     
   113.80134564633856       -1.9007885783678353     
   113.37705436803289       -1.8573629623677075     
   112.95601004146188       -1.8143132066707266     
   112.53856904636419       -1.7716587918413846     
   112.12445292525911       -1.7292100688547709     
   111.71373157899571       -1.6870501165888669     
   111.30647433546527       -1.6452224798348913     
   110.90316076032899       -1.6038692521220828     
   110.50404639275635       -1.5629560559836897     
   110.10859437130829       -1.5222244874612985     
   109.71678349654694       -1.4816905893727268     
   109.32878565580610       -1.4413721234091295     
   108.94518412010495       -1.4014065994375111     
   108.56658450581610       -1.3618198005579354     
   108.19188157738353       -1.3219975160311137     
   107.82066223224837       -1.2817861931722243     
   107.45312242197117       -1.2412568787458862     
   107.08970790770411       -1.2005212995190409     
   106.73123973794478       -1.1597146735275763     
   106.37728991323210       -1.1185843263908712     
   106.02566056752515       -1.0768042451325683     
   105.67639352674176       -1.0350012455630979     
   105.32992137400527      -0.99397116603775038     
   104.98688123836608      -0.95431217447799710     
   104.64767820097411      -0.91617266694864730     
   104.31115546007318      -0.87910745525527256     
   103.97616137052715      -0.84263811965225233     
   103.64363329126272      -0.80682539366418005     
   103.31444612880871      -0.77183371617368257     
   102.98942723419830      -0.73790258353245997     
   102.66948761030039      -0.70523138504766891     
   102.35511885488950      -0.67357145704314292     
   102.04562310539059      -0.64214930651697932     
   101.74105250096159      -0.61072199937080296     
   101.44131708723111      -0.57889476769475434     
   101.14681392394020      -0.54652895570627003     
   100.86111540284205      -0.51401016399074284     
   100.58952654001415      -0.48143121170840097     
   100.41790849641433      -0.45958375863022843     
   100.39700012113623      -0.45679975678115958     
>
   150.11899869872806       -5.9249999393621291     
   149.61849314959275       -5.7730744546329511     
   149.34233380256026       -5.7384924419545724     
   149.07167198541910       -5.6924667435524947     
   148.79826971122006       -5.6389622272586921     
   148.51813117241113       -5.5796897450018159     
   148.22890380435095       -5.5154594590816348     
   147.92918214160721       -5.4467171306503595     
   147.61839895597848       -5.3738260149399917     
   147.30372882477573       -5.2973774043786515     
   146.98698573232789       -5.2176033468669125     
   146.66643017881736       -5.1345141556447977     
   146.34059768416051       -5.0481579591657608     
   146.00822831420089       -4.9586063771521980     
   145.66832225761388       -4.8659046732686662     
   145.32290434719107       -4.7721785208759497     
   144.97534815833635       -4.6806416401575044     
   144.62407863011470       -4.5915931150740681     
   144.26754132807125       -4.5057766448230243     
   143.90447689100728       -4.4244286722918584     
   143.53375258139334       -4.3490835784132331     
   143.15915335831878       -4.2754882975922444     
   142.78393992450492       -4.1997547383393306     
   142.40742129287008       -4.1218932138945172     
   142.02840341940245       -4.0419667496135139     
   141.64597873897972       -3.9601924964946331     
   141.26025611358006       -3.8767853137050698     
   140.87289196414298       -3.7918208316716777     
   140.48333395936939       -3.7055356819572594     
   140.09101200626904       -3.6181842578157739     
   139.69541158875614       -3.5298811508030594     
   139.29636311132813       -3.4407552764194334     
   138.89518265800376       -3.3505201557753006     
   138.49184902934516       -3.2592582947908650     
   138.08599782420490       -3.1670332917796169     
   137.67733339636877       -3.0739803647774440     
   137.26572110075870       -2.9801533718155895     
   136.85217220785503       -2.8854468886626830     
   136.43667296667101       -2.7899651936345369     
   136.01898559972824       -2.6938710067404399     
   135.59886087039283       -2.5973224643274482     
   135.17634748007600       -2.5003791540045968     
   134.75227392572643       -2.4028623129447788     
   134.32661385128631       -2.3048183507281097     
   133.89921943364854       -2.2063687344037755     
   133.46994456857954       -2.1075701867919170     
   133.03889468031059       -2.0084668256415310     
   132.60658543084298       -1.9090901636304731     
   132.17295436777883       -1.8095215607633872     
   131.73794877900235       -1.7098057077470508     
   131.30156637268252       -1.6100468828972752     
   130.86411081644226       -1.5103453538254181     
   130.42589322635570       -1.4107664377183069     
   129.98681677255814       -1.3112912269692290     
   129.54689463307847       -1.2119856117227898     
   129.10617264453907       -1.1129040229680132     
   128.66527647683480       -1.0138419147777287     
   128.22428577109699      -0.91489898180551488     
   127.78300973238510      -0.81630039645859254     
   127.34136585477899      -0.71798084155013420     
   126.89940054785875      -0.61984807087769078     
   126.45760999306114      -0.52142137286452439     
   126.01600450362626      -0.42272194694846504     
   125.57455142096063      -0.32382370468302801     
   125.13322324309084      -0.22480113057950740     
   124.69184750972539      -0.12589142915848656     
   124.25027697071502       -2.7316908038290039E-002
   123.80853855507534        7.0873731369851312E-002
   123.36666549435756       0.16862319328801884     
   122.92466638292834       0.26582146982260857     
   122.48242892106300       0.36227891194870981     
   122.03999894538384       0.45788150106826436     
   121.59747958829114       0.55246193350974948     
   121.15500664077855       0.64579732869706175     
   120.71270901834639       0.73767168154744767     
   120.27060390972804       0.82799159994289950     
   119.82882309521270       0.91658634246522019     
   119.38754591058527        1.0036724871549418     
   118.94696486965955        1.0891583607673945     
   118.50715674877796        1.1735985864328313     
   118.06824817160967        1.2579511495580527     
   117.63044597591302        1.3420888535160787     
   117.19397189634851        1.4258105901264153     
   116.75905969969006        1.5089307210686058     
   116.32590992116040        1.5913776266202517     
   115.89466809203545        1.6731432853724446     
   115.46546026302656        1.7541881632384202     
   115.03851046062549        1.8345265841626590     
   114.61404729498607        1.9140995334939035     
   114.19202378357042        1.9928829470054288     
   113.77261124075456        2.0709547469552043     
   113.35602108795896        2.1482633671431026     
   112.94250829139536        2.2248214126402663     
   112.53230203417544        2.3005652851332057     
   112.12531064305456        2.3755625936398648     
   111.72170084874641        2.4498076085824509     
   111.32172016901166        2.5233771063033767     
   110.92571581626444        2.5962378552514482     
   110.53398572854998        2.6685061658558400     
   110.14634770529447        2.7402565226278468     
   109.76296389354940        2.8114694450029769     
   109.38406748713093        2.8820801887521812     
   109.00995470521092        2.9519684327418316     
   108.64102833710808        3.0209634355537291     
   108.27708498281083        3.0889574811253877     
   107.91792181526533        3.1559328077656517     
   107.56350101925817        3.2218825399811712     
   107.21384608605828        3.2867001076250184     
   106.86926011033087        3.3500526222274836     
   106.52999576645654        3.4114840093963368     
   106.19395717487903        3.4712853316834025     
   105.86000071187108        3.5301894020882618     
   105.52811950193934        3.5889141367082358     
   105.19881144539393        3.6480032724757727     
   104.87286378622345        3.7077358398293359     
   104.55090162136501        3.7681846044068834     
   104.23147250284833        3.8293415447995049     
   103.91402352641654        3.8911063933958454     
   103.59893169828833        3.9532660099020434     
   103.28668116778711        4.0155247481040419     
   102.97779561832303        4.0777101477103042     
   102.67271794625944        4.1397683506895877     
   102.37155987836326        4.2015698685837943     
   102.07331988443649        4.2630763132217195     
   101.77804551997477        4.3246744311043157     
   101.48652402896674        4.3857838160012665     
   101.20049834897667        4.4454046565878880     
   101.02549412490185        4.4794996551539583     
>
   150.11899869872806       -5.9249999393621291     
   149.63407129865104       -5.7429563560122174     
   149.36055156810730       -5.6992981191537391     
   149.09289147677129       -5.6434421841341544     
   148.82272125740462       -5.5794915016102165     
   148.54603020555308       -5.5091815606950858     
   148.26042622248849       -5.4333133563640628     
   147.96445743319842       -5.3523120232893051     
   147.65727528721183       -5.2665087310671828     
   147.34506830150184       -5.1765033664925042     
   147.03098831681166       -5.0826276721194192     
   146.71330041698596       -4.9848919611879516     
   146.39055272701222       -4.8833403514471012     
   146.06149333414302       -4.7780393059992505     
   145.72512013522243       -4.6690335155511793     
   145.38241346101077       -4.5579455965335418     
   145.03706831622591       -4.4491638325771321     
   144.68766548444884       -4.3432565977989031     
   144.33286882813854       -4.2409463919584081     
   143.97262047855929       -4.1425540714119942     
   143.60619163341590       -4.0485569099897205     
   143.23599559087441       -3.9560568872444635     
   142.86532456633392       -3.8614117105739294     
   142.49327615129232       -3.7649823433790082     
   142.11868380371109       -3.6668977011600168     
   141.74066230382147       -3.5674012909731090     
   141.35882834286912       -3.4666902102943244     
   140.97497986236513       -3.3647272168680167     
   140.58895987187805       -3.2617294616924983     
   140.20018624630416       -3.1579696726706605     
   139.80816624195344       -3.0535899433317431     
   139.41250566387373       -2.9487168973449460     
   139.01428167268998       -2.8429775391960188     
   138.61394518617431       -2.7362824874714069     
   138.21113982458817       -2.6287016430201731     
   137.80563984256651       -2.5203547540181659     
   137.39744237532042       -2.4112309342675817     
   136.98728997613176       -2.3011485561524183     
   136.57555850530366       -2.1900698044592484     
   136.16196320281986       -2.0781373456750898     
   135.74624165401752       -1.9654921274136237     
   135.32817899972937       -1.8522825457396581     
   134.90833845745246       -1.7384490130441583     
   134.48697499339843       -1.6239869456648905     
   134.06394422220700       -1.5090223943132757     
   133.63911321767333       -1.3936814097007353     
   133.21238858767947       -1.2780350385918882     
   132.78429688042448       -1.1620855728178514     
   132.35498534605756       -1.0459453121033453     
   131.92435772767192      -0.92970134603080634     
   131.49238136667401      -0.81339206277144027     
   131.05925336053994      -0.69696818795623672     
   130.62551630028662      -0.58048128778532260     
   130.19123894084754      -0.46402188958780949     
   129.75627403207338      -0.34753842716357053     
   129.32057802917302      -0.23104293262596862     
   128.88443970286710      -0.11444602456145064     
   128.44839304980587        2.4471026749069104E-003
   128.01228680913559       0.11950123104721595     
   127.57596800112924       0.23658171547736759     
   127.13931802352653       0.35356078638060318     
   126.70260502056810       0.47045334065918148     
   126.26605817536566       0.58730578789321686     
   125.82967576904582       0.70407630216482830     
   125.39345264498860       0.82071732797834385     
   124.95737906291171       0.93721683322039995     
   124.52134787971055        1.0536985767713014     
   124.08528461087370        1.1701001062331164     
   123.64915545189228        1.2863200080789297     
   123.21294607882174        1.4022425448373446     
   122.77664560546432        1.5177857835459381     
   122.34023054055106        1.6329944149114866     
   121.90375302323991        1.7477939544226953     
   121.46728982987320        1.8620898640459989     
   121.03094237397788        1.9757755736344689     
   120.59472039583623        2.0888900443170892     
   120.15860613375706        2.2015260952540889     
   119.72270214718284        2.3136361709497946     
   119.28713162203611        2.4251772995707683     
   118.85209681241290        2.5362365706994456     
   118.41761548000440        2.6469704018095443     
   117.98376153636413        2.7573346751520682     
   117.55070400403690        2.8672927214291488     
   117.11861419739876        2.9768153197940470     
   116.68773906125244        3.0859437232068649     
   116.25827512011629        3.1949231575970942     
   115.83031118244605        3.3036596578889479     
   115.40395439134645        3.4120380595688102     
   114.97945742119803        3.5199861699565029     
   114.55698012722129        3.6274358070763033     
   114.13656662716515        3.7344511421994806     
   113.71839110019457        3.8410407696927216     
   113.30257730518973        3.9471405182847570     
   112.88933666357126        4.0527240319177462     
   112.47884278154621        4.1577431821382360     
   112.07115983038582        4.2622489621885746     
   111.66643104953494        4.3662001191086608     
   111.26486786041409        4.4694207548602831     
   110.86670231092378        4.5718335201432518     
   110.47214582248456        4.6733639304462731     
   110.08121271904095        4.7739644302736739     
   109.69403077017766        4.8735748590586407     
   109.31073232914170        4.9721207322898779     
   108.93145662467342        5.0695189710894040     
   108.55634173959757        5.1656538379858219     
   108.18538881982977        5.2604525673411775     
   107.81866776621904        5.3539248994377164     
   107.45628744074340        5.4460742720221118     
   107.09834410030979        5.5368474000208998     
   106.74503025873203        5.6259182704577242     
   106.39649373911710        5.7127586162601762     
   106.05218106425036        5.7971719129099899     
   105.71173298960424        5.8796170995882990     
   105.37499252474720        5.9613225977736768     
   105.04228854744458        6.0433569737243085     
   104.71426448928233        6.1260611373188096     
   104.39093238237383        6.2090317262806325     
   104.07056991563486        6.2917926126952723     
   103.75277659157778        6.3738596472393168     
   103.43768304457622        6.4549377566564852     
   103.12587139973385        6.5348796907975268     
   102.81795586778995        6.6136401859978848     
   102.51442002511013        6.6912513278931938     
   102.21413285303834        6.7679279756506503     
   101.91623376899017        6.8437320087104032     
   101.62068323887891        6.9186915020036350     
   101.32742969650438        6.9932430493580870     
   101.03640553284868        7.0681630085645564     
   100.74830230795129        7.1438398449973306     
   100.61699413594835        7.1769997764677678     
>
   150.11899869872806       -5.9249999393621291     
   149.60814381322731       -5.8045745274170839     
   149.32880626939368       -5.7795574719044502     
   149.05488718727781       -5.7436685425317462     
   148.77808555457489       -5.7008428133264273     
   148.49437863471718       -5.6527985846682745     
   148.20142646813449       -5.6003706560415640     
   147.89785223728350       -5.5440317176141241     
   147.58348348187261       -5.4841771102535928     
   147.26607575840092       -5.4213603111746682     
   146.94641573789926       -5.3557474781333099     
   146.62274558590101       -5.2873477784539871     
   146.29358191471599       -5.2162139242523846     
   145.95765218511653       -5.1424204000397973     
   145.61395945056682       -5.0660256475097016     
   145.26578045660617       -4.9894744775058877     
   144.91585050367226       -4.9147985983133529     
   144.56259911449240       -4.8421899507881241     
   144.20457727884303       -4.7722701941206180     
   143.84060642257239       -4.7060912787934246     
   143.46988956140962       -4.6446936961335439     
   143.09630676543532       -4.5839550149197281     
   142.72087961836982       -4.5222268356212574     
   142.34285926439574       -4.4593292494954655     
   141.96126709162621       -4.3949431190593460     
   141.57535309832826       -4.3289257778258827     
   141.18606209187979       -4.2611551857881071     
   140.79526879013429       -4.1915517018147126     
   140.40228908150343       -4.1203238825373241     
   140.00655000820797       -4.0477146620543154     
   139.60752502204889       -3.9738644150215894     
   139.20533845486426       -3.8988991921505649     
   138.80122904137269       -3.8227118503365354     
   138.39492978324907       -3.7454187000086745     
   137.98607570638802       -3.6670976634249528     
   137.57436715387109       -3.5878593214367531     
   137.15990553922515       -3.5077403433419430     
   136.74364025349036       -3.4267138001249018     
   136.32535471862613       -3.3449091802437239     
   135.90479969799856       -3.2624731608898823     
   135.48173053863590       -3.1795380953103698     
   135.05631626308303       -3.0962008133698675     
   134.62917853053037       -3.0124320942216376     
   134.20019243618208       -2.9283339243503748     
   133.76921187580439       -2.8440237601008138     
   133.33611939305266       -2.7595376978130415     
   132.90124673048098       -2.6749238659405115     
   132.46491474444571       -2.5902556030789583     
   132.02709593297345       -2.5054887914793849     
   131.58785389437770       -2.4205907725483775     
   131.14720409851844       -2.3356583761506191     
   130.70559803612579       -2.2507700975018583     
   130.26310102438646       -2.1659167692776276     
   129.81970905259607       -2.0811511035936126     
   129.37543186103679       -1.9965493038344453     
   128.93050837310264       -1.9120523553488691     
   128.48567254770867       -1.8272780952981662     
   128.04089688288153       -1.7422551715712962     
   127.59593787156503       -1.6571629199531450     
   127.15044257176721       -1.5722987055311097     
   126.70456969279293       -1.4877771198610286     
   126.25847049549587       -1.4035861308295379     
   125.81211461311374       -1.3197435001277928     
   125.36547626254644       -1.2362675624047272     
   124.91853825506065       -1.1532012894937806     
   124.47128798558521       -1.0707308926731880     
   124.02374264285348      -0.98893085645424406     
   123.57592858292330      -0.90785331999485464     
   123.12788419396590      -0.82752922301509590     
   122.67967307429474      -0.74770646409212560     
   122.23128720250095      -0.66828362969902777     
   121.78274376731785      -0.58934322575600517     
   121.33406454114113      -0.51097463367661100     
   120.88528103664856      -0.43325978642326912     
   120.43647977046486      -0.35612935610469770     
   119.98784867274156      -0.27972085258790164     
   119.53950691869674      -0.20415001334427682     
   119.09158858045079      -0.12954174316968578     
   118.64426210759071       -5.6049594748950708E-002
   118.19769709561913        1.6228456137687503E-002
   117.75202818961425        8.7301003856916651E-002
   117.30741639071194       0.15720643657994224     
   116.86403358624599       0.22618138586956840     
   116.42189811086534       0.29416569115898056     
   115.98107356288348       0.36099892427000646     
   115.54169000371625       0.42666676125816633     
   115.10395828182644       0.49119899592797800     
   114.66810987215680       0.55463000574619248     
   114.23404909075823       0.61696322845948504     
   113.80186417312871       0.67815511927663752     
   113.37180034519776       0.73822458580436290     
   112.94397449035229       0.79716647142264874     
   112.51863011564849       0.85507474120728144     
   112.09582508982204       0.91218774559440297     
   111.67558405005745       0.96877076403577667     
   111.25807544594181        1.0248541632936992     
   110.84342017156652        1.0804247653392498     
   110.43183824271878        1.1355518980637098     
   110.02333023235637        1.1902613445671426     
   109.61798953259733        1.2445651369629109     
   109.21592156767299        1.2984586915887817     
   108.81734692632836        1.3519654997137012     
   108.42251713702848        1.4051262413399921     
   108.03146256653567        1.4579793046388594     
   107.64425426161453        1.5105046360880319     
   107.26100967860982        1.5626535342762791     
   106.88192476908200        1.6143704222990189     
   106.50729460628737        1.6655882640960871     
   106.13721602009059        1.7163299779786512     
   105.77166208147604        1.7665737915511019     
   105.41066544903717        1.8162973594600507     
   105.05438082137431        1.8654250512786454     
   104.70319780977731        1.9136807013573178     
   104.35737539116241        1.9607331400996981     
   104.01592979702272        2.0065365308834506     
   103.67810987970971        2.0511756714598959     
   103.34358504258482        2.0949645426920278     
   103.01248420114834        2.1384062015099725     
   102.68507664555649        2.1819876620260388     
   102.36120022875777        2.2261054110234242     
   102.03976289322506        2.2711015042963023     
   101.72092735896766        2.3170022979025173     
   101.40512792798214        2.3636416340861035     
   101.09265107915810        2.4109845624225312     
   100.78339883671535        2.4593691280015206     
   100.47695637922175        2.5091711911262182     
   100.17291404186514        2.5604996137746694     
   99.871094780691791        2.6139691796439424     
   99.572290996310286        2.6698520436791497     
   99.278658728843723        2.7283441574407741     
   98.992262918128290        2.7884663360841846     
   98.924000728315974        2.8009997875038959     
>
   150.11899869872806       -5.9249999393621291     
   149.68441881758156       -5.6668062564538344     
   149.41830743112266       -5.5994579342993198     
   149.15944109578160       -5.5175713814557179     
   148.89891318288090       -5.4257571891721472     
   148.63259037500151       -5.3258746054420660     
   148.35801697510180       -5.2187389491852612     
   148.07358583661122       -5.1047146215492916     
   147.77826334369607       -4.9840697667748195     
   147.47417975337936       -4.8572363950273489     
   147.16829650267826       -4.7249261198686323     
   146.85945965462540       -4.5871887886254585     
   146.54624999280179       -4.4440570598912403     
   146.22744138755999       -4.2955973967683638     
   145.90269178310581       -4.1441193920647317     
   145.57180981154099       -3.9911494053040975     
   145.23799429614670       -3.8399108969521647     
   144.90221296261205       -3.6907321718164092     
   144.56317436410271       -3.5421195289664897     
   144.21936932982834       -3.3933344258250355     
   143.87068040344414       -3.2449681548201670     
   143.51673458943591       -3.0971347345499418     
   143.16057830431561       -2.9481777440747314     
   142.80300452164960       -2.7977562735159198     
   142.44298019856197       -2.6464541668504977     
   142.07968887021744       -2.4947693243885785     
   141.71314371464490       -2.3433468965895270     
   141.34318946028620       -2.1919554085105522     
   140.97159425484793       -2.0400104432168824     
   140.59815355240286       -1.8875715883175539     
   140.22237632813429       -1.7348949559398623     
   139.84374692004093       -1.5819862756616005     
   139.46185451739512       -1.4289916517164607     
   139.07743938164751       -1.2753581798475273     
   138.69113749593305       -1.1208011000385449     
   138.30257299994858      -0.96525165735601093     
   137.91144852860671      -0.80872360278662614     
   137.51782252360093      -0.65133210084400650     
   137.12199922551196      -0.49289552391215008     
   136.72477160790618      -0.33310848549475042     
   136.32589158006525      -0.17207297207650266     
   135.92510360281958       -9.8651870420386756E-003
   135.52218651446648       0.15332235579483477     
   135.11722740458839       0.31753320122533590     
   134.71093043829586       0.48297647883886785     
   134.30321139079541       0.64952327313511360     
   133.89395796236229       0.81708821340497440     
   133.48308764707630       0.98550342301914839     
   133.07079066692015        1.1545660749238034     
   132.65771389122654        1.3244016468725817     
   132.24385731999541        1.4949597185809143     
   131.82907771378203        1.6661961722998042     
   131.41327079427057        1.8380760576047213     
   130.99664397217711        2.0105638511133548     
   130.57985958669434        2.1837030976169238     
   130.16283971556433        2.3575304664132970     
   129.74541648215779        2.5320786160958866     
   129.32742258280319        2.7072667596178284     
   128.90910668117667        2.8827912293561524     
   128.49112424097765        3.0586159289707697     
   128.07337728642585        3.2347517446594867     
   127.65575466371214        3.4112003952956393     
   127.23816699142297        3.5879487028503059     
   126.82057072476712        3.7650934971881704     
   126.40297159332236        3.9428513563497649     
   125.98536673229981        4.1212280099128815     
   125.56775957944613        4.3001965288618971     
   125.15012893532352        4.4794922067028287     
   124.73244386021189        4.6589379994819078     
   124.31468659242007        4.8386983460817587     
   123.89682218152355        5.0187738194601650     
   123.47882541738007        5.1991346258126052     
   123.06068254900285        5.3797148749944732     
   122.64243081864761        5.5606778599728379     
   122.22421174688576        5.7424120461219887     
   121.80621383682670        5.9250933314801362     
   121.38856714988627        6.1086346264648421     
   120.97143497903154        6.2925683975282904     
   120.55469585721335        6.4767284869145199     
   120.13822946329805        6.6610043137721426     
   119.72205928855458        6.8452492009096906     
   119.30616871720737        7.0293434001513111     
   118.89056004108751        7.2131895086745450     
   118.47562516331595        7.3968396656372954     
   118.06150617742199        7.5802892873773331     
   117.64820881298337        7.7634679000878126     
   117.23571187056227        7.9460718361457703     
   116.82418437270356        8.1277808121526380     
   116.41384404336330        8.3086544157174487     
   116.00470864423271        8.4886960845868824     
   115.59684750320302        8.6677872165006438     
   115.19037635774563        8.8458395759607402     
   114.78539662138745        9.0228096181759536     
   114.38211455892903        9.1986148372260761     
   113.98054735910370        9.3732042398687696     
   113.58070304332038        9.5464666722948639     
   113.18263948031479        9.7181889942105038     
   112.78641396586481        9.8883637571645604     
   112.39231698956452        10.056994971861489     
   112.00039667986736        10.224131339712518     
   111.61072580241128        10.389732180715326     
   111.22327685522288        10.553810099941055     
   110.83813864675797        10.716343897951877     
   110.45551285815478        10.877336439536684     
   110.07570831365631        11.036762514553196     
   109.69883559411392        11.194582015956868     
   109.32488954290764        11.350692384305226     
   108.95400766990443        11.505039188609247     
   108.58632175539354        11.657669984364604     
   108.22237954701184        11.808593365937986     
   107.86229047969519        11.957842564880581     
   107.50592105428102        12.105612959795094     
   107.15316011696017        12.252244887602364     
   106.80420533816643        12.398277501572606     
   106.46011382500245        12.543857478897289     
   106.12210998824234        12.688278362634676     
   105.79099539581915        12.830803902038516     
   105.46702615986023        12.971317213721848     
   105.14963161441744        13.110179261085568     
   104.83863414257929        13.247831794577420     
   104.53434027675762        13.384360184906511     
   104.23444729963788        13.519244186409335     
   103.93653675643414        13.651422108321061     
   103.63958820934164        13.780208120179999     
   103.34403825218814        13.905645766777369     
   103.05076408333359        14.028078249822904     
   102.76047559746637        14.147802934404003     
   102.47364433883877        14.264937276865400     
   102.18915762344358        14.379394187624653     
   101.90702633747863        14.491075117943749     
   101.62756789955361        14.600054552333978     
   101.43846547636410        14.671384358096061     
   101.41100017226101        14.680799773281441     
>
   150.11899869872806       -5.9249999393621291     
   149.69214687210723       -5.6508184425834047     
   149.42796807223752       -5.5783175111206624     
   149.17116094715487       -5.4908629545789243     
   148.91283204621070       -5.3931083360407444     
   148.64884805198591       -5.2869260815285051     
   148.37675555927012       -5.1731263533419769     
   148.09493137867483       -5.0520615205153607     
   147.80232184084412       -4.9239848303870550     
   147.50041491713054       -4.7892836024157930     
   147.19649232794978       -4.6487278918567982     
   146.88975193241100       -4.5023967668836011     
   146.57878711916626       -4.3503217401740564     
   146.26270407408003       -4.1937123256000266     
   145.94129595939407       -4.0354825864264567     
   145.61383339985542       -3.8755013153219120     
   145.28301330773076       -3.7162196256657554     
   144.95047147747960       -3.5584316369399387     
   144.61492734846556       -3.4005239000382721     
   144.27471647833997       -3.2416352594186373     
   143.92985662879411       -3.0823741962425308     
   143.57995704262251       -2.9228971279836715     
   143.22715542529934       -2.7623302940287981     
   142.87294891550158       -2.6002491326635346     
   142.51669121685435       -2.4379731656533474     
   142.15795834060103       -2.2762420814911666     
   141.79615670248239       -2.1146393398715242     
   141.43076662979269       -1.9529197148649273     
   141.06337120487584       -1.7905830143301464     
   140.69420304859017       -1.6276154872804804     
   140.32277973048568       -1.4643305416211454     
   139.94858788039210       -1.3008049536945516     
   139.57120293659514       -1.1371802440721586     
   139.19079735938629      -0.97314758851098471     
   138.80849872967499      -0.80819247092531976     
   138.42443940070828      -0.64234812286635701     
   138.03837357359885      -0.47554693531615233     
   137.64995289001698      -0.30777802207690108     
   137.25900202488219      -0.13895945018617956     
   136.86642281373898        3.1318445168130794E-002
   136.47219405714947       0.20300696257479911     
   136.07606766439528       0.37606370315816551     
   135.67782877630927       0.55028240211772284     
   135.27734675851772       0.72561206621112340     
   134.87530744148233       0.90228818108561304     
   134.47205517282842        1.0800867202495297     
   134.06752005170691        1.2588701738358683     
   133.66154164993964        1.4385623384599970     
   133.25397615512395        1.6190308608749244     
   132.84539996278585        1.8004103861587586     
   132.43608637378591        1.9827398754404844     
   132.02592022361054        2.1659608870266251     
   131.61475540802607        2.3500184169703786     
   131.20258734337023        2.5348654827338519     
   130.79010186010470        2.7204568206524877     
   130.37753215204566        2.9066239811392074     
   129.96467367326588        3.0933870177162808     
   129.55132818037382        3.2807396278481376     
   129.13739483280031        3.4686222239257427     
   128.72352737537139        3.6570130335534854     
   128.30992519739425        3.8459355480003139     
   127.89645651857965        4.0354121126196167     
   127.48300617441397        4.2254547595247551     
   127.06947905390591        4.4160090577267086     
   126.65585911423760        4.6070406297587239     
   126.24215494977574        4.7986010418209277     
   125.82835567432255        4.9906564894043512     
   125.41444868280691        5.1831611358866549     
   125.00042308903090        5.3760737283077411     
   124.58629665468581        5.5695329224501702     
   124.17206250427822        5.7635753876118123     
   123.75771949189257        5.9581432550569691     
   123.34327392006448        6.1530394273095999     
   122.92870344344051        6.3478347589930939     
   122.51399488399176        6.5428839109727663     
   122.09917001411380        6.7385426900294947     
   121.68440358592935        6.9349709513836721     
   121.26979701296530        7.1320976482706753     
   120.85544196846629        7.3298609012503562     
   120.44111098819403        7.5281065846801134     
   120.02675537073725        7.7267315661596925     
   119.61233787384030        7.9254568152506284     
   119.19779318031640        8.1238875640430610     
   118.78314993805446        8.3220530333837317     
   118.36859206650163        8.5200070813038824     
   117.95432525750061        8.7175978739920303     
   117.54038446147599        8.9148191089126012     
   117.12677598096326        9.1117183415612679     
   116.71352559906254        9.3083706294071060     
   116.30079832761420        9.5047318547011166     
   115.88872480099191        9.7002685937508790     
   115.47726892285561        9.8948123969693089     
   115.06637397038513        10.088471553376676     
   114.65618490189860        10.281208247759551     
   114.24704033544351        10.472925650253254     
   113.83885203552190        10.663731476920267     
   113.43158046804700        10.853661251142906     
   113.02528579358560        11.042677730665522     
   112.61993306171317        11.230884620846147     
   112.21604538288213        11.417706099116698     
   111.81368062582817        11.602930744056655     
   111.41267320575312        11.786723567506423     
   111.01308156435043        11.969079985803772     
   110.61478824527538        12.150154697549079     
   110.21848022490519        12.329671537092775     
   109.82408359168639        12.507763430639637     
   109.43153360138990        12.684526062138783     
   109.04063831315969        12.860126162303960     
   108.65144986615371        13.034491538454988     
   108.26468789534258        13.206950111116885     
   107.88066752750483        13.377407342256079     
   107.49912004544207        13.546118771042092     
   107.11998643450303        13.713210448186345     
   106.74308621298724        13.878899524687149     
   106.36871044344655        14.043156779697764     
   105.99757475014718        14.205686567004133     
   105.62936744405722        14.366661346897784     
   105.26378428459593        14.526156749805578     
   104.90069406443190        14.684020368958249     
   104.54057864105741        14.839604762065314     
   104.18493629906501        14.992054503162448     
   103.83457433596561        15.141178224351401     
   103.48965088810624        15.287373558330930     
   103.15020606253147        15.431203722597974     
   102.81606911782309        15.573237664227273     
   102.48713577566528        15.713860983804210     
   102.16366329410087        15.852664589474450     
   101.84550900664291        15.989670826591384     
   101.53234002482164        16.125428588707468     
   101.22387559932527        16.260479893881815     
   100.92007848789815        16.395156484668572     
   100.62101629955824        16.529034945268918     
   100.32631374696017        16.661512524099159     
   100.03487648074567        16.791912558022069     
   99.746542353863262        16.920267132673278     
   99.461279280677289        17.046392328605673     
   99.178984128787491        17.169774202691322     
   99.012108456725997        17.240586054621019     
   99.002995563248021        17.244300539903488     
>
   150.11899869872806       -5.9249999393621291     
   149.70795191244608       -5.6333902128561011     
   149.44575096283018       -5.5551980917726951     
   149.19140411845132       -5.4613590666974785     
   148.93584489541172       -5.3566962962156426     
   148.67487179431660       -5.2431337725496983     
   148.40601765896875       -5.1215011385639073     
   148.12762033885079       -4.9921358663902113     
   147.83859178713996       -4.8552757335069723     
   147.53960236443803       -4.7112444610594304     
   147.23812229426997       -4.5608682541651744     
   146.93402552592431       -4.4042880604378833     
   146.62602863397581       -4.2419387548319607     
   146.31385316094361       -4.0773440276894037     
   145.99660357381899       -3.9110991821427898     
   145.67350065002216       -3.7429016964847071     
   145.34631597500643       -3.5741134913562815     
   145.01768515455601       -3.4061755555721702     
   144.68640325846133       -3.2373587025547867     
   144.35058869337547       -3.0666253057660224     
   144.01037037479878       -2.8945626469295451     
   143.66549677426622       -2.7213437592946694     
   143.31692587718456       -2.5468305600366099     
   142.96746231188291       -2.3723122041585381     
   142.61663453410904       -2.1985077536733324     
   142.26351206042949       -2.0249198812286600     
   141.90748640968283       -1.8511853315925155     
   141.54791586915636       -1.6770726298221077     
   141.18560830931867       -1.5023038913945310     
   140.82163401530136       -1.3266894672848748     
   140.45551628623210       -1.1506046448385059     
   140.08676180546300      -0.97424480265812741     
   139.71495174085754      -0.79772510525735585     
   139.34031699440067      -0.62123863940777713     
   138.96409859264210      -0.44405316506759041     
   138.58635268544427      -0.26599163828302713     
   138.20665413813492       -8.6844356506904752E-002
   137.82465058167995        9.3429360263098865E-002
   137.44000626282067       0.27485128442259288     
   137.05315662946930       0.45773711570790926     
   136.66466604503836       0.64224327159276595     
   136.27429329430277       0.82834969855489138     
   135.88195071472234        1.0157767931980424     
   135.48767325672162        1.2042334929703922     
   135.09158353326532        1.3938068874543772     
   134.69432497593948        1.5846488104614818     
   134.29578929572384        1.7767094146649167     
   133.89583268021579        1.9699434364001263     
   133.49429011757496        2.1641944581933923     
   133.09125442696157        2.3594412806068847     
   132.68743951376851        2.5558861577366581     
   132.28290611152033        2.7533566292911744     
   131.87752759654785        2.9515220986318451     
   131.47122719250865        3.1503355832207753     
   131.06410573997189        3.3497810402401496     
   130.65689547897935        3.5499690505413493     
   130.24951218473748        3.7509712338467738     
   129.84174672765690        3.9528179569187198     
   129.43341232350161        4.1554410377814630     
   129.02456626804951        4.3587900561504371     
   128.61592074782010        4.5625779601782686     
   128.20745055267111        4.7667113577469484     
   127.79899983808663        4.9712074375898538     
   127.39043625081963        5.1760684915381017     
   126.98167270128772        5.3813351995940133     
   126.57275903681769        5.5873427420584143     
   126.16369697628281        5.7941415392158717     
   125.75446818503418        6.0017103916285564     
   125.34504917180287        6.2098292835092597     
   124.93541358053105        6.4181418351193305     
   124.52560266417878        6.6267729512546270     
   124.11561756866163        6.8357060161395546     
   123.70545542919072        7.0448917554051045     
   123.29512082942830        7.2542837594711624     
   122.88462522852988        7.4639026548177769     
   122.47395945917107        7.6742234234438955     
   122.06306622557392        7.8854276929655196     
   121.65200969900970        8.0971361653328291     
   121.24084602934077        8.3091574726475752     
   120.82959985375162        8.5213420729293876     
   120.41810329561299        8.7335094844778265     
   120.00635520900929        8.9456052763038656     
   119.59439398211174        9.1576391886897532     
   119.18227347295156        9.3696748199489797     
   118.77006644716673        9.5817419638860581     
   118.35780384447732        9.7933501686420108     
   117.94556473305686        10.004263948569587     
   117.53345224530561        10.214376733521862     
   117.12147382967468        10.423770456461257     
   116.70965698813747        10.632541374294677     
   116.29810771788313        10.840751939420048     
   115.88690852483190        11.048314489297162     
   115.47612358025501        11.255167144485863     
   115.06577924021033        11.460935763556343     
   114.65589383934676        11.665532111010606     
   114.24698074783448        11.868618714716712     
   113.83907377018244        12.070201304252452     
   113.43194085849009        12.270556618225175     
   113.02555565669958        12.469744817201695     
   112.62009635468023        12.667694854417391     
   112.21603564259989        12.864250885356325     
   111.81354082413007        13.059206645217989     
   111.41267549758423        13.252173095670319     
   111.01318870745513        13.443394316727245     
   110.61525176811874        13.632799834581929     
   110.21946857707430        13.820138693727086     
   109.82606430672904        14.005367349371499     
   109.43460007142410        14.188926406047358     
   109.04505524467945        14.370954519537234     
   108.65709521915204        14.551842447046523     
   108.27171751433541        14.731005198682684     
   107.88929741757495        14.907931696106678     
   107.50970773224367        15.082697569745358     
   107.13271755635655        15.255531429752622     
   106.75811031187308        15.426684231635750     
   106.38621888726296        15.596058572572286     
   106.01768327636552        15.763293489161333     
   105.65224335634903        15.928594100287846     
   105.28953873677038        16.092167816667896     
   104.92924970718879        16.254101727883903     
   104.57127657295068        16.414392396189211     
   104.21688385187468        16.571648107138163     
   103.86683586963829        16.725193343509101     
   103.52123747751503        16.875246402215897     
   103.18022102875194        17.022181997646133     
   102.84379167996904        17.166456204192052     
   102.51190302158618        17.308433423001208     
   102.18483637587295        17.447714875459294     
   101.86269831297629        17.584294831988505     
   101.54554039909632        17.718790368117041     
   101.23337638521974        17.851754961059591     
   100.92622288712217        17.983354768572116     
   100.62408678029691        18.113460302196522     
   100.32671080670114        18.241488863871375     
   100.03317708797262        18.366665241721435     
   99.743320039313105        18.488770565875058     
   99.457178048893866        18.607539556880472     
   99.174779191646039        18.722391808507364     
   98.980088711236135        18.799586983054983     
   98.943799284375785        18.813800346683273     
>
   150.27599657867637       -6.1289998377682586     
   150.12330676826977       -6.6336994378472163     
   149.84525322281931       -6.7771239480065972     
   149.53477656960243       -6.9751003412801369     
   149.24343097663262       -7.2135206782709149     
   148.95507565031238       -7.4830537685870961     
   148.65880892297707       -7.7785659105271643     
   148.34989128787740       -8.0807931176393044     
   148.02674310041604       -8.3822302159739444     
   147.68802535826305       -8.6880441387837948     
   147.34192562808300       -9.0003743104163352     
   146.99507360433890       -9.3196223742747772     
   146.64449277136785       -9.6451746925776121     
   146.28871750317069       -9.9707344593315739     
   145.92636238783734       -10.296758894844459     
   145.55677769124623       -10.624202546776390     
   145.18530567173048       -10.954161483358950     
   144.81390870968377       -11.288203890033774     
   144.44209864507829       -11.622727008285336     
   144.06863903502654       -11.956503562550621     
   143.69174626196187       -12.290247458222488     
   143.31116879741927       -12.624408467157606     
   142.93011291313107       -12.959040447387213     
   142.54884904516899       -13.292266962184478     
   142.16691424364751       -13.622979338246669     
   141.78300560257674       -13.951786056735285     
   141.39607460922070       -14.279313360502975     
   141.00911725980686       -14.605828247874841     
   140.62269963662101       -14.930694735715990     
   140.23617716216160       -15.252816182837057     
   139.84891213442029       -15.572294575722731     
   139.46061864746540       -15.889022771268310     
   139.07315938703701       -16.203185261878687     
   138.68778855771373       -16.514933881365355     
   138.30458981133134       -16.823276839812532     
   137.92338553097829       -17.128050271295379     
   137.54416024679458       -17.429130416933585     
   137.16767885741541       -17.726402685171319     
   136.79573300181622       -18.020076205597977     
   136.42815652224118       -18.310099412013436     
   136.06432317583753       -18.596359431735198     
   135.70418483415185       -18.878679793767272     
   135.34785436986667       -19.156713285695467     
   134.99550768102017       -19.430801963313961     
   134.64738082621736       -19.701090211983111     
   134.35029877996232       -19.933539182999205     
   134.33900119847235       -19.942599937319265     
>
   150.27599657867637       -6.1289998377682586     
   149.69216749858725       -6.3534869874847715     
   149.36433996494327       -6.3968977065826413     
   149.05316544915138       -6.4509986719245767     
   148.74063416933834       -6.5116640145426565     
   148.41878029350013       -6.5773054954729737     
   148.08343211604657       -6.6473192172162650     
   147.73206919570691       -6.7214748507452988     
   147.37021369955701       -6.7995414940750623     
   147.00680376895221       -6.8811003150689674     
   146.63898263640542       -6.9659542162509780     
   146.26431752318624       -7.0539267266251002     
   145.88064608663603       -7.1448241864619746     
   145.48693070021667       -7.2383343337719390     
   145.08829016872744       -7.3295961947563724     
   144.68405012086220       -7.4134497116559217     
   144.27274091991737       -7.4897854495347618     
   143.85269010213545       -7.5584951193726253     
   143.42521718928197       -7.6190172225459065     
   142.99561917602549       -7.6786076963702321     
   142.56404445843080       -7.7393360643440232     
   142.12935514234846       -7.8012796757674687     
   141.69151627735391       -7.8648779892572049     
   141.25099195924838       -7.9298428070503046     
   140.81047165184722       -7.9956418513698964     
   140.36944542272710       -8.0618757706438924     
   139.92725035973740       -8.1281870392180799     
   139.48328199242113       -8.1942221421426993     
   139.03894807804173       -8.2612318462497143     
   138.59554636596908       -8.3299432349609130     
   138.15242884095491       -8.3994917149875068     
   137.70910906184469       -8.4693375601014971     
   137.26532404101772       -8.5392103342311074     
   136.82130468045912       -8.6085422362171684     
   136.37705098016883       -8.6770364739300572     
   135.93241683591313       -8.7442747881909675     
   135.48719598289156       -8.8095690567070992     
   135.04156832984677       -8.8724076281816320     
   134.59660473486807       -8.9333600226470846     
   134.15274121882538       -8.9926170350439243     
   133.71040635413758       -9.0507246941357131     
   133.26980411377403       -9.1076623734424036     
   132.83076833997876       -9.1635532588865196     
   132.39346461754999       -9.2184678242749012     
   131.95813473467052       -9.2722370470626885     
   131.52500959332534       -9.3245228821601618     
   131.09443182226647       -9.3749276968685642     
   130.66578033526119       -9.4237780771220319     
   130.23946708895278       -9.4708826550223186     
   129.81610457520719       -9.5162185122582539     
   129.39627778391696       -9.5598165885499160     
   128.98039007735863       -9.6017416281263550     
   128.56880642963756       -9.6426857639848240     
   128.16188895007016       -9.6828403640235727     
   127.75978603472132       -9.7222638699360822     
   127.36292854784088       -9.7609144558044640     
   126.97207393961301       -9.7987789435998067     
   126.58625620322198       -9.8365912922372392     
   126.20522667499161       -9.8745646420106254     
   125.82935720452060       -9.9126915444688333     
   125.45939550171074       -9.9507760480513827     
   125.09614026970632       -9.9885471437287148     
   124.73788352136749       -10.026569767871109     
   124.38354064761829       -10.065357863606499     
   124.03393899949188       -10.104686258527661     
   123.70155874333447       -10.142410944624881     
   123.60499931472368       -10.151300384568964     
>
   150.27599657867637       -6.1289998377682586     
   149.84715486968841       -5.7512206990192078     
   149.55708525369283       -5.6132541846643580     
   149.28747194928758       -5.4688000693757770     
   149.02334643449134       -5.3151769107468692     
   148.75620888064998       -5.1511316501145537     
   148.48176210441946       -4.9761509173086784     
   148.19736935410006       -4.7899012509017549     
   147.90118914338947       -4.5921758131355004     
   147.59254710098156       -4.3830175758433523     
   147.28030172710032       -4.1656820851266492     
   146.96742037008423       -3.9473232918163181     
   146.65204492785531       -3.7274788189845554     
   146.33254762736291       -3.5053746006716806     
   146.00755336993700       -3.2804583055785566     
   145.67593342875261       -3.0523512086131417     
   145.33933964108704       -2.8217546100971598     
   145.00110662121526       -2.5889372272290490     
   144.66116332237257       -2.3544639963790894     
   144.31913101946699       -2.1194802601478737     
   143.97332006000767       -1.8823381919624613     
   143.62359751778985       -1.6428194949089820     
   143.27134765880800       -1.4002434951457619     
   142.91906915193721       -1.1544377323812656     
   142.56603949741793      -0.90601584439700256     
   142.21129727209663      -0.65569918503696845     
   141.85456631032380      -0.40555326709513201     
   141.49523583910678      -0.15548297958014828     
   141.13521724559698        9.4768935550837652E-002
   140.77592458959339       0.34521164562229284     
   140.41723468517353       0.59567440921601944     
   140.05851441399130       0.84629015253678908     
   139.69922691460775        1.0965180034410493     
   139.33872417177452        1.3459826745834322     
   138.97725714099892        1.5957808071533022     
   138.61485447016989        1.8459983448175370     
   138.25140271364720        2.0964456385512258     
   137.88679702015719        2.3469238720049903     
   137.52094858124417        2.5972262074205448     
   137.15428253158021        2.8472357614109347     
   136.78766403741196        3.0974011599172635     
   136.42058545814697        3.3478364215375893     
   136.05299981124745        3.5983009040046539     
   135.68492886910894        3.8484405194109188     
   135.31643050046716        4.0978003392797113     
   134.94829424114184        4.3463511427642914     
   134.58184935318064        4.5942757033962209     
   134.21802632001703        4.8414972448330866     
   133.85715860307846        5.0876582414206792     
   133.49834895048275        5.3330090757085014     
   133.14320278992710        5.5769802276640421     
   132.78791281696891        5.8204615007183769     
   132.43076073122836        6.0633955990935879     
   132.07462449963032        6.3052290455749826     
   131.72064316223981        6.5459200142446781     
   131.36873650496770        6.7856564352542472     
   131.01841178412394        7.0251321604742882     
   130.66941231462346        7.2653475741872597     
   130.32234371283880        7.5061703231461676     
   129.97789811176733        7.7470864642230826     
   129.63661294580578        7.9874817866787176     
   129.29870937665700        8.2271517445859033     
   128.96392040599591        8.4660854517468316     
   128.63152238814735        8.7043826028150857     
   128.30084324363636        8.9422145121666379     
   127.97161883892670        9.1800332434892695     
   127.64369332950250        9.4179493776343648     
   127.31641010574872        9.6548760136948015     
   126.98860434450036        9.8883769351934809     
   126.66353502960537        10.116164894675892     
   126.34204899266140        10.336103332583439     
   126.02384485787665        10.544749345620994     
   125.70845681057659        10.738807280642675     
   125.39298224665187        10.922120538431265     
   125.17083734833668        11.049270755830623     
   125.04781185398967        11.121856485044686     
   124.97899274921599        11.164999632859674     
>
   150.27599657867637       -6.1289998377682586     
   149.89497163410823       -5.7702984741927903     
   149.61997711024085       -5.6391467196635912     
   149.36102597714847       -5.5017394121012284     
   149.10899789290201       -5.3561388082964942     
   148.85552710096752       -5.2011336755041873     
   148.59637371377912       -5.0361940277785608     
   148.32899093400823       -4.8609783822832187     
   148.05169254691072       -4.6753159975999630     
   147.76344035299073       -4.4792360945755325     
   147.46661957548301       -4.2731936016866019     
   147.16934788020305       -4.0637735226893650     
   146.87087297358678       -3.8532728453205807     
   146.56959687638812       -3.6408888557316104     
   146.26423157951933       -3.4260480231854862     
   145.95380993024929       -3.2083131808966900     
   145.63772974995197       -2.9871961688373543     
   145.31856762976042       -2.7631834281620073     
   144.99736119621272       -2.5351278973967188     
   144.67278863571227       -2.3031888588041025     
   144.34711255852912       -2.0698850347814624     
   144.01948498715012       -1.8351264709574673     
   143.68881214517467       -1.5988742062031323     
   143.35521836444093       -1.3612703340476950     
   143.02137133636882       -1.1220896820839361     
   142.68633943160933      -0.88119187565595425     
   142.34977944845275      -0.63958589341289751     
   142.01126739814251      -0.39799881877655380     
   141.67017589191033      -0.15604333228819300     
   141.32647284412064        8.6789352560102812E-002
   140.98155684471240       0.33129106341916986     
   140.63513912296494       0.57748987522018824     
   140.28693319998862       0.82511191414470664     
   139.93664686731609        1.0736896466449088     
   139.58425949846722        1.3224484338033338     
   139.23019680107208        1.5713309798420632     
   138.87576569182488        1.8203418684233306     
   138.52089455100329        2.0693659350335190     
   138.16541091831573        2.3183074957235048     
   137.80893606867019        2.5672937471202668     
   137.45144078121990        2.8160685770965093     
   137.09371516474238        3.0644721304318385     
   136.73617232179643        3.3128075017914447     
   136.37849426081459        3.5611445920243883     
   136.02044320431850        3.8095097571885117     
   135.66185987004556        4.0578858085504406     
   135.30266404390665        4.3062240446989426     
   134.94313361042470        4.5544660239405408     
   134.58334133523766        4.8025641907795640     
   134.22327346735884        5.0505809976139417     
   133.86290823439259        5.2985777509260492     
   133.50221928028114        5.5466128924093603     
   133.14121749122225        5.7947746575618728     
   132.78008621370523        6.0432887917485854     
   132.41862548546521        6.2919421546756391     
   132.05667258649282        6.5405582753470481     
   131.69427851003053        6.7891961684140636     
   131.33176984201233        7.0380999138906244     
   130.96958489513946        7.2873187861457360     
   130.60825480127306        7.5370378505420783     
   130.24825568832773        7.7875842659715655     
   129.88994851970438        8.0385672752287949     
   129.53380713148630        8.2888380979664937     
   129.18060902737992        8.5379801938791946     
   128.83033701865185        8.7855718660414155     
   128.48288739994405        9.0313025713368393     
   128.13876723889109        9.2750771987741167     
   127.79821946959139        9.5166940672149796     
   127.46140165543419        9.7557836188918472     
   127.12864095531140        9.9921882904154469     
   126.79952426666425        10.226061634470600     
   126.47354681368925        10.457630542337860     
   126.15076417329098        10.687115029804440     
   125.83112306039604        10.914862882242307     
   125.51504803671874        11.140894726131505     
   125.20312122736273        11.364893715820150     
   124.89515183738759        11.586607176927622     
   124.59028100308228        11.806235071718850     
   124.28894302644345        12.023544779335490     
   123.99197499878646        12.238007459747351     
   123.70026557762685        12.449114326446516     
   123.41483921147382        12.656404721378514     
   123.13698104462603        12.859379025359900     
   122.86720903091594        13.057623562874097     
   122.60400024856644        13.251344598721616     
   122.34858197314051        13.440306074297430     
   122.10363908479148        13.623686941103962     
   121.87367159391704        13.799775774254787     
   121.66513902651975        13.966395907146769     
   121.48810022937104        14.121257800494279     
   121.35284838897400        14.267178114739798     
   121.25091977301443        14.414823031900672     
   121.16518408981023        14.560317638516254     
   121.11408026661124        14.626675316670553     
   121.08209719041925        14.656520687388399     
   121.07799939638249        14.659999114065839     
>
   150.27599657867637       -6.1289998377682586     
   149.65488971955781       -6.2441156499735779     
   149.32318440766429       -6.2539006229265306     
   149.00682519692850       -6.2715626194277450     
   148.68839875452542       -6.2935315395551052     
   148.36043371101442       -6.3184620784430816     
   148.01914281547513       -6.3458047695814352     
   147.66230012693535       -6.3753098033784390     
   147.29868622336113       -6.4067881037669627     
   146.93344168194733       -6.4400488758065366     
   146.56359055998888       -6.4749397127278980     
   146.18668403593753       -6.5112795598728228     
   145.80063768939263       -6.5488844977941900     
   145.40544292598739       -6.5873162137909249     
   145.00683791788046       -6.6236543420625118     
   144.60348423569963       -6.6571402865093070     
   144.19106292370537       -6.6889589238186673     
   143.77479133543500       -6.7162804155191909     
   143.35778521529170       -6.7382923074799903     
   142.93973516607474       -6.7599363605465514     
   142.51972159054847       -6.7815821324864505     
   142.09652638047442       -6.8030812272348786     
   141.66927806707037       -6.8244198938051319     
   141.23818062330574       -6.8454972916280781     
   140.80605873103192       -6.8660785080142475     
   140.37250501726794       -6.8862380274749366     
   139.93701126846364       -6.9060331457880615     
   139.49911625360673       -6.9254340691491061     
   139.05969029556388       -6.9445296060138446     
   138.61980539833985       -6.9634068459647134     
   138.17907023177153       -6.9819832830815081     
   137.73713872936028       -7.0001850058107147     
   137.29370894235643       -7.0179524265432986     
   136.84917621162765       -7.0354190444418085     
   136.40358179013407       -7.0525499090817148     
   135.95671482941290       -7.0692315748227399     
   135.50837192945252       -7.0853488771512652     
   135.05851642095513       -7.1008869191650330     
   134.60753734225273       -7.1160422253823032     
   134.15545016320536       -7.1307340087562112     
   133.70223597620634       -7.1448608557598412     
   133.24789420829791       -7.1583345308951980     
   132.79297776373693       -7.1711447209222579     
   132.33780921775312       -7.1832851233054464     
   131.88241721823542       -7.1947322467758204     
   131.42681150546608       -7.2054723403466783     
   130.97118917692117       -7.2155947854315707     
   130.51615413009986       -7.2253872068356522     
   130.06168573852221       -7.2348381454033390     
   129.60768373457685       -7.2438799921166863     
   129.15402722417232       -7.2524141982376751     
   128.70104336620051       -7.2606917192735869     
   128.24895332236429       -7.2687601107200956     
   127.79776167632581       -7.2764165455233689     
   127.34742717512501       -7.2835143464919341     
   126.89760833592544       -7.2905611542181541     
   126.44865638184581       -7.2979448611185349     
   126.00069220697749       -7.3054087821080005     
   125.55377310709844       -7.3126137261812749     
   125.10736909626283       -7.3199590449104504     
   124.66122234347006       -7.3280984831215781     
   124.21596883185508       -7.3369432323588866     
   123.77180394002058       -7.3460165917500886     
   123.32881074684445       -7.3550366660678259     
   122.88615445284253       -7.3639965798187497     
   122.44476955215262       -7.3733191758438981     
   122.00598817161134       -7.3830233617499852     
   121.56969228191612       -7.3929956918967328     
   121.13502072752495       -7.4030304744414099     
   120.70243187466112       -7.4132973048866582     
   120.27271640505988       -7.4240540142331124     
   119.84649196720726       -7.4352198154339035     
   119.42337754418004       -7.4466720955242911     
   119.00298581651954       -7.4583919468975575     
   118.58568175833108       -7.4706773075988808     
   118.17266227841536       -7.4839074756780839     
   117.76405571931494       -7.4982531925533653     
   117.35965868101820       -7.5137459709025745     
   116.95909301139089       -7.5302603329720768     
   116.56250767945559       -7.5475607931146245     
   116.17070310722980       -7.5652806583515355     
   115.78395431444761       -7.5831689731755256     
   115.40248876534724       -7.6010441099705970     
   115.02630875175993       -7.6188842963411352     
   114.65522118691401       -7.6367095858094167     
   114.28880036317955       -7.6541423991989550     
   113.92646530136848       -7.6705559206993206     
   113.56728150734293       -7.6845240583981163     
   113.21045428866317       -7.6949501711059787     
   112.85597906166701       -7.7020376588345192     
   112.63499898651689       -7.7040000392282337     
>
   150.27599657867637       -6.1289998377682586     
   149.67619171683020       -6.2066046771279968     
   149.35002003116807       -6.2056999767946603     
   149.03990606022543       -6.2119228712344086     
   148.72859575343983       -6.2218218627854185     
   148.40896667265824       -6.2341427468690522     
   148.07737423344722       -6.2483383488061852     
   147.73167213596591       -6.2641496916806245     
   147.37694767233577       -6.2814598921054179     
   147.02123141878991       -6.3001136785224023     
   146.66178005348146       -6.3199431743022787     
   146.29619173740016       -6.3407512819690064     
   145.92250523606785       -6.3623678330621667     
   145.53930763560103       -6.3846793819414804     
   145.15170914643227       -6.4062535341589815     
   144.75876152343704       -6.4272461342306073     
   144.36239735320450       -6.4462774998240766     
   143.96675167202707       -6.4611045012338728     
   143.56696751681059       -6.4731383334701338     
   143.16437300368716       -6.4836406495626289     
   142.76040281893594       -6.4937315819696666     
   142.35394771629637       -6.5033767532244973     
   141.94421529515984       -6.5126443453028449     
   141.53040570646661       -6.5217790111764211     
   141.11412666974510       -6.5307223091517468     
   140.69677849380761       -6.5395011682444473     
   140.27771488227927       -6.5481367878923518     
   139.85595894214651       -6.5565867692197992     
   139.43088786830339       -6.5648545499734654     
   139.00348829404567       -6.5728066309907991     
   138.57427244362788       -6.5803450364915594     
   138.14282950632241       -6.5875356566203545     
   137.70874981731711       -6.5944380789862178     
   137.27172913603127       -6.6010637627447339     
   136.83295520394111       -6.6074195833892535     
   136.39261767007156       -6.6135112704975683     
   135.95051313441095       -6.6193388240696773     
   135.50649148202126       -6.6248793257944136     
   135.06077903122514       -6.6301654342651908     
   134.61430511954046       -6.6353014277978222     
   134.16702906696497       -6.6402712635744887     
   133.71882997940716       -6.6450394182128800     
   133.26956920108455       -6.6495629198795614     
   132.81981109540959       -6.6539901646393371     
   132.36990230183872       -6.6583864696790380     
   131.91980385924293       -6.6627008417563154     
   131.46948253607101       -6.6668840065021584     
   131.01899906584762       -6.6710597227968718     
   130.56873274662252       -6.6760312774468762     
   130.11871623698914       -6.6819917572237566     
   129.66893406708749       -6.6890213762165995     
   129.21937248593079       -6.6971636792166231     
   128.76984299040973       -6.7058932639403137     
   128.32022182164400       -6.7147935900822011     
   127.87054450301592       -6.7238847111645592     
   127.42081619114549       -6.7330228147848086     
   126.97104834518831       -6.7421041955849210     
   126.52107366147280       -6.7510429098980138     
   126.07096089493253       -6.7597627543394578     
   125.62086245233674       -6.7681806500312707     
   125.17097313933036       -6.7762077885176790     
   124.72143619535817       -6.7835296159779057     
   124.27236392014491       -6.7899060631024772     
   123.82404393849569       -6.7955571456785968     
   123.37675871859571       -6.8008020011892718     
   122.93051112523385       -6.8059179411996320     
   122.48498259388484       -6.8108293352828211     
   122.04026537075117       -6.8155167028743486     
   121.59663848627132       -6.8199949408764731     
   121.15433628017688       -6.8242783732336738     
   120.71360970797527       -6.8283910641726759     
   120.27437225304175       -6.8322430593221499     
   119.83670871312766       -6.8358733198110766     
   119.40085514683800       -6.8393540383196365     
   118.96707855249790       -6.8427682937258112     
   118.53539210813629       -6.8460805626472903     
   118.10571961036850       -6.8492186524038958     
   117.67820830934382       -6.8522232429979519     
   117.25305301070715       -6.8552054882386200     
   116.83053389081252       -6.8582461751727637     
   116.41067730571777       -6.8612192530889642     
   115.99342252189830       -6.8640170059247332     
   115.57885892076767       -6.8666841243868477     
   115.16709708317728       -6.8692847797465761     
   114.75847906492127       -6.8719117911641483     
   114.35296475895512       -6.8742958684833448     
   113.95048770217643       -6.8763138257816410     
   113.55122780332790       -6.8779891543279827     
   113.15550305397694       -6.8794805634272072     
   112.76367556344000       -6.8809897342175850     
   112.37550411649207       -6.8824186909188771     
   111.99049023986521       -6.8835342397149537     
   111.60851762313031       -6.8840642256607012     
   111.22967507474307       -6.8837124295842802     
   110.85407202963938       -6.8822015399205654     
   110.48167525626799       -6.8793631070824732     
   110.11244579349999       -6.8752618752990546     
   109.74643062387320       -6.8698829476680476     
   109.38364980090992       -6.8633592503942271     
   109.02432849701738       -6.8557148477043173     
   108.66988420974126       -6.8469050488915402     
   108.32283795331000       -6.8383295898104510     
   107.98333525899953       -6.8316271297095232     
   107.65024682702706       -6.8267300595708145     
   107.61749713332651       -6.8265999981549390     
>
   150.27599657867637       -6.1289998377682586     
   149.74976809004448       -6.0715413398402873     
   149.43593275832603       -6.0318960992672341     
   149.14226324860380       -5.9975151947693499     
   148.85221483204606       -5.9648600391023763     
   148.55780276904204       -5.9324174507714815     
   148.25517449148444       -5.8995107666394446     
   147.94228912376391       -5.8658449134499859     
   147.61835426527171       -5.8313459796495888     
   147.29110771081579       -5.7961027736940283     
   146.96238636303630       -5.7600070065630371     
   146.63006168378348       -5.7228885097961992     
   146.29237297380189       -5.6846819662066839     
   145.94784486681019       -5.6453822191744809     
   145.59536238697001       -5.6049904146151484     
   145.23937913509903       -5.5644777159644061     
   144.88314492772071       -5.5243168133900848     
   144.52522335968274       -5.4845890668968282     
   144.16428230414840       -5.4456565858010846     
   143.79917813739053       -5.4081891577467207     
   143.42930581599427       -5.3728113067130510     
   143.05742986124415       -5.3375967486464502     
   142.68361559032709       -5.3019885685855472     
   142.30700471248980       -5.2658538403255726     
   141.92665127443885       -5.2289759858259925     
   141.54187574824817       -5.1912931256466539     
   141.15371117679356       -5.1527313482340436     
   140.76325878492668       -5.1132184609079827     
   140.36990951852823       -5.0727533177529134     
   139.97317407165480       -5.0313594100377825     
   139.57257688934962       -4.9890063710002917     
   139.16843596318017       -4.9456718552870553     
   138.76193502391828       -4.9012533034555981     
   138.35277269577202       -4.8557621746615016     
   137.94061379844067       -4.8091898745380801     
   137.52519133359903       -4.7615306735075409     
   137.10679006126341       -4.7127605073431589     
   136.68626712627147       -4.6628644791426748     
   136.26336355170702       -4.6118826959506318     
   135.83782895502051       -4.5598661510093770     
   135.40944274746701       -4.5068412003767531     
   134.97854698484068       -4.4528410756039536     
   134.54566076688943       -4.3978262426042152     
   134.11063569754847       -4.3418345165909624     
   133.67334687202197       -4.2849346524976983     
   133.23386762890561       -4.2275391799254374     
   132.79270618174962       -4.1697867546567435     
   132.34999717563198       -4.1117335265539756     
   131.90567414745038       -4.0534184567461207     
   131.45970443861142       -3.9949366562245219     
   131.01217800348638       -3.9363712038671621     
   130.56354919759423       -3.8777352777029614     
   130.11383177192158       -3.8190678388609065     
   129.66303260196185       -3.7604691549523537     
   129.21114882292611       -3.7020303262641936     
   128.75874880893133       -3.6435949353227097     
   128.30627889408751       -3.5850907894477220     
   127.85363078937434       -3.5265694548393598     
   127.40053004801560       -3.4679169128995637     
   126.94694343846012       -3.4091165478527365     
   126.49311274889070       -3.3501242419498820     
   126.03904199001181       -3.2910746402691093     
   125.58471225421671       -3.2321035338040849     
   125.13012869812546       -3.1733272329839846     
   124.67533028286699       -3.1150597186718012     
   124.22034852111919       -3.0575805942637793     
   123.76519888274210       -3.0009568958200838     
   123.30990600492019       -2.9452791506698253     
   122.85450999469803       -2.8906625233266210     
   122.39905382390909       -2.8372766092931099     
   121.94359822607790       -2.7851752666005352     
   121.48835118487834       -2.7342782811598116     
   121.03349948454638       -2.6846607104400122     
   120.57910901522673       -2.6357971521576222     
   120.12517576621484       -2.5871335561401692     
   119.67182636117994       -2.5387014350655073     
   119.21916622435340       -2.4905735545715935     
   118.76729734221993       -2.4429218019921839     
   118.31654973846032       -2.3956716928159842     
   117.86732219168888       -2.3486312861869676     
   117.41988628389298       -2.3017977173162367     
   116.97438754634850       -2.2553451653686651     
   116.53091822525791       -2.2092615982308899     
   116.08960551724816       -2.1632450671532797     
   115.65057719190403       -2.1174233417205928     
   115.21397018613476       -2.0719448179976392     
   114.78008415685882       -2.0267745455598876     
   114.34904801957661       -1.9818328832760315     
   113.92082395907461       -1.9370917562148915     
   113.49556037141767       -1.8926319514233316     
   113.07345378112404       -1.8485577472171648     
   112.65485483835461       -1.8048823216253118     
   112.23966785916024       -1.7614647270340931     
   111.82780689987405       -1.7182923583723659     
   111.41938311430518       -1.6754614725470343     
   111.01471678585222       -1.6330631698449889     
   110.61421929820064       -1.5911513082974731     
   110.21754744964068       -1.5494995695817078     
   109.82445429536951       -1.5080254477774908     
   109.43514037060989       -1.4667999896494406     
   109.05004685285172       -1.4259183061889025     
   108.66980628748330       -1.3854405579626914     
   108.29386405137431       -1.3449404643830918     
   107.92154863800759       -1.3041309736027313     
   107.55288640344095       -1.2630097937904932     
   107.18819648515743       -1.2216691711488266     
   106.82820653953658       -1.1802500532914111     
   106.47333654463054       -1.1387220734559502     
   106.12128951270253       -1.0965420676677748     
   105.77164546570046       -1.0541363165146000     
   105.42468744476720       -1.0122903451116907     
   105.08103539021985      -0.97169399462518768     
   104.74119522377744      -0.93262744140911358     
   104.40472977865443      -0.89487066967626050     
   104.06977694206849      -0.85778368558727669     
   103.73701910673459      -0.82134299787321574     
   103.40734034650605      -0.78567809499217367     
   103.08157546086716      -0.75100956568913768     
   102.76060795071335      -0.71757289561135318     
   102.44524396764002      -0.68534172870097776     
   102.13487617640119      -0.65352423730717535     
   101.82937967220101      -0.62178008450910860     
   101.52873955813723      -0.58977924662596637     
   101.23300854632549      -0.55720831575253316     
   100.94454206619609      -0.52437898092068669     
   100.66878321665128      -0.49149979876205108     
   100.45576209801185      -0.46461318201593027     
   100.39700012113623      -0.45679975678115958     
>
   150.27599657867637       -6.1289998377682586     
   149.78002484444778       -5.9765013952598940     
   149.47658182092820       -5.9100079261119252     
   149.19485790794425       -5.8462887185307810     
   148.91704213997215       -5.7817364303386976     
   148.63544141291075       -5.7150023189234718     
   148.34621633668169       -5.6454601414324497     
   148.04727217764429       -5.5728325863005077     
   147.73742463206895       -5.4970589200030515     
   147.42029880382464       -5.4183087380427191     
   147.10214795411332       -5.3368135153623015     
   146.78109851099711       -5.2524523578703928     
   146.45546196790073       -5.1651777100713190     
   146.12381509770069       -5.0749924367539752     
   145.78503834089648       -4.9818890894672343     
   145.43948292060668       -4.8865494879683258     
   145.09183964216948       -4.7925706611949863     
   144.74118604356048       -4.7007369883469234     
   144.38587315229114       -4.6118580587661260     
   144.02450696208467       -4.5272339136535704     
   143.65579373427568       -4.4485633728245455     
   143.28107361710971       -4.3743515894331511     
   142.90480708689770       -4.2992975581063533     
   142.52727661182485       -4.2223653711793805     
   142.14774364931367       -4.1430840573577408     
   141.76519864775736       -4.0616959777820325     
   141.37909385951895       -3.9784979245818732     
   140.99115847117602       -3.8936016245242029     
   140.60129450694839       -3.8072219367762190     
   140.20889692342115       -3.7196207030430086     
   139.81343802647973       -3.6309354331915769     
   139.41451101610087       -3.5413534844157173     
   139.01314778924498       -3.4506605705060145     
   138.60978837748632       -3.3588675776602734     
   138.20406035826855       -3.2660392501075415     
   137.79566120988420       -3.1723182543348365     
   137.38432106921925       -3.0777853773890236     
   136.97079337575340       -2.9823861882810805     
   136.55542305006972       -2.8861504808155245     
   136.13797059581643       -2.7892409750016447     
   135.71818161973960       -2.6918158071864977     
   135.29589913140777       -2.5940279570971243     
   134.87180151283150       -2.4957777300799475     
   134.44619930712705       -2.3969660044391676     
   134.01894641006078       -2.2977171120128683     
   133.58989270669451       -2.1980940781567595     
   133.15901012209710       -2.0981553445643195     
   132.72682176672092       -1.9979215377155979     
   132.29336946648382       -1.8974665691641102     
   131.85858790419903       -1.7968328377855161     
   131.42247707986652       -1.6961246218956281     
   130.98518538955113       -1.5954433350213613     
   130.54714484341835       -1.4948531484339855     
   130.10828382174572       -1.3943380193156834     
   129.66861607552005       -1.2939626918955027     
   129.22815363685461       -1.1937982129380629     
   128.78734685056389       -1.0937064996185795     
   128.34652574032870      -0.99364687193473056     
   127.90549721937744      -0.89387143130935864     
   127.46409512995413      -0.79455722169623200     
   127.02229769966321      -0.69553980421272399     
   126.58055240853020      -0.59633159178874673     
   126.13897613994202      -0.49684377596852652     
   125.69753852713639      -0.39715084126335726     
   125.25621321405553      -0.29732669922675431     
   124.81490910041246      -0.19752719437465638     
   124.37342622394232       -9.8035367849981736E-002
   123.93177833563176        1.0863279493382116E-003
   123.48999408336974        9.9780024287605601E-002
   123.04810899053859       0.19798212285133071     
   122.60604914558479       0.29556428109797567     
   122.16377214963268       0.39233112042483775     
   121.72137368663140       0.48813367180932848     
   121.27898152616565       0.58277541073318662     
   120.83674463725809       0.67602142450694580     
   120.39469338667098       0.76778978016818200     
   119.95292689610012       0.85783582474518272     
   119.51160960442816       0.94614523429346820     
   119.07093631730000        1.0328772910756523     
   118.63103996092039        1.1182182063699710     
   118.19198871726509        1.2033299385526146     
   117.75399171592350        1.2882921287548907     
   117.31726324310503        1.3728996580918500     
   116.88203534671027        1.4569582938763483     
   116.44851429153968        1.5403351099036147     
   116.01686279760260        1.6230278143425318     
   115.58720748856820        1.7050037485996858     
   115.15972483543248        1.7862543183083899     
   114.73469558750722        1.8667651995241634     
   114.31210542084797        1.9464733668912966     
   113.89205918672830        2.0254544508366412     
   113.47477002544210        2.1036855330490303     
   113.06046826601656        2.1811551543728802     
   112.64944554396131        2.2578289373414400     
   112.24163826096286        2.3337275084347597     
   111.83714553871701        2.4088755048373445     
   111.43618739301094        2.4833256386648799     
   111.03908869090550        2.5570675966773408     
   110.64622185495710        2.6301489343703990     
   110.25747172065219        2.7026865351310088     
   109.87289329193753        2.7747107657214674     
   109.49269970910697        2.8461591737438430     
   109.11717630513461        2.9169320645445573     
   108.74669149187237        2.9868735936076720     
   108.38130428397157        3.0558296352905847     
   108.02064798845352        3.1237830008599206     
   107.66473062672712        3.1907113449622919     
   107.31357912780800        3.2565539340731036     
   106.96736996269215        3.3210701259250976     
   106.62653170379839        3.3837517069681362     
   106.28964341583435        3.4446273250911772     
   105.95506242884706        3.5043765082203375     
   105.62258706169833        3.5637085780862496     
   105.29256509976005        3.6232331617659681     
   104.96568638419839        3.6833284113937568     
   104.64271008407080        3.7441175128921413     
   104.32293489905548        3.8056090606278081     
   104.00513412654728        3.8677320078361390     
   103.68961601783134        3.9303144671833783     
   103.37680570757985        3.9930774082310605     
   103.06722630624519        4.0557962315297464     
   102.76134190962848        4.1183849934125565     
   102.45951118929956        4.1807709282415333     
   102.16083001788280        4.2427827216407028     
   101.86505431536432        4.3048340491266357     
   101.57268771163197        4.3666647878675811     
   101.28516145521822        4.4272917423144547     
   101.04786296955908        4.4755599974642699     
   101.02549412490185        4.4794996551539583     
>
   150.27599657867637       -6.1289998377682586     
   149.78821412998570       -5.9479812758853123     
   149.48862080978446       -5.8735139533244016     
   149.21024526206207       -5.8008503018523703     
   148.93587812696290       -5.7265330942296053     
   148.65790021193931       -5.6492599974240170     
   148.37246410550401       -5.5684185195696525     
   148.07745502049409       -5.4837342138902816     
   147.77165026500870       -5.3951486386924286     
   147.45756340482518       -5.3028205032809259     
   147.14230312710984       -5.2071010307744174     
   146.82433218614125       -5.1078968290548952     
   146.50198155590851       -5.0051677910778150     
   146.17384176027483       -4.8989185005054106     
   145.83880011523311       -4.7891449466332290     
   145.49661483260050       -4.6762247086377524     
   145.15154012388743       -4.5644349163406117     
   144.80308954793941       -4.4552171315142415     
   144.44949266521868       -4.3495024105498192     
   144.08956631791133       -4.2485650115482558     
   143.72341191954419       -4.1528644466484606     
   143.35181442227480       -4.0610095743625667     
   142.97973850525975       -3.9673223830988342     
   142.60683982087386       -3.8715725438300286     
   142.23185614312945       -3.7738952745920384     
   141.85381115197086       -3.6745638762455362     
   141.47194911608730       -3.5738493578200767     
   141.08764628006443       -3.4718004207268915     
   140.70142460843905       -3.3685540018752054     
   140.31267103638746       -3.2643874128301458     
   139.92088078810619       -3.1594685302210133     
   139.52560752948523       -3.0539423123659430     
   139.12732796139687       -2.9476139536200119     
   138.72707168897031       -2.8402445305892972     
   138.32449264570695       -2.7319091007428740     
   137.91928601806822       -2.6227509035255383     
   137.51124897900030       -2.5128444234485854     
   137.10093729754902       -2.4020607450116969     
   136.68915024981635       -2.2902417318678179     
   136.27562484818159       -2.1775277586728490     
   135.86009409431975       -2.0640626378293656     
   135.44232135666786       -1.9500004949799703     
   135.02256274735336       -1.8353585188580379     
   134.60135169006861       -1.7200587872055990     
   134.17855182086217       -1.6042227670718412     
   133.75403307831817       -1.4879799469148607     
   133.32766081735852       -1.3714093949081851     
   132.89978568814405       -1.2545374671096576     
   132.47074573576450       -1.1374300536638842     
   132.04044298443961       -1.0201868492244435     
   131.60882586796927      -0.90285941999146235     
   131.17594652551139      -0.78551823977178070     
   130.74237447709845      -0.66810715870303816     
   130.30830452837540      -0.55070295312764594     
   129.87359229398189      -0.43326322416994423     
   129.43819480208447      -0.31579713915439983     
   129.00223065494347      -0.19829438484098749     
   128.56632265766478       -8.0506297553540149E-002
   128.13040950376609        3.7475449463272366E-002
   127.69433477577367       0.15551506521578276     
   127.25796955818721       0.27348134237255722     
   126.82142156706919       0.39134104938240294     
   126.38504890103161       0.50920132935002782     
   125.94885614373668       0.62702207523088882     
   125.51283756560663       0.74475000195152152     
   125.07698571819033       0.86232953260734502     
   124.64120147979193       0.97981567114516077     
   124.20538687463129        1.0972301899605783     
   123.76950523341046        1.2144739673577984     
   123.33354051331166        1.3314369954432166     
   122.89748927658819        1.4480086933654504     
   122.46131657281553        1.5642274492957049     
   122.02505907129157        1.6800445618227500     
   121.58878953765422        1.7953666388285769     
   121.15260422881042        1.9100911208707125     
   120.71656617011588        2.0241807656935089     
   120.28062379537046        2.1377713642906335     
   119.84486534007215        2.2508273932797773     
   119.40940711465016        2.3633012971652669     
   118.97441470390260        2.4752033891871279     
   118.54000040755426        2.5867496744281140     
   118.10617110109848        2.6979367151415499     
   117.67309294229123        2.8087186747051005     
   117.24093609959289        2.9190663322720281     
   116.80990855667733        3.0289699475600860     
   116.38025897722071        3.1386753194565444     
   115.95208590996107        3.2481692699324838     
   115.52548160110085        3.3573251753187026     
   115.10066033684944        3.4660674051883480     
   114.67783353862740        3.5743094429167641     
   114.25704475122591        3.6820902496329344     
   113.83844237070979        3.7894436298458309     
   113.42216619877718        3.8963162984819903     
   113.00838697684625        4.0026710132857648     
   112.59733216915538        4.1084642294659357     
   112.18904933120020        4.2137160005447765     
   111.78367654580551        4.3184486718756716     
   111.38138512734727        4.4225104096471410     
   110.98242717724837        4.5257849034300071     
   110.58703130566265        4.6281925120929630     
   110.19524105738138        4.7296805235203250     
   109.80714695973363        4.8301893501030566     
   109.42288193892416        4.9296594042321216     
   109.04258293186226        5.0280007315361885     
   108.66640349123269        5.1251084807416678     
   108.29434934661327        5.2208904056461076     
   107.92645888617521        5.3153321823050295     
   107.56284842034768        5.4084464157895757     
   107.20360274688200        5.5002021663796699     
   106.84887656437851        5.5903857208236749     
   106.49890879623119        5.6785037624737127     
   106.15331155002352        5.7641391780665323     
   105.81164823192772        5.8475967811406644     
   105.47367590784545        5.9299502945743034     
   105.13961631243727        6.0123043809657206     
   104.81003667390452        6.0953093473942941     
   104.48536613762386        6.1787365837061285     
   104.16411214858047        6.2620962110000189     
   103.84555965546598        6.3448788698102696     
   103.52966855123577        6.4267362018071319     
   103.21689892098659        6.5074848605012674     
   102.90787070503552        6.5870429129302535     
   102.60312420256830        6.6654137968407650     
   102.30221766313717        6.7427671077354390     
   102.00384015934340        6.8192392095657262     
   101.70785590019327        6.8948346859938558     
   101.41423681075564        6.9698148057671379     
   101.12284251637458        7.0449450404785683     
   100.83404028298658        7.1207364684671797     
   100.62159269508412        7.1758962597850546     
   100.61699413594835        7.1769997764677678     
>
   150.27599657867637       -6.1289998377682586     
   149.75824500038757       -6.0035868283553926     
   149.45201797501892       -5.9455886041994281     
   149.16704768325812       -5.8910940168631898     
   148.88546013422561       -5.8365111940289580     
   148.59967108579832       -5.7804753502667072     
   148.30597464706051       -5.7223745666682673     
   148.00233223423376       -5.6619349694151877     
   147.68762371485982       -5.5990963979406523     
   147.36731625206767       -5.5340439176073390     
   147.04587662470382       -5.4668663368710222     
   146.72125249800328       -5.3974232810757998     
   146.39174447919294       -5.3256671947260017     
   146.05592647636041       -5.2515975048638461     
   145.71268122183628       -5.1752027523337505     
   145.36354137767989       -5.0975646814228197     
   145.01307284443357       -5.0212627480529521     
   144.65991885807620       -4.9466418728072190     
   144.30254274584399       -4.8744016371340066     
   143.93965477977599       -4.8056593087027313     
   143.57006091586041       -4.7418346768902149     
   143.19633086973687       -4.6802743742210460     
   142.82101602239609       -4.6179039092521057     
   142.44337553942961       -4.5545227467606804     
   142.06239643148382       -4.4897985712348412     
   141.67730004893676       -4.4235829866097784     
   141.28811332080409       -4.3558152593608996     
   140.89671497564379       -4.2863727765234563     
   140.50318751937598       -4.2151993882350904     
   140.10711441169531       -4.1424996404229715     
   139.70795248862700       -4.0684328153497118     
   139.30547829663720       -3.9931839783779899     
   138.90097296932021       -3.9166706235876023     
   138.49441989090039       -3.8389918726743484     
   138.08544778473686       -3.7602279397273159     
   137.67375183729106       -3.6804945622178988     
   137.25920256010491       -3.5998599221218210     
   136.84275908450078       -3.5183016740856941     
   136.42439218963193       -3.4359218045942126     
   136.00385149294880       -3.3528681367544082     
   135.58088718485976       -3.2692713049399340     
   135.15548207663133       -3.1852522032421997     
   134.72832371759864       -3.1007747353211159     
   134.29938345987267       -3.0159225530124441     
   133.86851577217749       -2.9308159774498121     
   133.43560033337954       -2.8454939697622068     
   133.00079814461469       -2.7600207012208964     
   132.56456699914855       -2.6744454461948903     
   132.12683069359650       -2.5888203438420949     
   131.68763678345417       -2.5031431023313937     
   131.24705574252846       -2.4174102839161118     
   130.80543993985353       -2.3317003838119970     
   130.36297329487653       -2.2460053806101410     
   129.91964835914627       -2.1603762675528912     
   129.47547716477618       -2.0748909668982174     
   129.03056800078647       -1.9895643755483785     
   128.58568404693909       -1.9039902664379313     
   128.14092041422529       -1.8181147815356311     
   127.69605250319569       -1.7320943383151972     
   127.25070388058936       -1.6462245829906892     
   126.80491809119751       -1.5606842783892139     
   126.35889452432730       -1.4754888943708087     
   125.91260968870978       -1.3906556196688498     
   125.46603780124487       -1.3062045078056084     
   125.01916167319922       -1.2221607689233687     
   124.57197786682615       -1.1386716531713819     
   124.12450357085906       -1.0558316985832139     
   123.67676113065127      -0.97369361727454973     
   123.22878034000735      -0.89231756981220400     
   122.78059614935184      -0.81166688689830879     
   122.33223949840477      -0.73142987950098637     
   121.88372929477288      -0.65165696790480532     
   121.43508501902066      -0.57244039831221483     
   120.98633531903708      -0.49387871946123474     
   120.53753405285337      -0.41591062486949221     
   120.08887488019890      -0.33860085876603530     
   119.64049187319399      -0.26207489890450603     
   119.19251337438119      -0.18645134754519593     
   118.74509637419199      -0.11187344413290182     
   118.29842307320018       -3.8482709239082792E-002
   117.85262868944164        3.3706533191781456E-002
   117.40787135926342       0.10471490963974169     
   116.96432526183041       0.17470628602964530     
   116.52204310925829       0.24377577335283734     
   116.08102432858928       0.31172913892217341     
   115.64140127307036       0.37852799456644803     
   115.20334754890864       0.44418494535680336     
   114.76714619724702       0.50873436875999056     
   114.33276570540767       0.57221064224276075     
   113.90021524071503       0.63455933481609150     
   113.46974346684529       0.69579362450890370     
   113.04147299676318       0.75589918737671802     
   112.61561582484698       0.81493847581746548     
   112.19232951448603       0.87301805997807513     
   111.77159343920025       0.93041009480366066     
   111.35356057871664       0.98730824002358675     
   110.93833463839326        1.0436861395800117     
   110.52614995796182        1.0996068188286454     
   110.11704148784683        1.1551132496029268     
   109.71108772326406        1.2102277772562446     
   109.30835741914699        1.2649206079840811     
   108.90907173719836        1.3192358595354332     
   108.51346616306547        1.3731792614880933     
   108.12164211027523        1.4268281631422512     
   107.73364369657661        1.4801665216800899     
   107.34955400084758        1.5331381872392491     
   106.96956209915531        1.5856973231973936     
   106.59394759489604        1.6377711639165669     
   106.22286461371232        1.6893711685523527     
   105.85629081025084        1.7404835861180505     
   105.49424509211828        1.7910912278802851     
   105.13683975903930        1.8411362251033576     
   104.78438821891922        1.8903859569289194     
   104.43730242840120        1.9385046700983661     
   104.09485415814792        1.9853668868580561     
   103.75618110670172        2.0310109953791948     
   103.42082089713476        2.0757028480713253     
   103.08883254409831        2.1199139891867183     
   102.76047044084635        2.1641509134021741     
   102.43579474794568        2.2088187018675787     
   102.11374721237812        2.2542880582660652     
   101.79426137104133        2.3006569583778758     
   101.47774230508514        2.3477878923360045     
   101.16452290297930        2.3955771547824187     
   100.85459342444155        2.4442951817888945     
   100.54759233311323        2.4943441897164220     
   100.24308589995549        2.5458874715320685     
   99.940829471996622        2.5993719343035999     
   99.641299177151097        2.6552462039721192     
   99.346397235245874        2.7136644061802282     
   99.057871167507429        2.7746420107879648     
   98.924000728315974        2.8009997875038959     
>
   150.27599657867637       -6.1289998377682586     
   149.83477439799574       -5.8828474355473537     
   149.54486635609393       -5.7880630301364793     
   149.27513273055501       -5.6927079587775333     
   149.01056030869103       -5.5936189215716263     
   148.74334368667613       -5.4895560378845998     
   148.46945267949141       -5.3799068158505010     
   148.18662983348702       -5.2643830577064001     
   147.89351380097952       -5.1429125707721193     
   147.58989373350616       -5.0155515049100172     
   147.28328569121433       -4.8828762556459600     
   146.97466312937092       -4.7450059981980139     
   146.66239369126296       -4.6019103658038851     
   146.34509081906489       -4.4535985257880384     
   146.02165156905167       -4.3000773536438262     
   145.69194874459643       -4.1435366940032985     
   145.35800259482849       -3.9874710163617180     
   145.02206255198899       -3.8342185614159439     
   144.68251230218286       -3.6820793634351294     
   144.33917709328739       -3.5310625897437431     
   143.99121696919835       -3.3813928397912241     
   143.63788937663389       -3.2330741242820271     
   143.28080948357351       -3.0848843242731485     
   142.92276587552854       -2.9349492948688662     
   142.56272436370756       -2.7838442856794838     
   142.19961580889458       -2.6319359896836825     
   141.83296522909069       -2.4796942322603939     
   141.46281273134039       -2.3276604585109504     
   141.09065430840516       -2.1752422300916727     
   140.71692884594384       -2.0222647948799084     
   140.34111781716632       -1.8689665033117993     
   139.96269009021120       -1.7153548038384752     
   139.58121422787087       -1.5615717899891741     
   139.19680768648996       -1.4072679575185922     
   138.81062440303580       -1.2519671785122255     
   138.42235383439206       -1.0956064276143631     
   138.03165564363792      -0.93820575834727638     
   137.63828575075939      -0.77985397916673971     
   137.24250828929274      -0.62058031091949140     
   136.84529957929371      -0.46000832034460581     
   136.44658685512428      -0.29817926040218429     
   136.04610541029049      -0.13516589673018362     
   135.64361918618735        2.8834100237576741E-002
   135.23902161266790       0.19378234232989131     
   134.83300883343389       0.35990858561621397     
   134.42566621919434       0.52714579403637984     
   134.01688089726679       0.69540458617683587     
   133.60652108736210       0.86457266231286134     
   133.19459824863574        1.0344294336994695     
   132.78181310845170        1.2050029752678402     
   132.36831463583258        1.3762846926512857     
   131.95397448823584        1.5482253114807965     
   131.53866661495005        1.7207973297829706     
   131.12243570668198        1.8939526191043574     
   130.70595384290667        2.0677209732494739     
   130.28930123771312        2.2421413533473049     
   129.87232663024767        2.4172429802445889     
   129.45485011176766        2.5930401778858059     
   129.03688657917533        2.7693112116104102     
   128.61915967814582        2.9458710160557255     
   128.20169862952588        3.1227287585462173     
   127.78438769584405        3.2998873038707823     
   127.36713405794013        3.4773340469582776     
   126.94988042003621        3.6550924790776511     
   126.53263766833012        3.8334066802428359     
   126.11540351099069        4.0123213411606082     
   125.69817393731353        4.1918175542242553     
   125.28095181208747        4.3718151053446910     
   124.86369473643691        4.5519713657699619     
   124.44638151092394        4.7323963433936704     
   124.02897546625080        4.9131215508936732     
   123.61144566269732        5.0941320913677108     
   123.19377204674126        5.2753769715734364     
   122.77596779641155        5.4568905689776006     
   122.35811770945952        5.6390241066988445     
   121.94043549913677        5.8220583340489709     
   121.52304950798590        6.0059932510279781     
   121.10611901826944        6.1905750373396868     
   120.68967382379198        6.3753980388764342     
   120.27350250313293        6.5603797497180159     
   119.85762682868797        6.7453706278840642     
   119.44204049792150        6.9302348823809119     
   119.02670283083121        7.1148682348927492     
   118.61188197165772        7.2992517778128594     
   118.19786898295290        7.4834542660747463     
   117.78467933457675        7.6673977774204438     
   117.37229927554262        7.8509665743785497     
   116.96079927965731        8.0337143228390815     
   116.55042801059700        8.2155831540663407     
   116.14126854723965        8.3966274990493517     
   115.73333635944535        8.5767688625723633     
   115.32675577905212        8.7558800480083967     
   114.92161847930468        8.9339186564817918     
   114.51809921232567        9.1108107764390365     
   114.11630168347311        9.2865025498488816     
   113.71619839077360        9.4609235029044925     
   113.31785637028732        9.6338759651720469     
   112.92129739440986        9.8052694093224328     
   112.52675064625291        9.9750923762000703     
   112.13436280300793        10.143412474822899     
   111.74419860890396        10.310201630259742     
   111.35623399971433        10.475458123637257     
   110.97054976248582        10.639165912137633     
   110.58720720370086        10.801322130971970     
   110.20664291718720        10.961919331689140     
   109.82889700998935        11.120927720484625     
   109.45406402014086        11.278276823551586     
   109.08223447497089        11.433861789616428     
   108.71342785504389        11.587708401779217     
   108.34816727081230        11.739840724266683     
   107.98675352511017        11.890287404967777     
   107.62907202638166        12.039157878818331     
   107.27502651771985        12.186713987523431     
   106.92461642616702        12.333547596468975     
   106.57852529035365        12.479943465671221     
   106.23806632950971        12.625507400178085     
   105.90427315946883        12.769436113183152     
   105.57766659885230        12.911293010858680     
   105.25797678454610        13.051355977727573     
   104.94469493004233        13.190052440293107     
   104.63805594803044        13.327666012655977     
   104.33707721591917        13.463907351137694     
   104.03888936115028        13.597833940191496     
   103.74203134138692        13.728525036666232     
   103.44643783944220        13.855790991536987     
   103.15286917028914        13.979906824537771     
   102.86209481622514        14.101215164420545     
   102.57474445784960        14.219910816830224     
   102.29031503823235        14.335953674722266     
   102.00815567733623        14.449254929640903     
   101.72860613912430        14.559748118483745     
   101.48869439303431        14.653106431982224     
   101.41100017226101        14.680799773281441     
>
   126.87899465655299        6.3369995544308919     
   126.44079081745313        6.0135287917398426     
   126.43168365355298        5.7452659488201192     
   126.39169463831239        5.4391185645827829     
   126.30975766518422        5.0911246359847588     
   126.18064564034893        4.6931865507327997     
   126.00831999389180        4.2331810951770894     
   125.81378535799784        3.7502619121161409     
   125.61021116722166        3.2691515567640841     
   125.40492555155903        2.7860369951004320     
   125.20309659017823        2.2985542033282602     
   124.99738068322345        1.8144146201976430     
   124.83989349733170        1.4439000131309017     
>
   126.87899465655299        6.3369995544308919     
   126.41131271267174        6.3956297510172995     
   126.36216611324645        6.2818764324108862     
   126.30151853231952        6.1203120789624483     
   126.21805863741427        5.9047092125700074     
   126.08064044365410        5.6647006366153221     
   125.87320509040397        5.4041761614612955     
   125.58707054843585        5.1202669875075397     
   125.22128628079408        4.8077632096679048     
   124.80880881893748        4.4584743964889189     
   124.40312033380646        4.0835686410024898     
   123.99314497857155        3.7267798104939480     
   123.57501013160326        3.3863437679611770     
   123.14564015554291        3.0559236003663712     
   122.70985133348228        2.7268974390483272     
   122.27687516115972        2.3943470144305046     
   121.84015528270794        2.0670953033546016     
   121.39690425853119        1.7456470816240823     
   120.94484171666836        1.4294276725864219     
   120.48967603547347        1.1147804596948498     
   120.03290148883458       0.80082136909608137     
   119.57314125920836       0.49043524320832188     
   119.10848510535898       0.18440416940016138     
   118.63942691689215      -0.11936658596910704     
   118.17363802551331      -0.42426950591004864     
   117.70882201644353      -0.72969725517672546     
   117.24081577845928       -1.0338856967670209     
   116.92577379765784       -1.2401447676964847     
   116.89629798470757       -1.2604996657598757     
>
   126.87899465655299        6.3369995544308919     
   126.39979798018345        6.1910557489164253     
   126.37200895493508        5.9772571265706409     
   126.32165914417348        5.7179868559952549     
   126.22774047796696        5.4264642190716641     
   126.08119793157326        5.0983966161181984     
   125.88027997306138        4.7255099638456235     
   125.63339189305199        4.2951963263229338     
   125.35901960133279        3.8353908330321600     
   125.06854490418735        3.3779528012849864     
   124.78150738075922        2.9256244070126010     
   124.50460605340268        2.4758141621797409     
   124.22604372144431        2.0303876173154398     
   123.94197125452347        1.5887087892847997     
   123.65400038287306        1.1469554767428649     
   123.36366892517239       0.70146418764951557     
   123.06782274884709       0.25339802629650077     
   122.76959822478034      -0.19602260724651177     
   122.47303642418879      -0.64689798059087966     
   122.17897443838785       -1.1000640391364365     
   121.88555588417292       -1.5525786446870578     
   121.59241693335424       -2.0045191465429339     
   121.29954097015622       -2.4564997554433532     
   121.00603188861220       -2.9085176065994203     
   120.71011753031114       -3.3603263281660829     
   120.41302803560495       -3.8123034993198273     
   120.11628747218633       -4.2619819638634739     
   119.81978411328824       -4.7067146568571800     
   119.54317098369464       -5.1135169719109381     
   119.46999739979915       -5.2177998713851741     
>
   126.87899465655299        6.3369995544308919     
   126.52500357888026        5.8442919606703150     
   126.54165716969007        5.5350855548499007     
   126.53008514142384        5.1794924872265220     
   126.47925519204327        4.7711397484222831     
   126.38356264855240        4.2993766262798809     
   126.26103390859997        3.7956470437210870     
   126.13327521003909        3.2948320973850165     
   126.00542884893802        2.7943059217696566     
   125.88106893592331        2.2919308114008605     
   125.75423212642917        1.7887890835235123     
   125.62561571007285        1.2844126316320168     
   125.49722102837711       0.77792253849310100     
   125.36713898602167       0.26730772230181921     
   125.23440987872635      -0.24857945137353965     
   125.10014524458283      -0.77014463664063992     
   124.97050266084401       -1.2964183889370973     
   124.85707764704507       -1.8274259184051964     
   124.76067177111908       -2.3626527089592271     
   124.67818303964958       -2.9012038005481000     
   124.59625924455032       -3.4388713912414661     
   124.51408506690156       -3.9755168252567636     
   124.43231768927603       -4.5114867420504003     
   124.35104190942505       -5.0452358744919081     
   124.27044279271128       -5.5768788141371255     
   124.19081082872876       -6.1071753030012541     
   124.11190594816807       -6.6360749207997243     
   124.03367601187124       -7.1633312956874873     
   123.95631582548322       -7.6896801054530188     
   123.87966667969916       -8.2147672621887793     
   123.80377784888809       -8.7363009347780256     
   123.72903206884646       -9.2549973204447369     
   123.65562070747262       -9.7706352574861484     
   123.60499931472368       -10.151300384568964     
>
   126.87899465655299        6.3369995544308919     
   127.15727853103070        6.7990315616515851     
   127.35901352733572        6.8431195168444532     
   127.60744171785555        6.8964870962290297     
   127.84278355269875        7.0330395507848458     
   128.10412735747701        7.2316805750822404     
   128.41546917694046        7.4574018758551226     
   128.76380458837488        7.7063984404919106     
   129.13884155119274        7.9656045397960273     
   129.52484206111535        8.2190008472191902     
   129.90871747063497        8.4719382154612255     
   130.29696683984085        8.7259756626392981     
   130.69426378533788        8.9812982541160871     
   131.10358424983121        9.2369697768804020     
   131.52331421125672        9.4918036353715447     
   131.93943339275785        9.7420721662781276     
   132.35244657013800        9.9843846054629211     
   132.76597139881497        10.217946833443976     
   133.18461274046007        10.442249490755588     
   133.60872926664305        10.656758007789787     
   134.03159559895187        10.863902871445871     
   134.45298312723261        11.062788548714980     
   134.87320984305273        11.252214120091933     
   135.29173372835308        11.432838487022799     
   135.70985597025026        11.605440872087271     
   136.12952347927788        11.771200995352695     
   136.55159340027362        11.929893111454067     
   136.97687303074835        12.081226157839566     
   137.40614846877517        12.224919385197387     
   137.83979557465719        12.362153086552656     
   138.27796503629028        12.494620925100648     
   138.72118225595804        12.621638216295237     
   139.16984486635920        12.739685853456654     
   139.62397865059378        12.845602828517132     
   140.08237524070557        12.936532946947418     
   140.54228673118550        13.015463037650415     
   141.00005192182456        13.087359498656115     
   141.45293665810055        13.152912744088438     
   141.89925701710041        13.214026712647620     
   142.33735600492668        13.272820202201096     
   142.76721184918378        13.329039965410466     
   143.18924223609278        13.382305558310348     
   143.60148306638658        13.431507161682458     
   144.00048226944560        13.477010895547695     
   144.39224959941569        13.523831859347286     
   144.78426100939976        13.575082932695546     
   144.86860268632719        13.589099771805571     
>
   126.87899465655299        6.3369995544308919     
   126.42500525767876        6.4459583623410692     
   126.37570797035752        6.3557249605702761     
   126.31406000514815        6.2272873070410828     
   126.23755123401999        6.0453262296113746     
   126.13754145366292        5.8091685028906044     
   125.97905904010874        5.5525779558484745     
   125.70533877434225        5.3184124033259383     
   125.36883608696361        5.0620751036222087     
   124.99184247332983        4.7709071275639330     
   124.62102133385120        4.4542373737118321     
   124.25833562187930        4.1225675852006196     
   123.89773261143469        3.7911435955766786     
   123.53591779528711        3.4572862542645306     
   123.17077638627360        3.1183840197066433     
   122.80520812371458        2.7723289802333877     
   122.44735645652564        2.4180342349376462     
   122.09420361608380        2.0628284867729976     
   121.74302576110685        1.7069901932201268     
   121.39201005318139        1.3495069378832105     
   121.03955507531462       0.98956741254692049     
   120.68703363434547       0.62705530678208166     
   120.33729046564760       0.26440168044578372     
   119.98958187002360       -9.8714322818318115E-002
   119.64324608123856      -0.46279575994034972     
   119.29765513756642      -0.82828667319918081     
   118.95114975327874       -1.1949292315941775     
   118.60265849732835       -1.5632895174111763     
   118.25233836014687       -1.9347328890379794     
   117.89998766059588       -2.3095143126863245     
   117.54574906516250       -2.6874240858090297     
   117.19051352319333       -3.0650026893353659     
   116.83505338177473       -3.4406561547236336     
   116.48177449062150       -3.8136339072830987     
   116.13106932581236       -4.1846762084644711     
   115.78217757237434       -4.5542700723800591     
   115.43700087717659       -4.9158024203424882     
   115.09472850496152       -5.2717501488311838     
   114.75475254752544       -5.6236636815966250     
   114.41656078061375       -5.9725754885569060     
   114.07985412026569       -6.3163157786022470     
   113.74496201720434       -6.6508635340383160     
   113.41124161280142       -6.9764404895256549     
   113.07852674930096       -7.2941994361159903     
   112.74702827516572       -7.6046709327128479     
   112.63499898651689       -7.7040000392282337     
>
   144.06100093487220        12.204999362088399     
   143.43922486106754        12.168759209597054     
   143.14758648667254        12.185598438727354     
   142.82802100420443        12.202650808151510     
   142.48382865047131        12.218402563416916     
   142.11238126814007        12.231927804752402     
   141.71068515281442        12.242942345099486     
   141.28309879432067        12.251713182783279     
   140.85453898056005        12.258627064304726     
   140.42273966351596        12.263091551320150     
   139.98210018089674        12.264076465742571     
   139.52834855950084        12.260289214822148     
   139.06485837473213        12.249979985501239     
   138.60277823905798        12.231226504430673     
   138.14288622914256        12.204163989646345     
   137.68450568184861        12.169588852461313     
   137.22645172048883        12.127414003293152     
   136.77377955154893        12.077803881024481     
   136.32526877495926        12.020213029849518     
   135.87764035334953        11.956629040304261     
   135.42981655313713        11.888303825136235     
   134.98143526500556        11.814889598973469     
   134.53257097346611        11.734898963421195     
   134.08336519909031        11.647659266046652     
   133.63397951597182        11.552356906803391     
   133.18435892016387        11.447975458591136     
   132.73167701094175        11.333984362506360     
   132.27517118150129        11.209427924973379     
   131.81546137215963        11.074547361217233     
   131.35362818128831        10.931698673625933     
   130.89124380503344        10.787395246233277     
   130.42809510310110        10.645337240377255     
   129.96631863504996        10.506811519229917     
   129.50796902747609        10.367878998059362     
   129.05438642862504        10.225125994417187     
   128.60586419287981        10.081418443114885     
   128.16476233333279        9.9371791869934984     
   127.73185491594373        9.7909964580851110     
   127.30845229515357        9.6400627632717057     
   126.89908656699575        9.4818891739604965     
   126.49975504842482        9.3182186277157673     
   126.10616456680133        9.1450043237431249     
   125.71839820100328        8.9581662296969782     
   125.33549166308826        8.7599119519005342     
   124.95250147333751        8.5648708213297695     
   124.72989534401007        8.4696595623733995     
   124.69419549070450        8.4547993294124115     
>
   144.06100093487220        12.204999362088399     
   143.43919334838967        12.213168594104044     
   143.14643369562083        12.254925757051181     
   142.82556588012062        12.301994238611375     
   142.47990904630390        12.352437441490984     
   142.10671987232394        12.405120336329436     
   141.70288948927080        12.459616069581230     
   141.27319464614962        12.516256956758301     
   140.84261171847072        12.575925925798375     
   140.40856296918551        12.637667283125767     
   139.96553654445822        12.699891643861015     
   139.50942376405433        12.760812525648610     
   139.04437513412620        12.818837678820199     
   138.58158281193252        12.872928903879890     
   138.12126222959827        12.923434559157428     
   137.66222106198492        12.970605027202321     
   137.20382733666207        13.013366012178590     
   136.75194470354188        13.050683898252588     
   136.30548740763282        13.082171938923358     
   135.86262714066152        13.107590637839202     
   135.42175561014173        13.126595074417049     
   134.98140948190547        13.141239302295284     
   134.54052935701904        13.154870540819919     
   134.09908544167786        13.167398262661839     
   133.65709034095312        13.178732513449713     
   133.21443519286674        13.188866990647968     
   132.76741926312297        13.198346004146835     
   132.31455572628479        13.206875053647810     
   131.85617059532865        13.213779767844791     
   131.39308663762537        13.218351397964923     
   130.92547688642429        13.219947085379959     
   130.45183331685061        13.218698610379111     
   129.97411372563576        13.215966747687945     
   129.49469474164786        13.212025944082699     
   129.01626983940687        13.206834946603268     
   128.53765070447872        13.201602123205953     
   128.05705200042345        13.196796153354136     
   127.57456540048580        13.192001642657898     
   127.09281161354772        13.186405564028583     
   126.61182157932929        13.180216474097808     
   126.12957390278555        13.173364472016511     
   125.64611270166549        13.165367700292400     
   125.16077277198747        13.156341323439090     
   124.67501859383513        13.148407577070691     
   124.24600614342896        13.145013375186789     
   124.00186081230854        13.146915595013690     
   123.87110325273142        13.150316672390941     
   123.77858203054832        13.154490096854540     
   123.73399732096091        13.156199802867633     
>
   144.06100093487220        12.204999362088399     
   143.47963614619135        12.028576494552309     
   143.19794374588525        11.966737734402455     
   142.89076045398318        11.888425865143201     
   142.56178815069637        11.793197990411235     
   142.20892465393305        11.680702314130137     
   141.82995147117217        11.551036239122366     
   141.42470301761557        11.404436396950731     
   141.01427273390399        11.239926467559492     
   140.60347976791820        11.061717690625681     
   140.18887949748969        10.878651377639919     
   139.76554333980192        10.690107015327353     
   139.33275452467319        10.494603507828785     
   138.90048710112345        10.289167777228014     
   138.47414807171498        10.072595466273187     
   138.04854701192608        9.8440993309757037     
   137.61686744305786        9.6025666873283839     
   137.17799897293409        9.3484495990190020     
   136.74118856715322        9.0917106559120633     
   136.30728191139724        8.8343615127702915     
   135.87601200734110        8.5774226073984146     
   135.44689470566135        8.3219739652102049     
   135.01948481816356        8.0665493872487204     
   134.59368436906752        7.8082829387024688     
   134.16877544227592        7.5477154917150040     
   133.74438103156999        7.2862330311541763     
   133.32038253468951        7.0243013716944667     
   132.89764168013431        6.7616552338841114     
   132.47702764485550        6.4979147467155105     
   132.05859543279979        6.2331526758266174     
   131.64226941354039        5.9672544296615984     
   131.22703258701924        5.7000028572221400     
   130.81347624566442        5.4315778672509056     
   130.40242086501576        5.1623581848399400     
   129.99422626255858        4.8923976680204868     
   129.58916631211133        4.6212763387403992     
   129.18756473481923        4.3487455333235134     
   128.78982374704333        4.0762599915711828     
   128.39695862996828        3.8061654026313985     
   128.00931143938828        3.5383397264971945     
   127.62654413021363        3.2724414803321746     
   127.24807572325621        3.0087061497835856     
   126.87366844103769        2.7492032583498491     
   126.50364543174548        2.4972072597390182     
   126.13972270392829        2.2557152960940199     
   125.78186702603489        2.0247376806548787     
   125.42904478223167        1.8030242195474087     
   125.08116315335836        1.5900483645725383     
   124.83989349733170        1.4439000131309017     
>
   144.06100093487220        12.204999362088399     
   143.43718054771139        12.226029204415671     
   143.14400435463708        12.274822861849000     
   142.82281797461167        12.330294342198751     
   142.47691247711873        12.390410791264371     
   142.10347922312485        12.453990197147396     
   141.69941335442445        12.520581069117824     
   141.26968585270990        12.590548381281002     
   140.83913271883551        12.664880485806027     
   140.40500375546119        12.742487616996879     
   139.96184784227580        12.821624545458166     
   139.50566687989618        12.900364414178471     
   139.04131611254311        12.976441748098896     
   138.58088552231527        13.046957380856755     
   138.12401815651614        13.112692253905079     
   137.66877856376772        13.174851870411281     
   137.21393431188693        13.233364610652956     
   136.76503163217629        13.287422031203672     
   136.32114519782246        13.336970274032192     
   135.88050399632991        13.382075802240895     
   135.44142066703898        13.422313481157627     
   135.00245364817724        13.459284727775215     
   134.56261573349113        13.496557350184654     
   134.12184275170938        13.534196665572775     
   133.68010490902748        13.572284033944220     
   133.23727844656511        13.611056659819569     
   132.78991816919608        13.651420389447720     
   132.33659569317680        13.692404059392954     
   131.87787595487757        13.732964886497149     
   131.41494211211244        13.771625212647779     
   130.94867365507247        13.806140762223771     
   130.47736030478671        13.835374786991220     
   130.00175721960818        13.864062782995106     
   129.52432697207186        13.892756508576783     
   129.04774985866874        13.921374030773826     
   128.57038722015034        13.950646443712479     
   128.09080780798428        13.981404536172567     
   127.60881108694780        14.013877491265760     
   127.12602311121830        14.047731847564570     
   126.64160163286030        14.082957291828976     
   126.15149526741725        14.119934840982134     
   125.65419770888759        14.158869613908998     
   125.14760047264399        14.200187318239495     
   124.63295317960278        14.245768401404924     
   124.11598769938701        14.298836323870987     
   123.59388450676524        14.360413815273530     
   123.05646787157916        14.428113360546689     
   122.50864804199637        14.496631662486301     
   121.96137366821938        14.564683003835878     
   121.53215380709716        14.619376980479275     
   121.27689997055387        14.649583887555785     
   121.12816184995032        14.661202325402131     
   121.07799939638249        14.659999114065839     
>
   144.06100093487220        12.204999362088399     
   143.44536524958710        12.183385675784134     
   143.15397668478383        12.208678896946337     
   142.83448396795367        12.235976324420134     
   142.49028244689609        12.263606640363639     
   142.11878063357580        12.290561439085481     
   141.71692409007198        12.316492935213699     
   141.28872122900782        12.341670418904508     
   140.85933635604519        12.366673150472661     
   140.42677672402809        12.390814153540918     
   139.98543422221383        12.412875892828506     
   139.53104260697859        12.431405920365188     
   139.06689352076378        12.444696821968984     
   138.60431949548399        12.451123116420343     
   138.14396797342965        12.450794811612871     
   137.68491248187183        12.444634369571054     
   137.22600595933662        12.432483653947838     
   136.77276541627978        12.414018943597986     
   136.32445746674392        12.388281107199132     
   135.87850437368056        12.355554331809762     
   135.43330815784350        12.316761652412138     
   134.98818126989769        12.272549938338965     
   134.54256049234624        12.223635959772007     
   134.09649051589594        12.169591717250212     
   133.65004868984690        12.109908424265658     
   133.20314849757455        12.044003382756914     
   132.75262205551769        11.971824453566077     
   132.29738647347369        11.893167663723752     
   131.83758670976073        11.807658298842352     
   131.37341241340366        11.714953730169924     
   130.90385918941558        11.615692232672483     
   130.42657275428181        11.511684925890037     
   129.94171525505388        11.403097967578550     
   129.44957488949470        11.290176010709736     
   128.95069539453669        11.173921731397172     
   128.44672001309067        11.059106722025925     
   127.93797303925952        10.946753712231844     
   127.42455817840136        10.836688522850054     
   126.90726840408253        10.728865317258226     
   126.38856743475358        10.624067901698281     
   125.86795565123107        10.525028138861385     
   125.34668954992470        10.434237249171442     
   124.82847788653918        10.350478843263238     
   124.31788541570130        10.268693703946552     
   123.81243753276271        10.191111782897980     
   123.31083305060690        10.122297261786526     
   122.81087295727740        10.066204695204139     
   122.31611646649846        10.018528305440222     
   121.82816957892513        9.9812694340174826     
   121.34761155487223        9.9573748027942770     
   120.87275388776443        9.9468667571239902     
   120.40667221496044        9.9320546526164524     
   119.94857184402052        9.9048156668361305     
   119.49283091321531        9.8633615985541852     
   119.09148143734605        9.8189126799604303     
   118.86740108765277        9.7940371450192565     
   118.72999950966819        9.7761001287840337     
>
   144.06100093487220        12.204999362088399     
   143.46388152613707        12.121156731386654     
   143.18189691736362        12.112109728053294     
   142.87854671300425        12.097633949762139     
   142.55596288895541        12.076510142359078     
   142.21178199437784        12.048214049476158     
   141.84441521734993        12.012900369713758     
   141.45323860685019        11.970753595476774     
   141.05573367767929        11.921492977453410     
   140.65579482386241        11.864559308851174     
   140.24870660287684        11.798986582854360     
   139.83351561297800        11.723472466430874     
   139.41192984130566        11.637500724621669     
   138.99350450474333        11.540558560214377     
   138.57957058421204        11.433611407066923     
   138.16469815883841        11.318543723315056     
   137.74482896867249        11.197128240327576     
   137.31827164235017        11.073375089601017     
   136.88719367915004        10.957139144937383     
   136.45172800527692        10.851619229617885     
   136.00894164985911        10.766053141916347     
   135.56003037578179        10.688489555516709     
   135.10680759441610        10.607887001056266     
   134.65194729971748        10.523580847511161     
   134.19578753677570        10.436038055471425     
   133.73791520303189        10.345757671162737     
   133.27821627988803        10.253075447843699     
   132.81926506664604        10.158350630041857     
   132.36306920736413        10.061817557488904     
   131.90938003836618        9.9638125564012174     
   131.45700981817589        9.8646415862328887     
   131.00570873720162        9.7646736317937108     
   130.55603542927796        9.6638777533636073     
   130.10812110173646        9.5625719425100257     
   129.66197950556372        9.4612191491185520     
   129.21772580527340        9.3604811394241469     
   128.77597994118258        9.2601281573573537     
   128.33710975218554        9.1597597054305240     
   127.90086772052159        9.0595046991439716     
   127.46707966702591        8.9595229937180925     
   127.03564933479161        8.8599566826821228     
   126.60666839706327        8.7602666127658502     
   126.18045656428181        8.6601892233908462     
   125.75754095760398        8.5593486542539665     
   125.33828941592404        8.4576463566171896     
   124.92291393362031        8.3550061270958835     
   124.51069602163768        8.2510904935581060     
   124.10211868338399        8.1455883399297644     
   123.69801499947020        8.0383965338105963     
   123.29910059416251        7.9294342881537423     
   122.90616844102729        7.8190155838221971     
   122.51640245257990        7.7074246078744340     
   122.12655625004339        7.5929350385217651     
   121.73147722410955        7.4732447314074175     
   121.33011800795806        7.3503836759430499     
   120.92121408377027        7.2296018842593508     
   120.50350322555856        7.1113451175085283     
   120.08460978249062        6.9969059684404291     
   119.66772627531208        6.8885269938027873     
   119.25125587069233        6.7876033457879252     
   118.83229997522646        6.6940427781933929     
   118.41429920037847        6.6006821728637952     
   117.99865442791854        6.5029344298189660     
   117.58455778737793        6.4004764008714412     
   117.17120026237251        6.2954125599441753     
   116.76095103331916        6.1901264113985830     
   116.36587200738533        6.0843165794428167     
   116.21469595143134        6.0443000622288494     
>
   144.06100093487220        12.204999362088399     
   144.10085587799242        11.762525268660246     
   144.02407036825693        11.566074661952683     
   143.92896510648970        11.306350608816182     
   143.82146103838087        10.993283613479605     
   143.70819186909787        10.671922481331521     
   143.58958559810173        10.340379316489512     
   143.46813516468973        9.9974428862083702     
   143.34579893855113        9.6432019989438711     
   143.22051484463859        9.2783940513578305     
   143.09179357700867        8.9132606637532117     
   142.95985572440642        8.5463579825264642     
   142.82485885022112        8.1752119759870592     
   142.68673477247700        7.7976333724607230     
   142.54583700612380        7.4152270266869600     
   142.40961228341769        7.0298160903191409     
   142.28279380857245        6.6381513197914970     
   142.16458631619068        6.2380600592053526     
   142.05524706431510        5.8286857366808240     
   141.94730296463189        5.4168522793680260     
   141.84020053992626        5.0030684737748752     
   141.73231430897872        4.5868387114223754     
   141.62176554323128        4.1671419815480162     
   141.50996085403190        3.7457670583384202     
   141.39688018785824        3.3234645164843197     
   141.28279455373990        2.9002630038746751     
   141.16796235563527        2.4762530478385978     
   141.05225353212850        2.0518168112148061     
   140.93562797617503        1.6275232410780314     
   140.81821345735960        1.2029689751517270     
   140.70010336780027       0.77761944382791115     
   140.57895373722232       0.35257472604262269     
   140.45343587653585       -7.1678737049608809E-002
   140.32411644098448      -0.49567895280343965     
   140.19220609035565      -0.92017592295182560     
   140.05934405685559       -1.3457781286562629     
   139.92617778277477       -1.7727416820440480     
   139.79263564839081       -2.2010929391730234     
   139.65871077821032       -2.6308404944098771     
   139.52437681617553       -3.0616497404115646     
   139.38969621468431       -3.4931539841994050     
   139.25478184641921       -3.9250060133592122     
   139.11982106857397       -4.3571233219707830     
   138.98500524904685       -4.7890188959218083     
   138.85049882672052       -5.2203862028004222     
   138.71658197794895       -5.6512240966910694     
   138.58356925655298       -6.0814873139291921     
   138.45168812677088       -6.5108521333695490     
   138.32084634240022       -6.9391306248605673     
   138.19081930399153       -7.3662901298088341     
   138.06139387125103       -7.7922733524364300     
   137.93242852360720       -8.2170012245698292     
   137.80396909768240       -8.6403431118353744     
   137.67605340869005       -9.0620497775991211     
   137.54868489437683       -9.4817212973311946     
   137.42150316429959       -9.8996636304856835     
   137.29418908097540       -10.316379833992713     
   137.16678676215321       -10.731656194600644     
   137.03941309121996       -11.145005698197172     
   136.91204744169562       -11.556073683916978     
   136.78461532906888       -11.964928906693562     
   136.65736197926927       -12.371358226233072     
   136.53048563568836       -12.775063704490325     
   136.40414672650434       -13.175799542578055     
   136.27855094355991       -13.573407604149205     
   136.15401513250700       -13.967495986082806     
   136.03080285392397       -14.357689401033499     
   135.90914672866924       -14.743524326157916     
   135.78913327336741       -15.125093580616291     
   135.67086848520771       -15.502604002166901     
   135.55455060758166       -15.875920945731641     
   135.44045179543437       -16.244638757202853     
   135.32878289722862       -16.608372408952921     
   135.21923050505924       -16.967724652565543     
   135.11185821723961       -17.322588344936019     
   135.00677489574787       -17.672577885478951     
   134.90404585777080       -18.017183914728644     
   134.80352958273690       -18.356256890704728     
   134.70478088245187       -18.690584630353587     
   134.60775392029325       -19.020051396203826     
   134.51244755034554       -19.344323153870178     
   134.41886406443982       -19.662962163609347     
   134.35116852987113       -19.897041199507225     
   134.33900119847235       -19.942599937319265     
>
   144.06100093487220        12.204999362088399     
   143.64568561313527        12.017839838728127     
   143.40963273768810        11.958715752536062     
   143.16698798299134        11.883394722884161     
   142.91792266342111        11.791818881036733     
   142.66095682903358        11.684498159417249     
   142.39470506791881        11.561756279170952     
   142.11700503741810        11.423729604249289     
   141.82601582418695        11.270232496331802     
   141.52215282261520        11.102921376358120     
   141.21521189185373        10.930588854407647     
   140.90908570705420        10.755154911998433     
   140.60024427533912        10.577426273683578     
   140.28671146532807        10.397417836365339     
   139.96740667864947        10.214969744823321     
   139.64143323637896        10.029877453130355     
   139.30851611878245        9.8421375235397690     
   138.97245747368265        9.6525268868001355     
   138.63315244980600        9.4583875917738123     
   138.29027789896500        9.2602542080687744     
   137.94374902340837        9.0593265092746442     
   137.59196039543878        8.8554687043977545     
   137.23520021281919        8.6504294605801793     
   136.87612184302503        8.4444116048757536     
   136.51467887647618        8.2368049372496426     
   136.15018261792201        8.0271195788006420     
   135.78193062112527        7.8149819610567217     
   135.40946910352488        7.6010257753216628     
   135.03432041394004        7.3868810864772501     
   134.65835525951991        7.1727083227016575     
   134.28131237151709        6.9587022896398105     
   133.90276833413284        6.7448933540540015     
   133.52271455300041        6.5317215475186501     
   133.14110920220196        6.3191817134137391     
   132.75985049085989        6.1070183125697559     
   132.37885820488518        5.8952989540046419     
   131.99769460453447        5.6841479695564816     
   131.61601877992916        5.4733424786491707     
   131.23358206739312        5.2626836649333315     
   130.85055921904893        5.0514799683694855     
   130.46688720954097        4.8393366210477735     
   130.08227497631731        4.6262410178970539     
   129.69650651429527        4.4121948777906610     
   129.30942597895893        4.1972469021398302     
   128.92111816805954        3.9815409033471338     
   128.53201222697373        3.7649800515478917     
   128.14211961485714        3.5476434149156297     
   127.75144491537191        3.3296255314839156     
   127.36000130654703        3.1110272418218847     
   126.96786384585155        2.8919648563587121     
   126.57533276316180        2.6726394832748932     
   126.18254442242916        2.4534063563935233     
   125.78980363719221        2.2349020318072790     
   125.39718947562443        2.0172611545942698     
   125.00464235011684        1.8008710442132250     
   124.61216913616278        1.5852355192273693     
   124.21975665573329        1.3703580173833774     
   123.82737110431944        1.1565278823597394     
   123.43498096924333       0.94411925558626364     
   123.04257880205387       0.73351888356390160     
   122.65032674980257       0.52409021019997659     
   122.25835487390528       0.31508380671931224     
   121.86668723858872       0.10638450860829209     
   121.47524706751055      -0.10188793595723392     
   121.08394555221489      -0.30960002781471518     
   120.69291103524436      -0.51680505203761617     
   120.30254458704437      -0.72351274890818296     
   119.91271328141013      -0.92944867165018508     
   119.52338102200154       -1.1344254630698285     
   119.13459078065208       -1.3383382718935219     
   118.74654996807777       -1.5410776631854408     
   118.35962871500404       -1.7429020409039981     
   117.97376514199067       -1.9437575470179507     
   117.58898388622218       -2.1433840586955482     
   117.20496982092001       -2.3417047995943778     
   116.82173497819754       -2.5384327178670683     
   116.43995258344530       -2.7333747267420341     
   116.05980598315266       -2.9265422853748579     
   115.68135533788639       -3.1177835599540558     
   115.30416176198769       -3.3071266254108074     
   114.92804133600936       -3.4946213290719030     
   114.55345930166817       -3.6800350500789909     
   114.18089235983639       -3.8637109901418065     
   113.81007637697779       -4.0454440303753989     
   113.44092254463663       -4.2251361949995276     
   113.07355634056653       -4.4027542524630006     
   112.70815652759457       -4.5782586686790525     
   112.34575156493445       -4.7519364954950580     
   111.98596788411410       -4.9233723385211041     
   111.62831503327453       -5.0918992749022198     
   111.27264518930876       -5.2568881969968571     
   110.91876984910738       -5.4178624039327321     
   110.56663343576582       -5.5746717807716983     
   110.21753140682284       -5.7282313410871160     
   109.87133713860926       -5.8784253474075898     
   109.52768508406191       -6.0251386352195047     
   109.18623318738665       -6.1687310220081901     
   108.84747419227355       -6.3094442959564594     
   108.51420757043175       -6.4474056536912956     
   108.19043371307551       -6.5833960366657287     
   107.87471335026353       -6.7170430223232884     
   107.61749713332651       -6.8265999981549390     
>
   144.06100093487220        12.204999362088399     
   143.45554785523879        12.228626422028725     
   143.17103994040576        12.276231765028019     
   142.86581215340405        12.329107746638057     
   142.54138455122174        12.385589924510292     
   142.19525617315276        12.444993041140824     
   141.82582331037312        12.507450595692198     
   141.43265681750623        12.573187760571642     
   141.03388393277001        12.642038378023186     
   140.63244794027611        12.712638235574586     
   140.22443381951936        12.783134387767952     
   139.80995444318228        12.852101888606448     
   139.39097849419414        12.919629546545847     
   138.97668017251527        12.985471562698882     
   138.56775275705851        13.049008569706245     
   138.15803809761314        13.110765396893678     
   137.74341605478904        13.171258852178001     
   137.32180220818552        13.230553106830484     
   136.89560756413741        13.282165143579634     
   136.46403170062717        13.318625884815965     
   136.02939853440716        13.349297460651396     
   135.59423480928368        13.386118592330837     
   135.15468451940274        13.422683038925200     
   134.71244820345294        13.457981821785342     
   134.26806329583121        13.491907224848772     
   133.82120435651893        13.524548056571268     
   133.37134999393706        13.555865355823840     
   132.91933901827434        13.586163936145020     
   132.46634484706257        13.615697044873205     
   132.01191713548721        13.644324880310272     
   131.55579461480107        13.671986708931634     
   131.09779852217696        13.698641277777185     
   130.63898309992862        13.724769871381440     
   130.17952195426315        13.750459579326838     
   129.71926898094682        13.775654251751021     
   129.25804255236366        13.800351596822868     
   128.79613831472773        13.824987635412345     
   128.33400202919123        13.850100947831884     
   127.87154259546725        13.875647989290263     
   127.40867578876228        13.901582923165154     
   126.94530076850718        13.927912624949906     
   126.48146967385983        13.954965972409770     
   126.01717906707360        13.982729787515828     
   125.55241004054173        14.011129012799000     
   125.08715113510866        14.040096612199129     
   124.62145678176340        14.069758063469850     
   124.15538771403057        14.100302442678300     
   123.68896627726352        14.131824860815820     
   123.22221768160455        14.164414699295968     
   122.75514880254703        14.197850223458193     
   122.28772755445530        14.231227305926941     
   121.81996081282273        14.264407863877430     
   121.35186691229822        14.297327153080609     
   120.88347965739081        14.329925012969666     
   120.41482024753826        14.361603275623123     
   119.94593108161625        14.392131039055975     
   119.47686716357161        14.421468196223678     
   119.00770125904225        14.449593547688401     
   118.53848436127055        14.476826230933153     
   118.06925371251214        14.503574191896709     
   117.60010327784285        14.529799042407868     
   117.13113962740954        14.555448643308724     
   116.66248537417701        14.580492054879205     
   116.19423161843213        14.605032982477333     
   115.72633366946813        14.629051372580845     
   115.25884252052734        14.652489929411818     
   114.79199938683480        14.675042693516168     
   114.32656057265908        14.696643774749292     
   113.86259425997584        14.717322966915704     
   113.39974235017313        14.736994899306302     
   112.93822371312260        14.755323245704712     
   112.47867605083245        14.772192841597308     
   112.02203901406058        14.787791044177890     
   111.56785824728809        14.801943101323804     
   111.11586216852763        14.814285184845266     
   110.66556089887800        14.824518783739324     
   110.21802128572405        14.833217428742941     
   109.77329031160370        14.840320386331518     
   109.33084601198007        14.845561804095516     
   108.89080183249345        14.848372162002432     
   108.45404413882824        14.846602295422521     
   108.02257942912715        14.841170082718053     
   107.59668787974424        14.833052416902531     
   107.17636490701723        14.821711290621307     
   106.76149878417918        14.804435467663266     
   106.35226254447944        14.784238705946933     
   105.94783399350484        14.764787362301320     
   105.54583879421847        14.747590607516804     
   105.14458156455169        14.733869987578618     
   104.74421356535819        14.723654723333498     
   104.34587612853414        14.715080983125745     
   103.95211834323912        14.707965993423802     
   103.56327710864731        14.702853491160116     
   103.17894791656660        14.699023841364037     
   102.79887465486968        14.695413634397378     
   102.42329338216160        14.693004346935897     
   102.05500414310923        14.689892613237133     
   101.69369181093400        14.684262730098846     
   101.41100017226101        14.680799773281441     
>
   144.06100093487220        12.204999362088399     
   143.49406207715572        12.116813138462637     
   143.22056125421869        12.106046115876159     
   142.93057987372109        12.089126099698994     
   142.62481809006914        12.064935249303947     
   142.30131065808024        12.033242089748226     
   141.95903484811851        11.994336537668104     
   141.59677369786095        11.948267294474810     
   141.22098845218343        11.894698606909737     
   140.84328608977683        11.832882765071052     
   140.46115361782154        11.761641767764743     
   140.07557881552884        11.680259990724604     
   139.68637317978946        11.589274295389737     
   139.29181268064582        11.490096449728057     
   138.89642081976456        11.383851742817884     
   138.49822146576528        11.271741094164401     
   138.09530838811665        11.154842810308029     
   137.68679063747203        11.039132267927913     
   137.26510574410386        10.961222042071871     
   136.83687423515073        10.902845665781641     
   136.40671987989069        10.839979019375926     
   135.97375172897702        10.772828367655231     
   135.53703643418746        10.701473351750861     
   135.09702949695651        10.626066378432085     
   134.65640032757730        10.546634949672297     
   134.21512543478099        10.463652901554891     
   133.77239923993000        10.377641052701145     
   133.32748606523586        10.289018808205423     
   132.88140749441882        10.197977535965977     
   132.43502067231663        10.104577969507396     
   131.98794114425937        10.009040697574669     
   131.53986008600410        9.9117381427242677     
   131.09076718431078        9.8130083500459104     
   130.64246267252165        9.7127980344661360     
   130.19545591010234        9.6114526895257910     
   129.74981450607083        9.5095464189196246     
   129.30563070662959        9.4074722716841546     
   128.86330844701291        9.3054720360021985     
   128.42327286189300        9.2033807000333550     
   127.98532685379377        9.1011621674375291     
   127.54914899340108        8.9988914956837984     
   127.11456796633902        8.8965016487119968     
   126.68068537480977        8.7937135960836610     
   126.24696607624760        8.6903434183516701     
   125.81335793149456        8.5863246524136407     
   125.37982255237952        8.4815914081249648     
   124.94625164988214        8.3760164888586637     
   124.51193361044071        8.2690859514868080     
   124.07675785320386        8.1607992230516135     
   123.64078339282280        8.0512771976444952     
   123.20406752507547        7.9406407693568584     
   122.76667499419094        7.8290560959446669     
   122.32866252298929        7.7167162641795057     
   121.89015215147755        7.6039066070354133     
   121.45121779120922        7.4907583318438205     
   121.01191043542666        7.3773596741027241     
   120.57253718949944        7.2637633459278073     
   120.13342865006625        7.1500392481681319     
   119.69472920248735        7.0362383740660457     
   119.25650416394966        6.9224478132039851     
   118.81884807248670        6.8087449148821388     
   118.38207834670813        6.6948792965510053     
   117.94630556746534        6.5809500799063816     
   117.51146499052930        6.4670770131241175     
   117.07750504969987        6.3533546342377791     
   116.64452658554617        6.2397651815562130     
   116.21275018681325        6.1259196167473497     
   115.78088612554006        6.0117107967064829     
   115.34912691554048        5.8974320758165550     
   114.91837897602117        5.7833430039515372     
   114.48867095487107        5.6685148165513688     
   114.05887126047632        5.5509450261777928     
   113.62982729739231        5.4310834046874676     
   113.20248902961691        5.3093774321059408     
   112.77832437498049        5.1864166819879944     
   112.35770747491274        5.0621931329247216     
   111.94028366854842        4.9363716046152950     
   111.52665398859786        4.8091572159446665     
   111.11765438046093        4.6809046277781512     
   110.71342751062461        4.5515754519445437     
   110.31229633166923        4.4220720969460627     
   109.91329598269468        4.2926426535010975     
   109.51573490366141        4.1630734083580112     
   109.11946068780021        4.0333924364479827     
   108.72528407036860        3.9033860245193766     
   108.33461796525009        3.7734048227330543     
   107.94843181700705        3.6439851195703352     
   107.56683047691303        3.5153251584228182     
   107.18956585424968        3.3877005319822917     
   106.81660815521249        3.2612338532135015     
   106.44812525643076        3.1357417756271082     
   106.08456692976112        3.0112844597899260     
   105.72602943211049        2.8877289794971848     
   105.37271272574382        2.7649813696730958     
   105.02481047039046        2.6428714618572418     
   104.68287728918068        2.5212462763225809     
   104.34786543794348        2.4010660903070287     
   104.01984710935902        2.2822919426816006     
   103.69846706960423        2.1626829955718971     
   103.41040853541359        2.0515011114784740     
   103.31899713244879        2.0156998446459857     
>
   144.06100093487220        12.204999362088399     
   143.45688628461096        12.159835965143998     
   143.17255484077396        12.171419452565816     
   142.86600065651339        12.181642738219848     
   142.53951441703049        12.189102648504861     
   142.19058599429459        12.193146584510362     
   141.81743807327473        12.193868511312138     
   141.41998299143063        12.191498184979642     
   141.01759989972771        12.185895230856973     
   140.61255942984496        12.176248340728804     
   140.20014613925960        12.161302164100936     
   139.77914535747982        12.139614566243155     
   139.35162889983513        12.110522635004946     
   138.92938995629453        12.073817813754680     
   138.51193463725235        12.030487308745897     
   138.09453775990363        11.981720007370411     
   137.67265576905947        11.928796470264704     
   137.24362383808881        11.873440154428568     
   136.81023742799636        11.821622998794473     
   136.37257446104005        11.775831640124082     
   135.92754383000116        11.742326215112794     
   135.47609091521534        11.717151596210885     
   135.02055109259064        11.691487098407769     
   134.56250973630196        11.663076413969012     
   134.10220519678552        11.631902354161237     
   133.63946329487641        11.597878975317565     
   133.17444675058394        11.560999401944645     
   132.70962730376749        11.522044575495514     
   132.24548337417272        11.481140546681587     
   131.78147294374051        11.438053548728959     
   131.31736625640139        11.392757798537565     
   130.85414536178885        11.344773157488447     
   130.39341797943140        11.292854588327435     
   129.93533135947817        11.236014311843206     
   129.48002931433180        11.173455343764912     
   129.02709072002460        11.107077039130562     
   128.57609044188436        11.040919323241196     
   128.12708577568901        10.975457751053547     
   127.68015636256992        10.910510121993823     
   127.23536809267164        10.845929758870559     
   126.79252329556036        10.781686867879237     
   126.35124324614401        10.717847339164463     
   125.91153080921156        10.654353303990536     
   125.47338942250963        10.591146320663986     
   125.03678814631813        10.528167374533551     
   124.60075696311692        10.465387817710271     
   124.16483979851378        10.402800774700797     
   123.72904180912873        10.340392494518431     
   123.29336700566620        10.278145215472017     
   122.85768475375254        10.216030862630374     
   122.42118145334129        10.154005318244504     
   121.98371558386098        10.092082906258890     
   121.54528026981831        10.030283680195797     
   121.10586691684658        9.9686259747041674     
   120.66543828269013        9.9071298433062669     
   120.22389295382206        9.8457792431842783     
   119.78118853136664        9.7845758932115441     
   119.33728147053276        9.7235197933880571     
   118.89213624793804        9.6625966197693440     
   118.44623300220147        9.6016344850216448     
   117.99983414798588        9.5405503102669815     
   117.55293968529129        9.4793377929697780     
   117.10554961411773        9.4179218756609639     
   116.65783352996779        9.3564801752520843     
   116.21058154161902        9.2959867199677628     
   115.76406580401647        9.2360541903492610     
   115.31852867830078        9.1760488950928050     
   114.87426523772822        9.1152265620432278     
   114.43161982992410        9.0528348976364583     
   113.99064001038407        8.9886859717209227     
   113.55125817009018        8.9227711899299340     
   113.11345196368907        8.8550498722611675     
   112.67719503512288        8.7854859223745390     
   112.24190411337240        8.7144311363464642     
   111.80730818940806        8.6421238646130867     
   111.37321474941606        8.5696200683614485     
   110.93946909479607        8.4978788789139088     
   110.50581855116738        8.4273036585470127     
   110.07154921313719        8.3590890242303679     
   109.63641127111374        8.2936750075383880     
   109.20004376169615        8.2312896456671911     
   108.76182559865181        8.1719529921390439     
   108.32361717588971        8.1143672975840921     
   107.88771032452661        8.0579194971786077     
   107.45328800676936        8.0034644439291345     
   107.02000014541491        7.9518466776021954     
   106.58858413712507        7.9024491226696032     
   106.16280546042462        7.8521800989548680     
   105.74325769957287        7.8039777339496581     
   105.32876915591130        7.7593317178798635     
   104.91899834660359        7.7118358098163933     
   104.51436238491293        7.6613662508789426     
   104.11608052499346        7.6100441307660613     
   103.72379466823318        7.5590451588406449     
   103.33673418641908        7.5088317120304904     
   102.95441091952330        7.4597767858498516     
   102.57650515710505        7.4122659808841229     
   102.20349417299438        7.3658649951366773     
   101.83564496551644        7.3199521694171015     
   101.47210382758017        7.2751228068579650     
   101.11215570787718        7.2319756483385218     
   100.75612031684827        7.1909896865621725     
   100.61699413594835        7.1769997764677678     
>
   144.06100093487220        12.204999362088399     
   143.46059675918900        12.142336688652072     
   143.17772979543557        12.144572942864240     
   142.87341874088054        12.143573131539558     
   142.54972681648673        12.138025754321472     
   142.20424358887706        12.127361291177468     
   141.83534357683209        12.111721835636784     
   141.44254148511277        12.091306204048799     
   141.04386256545229        12.065883494428501     
   140.64265117240785        12.034746676876372     
   140.23429098515248        11.996745252171808     
   139.81794090166636        11.950514434884781     
   139.39541490627838        11.895587264425256     
   138.97671168519312        11.831680126692538     
   138.56258868859470        11.759794551884644     
   138.14763146546977        11.681505600936555     
   137.72769180149703        11.598321871680875     
   137.30041312133071        11.511702687581192     
   136.86787984537145        11.429361779218693     
   136.42986565529648        11.357420054548438     
   135.98265033624554        11.309617614073103     
   135.52881334414059        11.270905148764566     
   135.07024028303283        11.230011433190667     
   134.60959368772222        11.185784822215235     
   134.14744594303011        11.137598500027844     
   133.68386523093230        11.085317821550383     
   133.21877248325518        11.029365056666116     
   132.75469616267833        10.970644332750595     
   132.29231064050791        10.909404886437772     
   131.83103493755573        10.845748131254558     
   131.37046569154529        10.779932471159368     
   130.91106527940443        10.711809510087392     
   130.45447923587489        10.640479704325308     
   130.00086569730377        10.565744810481517     
   129.55025445749561        10.487725722647427     
   129.10193562176198        10.407633673568240     
   128.65553103796861        10.327467712935535     
   128.21107565654003        10.247693655423795     
   127.76865771297425        10.168214098210559     
   127.32835283769811        10.088965442982333     
   126.89009055690477        10.009874924101164     
   126.45347209197988        9.9307838322622146     
   126.01847796235901        9.8516360176031288     
   125.58512077311329        9.7723867894171246     
   125.15341083748271        9.6929943217863226     
   124.72269269176793        9.6134248102017530     
   124.29212867169571        9.5336564822678049     
   123.86170789106831        9.4536566793910666     
   123.43136274086777        9.3733165395934890     
   123.00106858390957        9.2925793400549370     
   122.57010406634971        9.2115161275400279     
   122.13809103605398        9.1301819059955616     
   121.70503808738898        9.0485818320415543     
   121.27095438767925        8.9667227811713541     
   120.83581128903579        8.8846104829627528     
   120.39932976102014        8.8022546776979986     
   119.96142500588101        8.7196851591816067     
   119.52206952164498        8.6369368778381084     
   119.08123466042309        8.5540476488809301     
   118.63907397490014        8.4709699168144006     
   118.19603952876395        8.3875346590936566     
   117.75224820540146        8.3037527619165061     
   117.30783751467963        8.2196225064096087     
   116.86298450055232        8.1351077962328784     
   116.41869012025970        8.0502212364574550     
   115.97541675072956        7.9648241713007764     
   115.53303146575719        7.8785974632798341     
   115.09141680899782        7.7910294610978168     
   114.65091082554116        7.7008298638359935     
   114.21203490696632        7.6081356084035923     
   113.77509787751623        7.5130801939631606     
   113.34035355748708        7.4156160650190284     
   112.90804488097726        7.3155994091686187     
   112.47814721080226        7.2130107458474386     
   112.05021020214764        7.1080380052070620     
   111.62409061556860        7.0005677416072114     
   111.19959822908244        6.8906457916702211     
   110.77661329451334        6.7794719289857062     
   110.35462931718448        6.6680906555851260     
   109.93311459227674        6.5569339816339864     
   109.51186514682078        6.4454661916087481     
   109.09041631205768        6.3335085226823065     
   108.66850223557786        6.2221914205529956     
   108.24772490733194        6.1121250852556477     
   107.82862863721020        6.0042537512103662     
   107.41050467643970        5.9000648168119172     
   106.99362689883893        5.7994545767022716     
   106.57869660472964        5.7016019823838500     
   106.16897048612869        5.6056922878946507     
   105.76475221065905        5.5115020397007921     
   105.36503451854495        5.4191561425981361     
   104.96936420018301        5.3289319081518078     
   104.57750405105266        5.2410086721466946     
   104.19069910840808        5.1550455247041791     
   103.80926850973226        5.0706952534100749     
   103.43263528654158        4.9879120216420461     
   103.06050551149532        4.9067748975736212     
   102.69293189670914        4.8275365555854215     
   102.33052292334457        4.7505699911916963     
   101.97372320663823        4.6755887255028554     
   101.62212250882021        4.6025635376721574     
   101.27638889866108        4.5313672310726236     
   101.02549412490185        4.4794996551539583     
>
   144.06100093487220        12.204999362088399     
   143.54820429545777        12.268801075589746     
   143.28915289475404        12.333218145745942     
   143.02095479606336        12.404330800509713     
   142.74220166916450        12.480899732204684     
   142.45126688692235        12.563048126753372     
   142.14695640532508        12.651067046707610     
   141.82747514765052        12.744588653173157     
   141.49156547157332        12.842862371459281     
   141.15006773827571        12.944215164850755     
   140.81188227389958        13.044305732254680     
   140.47529478876962        13.142459129407175     
   140.13535263584248        13.239793196935430     
   139.78830981715794        13.337233834610617     
   139.43241422782714        13.435284672320636     
   139.07111507368083        13.531024198349415     
   138.70502541954278        13.618506829822337     
   138.33667659288136        13.704515240929405     
   137.96274601153510        13.785336665261498     
   137.58125525229246        13.859714033451077     
   137.19226390276251        13.928250670039626     
   136.79978209444175        13.995557739234039     
   136.40366028534982        14.062429933474052     
   136.00336677066764        14.129186390242664     
   135.59799685006183        14.195975505604693     
   135.18710304350688        14.262841397309133     
   134.77295655563952        14.329738228733650     
   134.35540383377489        14.396657978469332     
   133.93374873421126        14.463578874120572     
   133.50736501409602        14.530504353434049     
   133.07620225314457        14.597460199509822     
   132.64205552807914        14.664622883343878     
   132.20492713073077        14.731930525496070     
   131.76456324080337        14.799228427366019     
   131.32047627122680        14.866351004155534     
   130.87327470316259        14.933238095297801     
   130.42387870680406        14.999867355439440     
   129.97193419424374        15.066107577249005     
   129.51726011082337        15.131888286919663     
   129.05969774723812        15.197132135151225     
   128.60021253734590        15.261947410963957     
   128.13893282368929        15.326275672664378     
   127.67566322766555        15.390016079683353     
   127.21021696503870        15.453070656240639     
   126.74305985048315        15.515486957831916     
   126.27482500234500        15.577314831783966     
   125.80533537667041        15.638429373300928     
   125.33443913964791        15.698720001531418     
   124.86218843043541        15.758200467462142     
   124.38933038597698        15.817258090551821     
   123.91581515894582        15.875675146844372     
   123.44152586595500        15.933247090412621     
   122.96641552446658        15.989859329700733     
   122.49086858915042        16.045384668081727     
   122.01506038508697        16.099752058790990     
   121.53898575565619        16.152892173937229     
   121.06263324170250        16.204698443373520     
   120.58629390577772        16.255257383724526     
   120.11039861213183        16.304775259790745     
   119.63498689485156        16.353187327343136     
   119.16011776858818        16.400440301308230     
   118.68592244067314        16.446546213799394     
   118.21264269928922        16.491572673834572     
   117.74046991233470        16.535524265075992     
   117.26957596714333        16.578382079916945     
   116.80010868682214        16.620111167932901     
   116.33217922518024        16.660713820954971     
   115.86595717772038        16.700174569123131     
   115.40167401938527        16.738485963986236     
   114.93954117159542        16.775658318784320     
   114.47965088055334        16.811645223937262     
   114.02201345949901        16.846376205638229     
   113.56685981041744        16.879896527551775     
   113.11419852767536        16.912106495024322     
   112.66462835215198        16.943155650036235     
   112.21718786069384        16.972775848346856     
   111.77181116315633        17.000918388544953     
   111.32840945108367        17.027638274577331     
   110.88737921125906        17.053032909266452     
   110.44837781493055        17.077050153454405     
   110.01015736005509        17.099467126565084     
   109.57325585398732        17.120416181845492     
   109.13848288606921        17.140047434233772     
   108.70576798249394        17.158452556974591     
   108.27428436518616        17.175572535416691     
   107.84372664764953        17.191611342529466     
   107.41488264683046        17.206640598035321     
   106.98756729736625        17.220582379676273     
   106.56169465559005        17.232823622628601     
   106.13749906123351        17.242965548277983     
   105.71647364226922        17.250679278859177     
   105.29969326749091        17.256078832970232     
   104.88728971718783        17.259178534555634     
   104.47878170682543        17.260145114329120     
   104.07454051304462        17.259728574023651     
   103.67523477757376        17.260429301387600     
   103.28101289647759        17.260999967335671     
   102.89154541903314        17.260698591543818     
   102.50631668323909        17.259695915430239     
   102.12510323556161        17.258723033121179     
   101.74820014925693        17.258178723230955     
   101.37577587391218        17.257900265750269     
   101.00781379375169        17.256874098367742     
   100.64249018416439        17.255647968720286     
   100.27961596908311        17.254251097654628     
   99.921036645514590        17.252737343202014     
   99.568362224818401        17.250499943074292     
   99.220877655686081        17.246787749622939     
   99.014332678824800        17.244367575963654     
   99.002995563248021        17.244300539903488     
>
   144.06100093487220        12.204999362088399     
   143.54598752181010        12.303114371069688     
   143.28634425572045        12.384082472593253     
   143.01761559812627        12.474615531282561     
   142.73830498330824        12.573371107060982     
   142.44676286582018        12.680450040497647     
   142.14176884559234        12.796126778368791     
   141.82153128364925        12.919963580931114     
   141.48651026508756        13.046956234941199     
   141.14901177708870        13.171253122600207     
   140.81536471128149        13.293179110968943     
   140.48312941344221        13.414024500966130     
   140.14758356555481        13.534666490951707     
   139.80503388177462        13.655810964909630     
   139.45365148087049        13.777867014694241     
   139.09628453596272        13.897644411391026     
   138.73361200201973        14.009244554663253     
   138.36665145205728        14.116816804747801     
   137.99292140593374        14.218073341232371     
   137.61018217169027        14.311641930235812     
   137.21822404677971        14.397983229812590     
   136.82237611150620        14.483001569877228     
   136.42288874841933        14.567867503172598     
   136.01936890848253        14.652919647746209     
   135.61155704182184        14.738925767022161     
   135.19928297997686        14.826142546085538     
   134.78463171630602        14.914184957308724     
   134.36737693248654        15.002758500393215     
   133.94673940593876        15.091582426027211     
   133.52194564366076        15.180401195041192     
   133.09285011437663        15.269056671088105     
   132.66109090437703        15.357578647972469     
   132.22644799787480        15.445861128505133     
   131.78838396047306        15.533733371267898     
   131.34654871496869        15.621057866393764     
   130.90124249123804        15.707783620640376     
   130.45360490230382        15.793996577674619     
   130.00329561124533        15.879589021433997     
   129.55000751269282        15.964454381771590     
   129.09364836044384        16.048508433893854     
   128.63511196863396        16.131927075839002     
   128.17457366234362        16.214719474931499     
   127.71185353283010        16.296707441302015     
   127.24677052543522        16.377754610999109     
   126.77978128750902        16.458009380087585     
   126.31170915938014        16.537708953088032     
   125.84240689089934        16.616707225766753     
   125.37168597895729        16.694808246563266     
   124.89955329904728        16.771956438572989     
   124.42694219939169        16.848688090277246     
   123.95387617125944        16.924896631529109     
   123.48022629915015        17.000385537810310     
   123.00591924446817        17.075001256436028     
   122.53107819313598        17.148374229638694     
   122.05577648374931        17.220271836559956     
   121.57999005208146        17.290590944799550     
   121.10368509362344        17.359197482237160     
   120.62714636839154        17.426201456766382     
   120.15096631472937        17.491971853197018     
   119.67518274785043        17.556419863073288     
   119.19984780691257        17.619418289768220     
   118.72510816910729        17.680854260599300     
   118.25128812853761        17.740834345713477     
   117.77853894605721        17.799312135530620     
   117.30699469378646        17.856220021032794     
   116.83680434074793        17.911450859115284     
   116.36813289878202        17.964971418226906     
   115.90117517353366        18.016808054425496     
   115.43609617684325        18.066918941793176     
   114.97288273068187        18.115151100602901     
   114.51182704351690        18.161632300439432     
   114.05265294969881        18.206333893413809     
   113.59513126611587        18.249132693603507     
   113.13994553139867        18.290157616508839     
   112.68641106100111        18.329336469449636     
   112.23440237716949        18.366649198903620     
   111.78337345114031        18.402217271919977     
   111.33386801984597        18.436087098078826     
   110.88630319654975        18.468260969211286     
   110.44005445727232        18.498640909537105     
   109.99496595749775        18.527467561323554     
   109.55159232035626        18.554797647390767     
   109.11041941404464        18.580656950838804     
   108.67111664192429        18.604894210813963     
   108.23318896847400        18.628029672979750     
   107.79703918301249        18.650352681014645     
   107.36293542978049        18.672094709861447     
   106.93060268904395        18.692913703725985     
   106.49972697993988        18.712369058076050     
   106.07113794533252        18.730598282778658     
   105.64578898696651        18.747283386266361     
   105.22411268796505        18.760985671555609     
   104.80595434972780        18.771986460915997     
   104.39111458294761        18.781009400022633     
   103.98104755446805        18.788713390321576     
   103.57684016519623        18.795568830149545     
   103.17733561337597        18.801203869907848     
   102.78250066745608        18.805470113531676     
   102.39236053757887        18.808595598217138     
   102.00726243615847        18.811307980343809     
   101.62731121446853        18.813735602454223     
   101.25235675757087        18.815657302845619     
   100.88138378428077        18.817003180668927     
   100.51477216560586        18.818848104717908     
   100.15270983169768        18.819756242797919     
   99.795684369626329        18.819735043360090     
   99.443841883625524        18.818377706381195     
   99.097115910592819        18.815182320846670     
   98.943799284375785        18.813800346683273     
>
   144.06100093487220        12.204999362088399     
   143.62636547682109        12.096639868015249     
   143.38664910933377        12.076779432515297     
   143.14109602094993        12.048153888909342     
   142.88873218344483        12.010379928443117     
   142.62809827335499        11.963901593395480     
   142.35775502073903        11.908985309133762     
   142.07556643899622        11.845572061006703     
   141.77997293705147        11.773273956597791     
   141.47159445522198        11.691654402079291     
   141.16043712816347        11.600975239156291     
   140.84843239654947        11.502603545089924     
   140.53211443877379        11.397892073196859     
   140.20967901078973        11.287406332805146     
   139.88014234409044        11.171565156051377     
   139.54323915922413        11.053619505374652     
   139.19983462243738        10.937727335378534     
   138.85237297161623        10.828877389446403     
   138.49982975825148        10.725162291131340     
   138.14172656259748        10.624969164284943     
   137.77702804994726        10.527158968842182     
   137.40501687716127        10.432152828770759     
   137.02834526579937        10.336215632308161     
   136.64898247174870        10.236452796753928     
   136.26613437552714        10.133230442128971     
   135.87894956187498        10.026950784794268     
   135.48667459131249        9.9180968281576813     
   135.08979017541645        9.8071235006958819     
   134.69048845065004        9.6944146841209271     
   134.28876540630878        9.5805662545231662     
   133.88422570152503        9.4660285567170472     
   133.47684240728319        9.3516570166668913     
   133.06688023007720        9.2378269217180655     
   132.65559623927464        9.1240753219849893     
   132.24251487991876        9.0101907960471408     
   131.82705861056817        8.8958089427569611     
   131.40875760584390        8.7808300674608670     
   130.98770984152625        8.6650433216961176     
   130.56482918527294        8.5480384676928178     
   130.14000734806376        8.4298968654556123     
   129.71300884425142        8.3106288282245266     
   129.28357183213092        8.1903225914975533     
   128.85201774101625        8.0689030978056184     
   128.41908855123160        7.9460609499479657     
   127.98456940360967        7.8219623056805538     
   127.54826663842114        7.6968054083949848     
   127.11021807087943        7.5707965228917651     
   126.67113989820852        7.4438176198683825     
   126.23144579592496        7.3161385624388338     
   125.79100971331739        7.1879278001901978     
   125.34970445375878        7.0593188322850287     
   124.90758616711150        6.9304188018280319     
   124.46570623090037        6.8012277088192077     
   124.02419527949904        6.6719833307369205     
   123.58296335853615        6.5428306258993016     
   123.14196176660052        6.4138595486776877     
   122.70120138988990        6.2850723909031903     
   122.26068108248879        6.1564135756712313     
   121.82034526749254        6.0279381069286115     
   121.38020253926791        5.8997216151021847     
   120.94033941443953        5.7718087908987270     
   120.50100914034579        5.6441469222025544     
   120.06237730178485        5.5167497600003648     
   119.62451437256357        5.3896556924633643     
   119.18767302706263        5.2628607088871000     
   118.75212083656483        5.1363201185647958     
   118.31773690697878        5.0098855254316392     
   117.88476761014957        4.8835953176588394     
   117.45338655228426        4.7575526276466471     
   117.02360519253843        4.6318726199086804     
   116.59592601488443        4.5064979986670206     
   116.17025620016206        4.3814138670194085     
   115.74626744356382        4.2568305004708051     
   115.32448342849989        4.1328756686059700     
   114.90593089531055        4.0094903567736466     
   114.48987359324958        3.8867226934272865     
   114.07583310257137        3.7645686678624353     
   113.66422481766578        3.6431445905082684     
   113.25551741799622        3.5225020275649124     
   112.85065170023613        3.4025750888877604     
   112.44909252181969        3.2833889846190973     
   112.05026577905221        3.1650961215281868     
   111.65480057957522        3.0478363013131493     
   111.26354547385971        2.9316290045384785     
   110.87731749969876        2.8164152165529175     
   110.49609087399234        2.7021548303119234     
   110.11735374983651        2.5887011686240240     
   109.74054290973427        2.4757350940062133     
   109.36533635141377        2.3628664222108640     
   108.99276310704641        2.2501896912715420     
   108.62306038115277        2.1378389733085776     
   108.25233148787663        2.0252516237828089     
   107.88075977370727        1.9123285209984371     
   107.51041877284761        1.7993269229983162     
   107.14225615746444        1.6863092821803785     
   106.77568579174964        1.5731208999442430     
   106.40936065196431        1.4593114314754687     
   106.04388005194551        1.3446946654958205     
   105.68106141376880        1.2299002826046241     
   105.32132929914857        1.1155717143879069     
   104.96448947539770        1.0022332172136246     
   104.61017066587523       0.89014376799796913     
   104.25895155793815       0.77920367208736263     
   103.91199410996268       0.66961862132453298     
   103.56946734449366       0.56150893684310943     
   103.23131568462649       0.45472507666272410     
   102.89764111684592       0.34904759795394857     
   102.56883267948396       0.24445587423673207     
   102.24552234497109       0.14099345030229279     
   101.92792096177001        3.8943367293549004E-002
   101.61574434282230       -6.1043494752343039E-002
   101.30877877487629      -0.15851220735870900     
   101.00877464394739      -0.25391254238221056     
   100.72073329849015      -0.34730236855854552     
   100.47525755940646      -0.42911271801751494     
   100.39700012113623      -0.45679975678115958     
>
   144.06100093487220        12.204999362088399     
   143.60012572940767        12.118024944165619     
   143.35458123539050        12.108588329542412     
   143.10270727678665        12.092341538755790     
   142.84294999209894        12.068783806706746     
   142.57386610068164        12.038299588065110     
   142.29412347569814        12.001143276084846     
   142.00169613844116        11.957200279210111     
   141.69499241220026        11.906034576570947     
   141.37606062103595        11.847059459401470     
   141.05692199211333        11.780251436432728     
   140.73701846455549        11.706866431116703     
   140.41248314631071        11.628355745508069     
   140.08116629979148        11.545428128379685     
   139.74197701338622        11.458372923410041     
   139.39416127465751        11.367592919917900     
   139.04057355926130        11.280635690728495     
   138.68152555622942        11.201651169036477     
   138.31596187733263        11.131196842760991     
   137.94358916818800        11.068672252149449     
   137.56381040678957        11.013753676056615     
   137.17720829119884        10.964216892383680     
   136.78794077601930        10.911843967703769     
   136.39583024433944        10.856126688466748     
   135.99998918455930        10.797259860317535     
   135.59950029127441        10.735479541861158     
   135.19397624502602        10.671068201282756     
   134.78566991580192        10.604251010989545     
   134.37466037177558        10.535380912973512     
   133.96061415151954        10.464861842468977     
   133.54316284318179        10.393104610203620     
   133.12221993013773        10.320277092806739     
   132.69955470600939        10.246735670016996     
   132.27480448852262        10.172287255062798     
   131.84736538017810        10.096927837239692     
   131.41682084067040        10.020522771469572     
   130.98318920464845        9.9429683523944021     
   130.54751440118591        9.8640692014114801     
   130.10972137281371        9.7838579771142218     
   129.66956489360234        9.7023828079560754     
   129.22683927170914        9.6198339159197364     
   128.78215757195781        9.5361184818449711     
   128.33614947494763        9.4511230600915024     
   127.88876398743626        9.3650590720798501     
   127.43984698378117        9.2780296502102662     
   126.98933085496435        9.1900685989917275     
   126.53801430413002        9.1009879882726565     
   126.08590936339151        9.0108479786198696     
   125.63287050147292        8.9197373784891401     
   125.17877797019842        8.8277329642228786     
   124.72395148000878        8.7348312980744112     
   124.26896799938764        8.6409825327169472     
   123.81377481621932        8.5462915194240789     
   123.35833182345930        8.4509908790541548     
   122.90265277209421        8.3552049434452620     
   122.44737192638567        8.2589996027420014     
   121.99263252577848        8.1624453307512184     
   121.53841852745479        8.0656223415619959     
   121.08473566099239        7.9685993901078360     
   120.63168935062271        7.8714503879422582     
   120.17949044480841        7.7742274742231618     
   119.72831541454553        7.6769266382460994     
   119.27824103617645        7.5796126242401121     
   118.82935096153699        7.4822630868518178     
   118.38149564864669        7.3848917770679137     
   117.93483380681047        7.2874975489728415     
   117.48970290816023        7.1900506087620846     
   117.04644042482792        7.0925280381244757     
   116.60484696750639        6.9949825491756981     
   116.16461428491041        6.8974364872691423     
   115.72616006326102        6.7998537560647181     
   115.28982635835241        6.7022091454201416     
   114.85583776963402        6.6044316085707946     
   114.42411121822788        6.5064804655143531     
   113.99441923989561        6.4084657241444223     
   113.56703971916012        6.3103638931920552     
   113.14253587351838        6.2120615270169726     
   112.72128413623130        6.1134016351876763     
   112.30293443009582        6.0144443782709835     
   111.88773484583028        5.9154315444497092     
   111.47614947923589        5.8164043866839545     
   111.06881603232083        5.7173714993404081     
   110.66647877724026        5.6182836080500600     
   110.26809149308941        5.5192765038065783     
   109.87254951727002        5.4204344114035017     
   109.47886335169741        5.3217831139408940     
   109.08751370794832        5.2233346435321186     
   108.69982182666156        5.1250632170771118     
   108.31264560737606        5.0269172683757466     
   107.92485403143571        4.9290039405327324     
   107.53804106738222        4.8313220876325085     
   107.15325293612038        4.7335663231787697     
   106.77061969906606        4.6349431006473418     
   106.38846889246183        4.5348341985944840     
   106.00584940639420        4.4335094801341910     
   105.62460673786997        4.3318616134864358     
   105.24552412017324        4.2308949936381337     
   104.86869551837988        4.1317308989631547     
   104.49291141861796        4.0348156635714831     
   104.11823771103211        3.9401023049252264     
   103.74634571346419        3.8475002956952737     
   103.37781869693343        3.7570892770129309     
   103.01206880675842        3.6690262393096957     
   102.64810482598114        3.5834836428771033     
   102.28590670107928        3.5001171400898627     
   101.92733482596191        3.4181526649882921     
   101.57274156966322        3.3377907527951067     
   101.22156887130627        3.2593631460644565     
   100.87287192351317        3.1832285163661123     
   100.52560049467471        3.1097684535810113     
   100.18044729074589        3.0391078625050176     
   99.839319688173646        2.9714942608987394     
   99.503376780545253        2.9075831124615661     
   99.173922046808386        2.8479370617326594     
   98.924000728315974        2.8009997875038959     
>
   144.06100093487220        12.204999362088399     
   143.43922486106754        12.168759209597054     
   143.14758648667254        12.185598438727354     
   142.82802100420443        12.202650808151510     
   142.48382865047131        12.218402563416916     
   142.11238126814007        12.231927804752402     
   141.71068515281442        12.242942345099486     
   141.28309879432067        12.251713182783279     
   140.85453898056005        12.258627064304726     
   140.42273966351596        12.263091551320150     
   139.98210018089674        12.264076465742571     
   139.52834855950084        12.260289214822148     
   139.06485837473213        12.249979985501239     
   138.60277823905798        12.231226504430673     
   138.14288622914256        12.204163989646345     
   137.68450568184861        12.169588852461313     
   137.22645172048883        12.127414003293152     
   136.77377955154893        12.077803881024481     
   136.32526877495926        12.020213029849518     
   135.87764035334953        11.956629040304261     
   135.42981655313713        11.888303825136235     
   134.98143526500556        11.814889598973469     
   134.53257097346611        11.734898963421195     
   134.08336519909031        11.647659266046652     
   133.63397951597182        11.552356906803391     
   133.18435892016387        11.447975458591136     
   132.73167701094175        11.333984362506360     
   132.27517118150129        11.209427924973379     
   131.81546137215963        11.074547361217233     
   131.35362818128831        10.931698673625933     
   130.89124380503344        10.787395246233277     
   130.42809510310110        10.645337240377255     
   129.96631863504996        10.506811519229917     
   129.50796902747609        10.367878998059362     
   129.05438642862504        10.225125994417187     
   128.60586419287981        10.081418443114885     
   128.16476233333279        9.9371791869934984     
   127.73185491594373        9.7909964580851110     
   127.30845229515357        9.6400627632717057     
   126.89908656699575        9.4818891739604965     
   126.49975504842482        9.3182186277157673     
   126.10616456680133        9.1450043237431249     
   125.71839820100328        8.9581662296969782     
   125.33549166308826        8.7599119519005342     
   124.95250147333751        8.5648708213297695     
   124.72989534401007        8.4696595623733995     
   124.69419549070450        8.4547993294124115     
>
   144.06100093487220        12.204999362088399     
   143.43919334838967        12.213168594104044     
   143.14643369562083        12.254925757051181     
   142.82556588012062        12.301994238611375     
   142.47990904630390        12.352437441490984     
   142.10671987232394        12.405120336329436     
   141.70288948927080        12.459616069581230     
   141.27319464614962        12.516256956758301     
   140.84261171847072        12.575925925798375     
   140.40856296918551        12.637667283125767     
   139.96553654445822        12.699891643861015     
   139.50942376405433        12.760812525648610     
   139.04437513412620        12.818837678820199     
   138.58158281193252        12.872928903879890     
   138.12126222959827        12.923434559157428     
   137.66222106198492        12.970605027202321     
   137.20382733666207        13.013366012178590     
   136.75194470354188        13.050683898252588     
   136.30548740763282        13.082171938923358     
   135.86262714066152        13.107590637839202     
   135.42175561014173        13.126595074417049     
   134.98140948190547        13.141239302295284     
   134.54052935701904        13.154870540819919     
   134.09908544167786        13.167398262661839     
   133.65709034095312        13.178732513449713     
   133.21443519286674        13.188866990647968     
   132.76741926312297        13.198346004146835     
   132.31455572628479        13.206875053647810     
   131.85617059532865        13.213779767844791     
   131.39308663762537        13.218351397964923     
   130.92547688642429        13.219947085379959     
   130.45183331685061        13.218698610379111     
   129.97411372563576        13.215966747687945     
   129.49469474164786        13.212025944082699     
   129.01626983940687        13.206834946603268     
   128.53765070447872        13.201602123205953     
   128.05705200042345        13.196796153354136     
   127.57456540048580        13.192001642657898     
   127.09281161354772        13.186405564028583     
   126.61182157932929        13.180216474097808     
   126.12957390278555        13.173364472016511     
   125.64611270166549        13.165367700292400     
   125.16077277198747        13.156341323439090     
   124.67501859383513        13.148407577070691     
   124.24600614342896        13.145013375186789     
   124.00186081230854        13.146915595013690     
   123.87110325273142        13.150316672390941     
   123.77858203054832        13.154490096854540     
   123.73399732096091        13.156199802867633     
>
   144.06100093487220        12.204999362088399     
   143.47963614619135        12.028576494552309     
   143.19794374588525        11.966737734402455     
   142.89076045398318        11.888425865143201     
   142.56178815069637        11.793197990411235     
   142.20892465393305        11.680702314130137     
   141.82995147117217        11.551036239122366     
   141.42470301761557        11.404436396950731     
   141.01427273390399        11.239926467559492     
   140.60347976791820        11.061717690625681     
   140.18887949748969        10.878651377639919     
   139.76554333980192        10.690107015327353     
   139.33275452467319        10.494603507828785     
   138.90048710112345        10.289167777228014     
   138.47414807171498        10.072595466273187     
   138.04854701192608        9.8440993309757037     
   137.61686744305786        9.6025666873283839     
   137.17799897293409        9.3484495990190020     
   136.74118856715322        9.0917106559120633     
   136.30728191139724        8.8343615127702915     
   135.87601200734110        8.5774226073984146     
   135.44689470566135        8.3219739652102049     
   135.01948481816356        8.0665493872487204     
   134.59368436906752        7.8082829387024688     
   134.16877544227592        7.5477154917150040     
   133.74438103156999        7.2862330311541763     
   133.32038253468951        7.0243013716944667     
   132.89764168013431        6.7616552338841114     
   132.47702764485550        6.4979147467155105     
   132.05859543279979        6.2331526758266174     
   131.64226941354039        5.9672544296615984     
   131.22703258701924        5.7000028572221400     
   130.81347624566442        5.4315778672509056     
   130.40242086501576        5.1623581848399400     
   129.99422626255858        4.8923976680204868     
   129.58916631211133        4.6212763387403992     
   129.18756473481923        4.3487455333235134     
   128.78982374704333        4.0762599915711828     
   128.39695862996828        3.8061654026313985     
   128.00931143938828        3.5383397264971945     
   127.62654413021363        3.2724414803321746     
   127.24807572325621        3.0087061497835856     
   126.87366844103769        2.7492032583498491     
   126.50364543174548        2.4972072597390182     
   126.13972270392829        2.2557152960940199     
   125.78186702603489        2.0247376806548787     
   125.42904478223167        1.8030242195474087     
   125.08116315335836        1.5900483645725383     
   124.83989349733170        1.4439000131309017     
>
   144.06100093487220        12.204999362088399     
   143.43718054771139        12.226029204415671     
   143.14400435463708        12.274822861849000     
   142.82281797461167        12.330294342198751     
   142.47691247711873        12.390410791264371     
   142.10347922312485        12.453990197147396     
   141.69941335442445        12.520581069117824     
   141.26968585270990        12.590548381281002     
   140.83913271883551        12.664880485806027     
   140.40500375546119        12.742487616996879     
   139.96184784227580        12.821624545458166     
   139.50566687989618        12.900364414178471     
   139.04131611254311        12.976441748098896     
   138.58088552231527        13.046957380856755     
   138.12401815651614        13.112692253905079     
   137.66877856376772        13.174851870411281     
   137.21393431188693        13.233364610652956     
   136.76503163217629        13.287422031203672     
   136.32114519782246        13.336970274032192     
   135.88050399632991        13.382075802240895     
   135.44142066703898        13.422313481157627     
   135.00245364817724        13.459284727775215     
   134.56261573349113        13.496557350184654     
   134.12184275170938        13.534196665572775     
   133.68010490902748        13.572284033944220     
   133.23727844656511        13.611056659819569     
   132.78991816919608        13.651420389447720     
   132.33659569317680        13.692404059392954     
   131.87787595487757        13.732964886497149     
   131.41494211211244        13.771625212647779     
   130.94867365507247        13.806140762223771     
   130.47736030478671        13.835374786991220     
   130.00175721960818        13.864062782995106     
   129.52432697207186        13.892756508576783     
   129.04774985866874        13.921374030773826     
   128.57038722015034        13.950646443712479     
   128.09080780798428        13.981404536172567     
   127.60881108694780        14.013877491265760     
   127.12602311121830        14.047731847564570     
   126.64160163286030        14.082957291828976     
   126.15149526741725        14.119934840982134     
   125.65419770888759        14.158869613908998     
   125.14760047264399        14.200187318239495     
   124.63295317960278        14.245768401404924     
   124.11598769938701        14.298836323870987     
   123.59388450676524        14.360413815273530     
   123.05646787157916        14.428113360546689     
   122.50864804199637        14.496631662486301     
   121.96137366821938        14.564683003835878     
   121.53215380709716        14.619376980479275     
   121.27689997055387        14.649583887555785     
   121.12816184995032        14.661202325402131     
   121.07799939638249        14.659999114065839     
>
   144.06100093487220        12.204999362088399     
   143.44536524958710        12.183385675784134     
   143.15397668478383        12.208678896946337     
   142.83448396795367        12.235976324420134     
   142.49028244689609        12.263606640363639     
   142.11878063357580        12.290561439085481     
   141.71692409007198        12.316492935213699     
   141.28872122900782        12.341670418904508     
   140.85933635604519        12.366673150472661     
   140.42677672402809        12.390814153540918     
   139.98543422221383        12.412875892828506     
   139.53104260697859        12.431405920365188     
   139.06689352076378        12.444696821968984     
   138.60431949548399        12.451123116420343     
   138.14396797342965        12.450794811612871     
   137.68491248187183        12.444634369571054     
   137.22600595933662        12.432483653947838     
   136.77276541627978        12.414018943597986     
   136.32445746674392        12.388281107199132     
   135.87850437368056        12.355554331809762     
   135.43330815784350        12.316761652412138     
   134.98818126989769        12.272549938338965     
   134.54256049234624        12.223635959772007     
   134.09649051589594        12.169591717250212     
   133.65004868984690        12.109908424265658     
   133.20314849757455        12.044003382756914     
   132.75262205551769        11.971824453566077     
   132.29738647347369        11.893167663723752     
   131.83758670976073        11.807658298842352     
   131.37341241340366        11.714953730169924     
   130.90385918941558        11.615692232672483     
   130.42657275428181        11.511684925890037     
   129.94171525505388        11.403097967578550     
   129.44957488949470        11.290176010709736     
   128.95069539453669        11.173921731397172     
   128.44672001309067        11.059106722025925     
   127.93797303925952        10.946753712231844     
   127.42455817840136        10.836688522850054     
   126.90726840408253        10.728865317258226     
   126.38856743475358        10.624067901698281     
   125.86795565123107        10.525028138861385     
   125.34668954992470        10.434237249171442     
   124.82847788653918        10.350478843263238     
   124.31788541570130        10.268693703946552     
   123.81243753276271        10.191111782897980     
   123.31083305060690        10.122297261786526     
   122.81087295727740        10.066204695204139     
   122.31611646649846        10.018528305440222     
   121.82816957892513        9.9812694340174826     
   121.34761155487223        9.9573748027942770     
   120.87275388776443        9.9468667571239902     
   120.40667221496044        9.9320546526164524     
   119.94857184402052        9.9048156668361305     
   119.49283091321531        9.8633615985541852     
   119.09148143734605        9.8189126799604303     
   118.86740108765277        9.7940371450192565     
   118.72999950966819        9.7761001287840337     
>
   144.06100093487220        12.204999362088399     
   143.46388152613707        12.121156731386654     
   143.18189691736362        12.112109728053294     
   142.87854671300425        12.097633949762139     
   142.55596288895541        12.076510142359078     
   142.21178199437784        12.048214049476158     
   141.84441521734993        12.012900369713758     
   141.45323860685019        11.970753595476774     
   141.05573367767929        11.921492977453410     
   140.65579482386241        11.864559308851174     
   140.24870660287684        11.798986582854360     
   139.83351561297800        11.723472466430874     
   139.41192984130566        11.637500724621669     
   138.99350450474333        11.540558560214377     
   138.57957058421204        11.433611407066923     
   138.16469815883841        11.318543723315056     
   137.74482896867249        11.197128240327576     
   137.31827164235017        11.073375089601017     
   136.88719367915004        10.957139144937383     
   136.45172800527692        10.851619229617885     
   136.00894164985911        10.766053141916347     
   135.56003037578179        10.688489555516709     
   135.10680759441610        10.607887001056266     
   134.65194729971748        10.523580847511161     
   134.19578753677570        10.436038055471425     
   133.73791520303189        10.345757671162737     
   133.27821627988803        10.253075447843699     
   132.81926506664604        10.158350630041857     
   132.36306920736413        10.061817557488904     
   131.90938003836618        9.9638125564012174     
   131.45700981817589        9.8646415862328887     
   131.00570873720162        9.7646736317937108     
   130.55603542927796        9.6638777533636073     
   130.10812110173646        9.5625719425100257     
   129.66197950556372        9.4612191491185520     
   129.21772580527340        9.3604811394241469     
   128.77597994118258        9.2601281573573537     
   128.33710975218554        9.1597597054305240     
   127.90086772052159        9.0595046991439716     
   127.46707966702591        8.9595229937180925     
   127.03564933479161        8.8599566826821228     
   126.60666839706327        8.7602666127658502     
   126.18045656428181        8.6601892233908462     
   125.75754095760398        8.5593486542539665     
   125.33828941592404        8.4576463566171896     
   124.92291393362031        8.3550061270958835     
   124.51069602163768        8.2510904935581060     
   124.10211868338399        8.1455883399297644     
   123.69801499947020        8.0383965338105963     
   123.29910059416251        7.9294342881537423     
   122.90616844102729        7.8190155838221971     
   122.51640245257990        7.7074246078744340     
   122.12655625004339        7.5929350385217651     
   121.73147722410955        7.4732447314074175     
   121.33011800795806        7.3503836759430499     
   120.92121408377027        7.2296018842593508     
   120.50350322555856        7.1113451175085283     
   120.08460978249062        6.9969059684404291     
   119.66772627531208        6.8885269938027873     
   119.25125587069233        6.7876033457879252     
   118.83229997522646        6.6940427781933929     
   118.41429920037847        6.6006821728637952     
   117.99865442791854        6.5029344298189660     
   117.58455778737793        6.4004764008714412     
   117.17120026237251        6.2954125599441753     
   116.76095103331916        6.1901264113985830     
   116.36587200738533        6.0843165794428167     
   116.21469595143134        6.0443000622288494     
>
   144.06100093487220        12.204999362088399     
   144.10085587799242        11.762525268660246     
   144.02407036825693        11.566074661952683     
   143.92896510648970        11.306350608816182     
   143.82146103838087        10.993283613479605     
   143.70819186909787        10.671922481331521     
   143.58958559810173        10.340379316489512     
   143.46813516468973        9.9974428862083702     
   143.34579893855113        9.6432019989438711     
   143.22051484463859        9.2783940513578305     
   143.09179357700867        8.9132606637532117     
   142.95985572440642        8.5463579825264642     
   142.82485885022112        8.1752119759870592     
   142.68673477247700        7.7976333724607230     
   142.54583700612380        7.4152270266869600     
   142.40961228341769        7.0298160903191409     
   142.28279380857245        6.6381513197914970     
   142.16458631619068        6.2380600592053526     
   142.05524706431510        5.8286857366808240     
   141.94730296463189        5.4168522793680260     
   141.84020053992626        5.0030684737748752     
   141.73231430897872        4.5868387114223754     
   141.62176554323128        4.1671419815480162     
   141.50996085403190        3.7457670583384202     
   141.39688018785824        3.3234645164843197     
   141.28279455373990        2.9002630038746751     
   141.16796235563527        2.4762530478385978     
   141.05225353212850        2.0518168112148061     
   140.93562797617503        1.6275232410780314     
   140.81821345735960        1.2029689751517270     
   140.70010336780027       0.77761944382791115     
   140.57895373722232       0.35257472604262269     
   140.45343587653585       -7.1678737049608809E-002
   140.32411644098448      -0.49567895280343965     
   140.19220609035565      -0.92017592295182560     
   140.05934405685559       -1.3457781286562629     
   139.92617778277477       -1.7727416820440480     
   139.79263564839081       -2.2010929391730234     
   139.65871077821032       -2.6308404944098771     
   139.52437681617553       -3.0616497404115646     
   139.38969621468431       -3.4931539841994050     
   139.25478184641921       -3.9250060133592122     
   139.11982106857397       -4.3571233219707830     
   138.98500524904685       -4.7890188959218083     
   138.85049882672052       -5.2203862028004222     
   138.71658197794895       -5.6512240966910694     
   138.58356925655298       -6.0814873139291921     
   138.45168812677088       -6.5108521333695490     
   138.32084634240022       -6.9391306248605673     
   138.19081930399153       -7.3662901298088341     
   138.06139387125103       -7.7922733524364300     
   137.93242852360720       -8.2170012245698292     
   137.80396909768240       -8.6403431118353744     
   137.67605340869005       -9.0620497775991211     
   137.54868489437683       -9.4817212973311946     
   137.42150316429959       -9.8996636304856835     
   137.29418908097540       -10.316379833992713     
   137.16678676215321       -10.731656194600644     
   137.03941309121996       -11.145005698197172     
   136.91204744169562       -11.556073683916978     
   136.78461532906888       -11.964928906693562     
   136.65736197926927       -12.371358226233072     
   136.53048563568836       -12.775063704490325     
   136.40414672650434       -13.175799542578055     
   136.27855094355991       -13.573407604149205     
   136.15401513250700       -13.967495986082806     
   136.03080285392397       -14.357689401033499     
   135.90914672866924       -14.743524326157916     
   135.78913327336741       -15.125093580616291     
   135.67086848520771       -15.502604002166901     
   135.55455060758166       -15.875920945731641     
   135.44045179543437       -16.244638757202853     
   135.32878289722862       -16.608372408952921     
   135.21923050505924       -16.967724652565543     
   135.11185821723961       -17.322588344936019     
   135.00677489574787       -17.672577885478951     
   134.90404585777080       -18.017183914728644     
   134.80352958273690       -18.356256890704728     
   134.70478088245187       -18.690584630353587     
   134.60775392029325       -19.020051396203826     
   134.51244755034554       -19.344323153870178     
   134.41886406443982       -19.662962163609347     
   134.35116852987113       -19.897041199507225     
   134.33900119847235       -19.942599937319265     
>
   144.06100093487220        12.204999362088399     
   143.64568561313527        12.017839838728127     
   143.40963273768810        11.958715752536062     
   143.16698798299134        11.883394722884161     
   142.91792266342111        11.791818881036733     
   142.66095682903358        11.684498159417249     
   142.39470506791881        11.561756279170952     
   142.11700503741810        11.423729604249289     
   141.82601582418695        11.270232496331802     
   141.52215282261520        11.102921376358120     
   141.21521189185373        10.930588854407647     
   140.90908570705420        10.755154911998433     
   140.60024427533912        10.577426273683578     
   140.28671146532807        10.397417836365339     
   139.96740667864947        10.214969744823321     
   139.64143323637896        10.029877453130355     
   139.30851611878245        9.8421375235397690     
   138.97245747368265        9.6525268868001355     
   138.63315244980600        9.4583875917738123     
   138.29027789896500        9.2602542080687744     
   137.94374902340837        9.0593265092746442     
   137.59196039543878        8.8554687043977545     
   137.23520021281919        8.6504294605801793     
   136.87612184302503        8.4444116048757536     
   136.51467887647618        8.2368049372496426     
   136.15018261792201        8.0271195788006420     
   135.78193062112527        7.8149819610567217     
   135.40946910352488        7.6010257753216628     
   135.03432041394004        7.3868810864772501     
   134.65835525951991        7.1727083227016575     
   134.28131237151709        6.9587022896398105     
   133.90276833413284        6.7448933540540015     
   133.52271455300041        6.5317215475186501     
   133.14110920220196        6.3191817134137391     
   132.75985049085989        6.1070183125697559     
   132.37885820488518        5.8952989540046419     
   131.99769460453447        5.6841479695564816     
   131.61601877992916        5.4733424786491707     
   131.23358206739312        5.2626836649333315     
   130.85055921904893        5.0514799683694855     
   130.46688720954097        4.8393366210477735     
   130.08227497631731        4.6262410178970539     
   129.69650651429527        4.4121948777906610     
   129.30942597895893        4.1972469021398302     
   128.92111816805954        3.9815409033471338     
   128.53201222697373        3.7649800515478917     
   128.14211961485714        3.5476434149156297     
   127.75144491537191        3.3296255314839156     
   127.36000130654703        3.1110272418218847     
   126.96786384585155        2.8919648563587121     
   126.57533276316180        2.6726394832748932     
   126.18254442242916        2.4534063563935233     
   125.78980363719221        2.2349020318072790     
   125.39718947562443        2.0172611545942698     
   125.00464235011684        1.8008710442132250     
   124.61216913616278        1.5852355192273693     
   124.21975665573329        1.3703580173833774     
   123.82737110431944        1.1565278823597394     
   123.43498096924333       0.94411925558626364     
   123.04257880205387       0.73351888356390160     
   122.65032674980257       0.52409021019997659     
   122.25835487390528       0.31508380671931224     
   121.86668723858872       0.10638450860829209     
   121.47524706751055      -0.10188793595723392     
   121.08394555221489      -0.30960002781471518     
   120.69291103524436      -0.51680505203761617     
   120.30254458704437      -0.72351274890818296     
   119.91271328141013      -0.92944867165018508     
   119.52338102200154       -1.1344254630698285     
   119.13459078065208       -1.3383382718935219     
   118.74654996807777       -1.5410776631854408     
   118.35962871500404       -1.7429020409039981     
   117.97376514199067       -1.9437575470179507     
   117.58898388622218       -2.1433840586955482     
   117.20496982092001       -2.3417047995943778     
   116.82173497819754       -2.5384327178670683     
   116.43995258344530       -2.7333747267420341     
   116.05980598315266       -2.9265422853748579     
   115.68135533788639       -3.1177835599540558     
   115.30416176198769       -3.3071266254108074     
   114.92804133600936       -3.4946213290719030     
   114.55345930166817       -3.6800350500789909     
   114.18089235983639       -3.8637109901418065     
   113.81007637697779       -4.0454440303753989     
   113.44092254463663       -4.2251361949995276     
   113.07355634056653       -4.4027542524630006     
   112.70815652759457       -4.5782586686790525     
   112.34575156493445       -4.7519364954950580     
   111.98596788411410       -4.9233723385211041     
   111.62831503327453       -5.0918992749022198     
   111.27264518930876       -5.2568881969968571     
   110.91876984910738       -5.4178624039327321     
   110.56663343576582       -5.5746717807716983     
   110.21753140682284       -5.7282313410871160     
   109.87133713860926       -5.8784253474075898     
   109.52768508406191       -6.0251386352195047     
   109.18623318738665       -6.1687310220081901     
   108.84747419227355       -6.3094442959564594     
   108.51420757043175       -6.4474056536912956     
   108.19043371307551       -6.5833960366657287     
   107.87471335026353       -6.7170430223232884     
   107.61749713332651       -6.8265999981549390     
>
   144.06100093487220        12.204999362088399     
   143.45554785523879        12.228626422028725     
   143.17103994040576        12.276231765028019     
   142.86581215340405        12.329107746638057     
   142.54138455122174        12.385589924510292     
   142.19525617315276        12.444993041140824     
   141.82582331037312        12.507450595692198     
   141.43265681750623        12.573187760571642     
   141.03388393277001        12.642038378023186     
   140.63244794027611        12.712638235574586     
   140.22443381951936        12.783134387767952     
   139.80995444318228        12.852101888606448     
   139.39097849419414        12.919629546545847     
   138.97668017251527        12.985471562698882     
   138.56775275705851        13.049008569706245     
   138.15803809761314        13.110765396893678     
   137.74341605478904        13.171258852178001     
   137.32180220818552        13.230553106830484     
   136.89560756413741        13.282165143579634     
   136.46403170062717        13.318625884815965     
   136.02939853440716        13.349297460651396     
   135.59423480928368        13.386118592330837     
   135.15468451940274        13.422683038925200     
   134.71244820345294        13.457981821785342     
   134.26806329583121        13.491907224848772     
   133.82120435651893        13.524548056571268     
   133.37134999393706        13.555865355823840     
   132.91933901827434        13.586163936145020     
   132.46634484706257        13.615697044873205     
   132.01191713548721        13.644324880310272     
   131.55579461480107        13.671986708931634     
   131.09779852217696        13.698641277777185     
   130.63898309992862        13.724769871381440     
   130.17952195426315        13.750459579326838     
   129.71926898094682        13.775654251751021     
   129.25804255236366        13.800351596822868     
   128.79613831472773        13.824987635412345     
   128.33400202919123        13.850100947831884     
   127.87154259546725        13.875647989290263     
   127.40867578876228        13.901582923165154     
   126.94530076850718        13.927912624949906     
   126.48146967385983        13.954965972409770     
   126.01717906707360        13.982729787515828     
   125.55241004054173        14.011129012799000     
   125.08715113510866        14.040096612199129     
   124.62145678176340        14.069758063469850     
   124.15538771403057        14.100302442678300     
   123.68896627726352        14.131824860815820     
   123.22221768160455        14.164414699295968     
   122.75514880254703        14.197850223458193     
   122.28772755445530        14.231227305926941     
   121.81996081282273        14.264407863877430     
   121.35186691229822        14.297327153080609     
   120.88347965739081        14.329925012969666     
   120.41482024753826        14.361603275623123     
   119.94593108161625        14.392131039055975     
   119.47686716357161        14.421468196223678     
   119.00770125904225        14.449593547688401     
   118.53848436127055        14.476826230933153     
   118.06925371251214        14.503574191896709     
   117.60010327784285        14.529799042407868     
   117.13113962740954        14.555448643308724     
   116.66248537417701        14.580492054879205     
   116.19423161843213        14.605032982477333     
   115.72633366946813        14.629051372580845     
   115.25884252052734        14.652489929411818     
   114.79199938683480        14.675042693516168     
   114.32656057265908        14.696643774749292     
   113.86259425997584        14.717322966915704     
   113.39974235017313        14.736994899306302     
   112.93822371312260        14.755323245704712     
   112.47867605083245        14.772192841597308     
   112.02203901406058        14.787791044177890     
   111.56785824728809        14.801943101323804     
   111.11586216852763        14.814285184845266     
   110.66556089887800        14.824518783739324     
   110.21802128572405        14.833217428742941     
   109.77329031160370        14.840320386331518     
   109.33084601198007        14.845561804095516     
   108.89080183249345        14.848372162002432     
   108.45404413882824        14.846602295422521     
   108.02257942912715        14.841170082718053     
   107.59668787974424        14.833052416902531     
   107.17636490701723        14.821711290621307     
   106.76149878417918        14.804435467663266     
   106.35226254447944        14.784238705946933     
   105.94783399350484        14.764787362301320     
   105.54583879421847        14.747590607516804     
   105.14458156455169        14.733869987578618     
   104.74421356535819        14.723654723333498     
   104.34587612853414        14.715080983125745     
   103.95211834323912        14.707965993423802     
   103.56327710864731        14.702853491160116     
   103.17894791656660        14.699023841364037     
   102.79887465486968        14.695413634397378     
   102.42329338216160        14.693004346935897     
   102.05500414310923        14.689892613237133     
   101.69369181093400        14.684262730098846     
   101.41100017226101        14.680799773281441     
>
   144.06100093487220        12.204999362088399     
   143.49406207715572        12.116813138462637     
   143.22056125421869        12.106046115876159     
   142.93057987372109        12.089126099698994     
   142.62481809006914        12.064935249303947     
   142.30131065808024        12.033242089748226     
   141.95903484811851        11.994336537668104     
   141.59677369786095        11.948267294474810     
   141.22098845218343        11.894698606909737     
   140.84328608977683        11.832882765071052     
   140.46115361782154        11.761641767764743     
   140.07557881552884        11.680259990724604     
   139.68637317978946        11.589274295389737     
   139.29181268064582        11.490096449728057     
   138.89642081976456        11.383851742817884     
   138.49822146576528        11.271741094164401     
   138.09530838811665        11.154842810308029     
   137.68679063747203        11.039132267927913     
   137.26510574410386        10.961222042071871     
   136.83687423515073        10.902845665781641     
   136.40671987989069        10.839979019375926     
   135.97375172897702        10.772828367655231     
   135.53703643418746        10.701473351750861     
   135.09702949695651        10.626066378432085     
   134.65640032757730        10.546634949672297     
   134.21512543478099        10.463652901554891     
   133.77239923993000        10.377641052701145     
   133.32748606523586        10.289018808205423     
   132.88140749441882        10.197977535965977     
   132.43502067231663        10.104577969507396     
   131.98794114425937        10.009040697574669     
   131.53986008600410        9.9117381427242677     
   131.09076718431078        9.8130083500459104     
   130.64246267252165        9.7127980344661360     
   130.19545591010234        9.6114526895257910     
   129.74981450607083        9.5095464189196246     
   129.30563070662959        9.4074722716841546     
   128.86330844701291        9.3054720360021985     
   128.42327286189300        9.2033807000333550     
   127.98532685379377        9.1011621674375291     
   127.54914899340108        8.9988914956837984     
   127.11456796633902        8.8965016487119968     
   126.68068537480977        8.7937135960836610     
   126.24696607624760        8.6903434183516701     
   125.81335793149456        8.5863246524136407     
   125.37982255237952        8.4815914081249648     
   124.94625164988214        8.3760164888586637     
   124.51193361044071        8.2690859514868080     
   124.07675785320386        8.1607992230516135     
   123.64078339282280        8.0512771976444952     
   123.20406752507547        7.9406407693568584     
   122.76667499419094        7.8290560959446669     
   122.32866252298929        7.7167162641795057     
   121.89015215147755        7.6039066070354133     
   121.45121779120922        7.4907583318438205     
   121.01191043542666        7.3773596741027241     
   120.57253718949944        7.2637633459278073     
   120.13342865006625        7.1500392481681319     
   119.69472920248735        7.0362383740660457     
   119.25650416394966        6.9224478132039851     
   118.81884807248670        6.8087449148821388     
   118.38207834670813        6.6948792965510053     
   117.94630556746534        6.5809500799063816     
   117.51146499052930        6.4670770131241175     
   117.07750504969987        6.3533546342377791     
   116.64452658554617        6.2397651815562130     
   116.21275018681325        6.1259196167473497     
   115.78088612554006        6.0117107967064829     
   115.34912691554048        5.8974320758165550     
   114.91837897602117        5.7833430039515372     
   114.48867095487107        5.6685148165513688     
   114.05887126047632        5.5509450261777928     
   113.62982729739231        5.4310834046874676     
   113.20248902961691        5.3093774321059408     
   112.77832437498049        5.1864166819879944     
   112.35770747491274        5.0621931329247216     
   111.94028366854842        4.9363716046152950     
   111.52665398859786        4.8091572159446665     
   111.11765438046093        4.6809046277781512     
   110.71342751062461        4.5515754519445437     
   110.31229633166923        4.4220720969460627     
   109.91329598269468        4.2926426535010975     
   109.51573490366141        4.1630734083580112     
   109.11946068780021        4.0333924364479827     
   108.72528407036860        3.9033860245193766     
   108.33461796525009        3.7734048227330543     
   107.94843181700705        3.6439851195703352     
   107.56683047691303        3.5153251584228182     
   107.18956585424968        3.3877005319822917     
   106.81660815521249        3.2612338532135015     
   106.44812525643076        3.1357417756271082     
   106.08456692976112        3.0112844597899260     
   105.72602943211049        2.8877289794971848     
   105.37271272574382        2.7649813696730958     
   105.02481047039046        2.6428714618572418     
   104.68287728918068        2.5212462763225809     
   104.34786543794348        2.4010660903070287     
   104.01984710935902        2.2822919426816006     
   103.69846706960423        2.1626829955718971     
   103.41040853541359        2.0515011114784740     
   103.31899713244879        2.0156998446459857     
>
   144.06100093487220        12.204999362088399     
   143.45688628461096        12.159835965143998     
   143.17255484077396        12.171419452565816     
   142.86600065651339        12.181642738219848     
   142.53951441703049        12.189102648504861     
   142.19058599429459        12.193146584510362     
   141.81743807327473        12.193868511312138     
   141.41998299143063        12.191498184979642     
   141.01759989972771        12.185895230856973     
   140.61255942984496        12.176248340728804     
   140.20014613925960        12.161302164100936     
   139.77914535747982        12.139614566243155     
   139.35162889983513        12.110522635004946     
   138.92938995629453        12.073817813754680     
   138.51193463725235        12.030487308745897     
   138.09453775990363        11.981720007370411     
   137.67265576905947        11.928796470264704     
   137.24362383808881        11.873440154428568     
   136.81023742799636        11.821622998794473     
   136.37257446104005        11.775831640124082     
   135.92754383000116        11.742326215112794     
   135.47609091521534        11.717151596210885     
   135.02055109259064        11.691487098407769     
   134.56250973630196        11.663076413969012     
   134.10220519678552        11.631902354161237     
   133.63946329487641        11.597878975317565     
   133.17444675058394        11.560999401944645     
   132.70962730376749        11.522044575495514     
   132.24548337417272        11.481140546681587     
   131.78147294374051        11.438053548728959     
   131.31736625640139        11.392757798537565     
   130.85414536178885        11.344773157488447     
   130.39341797943140        11.292854588327435     
   129.93533135947817        11.236014311843206     
   129.48002931433180        11.173455343764912     
   129.02709072002460        11.107077039130562     
   128.57609044188436        11.040919323241196     
   128.12708577568901        10.975457751053547     
   127.68015636256992        10.910510121993823     
   127.23536809267164        10.845929758870559     
   126.79252329556036        10.781686867879237     
   126.35124324614401        10.717847339164463     
   125.91153080921156        10.654353303990536     
   125.47338942250963        10.591146320663986     
   125.03678814631813        10.528167374533551     
   124.60075696311692        10.465387817710271     
   124.16483979851378        10.402800774700797     
   123.72904180912873        10.340392494518431     
   123.29336700566620        10.278145215472017     
   122.85768475375254        10.216030862630374     
   122.42118145334129        10.154005318244504     
   121.98371558386098        10.092082906258890     
   121.54528026981831        10.030283680195797     
   121.10586691684658        9.9686259747041674     
   120.66543828269013        9.9071298433062669     
   120.22389295382206        9.8457792431842783     
   119.78118853136664        9.7845758932115441     
   119.33728147053276        9.7235197933880571     
   118.89213624793804        9.6625966197693440     
   118.44623300220147        9.6016344850216448     
   117.99983414798588        9.5405503102669815     
   117.55293968529129        9.4793377929697780     
   117.10554961411773        9.4179218756609639     
   116.65783352996779        9.3564801752520843     
   116.21058154161902        9.2959867199677628     
   115.76406580401647        9.2360541903492610     
   115.31852867830078        9.1760488950928050     
   114.87426523772822        9.1152265620432278     
   114.43161982992410        9.0528348976364583     
   113.99064001038407        8.9886859717209227     
   113.55125817009018        8.9227711899299340     
   113.11345196368907        8.8550498722611675     
   112.67719503512288        8.7854859223745390     
   112.24190411337240        8.7144311363464642     
   111.80730818940806        8.6421238646130867     
   111.37321474941606        8.5696200683614485     
   110.93946909479607        8.4978788789139088     
   110.50581855116738        8.4273036585470127     
   110.07154921313719        8.3590890242303679     
   109.63641127111374        8.2936750075383880     
   109.20004376169615        8.2312896456671911     
   108.76182559865181        8.1719529921390439     
   108.32361717588971        8.1143672975840921     
   107.88771032452661        8.0579194971786077     
   107.45328800676936        8.0034644439291345     
   107.02000014541491        7.9518466776021954     
   106.58858413712507        7.9024491226696032     
   106.16280546042462        7.8521800989548680     
   105.74325769957287        7.8039777339496581     
   105.32876915591130        7.7593317178798635     
   104.91899834660359        7.7118358098163933     
   104.51436238491293        7.6613662508789426     
   104.11608052499346        7.6100441307660613     
   103.72379466823318        7.5590451588406449     
   103.33673418641908        7.5088317120304904     
   102.95441091952330        7.4597767858498516     
   102.57650515710505        7.4122659808841229     
   102.20349417299438        7.3658649951366773     
   101.83564496551644        7.3199521694171015     
   101.47210382758017        7.2751228068579650     
   101.11215570787718        7.2319756483385218     
   100.75612031684827        7.1909896865621725     
   100.61699413594835        7.1769997764677678     
>
   144.06100093487220        12.204999362088399     
   143.46059675918900        12.142336688652072     
   143.17772979543557        12.144572942864240     
   142.87341874088054        12.143573131539558     
   142.54972681648673        12.138025754321472     
   142.20424358887706        12.127361291177468     
   141.83534357683209        12.111721835636784     
   141.44254148511277        12.091306204048799     
   141.04386256545229        12.065883494428501     
   140.64265117240785        12.034746676876372     
   140.23429098515248        11.996745252171808     
   139.81794090166636        11.950514434884781     
   139.39541490627838        11.895587264425256     
   138.97671168519312        11.831680126692538     
   138.56258868859470        11.759794551884644     
   138.14763146546977        11.681505600936555     
   137.72769180149703        11.598321871680875     
   137.30041312133071        11.511702687581192     
   136.86787984537145        11.429361779218693     
   136.42986565529648        11.357420054548438     
   135.98265033624554        11.309617614073103     
   135.52881334414059        11.270905148764566     
   135.07024028303283        11.230011433190667     
   134.60959368772222        11.185784822215235     
   134.14744594303011        11.137598500027844     
   133.68386523093230        11.085317821550383     
   133.21877248325518        11.029365056666116     
   132.75469616267833        10.970644332750595     
   132.29231064050791        10.909404886437772     
   131.83103493755573        10.845748131254558     
   131.37046569154529        10.779932471159368     
   130.91106527940443        10.711809510087392     
   130.45447923587489        10.640479704325308     
   130.00086569730377        10.565744810481517     
   129.55025445749561        10.487725722647427     
   129.10193562176198        10.407633673568240     
   128.65553103796861        10.327467712935535     
   128.21107565654003        10.247693655423795     
   127.76865771297425        10.168214098210559     
   127.32835283769811        10.088965442982333     
   126.89009055690477        10.009874924101164     
   126.45347209197988        9.9307838322622146     
   126.01847796235901        9.8516360176031288     
   125.58512077311329        9.7723867894171246     
   125.15341083748271        9.6929943217863226     
   124.72269269176793        9.6134248102017530     
   124.29212867169571        9.5336564822678049     
   123.86170789106831        9.4536566793910666     
   123.43136274086777        9.3733165395934890     
   123.00106858390957        9.2925793400549370     
   122.57010406634971        9.2115161275400279     
   122.13809103605398        9.1301819059955616     
   121.70503808738898        9.0485818320415543     
   121.27095438767925        8.9667227811713541     
   120.83581128903579        8.8846104829627528     
   120.39932976102014        8.8022546776979986     
   119.96142500588101        8.7196851591816067     
   119.52206952164498        8.6369368778381084     
   119.08123466042309        8.5540476488809301     
   118.63907397490014        8.4709699168144006     
   118.19603952876395        8.3875346590936566     
   117.75224820540146        8.3037527619165061     
   117.30783751467963        8.2196225064096087     
   116.86298450055232        8.1351077962328784     
   116.41869012025970        8.0502212364574550     
   115.97541675072956        7.9648241713007764     
   115.53303146575719        7.8785974632798341     
   115.09141680899782        7.7910294610978168     
   114.65091082554116        7.7008298638359935     
   114.21203490696632        7.6081356084035923     
   113.77509787751623        7.5130801939631606     
   113.34035355748708        7.4156160650190284     
   112.90804488097726        7.3155994091686187     
   112.47814721080226        7.2130107458474386     
   112.05021020214764        7.1080380052070620     
   111.62409061556860        7.0005677416072114     
   111.19959822908244        6.8906457916702211     
   110.77661329451334        6.7794719289857062     
   110.35462931718448        6.6680906555851260     
   109.93311459227674        6.5569339816339864     
   109.51186514682078        6.4454661916087481     
   109.09041631205768        6.3335085226823065     
   108.66850223557786        6.2221914205529956     
   108.24772490733194        6.1121250852556477     
   107.82862863721020        6.0042537512103662     
   107.41050467643970        5.9000648168119172     
   106.99362689883893        5.7994545767022716     
   106.57869660472964        5.7016019823838500     
   106.16897048612869        5.6056922878946507     
   105.76475221065905        5.5115020397007921     
   105.36503451854495        5.4191561425981361     
   104.96936420018301        5.3289319081518078     
   104.57750405105266        5.2410086721466946     
   104.19069910840808        5.1550455247041791     
   103.80926850973226        5.0706952534100749     
   103.43263528654158        4.9879120216420461     
   103.06050551149532        4.9067748975736212     
   102.69293189670914        4.8275365555854215     
   102.33052292334457        4.7505699911916963     
   101.97372320663823        4.6755887255028554     
   101.62212250882021        4.6025635376721574     
   101.27638889866108        4.5313672310726236     
   101.02549412490185        4.4794996551539583     
>
   144.06100093487220        12.204999362088399     
   143.54820429545777        12.268801075589746     
   143.28915289475404        12.333218145745942     
   143.02095479606336        12.404330800509713     
   142.74220166916450        12.480899732204684     
   142.45126688692235        12.563048126753372     
   142.14695640532508        12.651067046707610     
   141.82747514765052        12.744588653173157     
   141.49156547157332        12.842862371459281     
   141.15006773827571        12.944215164850755     
   140.81188227389958        13.044305732254680     
   140.47529478876962        13.142459129407175     
   140.13535263584248        13.239793196935430     
   139.78830981715794        13.337233834610617     
   139.43241422782714        13.435284672320636     
   139.07111507368083        13.531024198349415     
   138.70502541954278        13.618506829822337     
   138.33667659288136        13.704515240929405     
   137.96274601153510        13.785336665261498     
   137.58125525229246        13.859714033451077     
   137.19226390276251        13.928250670039626     
   136.79978209444175        13.995557739234039     
   136.40366028534982        14.062429933474052     
   136.00336677066764        14.129186390242664     
   135.59799685006183        14.195975505604693     
   135.18710304350688        14.262841397309133     
   134.77295655563952        14.329738228733650     
   134.35540383377489        14.396657978469332     
   133.93374873421126        14.463578874120572     
   133.50736501409602        14.530504353434049     
   133.07620225314457        14.597460199509822     
   132.64205552807914        14.664622883343878     
   132.20492713073077        14.731930525496070     
   131.76456324080337        14.799228427366019     
   131.32047627122680        14.866351004155534     
   130.87327470316259        14.933238095297801     
   130.42387870680406        14.999867355439440     
   129.97193419424374        15.066107577249005     
   129.51726011082337        15.131888286919663     
   129.05969774723812        15.197132135151225     
   128.60021253734590        15.261947410963957     
   128.13893282368929        15.326275672664378     
   127.67566322766555        15.390016079683353     
   127.21021696503870        15.453070656240639     
   126.74305985048315        15.515486957831916     
   126.27482500234500        15.577314831783966     
   125.80533537667041        15.638429373300928     
   125.33443913964791        15.698720001531418     
   124.86218843043541        15.758200467462142     
   124.38933038597698        15.817258090551821     
   123.91581515894582        15.875675146844372     
   123.44152586595500        15.933247090412621     
   122.96641552446658        15.989859329700733     
   122.49086858915042        16.045384668081727     
   122.01506038508697        16.099752058790990     
   121.53898575565619        16.152892173937229     
   121.06263324170250        16.204698443373520     
   120.58629390577772        16.255257383724526     
   120.11039861213183        16.304775259790745     
   119.63498689485156        16.353187327343136     
   119.16011776858818        16.400440301308230     
   118.68592244067314        16.446546213799394     
   118.21264269928922        16.491572673834572     
   117.74046991233470        16.535524265075992     
   117.26957596714333        16.578382079916945     
   116.80010868682214        16.620111167932901     
   116.33217922518024        16.660713820954971     
   115.86595717772038        16.700174569123131     
   115.40167401938527        16.738485963986236     
   114.93954117159542        16.775658318784320     
   114.47965088055334        16.811645223937262     
   114.02201345949901        16.846376205638229     
   113.56685981041744        16.879896527551775     
   113.11419852767536        16.912106495024322     
   112.66462835215198        16.943155650036235     
   112.21718786069384        16.972775848346856     
   111.77181116315633        17.000918388544953     
   111.32840945108367        17.027638274577331     
   110.88737921125906        17.053032909266452     
   110.44837781493055        17.077050153454405     
   110.01015736005509        17.099467126565084     
   109.57325585398732        17.120416181845492     
   109.13848288606921        17.140047434233772     
   108.70576798249394        17.158452556974591     
   108.27428436518616        17.175572535416691     
   107.84372664764953        17.191611342529466     
   107.41488264683046        17.206640598035321     
   106.98756729736625        17.220582379676273     
   106.56169465559005        17.232823622628601     
   106.13749906123351        17.242965548277983     
   105.71647364226922        17.250679278859177     
   105.29969326749091        17.256078832970232     
   104.88728971718783        17.259178534555634     
   104.47878170682543        17.260145114329120     
   104.07454051304462        17.259728574023651     
   103.67523477757376        17.260429301387600     
   103.28101289647759        17.260999967335671     
   102.89154541903314        17.260698591543818     
   102.50631668323909        17.259695915430239     
   102.12510323556161        17.258723033121179     
   101.74820014925693        17.258178723230955     
   101.37577587391218        17.257900265750269     
   101.00781379375169        17.256874098367742     
   100.64249018416439        17.255647968720286     
   100.27961596908311        17.254251097654628     
   99.921036645514590        17.252737343202014     
   99.568362224818401        17.250499943074292     
   99.220877655686081        17.246787749622939     
   99.014332678824800        17.244367575963654     
   99.002995563248021        17.244300539903488     
>
   144.06100093487220        12.204999362088399     
   143.54598752181010        12.303114371069688     
   143.28634425572045        12.384082472593253     
   143.01761559812627        12.474615531282561     
   142.73830498330824        12.573371107060982     
   142.44676286582018        12.680450040497647     
   142.14176884559234        12.796126778368791     
   141.82153128364925        12.919963580931114     
   141.48651026508756        13.046956234941199     
   141.14901177708870        13.171253122600207     
   140.81536471128149        13.293179110968943     
   140.48312941344221        13.414024500966130     
   140.14758356555481        13.534666490951707     
   139.80503388177462        13.655810964909630     
   139.45365148087049        13.777867014694241     
   139.09628453596272        13.897644411391026     
   138.73361200201973        14.009244554663253     
   138.36665145205728        14.116816804747801     
   137.99292140593374        14.218073341232371     
   137.61018217169027        14.311641930235812     
   137.21822404677971        14.397983229812590     
   136.82237611150620        14.483001569877228     
   136.42288874841933        14.567867503172598     
   136.01936890848253        14.652919647746209     
   135.61155704182184        14.738925767022161     
   135.19928297997686        14.826142546085538     
   134.78463171630602        14.914184957308724     
   134.36737693248654        15.002758500393215     
   133.94673940593876        15.091582426027211     
   133.52194564366076        15.180401195041192     
   133.09285011437663        15.269056671088105     
   132.66109090437703        15.357578647972469     
   132.22644799787480        15.445861128505133     
   131.78838396047306        15.533733371267898     
   131.34654871496869        15.621057866393764     
   130.90124249123804        15.707783620640376     
   130.45360490230382        15.793996577674619     
   130.00329561124533        15.879589021433997     
   129.55000751269282        15.964454381771590     
   129.09364836044384        16.048508433893854     
   128.63511196863396        16.131927075839002     
   128.17457366234362        16.214719474931499     
   127.71185353283010        16.296707441302015     
   127.24677052543522        16.377754610999109     
   126.77978128750902        16.458009380087585     
   126.31170915938014        16.537708953088032     
   125.84240689089934        16.616707225766753     
   125.37168597895729        16.694808246563266     
   124.89955329904728        16.771956438572989     
   124.42694219939169        16.848688090277246     
   123.95387617125944        16.924896631529109     
   123.48022629915015        17.000385537810310     
   123.00591924446817        17.075001256436028     
   122.53107819313598        17.148374229638694     
   122.05577648374931        17.220271836559956     
   121.57999005208146        17.290590944799550     
   121.10368509362344        17.359197482237160     
   120.62714636839154        17.426201456766382     
   120.15096631472937        17.491971853197018     
   119.67518274785043        17.556419863073288     
   119.19984780691257        17.619418289768220     
   118.72510816910729        17.680854260599300     
   118.25128812853761        17.740834345713477     
   117.77853894605721        17.799312135530620     
   117.30699469378646        17.856220021032794     
   116.83680434074793        17.911450859115284     
   116.36813289878202        17.964971418226906     
   115.90117517353366        18.016808054425496     
   115.43609617684325        18.066918941793176     
   114.97288273068187        18.115151100602901     
   114.51182704351690        18.161632300439432     
   114.05265294969881        18.206333893413809     
   113.59513126611587        18.249132693603507     
   113.13994553139867        18.290157616508839     
   112.68641106100111        18.329336469449636     
   112.23440237716949        18.366649198903620     
   111.78337345114031        18.402217271919977     
   111.33386801984597        18.436087098078826     
   110.88630319654975        18.468260969211286     
   110.44005445727232        18.498640909537105     
   109.99496595749775        18.527467561323554     
   109.55159232035626        18.554797647390767     
   109.11041941404464        18.580656950838804     
   108.67111664192429        18.604894210813963     
   108.23318896847400        18.628029672979750     
   107.79703918301249        18.650352681014645     
   107.36293542978049        18.672094709861447     
   106.93060268904395        18.692913703725985     
   106.49972697993988        18.712369058076050     
   106.07113794533252        18.730598282778658     
   105.64578898696651        18.747283386266361     
   105.22411268796505        18.760985671555609     
   104.80595434972780        18.771986460915997     
   104.39111458294761        18.781009400022633     
   103.98104755446805        18.788713390321576     
   103.57684016519623        18.795568830149545     
   103.17733561337597        18.801203869907848     
   102.78250066745608        18.805470113531676     
   102.39236053757887        18.808595598217138     
   102.00726243615847        18.811307980343809     
   101.62731121446853        18.813735602454223     
   101.25235675757087        18.815657302845619     
   100.88138378428077        18.817003180668927     
   100.51477216560586        18.818848104717908     
   100.15270983169768        18.819756242797919     
   99.795684369626329        18.819735043360090     
   99.443841883625524        18.818377706381195     
   99.097115910592819        18.815182320846670     
   98.943799284375785        18.813800346683273     
>
   144.06100093487220        12.204999362088399     
   143.62636547682109        12.096639868015249     
   143.38664910933377        12.076779432515297     
   143.14109602094993        12.048153888909342     
   142.88873218344483        12.010379928443117     
   142.62809827335499        11.963901593395480     
   142.35775502073903        11.908985309133762     
   142.07556643899622        11.845572061006703     
   141.77997293705147        11.773273956597791     
   141.47159445522198        11.691654402079291     
   141.16043712816347        11.600975239156291     
   140.84843239654947        11.502603545089924     
   140.53211443877379        11.397892073196859     
   140.20967901078973        11.287406332805146     
   139.88014234409044        11.171565156051377     
   139.54323915922413        11.053619505374652     
   139.19983462243738        10.937727335378534     
   138.85237297161623        10.828877389446403     
   138.49982975825148        10.725162291131340     
   138.14172656259748        10.624969164284943     
   137.77702804994726        10.527158968842182     
   137.40501687716127        10.432152828770759     
   137.02834526579937        10.336215632308161     
   136.64898247174870        10.236452796753928     
   136.26613437552714        10.133230442128971     
   135.87894956187498        10.026950784794268     
   135.48667459131249        9.9180968281576813     
   135.08979017541645        9.8071235006958819     
   134.69048845065004        9.6944146841209271     
   134.28876540630878        9.5805662545231662     
   133.88422570152503        9.4660285567170472     
   133.47684240728319        9.3516570166668913     
   133.06688023007720        9.2378269217180655     
   132.65559623927464        9.1240753219849893     
   132.24251487991876        9.0101907960471408     
   131.82705861056817        8.8958089427569611     
   131.40875760584390        8.7808300674608670     
   130.98770984152625        8.6650433216961176     
   130.56482918527294        8.5480384676928178     
   130.14000734806376        8.4298968654556123     
   129.71300884425142        8.3106288282245266     
   129.28357183213092        8.1903225914975533     
   128.85201774101625        8.0689030978056184     
   128.41908855123160        7.9460609499479657     
   127.98456940360967        7.8219623056805538     
   127.54826663842114        7.6968054083949848     
   127.11021807087943        7.5707965228917651     
   126.67113989820852        7.4438176198683825     
   126.23144579592496        7.3161385624388338     
   125.79100971331739        7.1879278001901978     
   125.34970445375878        7.0593188322850287     
   124.90758616711150        6.9304188018280319     
   124.46570623090037        6.8012277088192077     
   124.02419527949904        6.6719833307369205     
   123.58296335853615        6.5428306258993016     
   123.14196176660052        6.4138595486776877     
   122.70120138988990        6.2850723909031903     
   122.26068108248879        6.1564135756712313     
   121.82034526749254        6.0279381069286115     
   121.38020253926791        5.8997216151021847     
   120.94033941443953        5.7718087908987270     
   120.50100914034579        5.6441469222025544     
   120.06237730178485        5.5167497600003648     
   119.62451437256357        5.3896556924633643     
   119.18767302706263        5.2628607088871000     
   118.75212083656483        5.1363201185647958     
   118.31773690697878        5.0098855254316392     
   117.88476761014957        4.8835953176588394     
   117.45338655228426        4.7575526276466471     
   117.02360519253843        4.6318726199086804     
   116.59592601488443        4.5064979986670206     
   116.17025620016206        4.3814138670194085     
   115.74626744356382        4.2568305004708051     
   115.32448342849989        4.1328756686059700     
   114.90593089531055        4.0094903567736466     
   114.48987359324958        3.8867226934272865     
   114.07583310257137        3.7645686678624353     
   113.66422481766578        3.6431445905082684     
   113.25551741799622        3.5225020275649124     
   112.85065170023613        3.4025750888877604     
   112.44909252181969        3.2833889846190973     
   112.05026577905221        3.1650961215281868     
   111.65480057957522        3.0478363013131493     
   111.26354547385971        2.9316290045384785     
   110.87731749969876        2.8164152165529175     
   110.49609087399234        2.7021548303119234     
   110.11735374983651        2.5887011686240240     
   109.74054290973427        2.4757350940062133     
   109.36533635141377        2.3628664222108640     
   108.99276310704641        2.2501896912715420     
   108.62306038115277        2.1378389733085776     
   108.25233148787663        2.0252516237828089     
   107.88075977370727        1.9123285209984371     
   107.51041877284761        1.7993269229983162     
   107.14225615746444        1.6863092821803785     
   106.77568579174964        1.5731208999442430     
   106.40936065196431        1.4593114314754687     
   106.04388005194551        1.3446946654958205     
   105.68106141376880        1.2299002826046241     
   105.32132929914857        1.1155717143879069     
   104.96448947539770        1.0022332172136246     
   104.61017066587523       0.89014376799796913     
   104.25895155793815       0.77920367208736263     
   103.91199410996268       0.66961862132453298     
   103.56946734449366       0.56150893684310943     
   103.23131568462649       0.45472507666272410     
   102.89764111684592       0.34904759795394857     
   102.56883267948396       0.24445587423673207     
   102.24552234497109       0.14099345030229279     
   101.92792096177001        3.8943367293549004E-002
   101.61574434282230       -6.1043494752343039E-002
   101.30877877487629      -0.15851220735870900     
   101.00877464394739      -0.25391254238221056     
   100.72073329849015      -0.34730236855854552     
   100.47525755940646      -0.42911271801751494     
   100.39700012113623      -0.45679975678115958     
>
   144.06100093487220        12.204999362088399     
   143.60012572940767        12.118024944165619     
   143.35458123539050        12.108588329542412     
   143.10270727678665        12.092341538755790     
   142.84294999209894        12.068783806706746     
   142.57386610068164        12.038299588065110     
   142.29412347569814        12.001143276084846     
   142.00169613844116        11.957200279210111     
   141.69499241220026        11.906034576570947     
   141.37606062103595        11.847059459401470     
   141.05692199211333        11.780251436432728     
   140.73701846455549        11.706866431116703     
   140.41248314631071        11.628355745508069     
   140.08116629979148        11.545428128379685     
   139.74197701338622        11.458372923410041     
   139.39416127465751        11.367592919917900     
   139.04057355926130        11.280635690728495     
   138.68152555622942        11.201651169036477     
   138.31596187733263        11.131196842760991     
   137.94358916818800        11.068672252149449     
   137.56381040678957        11.013753676056615     
   137.17720829119884        10.964216892383680     
   136.78794077601930        10.911843967703769     
   136.39583024433944        10.856126688466748     
   135.99998918455930        10.797259860317535     
   135.59950029127441        10.735479541861158     
   135.19397624502602        10.671068201282756     
   134.78566991580192        10.604251010989545     
   134.37466037177558        10.535380912973512     
   133.96061415151954        10.464861842468977     
   133.54316284318179        10.393104610203620     
   133.12221993013773        10.320277092806739     
   132.69955470600939        10.246735670016996     
   132.27480448852262        10.172287255062798     
   131.84736538017810        10.096927837239692     
   131.41682084067040        10.020522771469572     
   130.98318920464845        9.9429683523944021     
   130.54751440118591        9.8640692014114801     
   130.10972137281371        9.7838579771142218     
   129.66956489360234        9.7023828079560754     
   129.22683927170914        9.6198339159197364     
   128.78215757195781        9.5361184818449711     
   128.33614947494763        9.4511230600915024     
   127.88876398743626        9.3650590720798501     
   127.43984698378117        9.2780296502102662     
   126.98933085496435        9.1900685989917275     
   126.53801430413002        9.1009879882726565     
   126.08590936339151        9.0108479786198696     
   125.63287050147292        8.9197373784891401     
   125.17877797019842        8.8277329642228786     
   124.72395148000878        8.7348312980744112     
   124.26896799938764        8.6409825327169472     
   123.81377481621932        8.5462915194240789     
   123.35833182345930        8.4509908790541548     
   122.90265277209421        8.3552049434452620     
   122.44737192638567        8.2589996027420014     
   121.99263252577848        8.1624453307512184     
   121.53841852745479        8.0656223415619959     
   121.08473566099239        7.9685993901078360     
   120.63168935062271        7.8714503879422582     
   120.17949044480841        7.7742274742231618     
   119.72831541454553        7.6769266382460994     
   119.27824103617645        7.5796126242401121     
   118.82935096153699        7.4822630868518178     
   118.38149564864669        7.3848917770679137     
   117.93483380681047        7.2874975489728415     
   117.48970290816023        7.1900506087620846     
   117.04644042482792        7.0925280381244757     
   116.60484696750639        6.9949825491756981     
   116.16461428491041        6.8974364872691423     
   115.72616006326102        6.7998537560647181     
   115.28982635835241        6.7022091454201416     
   114.85583776963402        6.6044316085707946     
   114.42411121822788        6.5064804655143531     
   113.99441923989561        6.4084657241444223     
   113.56703971916012        6.3103638931920552     
   113.14253587351838        6.2120615270169726     
   112.72128413623130        6.1134016351876763     
   112.30293443009582        6.0144443782709835     
   111.88773484583028        5.9154315444497092     
   111.47614947923589        5.8164043866839545     
   111.06881603232083        5.7173714993404081     
   110.66647877724026        5.6182836080500600     
   110.26809149308941        5.5192765038065783     
   109.87254951727002        5.4204344114035017     
   109.47886335169741        5.3217831139408940     
   109.08751370794832        5.2233346435321186     
   108.69982182666156        5.1250632170771118     
   108.31264560737606        5.0269172683757466     
   107.92485403143571        4.9290039405327324     
   107.53804106738222        4.8313220876325085     
   107.15325293612038        4.7335663231787697     
   106.77061969906606        4.6349431006473418     
   106.38846889246183        4.5348341985944840     
   106.00584940639420        4.4335094801341910     
   105.62460673786997        4.3318616134864358     
   105.24552412017324        4.2308949936381337     
   104.86869551837988        4.1317308989631547     
   104.49291141861796        4.0348156635714831     
   104.11823771103211        3.9401023049252264     
   103.74634571346419        3.8475002956952737     
   103.37781869693343        3.7570892770129309     
   103.01206880675842        3.6690262393096957     
   102.64810482598114        3.5834836428771033     
   102.28590670107928        3.5001171400898627     
   101.92733482596191        3.4181526649882921     
   101.57274156966322        3.3377907527951067     
   101.22156887130627        3.2593631460644565     
   100.87287192351317        3.1832285163661123     
   100.52560049467471        3.1097684535810113     
   100.18044729074589        3.0391078625050176     
   99.839319688173646        2.9714942608987394     
   99.503376780545253        2.9075831124615661     
   99.173922046808386        2.8479370617326594     
   98.924000728315974        2.8009997875038959     
>
   121.41699674193175        22.990998310213797     
   120.75525858190215        22.750026592232299     
   120.42466022443800        22.737368808974505     
   120.06993576080789        22.716749777374908     
   119.68907181737568        22.686682671996518     
   119.27817915673630        22.648514516578210     
   118.83583397880847        22.603550508940970     
   118.38701896163805        22.552732591673770     
   117.93542108853414        22.496383912964088     
   117.47582415187497        22.434655160707834     
   117.00402665226584        22.367646029558600     
   116.52247110871934        22.295233333593853     
   116.03901964788155        22.216999959550346     
   115.55136783356451        22.132908092214656     
   115.05702616421769        22.043087793002652     
   114.55569440996479        21.949435552163454     
   114.05137410793564        21.859347681668570     
   113.54257728677773        21.776221821148589     
   113.02739886187523        21.702858015270390     
   112.50599410478630        21.638020967062051     
   111.98459106657070        21.568372219424102     
   111.46298119059682        21.493902605032073     
   110.94134667743845        21.414456852327810     
   110.41980039977805        21.330281906114134     
   109.89935935767373        21.242904698872586     
   109.37980640012714        21.152675880764022     
   108.86079316880853        21.060440564512749     
   108.34256259781631        20.966705244795566     
   107.82647660779158        20.870010598148884     
   107.31280219705943        20.770466059508522     
   106.80165682196461        20.668404517344193     
   106.29347191971486        20.564042549696431     
   105.78847839229519        20.457413388116429     
   105.28661550618098        20.349022381365423     
   104.78836168111786        20.239027092832696     
   104.29428987488507        20.127921412123904     
   103.80514665146879        20.015955148830773     
   103.32077272860649        19.903096217317671     
   102.84108502742016        19.789394464911382     
   102.36652644427311        19.675565515878120     
   101.89750492510410        19.562102686865749     
   101.43355522819648        19.448727520393600     
   100.97475642172374        19.335252659267873     
   100.52152676486470        19.221712480955318     
   100.07399173537299        19.108216420391756     
   99.631919858305821        18.994318716424988     
   99.195775802422119        18.879383958877892     
   98.943799284375785        18.813800346683273     
>
   121.41699674193175        22.990998310213797     
   120.78153729044455        22.720592605199915     
   120.45914025063169        22.694485211033488     
   120.11403746698743        22.657464690046890     
   119.74461720927893        22.608217250052448     
   119.34732427448635        22.548238883811614     
   118.91945602076521        22.478889793092176     
   118.48093017939344        22.401105044989770     
   118.04066884890854        22.315396290801214     
   117.59359103972461        22.222052301247214     
   117.13565625358287        22.121276476339382     
   116.66597124930560        22.013088296642213     
   116.19379731643552        21.896910793672056     
   115.71819365829920        21.772739383766691     
   115.23690396716228        21.640892631451333     
   114.74823859053384        21.502365764388443     
   114.25595899623433        21.368944524095880     
   113.76045422259577        21.244416734451860     
   113.26050730729516        21.128530294033535     
   112.75488352631838        21.020851473802058     
   112.24807429569645        20.912500574095599     
   111.74266480092909        20.799413605386377     
   111.23786607915433        20.681850690506149     
   110.73314642555310        20.560272487509380     
   110.22877684915495        20.435045116416976     
   109.72477854939774        20.306883055579572     
   109.22063414540679        20.176967170980074     
   108.71568473573610        20.046434210852397     
   108.21111691594638        19.914465991487855     
   107.70846621288578        19.780118278466350     
   107.20836860968926        19.643907879704710     
   106.71103438186175        19.506451297773339     
   106.21675172716618        19.368083712973057     
   105.72594979097917        19.228655010365724     
   105.23788544706115        19.089159271698225     
   104.75229284300251        18.950017047980481     
   104.26979822165593        18.811742855298210     
   103.79183741521607        18.674439253093880     
   103.31825114142029        18.537894819946974     
   102.84858848249638        18.401906155845879     
   102.38287006492440        18.266662336857728     
   101.92385525336891        18.132145601291359     
   101.47118079259789        17.997817941792128     
   101.02381020198881        17.863907395556140     
   100.58135673504071        17.730734245981971     
   100.14466435856234        17.598510487447911     
   99.714425778508712        17.466459762163169     
   99.289920213993653        17.334099066719880     
   99.002995563248021        17.244300539903488     
>
   121.41699674193175        22.990998310213797     
   121.12999703371705        22.578288227498845     
   120.89215767591435        22.484035526907050     
   120.64276462449438        22.360414729427479     
   120.38586353433594        22.208179847497544     
   120.11885546895262        22.029688602378588     
   119.83993160063555        21.826420944014259     
   119.54809956651124        21.599118279770824     
   119.24406353169020        21.355113323306309     
   118.93025913969181        21.109075512641247     
   118.61412395544768        20.860304120411676     
   118.29801627317697        20.607857776986407     
   117.97996225333034        20.350796831607564     
   117.65860856963339        20.088331748455431     
   117.33300067442597        19.819891861581940     
   117.00285438064961        19.547616595334571     
   116.66989715600856        19.273342279395621     
   116.33713015335022        18.995653708050494     
   116.00336792302943        18.713313292496149     
   115.66918227690979        18.427460645755389     
   115.33409937890795        18.138018418528027     
   114.99764653885610        17.845872403540678     
   114.66002944859693        17.552604537221683     
   114.32359895389845        17.258198203795445     
   113.98782907951940        16.961876472513381     
   113.65217666148504        16.663021121931759     
   113.31635350203251        16.361296398791968     
   112.98015219044571        16.057932443445921     
   112.64345641629546        15.753539455928454     
   112.30796156165040        15.447644173113963     
   111.97381602257532        15.140040903159711     
   111.64087770554099        14.830486139009556     
   111.30897930687588        14.518911698687759     
   110.97750317809403        14.206339165914626     
   110.64622529270379        13.892685461812164     
   110.31581085468677        13.577552380723839     
   109.98648389053466        13.260809288276002     
   109.65823179517629        12.942308934319399     
   109.33090158888464        12.622947424820680     
   109.00433227052376        12.303864945760422     
   108.67853873699588        11.984918830651614     
   108.35398451114438        11.666058659209680     
   108.03106206904802        11.347507884968506     
   107.71000231269180        11.030129955301330     
   107.39054912994840        10.715657494532412     
   107.07286925153159        10.404484697613828     
   106.75742276253806        10.097094567953436     
   106.44473907595577        9.7937036835917688     
   106.13514133997215        9.4946357656740670     
   105.82917386447748        9.1993407747323079     
   105.52725949231278        8.9073597715853676     
   105.22970246405880        8.6184675838260212     
   104.93651939549112        8.3322894970666841     
   104.64759798688503        8.0483591236750982     
   104.36231772496569        7.7663521695482398     
   104.07998934152471        7.4864892234311000     
   103.80119782645465        7.2097053524193102     
   103.52610360793368        6.9362051024400397     
   103.25435546284317        6.6657031405192537     
   102.98607199344339        6.3984979776599094     
   102.72199403414284        6.1355997384267118     
   102.46254156299368        5.8778117096260818     
   102.20358756511240        5.6215666561248012     
   101.94392252662716        5.3659719097028979     
   101.68420076532175        5.1123859532548241     
   101.42581972521968        4.8620733045992441     
   101.17127922111149        4.6158681902626544     
   101.02549412490185        4.4794996551539583     
>
   121.41699674193175        22.990998310213797     
   121.25760790917086        22.554544284171563     
   121.06474917478103        22.446647167026217     
   120.83963406333852        22.300059929925723     
   120.60993987332478        22.116689376359215     
   120.37378157364623        21.899215802817729     
   120.12917959517580        21.649476684899113     
   119.87576438014591        21.374587585263093     
   119.61570514670858        21.097700008893270     
   119.34844096919801        20.817853105593951     
   119.07361718674878        20.532568260012361     
   118.79302887608320        20.240565484469812     
   118.51223544653267        19.941829882064038     
   118.23056138087551        19.636917794798631     
   117.94763081880861        19.330349859551369     
   117.66274131409466        19.021082147248585     
   117.37533365994121        18.707878787960563     
   117.08434616558337        18.389038097083123     
   116.78751049117339        18.060937835536244     
   116.49269048223056        17.729773968744052     
   116.20142739518093        17.397776448383144     
   115.91227164684315        17.063704247903804     
   115.62388423488727        16.726462444989998     
   115.33511580600823        16.385171549450682     
   115.04545528186701        16.041762429001711     
   114.75450904046929        15.697564918648579     
   114.46481700365018        15.351947618918620     
   114.17680545199745        15.004340436821549     
   113.89004237534556        14.653979619637704     
   113.60378751224383        14.301705123471375     
   113.31785866211843        13.948889182203715     
   113.03275601711063        13.595587945697083     
   112.74902274119508        13.241911421845085     
   112.46720199834647        12.886711976216006     
   112.18613412201968        12.530140296705776     
   111.90521063105328        12.172811167011462     
   111.62454497108749        11.814646091917314     
   111.34419787564693        11.455533917614170     
   111.06412350810928        11.095454017621979     
   110.78376266168203        10.736512584737033     
   110.50375934090897        10.380207330594123     
   110.22489677907430        10.027104337479091     
   109.94705064433990        9.6773118944121990     
   109.67003587134310        9.3309279771736904     
   109.39320960145565        8.9870518961346821     
   109.11596965605163        8.6454309769145539     
   108.83779407059420        8.3059701085219597     
   108.55865534310995        7.9690004605532678     
   108.27935561448976        7.6355258550376179     
   108.00060191463311        7.3059387680537498     
   107.72295115850142        6.9807044413183634     
   107.44636495792345        6.6603408286638439     
   107.17092753769275        6.3450599244684920     
   106.89692480374111        6.0346228053383841     
   106.62488387722544        5.7284267196898186     
   106.35579597510370        5.4256706725474899     
   106.09016128951710        5.1264686825094561     
   105.82810930892376        4.8318967642850330     
   105.56971852853943        4.5430761962480863     
   105.31495227906622        4.2605759254733488     
   105.06439325856560        3.9840309778554803     
   104.81831648677154        3.7126541094058760     
   104.57666294903281        3.4461112857392715     
   104.33921205660441        3.1834829096200710     
   104.10647316895206        2.9246589731546710     
   103.87938135317137        2.6700686217196825     
   103.65833481491887        2.4173478315181804     
   103.44230280314981        2.1615084321245646     
   103.31899713244879        2.0156998446459857     
>
   121.41699674193175        22.990998310213797     
   121.12182665578582        22.578783263020060     
   120.88240765338594        22.485124146687507     
   120.63226173544410        22.362481388137006     
   120.37448115509460        22.211694370515072     
   120.10646181923103        22.035106491138578     
   119.82640922408901        21.834163322484411     
   119.53335621693718        21.609598823467710     
   119.22787518259705        21.367801473326402     
   118.91262636403732        21.123768441930711     
   118.59556757185315        20.877147360246433     
   118.27842856557989        20.626944146526679     
   117.95925555919054        20.372226025506929     
   117.63670783148176        20.112217212354174     
   117.30983312662457        19.846360219149254     
   116.97826245980914        19.576297715845104     
   116.64419140524535        19.304340441165184     
   116.31026359012637        19.029033082350360     
   115.97540070791176        18.749366087793700     
   115.64006055186707        18.466371354455525     
   115.30373490844218        18.179917675004400     
   114.96581071281337        17.890400963265737     
   114.62688498698652        17.599750368082070     
   114.28918309897604        17.308078762135892     
   113.95206505494255        17.014594317776364     
   113.61505300809819        16.718753871028820     
   113.27785818772229        16.420234273705798     
   112.94020557408079        16.119676092604429     
   112.60208485393370        15.818094608909437     
   112.26513697836064        15.515093335837614     
   111.92930064087919        15.210371470554895     
   111.59426071471080        14.903545131349222     
   111.25966425786351        14.594222415099637     
   110.92522020778546        14.283529183842230     
   110.59118009294174        13.972229190296670     
   110.25857466437714        13.660325872209622     
   109.92759758182095        13.347867930992324     
   109.59824139682209        13.034835313122501     
   109.27022937077321        12.721335734662642     
   108.94278342701017        12.407907775925176     
   108.61581533003496        12.094355485349631     
   108.28971984775747        11.780227945163780     
   107.96456745398450        11.465369883809469     
   107.64036674308277        11.149879850024712     
   107.31693379560515        10.834762811754210     
   106.99426059014272        10.520747571293080     
   106.67250526304255        10.208096543304196     
   106.35182824248282        9.8968223328586955     
   106.03219744282788        9.5868745196720138     
   105.71360656154216        9.2784817138980458     
   105.39604815017454        8.9719939927398737     
   105.07987114001256        8.6677104401582330     
   104.76544738065485        8.3660430127963590     
   104.45363057919246        8.0671893810880722     
   104.14559358019937        7.7716531749212754     
   103.84184803497239        7.4793931413358710     
   103.54271537282564        7.1902351011669836     
   103.24797615092970        6.9040329501809206     
   102.95721841264132        6.6205133875170095     
   102.66994196581926        6.3393687348478291     
   102.38543806169072        6.0603085025793302     
   102.10272006695990        5.7831768461955733     
   101.82175073937114        5.5081594040170163     
   101.54292484683434        5.2357225636759166     
   101.26650193922342        4.9662822925199643     
   100.99237831118040        4.7001193398609606     
   100.72002741450619        4.4372698020389940     
   100.44872503056787        4.1778969720211334     
   100.17924121462070        3.9235971101801916     
   99.911770199351821        3.6754405016476923     
   99.646248386447724        3.4342000664677563     
   99.383567871170627        3.2005467381998125     
   99.125206884590781        2.9749085163049132     
   98.924000728315974        2.8009997875038959     
>
   154.81899542562425       -4.5799998873700014     
   154.65577064053176       -3.9901375618660535     
   154.55132043738598       -3.8238061996947819     
   154.42046833977531       -3.6169420853504968     
   154.26802318234041       -3.3594325140305514     
   154.09490284344355       -3.0480305340002940     
   153.90645473803789       -2.6833549396612453     
   153.70862960561806       -2.2862699885424944     
   153.51065836896456       -1.8969480423739458     
   153.31286131147587       -1.5091020354445828     
   153.11464714072397       -1.1158971544064851     
   152.91531627526044      -0.71376960187311100     
   152.71250239945724      -0.31271233447125801     
   152.50575001187988        8.6486830852692168E-002
   152.29552091649845       0.48666231623237677     
   152.08249120349231       0.89053853590782883     
   151.86581404126389        1.2951298068917063     
   151.64559542700232        1.6975764969080873     
   151.42477749890372        2.0975938459407164     
   151.20365303839327        2.4959181047358485     
   150.98184274742113        2.8928449195075436     
   150.75845166593618        3.2879829600926174     
   150.53380695283042        3.6817705391921480     
   150.30830223009804        4.0747204540185074     
   150.08244227354260        4.4673197186840046     
   149.85699026292593        4.8593288368369398     
   149.63181040725436        5.2501330247802453     
   149.40899686721087        5.6394154368620288     
   149.18888654196957        6.0272368066068864     
   148.97063775655286        6.4127159249504304     
   148.75336471823408        6.7951933174888124     
   148.53748568619207        7.1748941566292563     
   148.32312212747601        7.5520527821034467     
   148.11056338576441        7.9255083814507552     
   147.89886178889040        8.2960991919021279     
   147.68810385347876        8.6647024118175011     
   147.47927392099410        9.0308327459579054     
   147.27313173345161        9.3935350737054346     
   147.06932835956374        9.7529113815447843     
   146.86697113111052        10.110859878598401     
   146.66610645767210        10.466534306226421     
   146.46691997756895        10.818802499857181     
   146.26960993419260        11.166723662817247     
   146.07388010837121        11.510718346116548     
   145.87930421951717        11.851384144718772     
   145.68662653978555        12.187426747000739     
   145.49700501684811        12.517590229510470     
   145.31165775894343        12.840899418107787     
   145.13079446861863        13.157601257595521     
   144.95983475350710        13.458480295053235     
   144.91408923145903        13.539699352084083     
>
   154.81899542562425       -4.5799998873700014     
   154.65495704048530       -3.9890288885633267     
   154.55024499563447       -3.8224339658136293     
   154.41914652617871       -3.6152300875062862     
   154.26647161267439       -3.3573263212342606     
   154.09313011207473       -3.0455370217452722     
   153.90449694130641       -2.6805308307676334     
   153.70657555197968       -2.2835083320468139     
   153.50855847870380       -1.8943204579985955     
   153.31070412543724       -1.5065495085383054     
   153.11241948087851       -1.1133784320091797     
   152.91300381766365      -0.71131161300039958     
   152.71008738241795      -0.31036378053437119     
   152.50322842469367        8.8744284502688245E-002
   152.29288874846085       0.48886190114667494     
   152.07974501685669       0.89269056532645452     
   151.86293435546571        1.2972010492634667     
   151.64260745218388        1.6995629415285280     
   151.42168295393836        2.0995006494298498     
   151.20043358863202        2.4977601639959337     
   150.97847948525728        2.8946285370741518     
   150.75495146686313        3.2897018334301777     
   150.53018585966595        3.6834160739339725     
   150.30458144228001        4.0762800450934540     
   150.07863840684658        4.4687784691898145     
   149.85300992523395        4.8607560746648941     
   149.62757281151951        5.2516261527528059     
   149.40446534413530        5.6409962273748055     
   149.18395452140635        6.0289568258600061     
   148.96514882102824        6.4146611166107688     
   148.74728678211247        6.7974524900121471     
   148.53075744299107        7.1774925201578688     
   148.31575331747788        7.5550052335395979     
   148.10251733967127        7.9288269529078041     
   147.89010584810890        8.2997053881643303     
   147.67864030983998        8.6683934058310239     
   147.46916350802258        9.0345094160269479     
   147.26238419142962        9.3971830958855165     
   147.05794196961796        9.7564768978046637     
   146.85496021718544        10.114252934566744     
   146.65348878145886        10.469757766692128     
   146.45370356047644        10.821874699469181     
   146.25580165171419        11.169639444955530     
   146.05947480388693        11.513489742894475     
   145.86428126654690        11.854064441209809     
   145.67091489156471        12.190093292505075     
   145.48052904294983        12.520306622341595     
   145.29435557992753        12.843702327563570     
   145.11263571772287        13.160547979453881     
   144.93475238080765        13.472213520062565     
   144.86860268632719        13.589099771805571     
>
   154.81899542562425       -4.5799998873700014     
   154.65489516104515       -3.9889291939097484     
   154.55016478154536       -3.8223107798911036     
   154.41904969631403       -3.6150771077792436     
   154.26635988590743       -3.3571372451671291     
   154.09300578023667       -3.0453118493380522     
   153.90436286918609       -2.6802724268092204     
   153.70643861507043       -2.2832482092150634     
   153.50842154179458       -1.8940649188290779     
   153.31056604261246       -1.5062928234532298     
   153.11228025213816       -1.1131165903040912     
   152.91286287004996      -0.71104747946419455     
   152.70994299705762      -0.31010193882928283     
   152.50308060158665        8.9005553249997427E-002
   152.29273806056494       0.48912431580954246     
   152.07959146417184       0.89295469886265966     
   151.86277736503422        1.2974634639263340     
   151.64244816992127        1.6998230643602787     
   151.42152309871796        2.0997590533882633     
   151.20027258749607        2.4980174220387887     
   150.97831619229021        2.8948840762436694     
   150.75478645502272        3.2899556537263575     
   150.53001970190996        3.6836693212723732     
   150.30441356565069        4.0765321465162963     
   150.07846995725950        4.4690299976548769     
   149.85284032973129        4.8610064572143985     
   149.62740264305913        5.2518759623445312     
   149.40429517567489        5.6412443180931939     
   149.18378377998812        6.0292049165783936     
   148.96497636073670        6.4149080614135983     
   148.74711145703205        6.7976982888994177     
   148.53057982607953        7.1777383190451385     
   148.31557398169301        7.5552498865113096     
   148.10233513909748        7.9290710329217378     
   147.88992020978844        8.2999488952204850     
   147.67845295264618        8.6686351940138398     
   147.46897385899766        9.0347500582942057     
   147.26219339648915        9.3974203004061003     
   147.05774888284637        9.7567129564096877     
   146.85476483858272        10.114486701340653     
   146.65329168398281        10.469988668677139     
   146.45350474412706        10.822102736665295     
   146.25560111649148        11.169864044404973     
   146.05927140387533        11.513711477555020     
   145.86407557470417        11.854283311081456     
   145.67070748084865        12.190308724630048     
   145.48032048631819        12.520517470804334     
   145.29414530442259        12.843909165321856     
   145.11242429630235        13.160751952423270     
   144.93453924051377        13.472414628243060     
   144.86838897307555        13.589299734070510     
>
   154.81899542562425       -4.5799998873700014     
   154.11711813541595       -4.4447686734529910     
   153.75080961140623       -4.4043997872048246     
   153.37224552049969       -4.3382329039909937     
   153.00575823366287       -4.2559859607042840     
   152.63996766348552       -4.1680415252613408     
   152.26448436655767       -4.0766604890588338     
   151.87273479827869       -3.9827338014434011     
   151.46889524790112       -3.8861222336746981     
   151.06669550268759       -3.7859548899283628     
   150.66311091852171       -3.6829181736238596     
   150.25481318366428       -3.5779099096011739     
   149.83898678358833       -3.4714921694416891     
   149.41698619048387       -3.3641221734531954     
   148.99534656078026       -3.2552246720253901     
   148.57300276596607       -3.1455061221000098     
   148.14830812538386       -3.0354793208894275     
   147.72007088685294       -2.9257252475817372     
   147.28943524705835       -2.8174052875953524     
   146.85886148670392       -2.7103819310632669     
   146.42813875732691       -2.6031024624038852     
   145.99609478731105       -2.4984929769955140     
   145.56229355578648       -2.3989306766639991     
   145.12758475913961       -2.3026588728583541     
   144.69260495346325       -2.2082096477483031     
   144.25733523115059       -2.1153200137131982     
   143.82173949586158       -2.0238765251127604     
   143.38580113182061       -1.9337875087023213     
   142.94973499819488       -1.8443963548669307     
   142.51353135470214       -1.7556950421976816     
   142.07712087345112       -1.6678623335216798     
   141.64043021584610       -1.5810993370194193     
   141.20338375146017       -1.4954919963577791     
   140.76591329831766       -1.4109526489965429     
   140.32795010148504       -1.3276657873406092     
   139.88944087588888       -1.2457826722436829     
   139.45035410885126       -1.1653817989215132     
   139.01079350573028       -1.0864631673740996     
   138.57086563667283       -1.0095487421382816     
   138.13057164759448      -0.93508657619738333     
   137.68986684778847      -0.86348346957462729     
   137.24875352908589      -0.79443976535149863     
   136.80756572587202      -0.72505056758752029     
   136.36659564661423      -0.65487011513048499     
   135.92602090822407      -0.58415222827657265     
   135.48592401662177      -0.51322005521324410     
   135.04692548508214      -0.44201515424702292     
   134.61086966469648      -0.36948843968421763     
   134.17806824449653      -0.29557115659132588     
   133.74855101828692      -0.22034810271966740     
   133.32238215733884      -0.14425816372809927     
   132.89998736928231       -6.7364364972332044E-002
   132.48141764735962        1.0254798331885712E-002
   132.06627994253427        8.7984542487486522E-002
   131.65458342213068       0.16566100156962296     
   131.24641918643579       0.24281950681937450     
   130.84207371433919       0.31909966779363269     
   130.44172748754130       0.39420411940499944     
   130.04552317252916       0.46796956868640671     
   129.65358796592974       0.54036736774889493     
   129.26603760521445       0.61143017518587794     
   128.88278843854752       0.68125653973537581     
   128.50376540845983       0.75001433802669004     
   128.12915988284971       0.81783305851791721     
   127.75920562849099       0.88483130346934891     
   127.39417881103329       0.95111105936568030     
   127.03419287611692        1.0167101414203379     
   126.67919396571052        1.0819706054274958     
   126.32913223248744        1.1481970762503628     
   125.98480007705621        1.2165629714207136     
   125.64691656142971        1.2857596553708848     
   125.31504509178022        1.3531480845699428     
   124.98837264101905        1.4178842922091450     
   124.83989349733170        1.4439000131309017     
>
   154.81899542562425       -4.5799998873700014     
   154.16578631509566       -4.7890991100108939     
   153.86156235012305       -4.8588996914603282     
   153.52266126148072       -4.9278299500431784     
   153.19158104652428       -4.9933178782886731     
   152.85636808710660       -5.0603613869046606     
   152.51010277212836       -5.1301201424362146     
   152.14797454807558       -5.2029814643420647     
   151.76683501195160       -5.2788605548708922     
   151.37703063533297       -5.3578519520562624     
   150.98684065812895       -5.4398702851890777     
   150.59306969480505       -5.5249676934272403     
   150.19315318634156       -5.6130828702883822     
   149.78481820922846       -5.7042427447881217     
   149.37028497486011       -5.7989016724453553     
   148.95435085872168       -5.8977878825974299     
   148.53555481847621       -6.0007088614305379     
   148.11286724899449       -6.1061456978720541     
   147.68575587249967       -6.2113842909219734     
   147.25531847609668       -6.3131725322256287     
   146.82322523171183       -6.4086261523225945     
   146.38867113366538       -6.4979663129156373     
   145.95088669965989       -6.5813855278185631     
   145.50945825417875       -6.6593530494525250     
   145.06695493990387       -6.7373228629176065     
   144.62401216701235       -6.8169519621112125     
   144.18014922392743       -6.8978094827833933     
   143.73491863062361       -6.9794192970196471     
   143.28840461189441       -7.0618942775024740     
   142.84197309908541       -7.1468713646070077     
   142.39570659811685       -7.2340113673279740     
   141.94951286278621       -7.3226049639347357     
   141.50321714097086       -7.4117715183206840     
   141.05653753744349       -7.4998889870129419     
   140.60938066008603       -7.5862010657429826     
   140.16182901481872       -7.6707747905709684     
   139.71406995883535       -7.7536817812193020     
   139.26655097216147       -7.8350515261460769     
   138.81990689201641       -7.9156013684908357     
   138.37428840629607       -7.9953324541691364     
   137.92982328458524       -8.0739732011936436     
   137.48672352126221       -8.1513047396927085     
   137.04515011746292       -8.2273860843175903     
   136.60508989515850       -8.3024487100110758     
   136.16647123462653       -8.3764187052196526     
   135.72928897924692       -8.4492634113499072     
   135.29356375549980       -8.5209730881195913     
   134.85903257576453       -8.5917471248358641     
   134.42545766256271       -8.6616582871366834     
   133.99301892463703       -8.7307105857265004     
   133.56193179411241       -8.7988856859563800     
   133.13260020622323       -8.8660180030281417     
   132.70530834802801       -8.9321631138463644     
   132.28020690742258       -8.9973055485510081     
   131.85747292836075       -9.0612321668482210     
   131.43741580804328       -9.1238724949311578     
   131.01990433913872       -9.1849950578570283     
   130.60450994922829       -9.2444548973076994     
   130.19135009465666       -9.3021918527163550     
   129.78083386727820       -9.3580569550604071     
   129.37331077133825       -9.4120559339176477     
   128.96896701811499       -9.4643068185905896     
   128.56782151521514       -9.5151997933268593     
   128.17022319392626       -9.5650499849050110     
   127.77648488919570       -9.6140447505188327     
   127.38684208667081       -9.6622958169352717     
   127.00144891199415       -9.7098707931722696     
   126.62057350940638       -9.7570756386839150     
   126.24471492513317       -9.8040925540439847     
   125.87427079187326       -9.8510109206660346     
   125.50945482287831       -9.8978164146055860     
   125.15031514660178       -9.9443726719111893     
   124.79668789711877       -9.9908000137164770     
   124.44853124851149       -10.037429036660038     
   124.10602797431140       -10.084271772855235     
   123.76937631791016       -10.131146594686067     
   123.60499931472368       -10.151300384568964     
>
   154.81899542562425       -4.5799998873700014     
   154.20270198480867       -4.2785851343887495     
   153.88394265393586       -4.1840597058940654     
   153.53658642734607       -4.0590844362244987     
   153.20940519007701       -3.9202349939319237     
   152.88561013328294       -3.7743060853197159     
   152.55592048685662       -3.6233213972639633     
   152.21518364148977       -3.4682463636225958     
   151.85986330176928       -3.3095341939989500     
   151.49395183750053       -3.1471006635994869     
   151.12801459013170       -2.9805464208521117     
   150.75961648910126       -2.8104369750848819     
   150.38687708697793       -2.6377778672002714     
   150.00842243100723       -2.4637660059990001     
   149.62409438484207       -2.2901506315809268     
   149.23971190768791       -2.1160998092506715     
   148.85568638323016       -1.9410319868623591     
   148.47052067279182       -1.7650571723095942     
   148.08280931094058       -1.5881077565744326     
   147.69118980407748       -1.4101052444411255     
   147.29656857140924       -1.2317898973603825     
   146.90073266824911       -1.0534659559129513     
   146.50312804442464      -0.87437195921029365     
   146.10323789201900      -0.69498346220913365     
   145.70072817664689      -0.51675864245750192     
   145.29628186398116      -0.33924257147872450     
   144.89161037890818      -0.16155002950395753     
   144.48644213944070        1.6319556424578208E-002
   144.08046602950452       0.19432436038900200     
   143.67336978711000       0.37240307590694094     
   143.26567022017406       0.55079978299232857     
   142.85891431470040       0.72996826420628080     
   142.45296685265319       0.90950458431447101     
   142.04780090501680        1.0886054565104792     
   141.64308014557483        1.2671740509296230     
   141.23844647571528        1.4455042949126249     
   140.83389989543818        1.6239537141136977     
   140.42937222276780        1.8025062657150241     
   140.02484798784408        1.9811098105586979     
   139.62050595349416        2.1597185120223847     
   139.21658676198527        2.3383002844704497     
   138.81344564714050        2.5167577250804309     
   138.41116969854232        2.6949120710252226     
   138.00938420180310        2.8724676760907637     
   137.60803873663835        3.0493764118236033     
   137.20723815432154        3.2254692556788811     
   136.80529108348861        3.4009765366838298     
   136.40276360642540        3.5759572694897050     
   136.00053464036509        3.7503083216962549     
   135.59771610075003        3.9242067372572467     
   135.19285210186325        4.0979561837956497     
   134.78733321223487        4.2715217108869341     
   134.38370680215115        4.4440662272157079     
   133.98316233196167        4.6152465310722377     
   133.58450117399235        4.7857759548916112     
   133.18824987644234        4.9555439178224443     
   132.79546268162525        5.1242954536530014     
   132.40630230955045        5.2918970632207296     
   132.02074355007559        5.4580204417181557     
   131.63817104654586        5.6224667727959039     
   131.25790928173961        5.7849197837598592     
   130.87988950072329        5.9451800853028667     
   130.50439875534431        6.1030626120622502     
   130.13170748167443        6.2593821100000113     
   129.76181854450255        6.4148742569046266     
   129.39477033199992        6.5700747682996363     
   129.03101949151647        6.7252460588479064     
   128.67151083043012        6.8802311381179422     
   128.31603407323593        7.0345412731240948     
   127.96400136525243        7.1875479291825970     
   127.61503684617645        7.3389428550082467     
   127.26924880502828        7.4888624145524920     
   126.92750011622341        7.6371817030194675     
   126.59165403845971        7.7831467079717651     
   126.26198272668228        7.9256722473756014     
   125.93957766546053        8.0619771841708090     
   125.62666078506210        8.1876314088087128     
   125.32326187929152        8.2969729525153895     
   125.02492333662673        8.3827344188196289     
   124.77717696586414        8.4374914208187342     
   124.69419549070450        8.4547993294124115     
>
   154.81899542562425       -4.5799998873700014     
   154.23007618862485       -4.2384001675877023     
   153.92865685198140       -4.1340101250087598     
   153.59009839209099       -3.9972342169190616     
   153.27014100650192       -3.8449196938578156     
   152.95462862736377       -3.6846760080904044     
   152.63426214992037       -3.5187291005889674     
   152.30385974401671       -3.3481383702872209     
   151.95999397621773       -3.1734057281997328     
   151.60277657329038       -2.9946732678557417     
   151.24413193253503       -2.8114270461273168     
   150.88356788321943       -2.6240709982487851     
   150.51987261964058       -2.4344998955959167     
   150.15249896711933       -2.2448457140650668     
   149.77968164273804       -2.0550110508337727     
   149.40390441846947       -1.8644997244652588     
   149.02886802860939       -1.6723050481414945     
   148.65317560209212       -1.4785330190516284     
   148.27539016080752       -1.2830976935287830     
   147.89414577340995       -1.0859555267817402     
   147.50876176605775      -0.88726064445310104     
   147.12210693835129      -0.68799853392306709     
   146.73437265818890      -0.48929047356550670     
   146.34487538693989      -0.29095598167997605     
   145.95321118937002       -9.2961826715282442E-002
   145.55892857474930       0.10480028034884051     
   145.16370057979290       0.30317373336335579     
   144.76826230933150       0.50254757066033129     
   144.37230035546000       0.70288512294189898     
   143.97552995816199       0.90408211189224685     
   143.57817227914035        1.1049358991328619     
   143.18131307338660        1.3053158502900897     
   142.78559290769786        1.5057215845473804     
   142.39065196458884        1.7062447751494048     
   141.99622725643886        1.9069438637896392     
   141.60208157872731        2.1078727084993276     
   141.20824873596325        2.3092725245035077     
   140.81508969154748        2.5114996915408336     
   140.42244172547075        2.7143754467841994     
   140.03009284335477        2.9172855794943158     
   139.63791355674141        3.1202730615046224     
   139.24589412534846        3.3234152421153094     
   138.85444822469245        3.5267018080863517     
   138.46401703226337        3.7298938360238281     
   138.07476326807057        3.9328583997229676     
   137.68680496141647        4.1354190281877798     
   137.30005444976095        4.3375161338092303     
   136.91415707223857        4.5385521216236269     
   136.52902516630922        4.7383912006373015     
   136.14351338937229        4.9383053371200507     
   135.75835398146953        5.1380911310602624     
   135.37190599152137        5.3389718473164978     
   134.98382392598697        5.5416516509993823     
   134.59648154894552        5.7456744677166789     
   134.21176389149053        5.9504404106735818     
   133.82921888993420        6.1558434826809405     
   133.44959425417838        6.3598869258782891     
   133.07310427043251        6.5626698619614245     
   132.70040325648037        6.7642805264283457     
   132.33154507035326        6.9649841987308143     
   131.96614640329690        7.1652249211476997     
   131.60372654373450        7.3656507089272614     
   131.24392796601188        7.5669147339377743     
   130.88665785096882        7.7695922457895410     
   130.53188296705412        7.9728593311960907     
   130.17972191652811        8.1761539185760430     
   129.83051159856484        8.3797349848455873     
   129.48457745318302        8.5837675418451305     
   129.14204896884064        8.7883719107083014     
   128.80312095118268        8.9927293347686454     
   128.46684458212681        9.1967063148636079     
   128.13222234217943        9.4010070161038097     
   127.79852542904548        9.6060686052747730     
   127.46421086742555        9.8106620879401412     
   127.12823186345705        10.013701709108354     
   126.79396027367058        10.211938798171420     
   126.46354182494909        10.403413839524527     
   126.13651070261818        10.585757652750734     
   125.81225097706519        10.755444255676924     
   125.48946203413136        10.913584040479162     
   125.22081015287957        11.042710962216715     
   125.07340530502816        11.116372706140089     
   124.98213714150818        11.163359827695642     
   124.97899274921599        11.164999632859674     
>
   154.81899542562425       -4.5799998873700014     
   154.14415372118469       -4.6906351697420803     
   153.82581494132180       -4.7255684055391010     
   153.48155956223297       -4.7495581477536533     
   153.14515026697234       -4.7662358027902236     
   152.80453259682358       -4.7803483258493742     
   152.45252739081343       -4.7931831530609381     
   152.08439686106590       -4.8052112557194064     
   151.69728137530501       -4.8165724355229020     
   151.30507057601378       -4.8268862485060442     
   150.91204732259169       -4.8362254603067889     
   150.51517035514678       -4.8450472912329285     
   150.11196220424188       -4.8539711086437638     
   149.70032126074287       -4.8633424060801431     
   149.28446449390464       -4.8734281818671681     
   148.86738388925002       -4.8845149148944342     
   148.44750782359080       -4.8962983645811899     
   148.02342968557898       -4.9087023275428052     
   147.59421268924567       -4.9214689727786460     
   147.16274797954458       -4.9336649520664171     
   146.73012589512953       -4.9446731898779328     
   146.29586744329717       -4.9542553357770531     
   145.85934179753252       -4.9621455373542345     
   145.42023440401488       -4.9683867664429169     
   144.97995989550103       -4.9746491949694285     
   144.53847701903086       -4.9812657114034780     
   144.09543970810577       -4.9882563692673374     
   143.65052653341164       -4.9956395032099383     
   143.20401308764019       -5.0034151132312825     
   142.75666426942675       -5.0115585621468650     
   142.30833512045305       -5.0200836009433862     
   141.85888526606331       -5.0290034076497658     
   141.40823162737951       -5.0383621000150036     
   140.95694085964521       -5.0488071203295792     
   140.50522381132322       -5.0607991266479591     
   140.05306157480680       -5.0745529781373397     
   139.60044269094035       -5.0902067576225019     
   139.14741471521961       -5.1069766588615213     
   138.69411000089147       -5.1226527837000724     
   138.24054802852049       -5.1369836036730945     
   137.78676260261562       -5.1499232821582490     
   137.33282534289930       -5.1615606276113120     
   136.87920492883484       -5.1725316231671812     
   136.42614142973176       -5.1830562846130634     
   135.97369557911466       -5.1930864834955086     
   135.52193670487478       -5.2025666429099342     
   135.07106706110818       -5.2113850360893990     
   134.62152897122044       -5.2193514410512112     
   134.17342041099178       -5.2264148645530257     
   133.72681930268013       -5.2325323347614043     
   133.28183107051692       -5.2376454099828669     
   132.83878230043624       -5.2417197127506645     
   132.39785691188524       -5.2447581078536931     
   131.95910876289514       -5.2467279366985373     
   131.52251608107034       -5.2476274804118601     
   131.08802443542180       -5.2474533012469875     
   130.65560403214505       -5.2465514657025469     
   130.22515689545980       -5.2450159388543263     
   129.79663604282820       -5.2429464153559051     
   129.36981343705409       -5.2405674946567213     
   128.94451547193040       -5.2378109947810527     
   128.52117071987595       -5.2351089258944077     
   128.09943082256103       -5.2323770632032449     
   127.67926254843438       -5.2296744213588209     
   127.26056047326469       -5.2271110082547390     
   126.84368842524172       -5.2248644408025466     
   126.42973158639928       -5.2232905257831215     
   126.01903430436259       -5.2223164975585030     
   125.61194551041925       -5.2218839144352183     
   125.20882387613899       -5.2218787578152037     
   124.81014954014076       -5.2222620665694812     
   124.41643931034143       -5.2230487376003047     
   124.02756828194512       -5.2240474030094264     
   123.64338691297142       -5.2250151286984732     
   123.26379149806235       -5.2257026780334970     
   122.88882329017797       -5.2259943135431044     
   122.51864500932763       -5.2260051997409080     
   122.15312086451760       -5.2255892323932187     
   121.79224398025454       -5.2248604300980928     
   121.43616389851887       -5.2241098554073577     
   121.08495052015959       -5.2235919015749728     
   120.73848868066312       -5.2235008012880826     
   120.39665519410691       -5.2235030931191995     
   120.05915957089694       -5.2227582480062571     
   119.72582705891053       -5.2203770354759556     
   119.47529955108774       -5.2178130494140955     
   119.46999739979915       -5.2177998713851741     
>
   154.81899542562425       -4.5799998873700014     
   154.24608233714423       -4.2234270619442134     
   153.95391856046572       -4.1152291419647939     
   153.62076251947531       -3.9737263321968048     
   153.30459754142666       -3.8157676020527904     
   152.99353360648612       -3.6494946815749958     
   152.67821889778179       -3.4772234661068948     
   152.35345325050980       -3.3000528886689668     
   152.01584590053287       -3.1184928816846891     
   151.66415066468127       -2.9327554395323601     
   151.30960038021604       -2.7423638613396961     
   150.95352373622703       -2.5476785375498063     
   150.59541481099524       -2.3517258311523555     
   150.23405091261989       -2.1554436740318721     
   149.86771144889008       -1.9586584599812626     
   149.49705704012521       -1.7610424571508321     
   149.12684151701922       -1.5614801167445043     
   148.75623294487667       -1.3600195672157303     
   148.38372559065394       -1.1565164232041556     
   148.00797071173875      -0.95096724696310442     
   147.62808194244673      -0.74389113824052044     
   147.24644164122375      -0.53705910953187030     
   146.86386856473624      -0.33043735632818150     
   146.47979491182502      -0.12385571016903579     
   146.09379841260690        8.2777502190236690E-002
   145.70533303831823       0.28959348808106977     
   145.31502273998058       0.49704488414902104     
   144.92462363318717       0.70583127184247763     
   144.53391169144632       0.91585410242341936     
   144.14298947420048        1.1259147482177874     
   143.75167936453818        1.3356161494846053     
   143.35992922330141        1.5451978025755730     
   142.96902247591564        1.7551914123097765     
   142.57909090267006        1.9656055730539028     
   142.19023878188040        2.1763251202943352     
   141.80268899412289        2.3871879069795652     
   141.41643294503078        2.5982466452252768     
   141.03066677483986        2.8099453773103393     
   140.64508051339160        3.0221299775921535     
   140.25971254885724        3.2348434179041567     
   139.87460241532349        3.4481372644464763     
   139.48979365758157        3.6620693859548088     
   139.10548108127648        3.8767314556738266     
   138.72190189092871        4.0922237412148856     
   138.33915119752965        4.3086121327225930     
   137.95713331713020        4.5254841005959339     
   137.57572391789219        4.7424775355184625     
   137.19469897332405        4.9598771975064349     
   136.81400634426785        5.1777409552955476     
   136.43383682566403        5.3962091835417025     
   136.05444194597766        5.6154629369031239     
   135.67614714522733        5.8357256689136925     
   135.29934891019627        6.0572666697296276     
   134.92342157098955        6.2784776468647499     
   134.54804484420862        6.4982241439162705     
   134.17351208423645        6.7165892397621736     
   133.80007023587584        6.9338559755453737     
   133.42803729069425        7.1501458183150604     
   133.05778624420594        7.3657005562540521     
   132.68979437024095        7.5801363076502888     
   132.32435158543558        7.7940701480319614     
   131.96149685091876        8.0070207928645463     
   131.60134876895086        8.2190289221503718     
   131.24460119140244        8.4301506857517925     
   130.89144605912949        8.6401437225282187     
   130.54180888762076        8.8493747254583237     
   130.19568222842511        9.0584040472501535     
   129.85293315533775        9.2680745087968965     
   129.51349463229857        9.4793051343763626     
   129.17679484744386        9.6918254879167804     
   128.84303204416528        9.9038032504403066     
   128.51299690419808        10.114605876558723     
   128.18701028389862        10.324386345999068     
   127.86475591057278        10.534121551774858     
   127.54463294018554        10.745928572880187     
   127.22294923280778        10.962817729486906     
   126.89628480345553        11.186122867304956     
   126.56574717951598        11.411025984369157     
   126.23123609337777        11.635454692392194     
   125.88868297185093        11.861048223580317     
   125.53181564612665        12.089094587021139     
   125.15753498757729        12.317988927975156     
   124.77714659910183        12.541239634804183     
   124.40331743128249        12.757293418968846     
   124.02662060977832        12.977018143624758     
   123.86549055832651        13.073100298405492     
   123.78432020270689        13.122484675309162     
   123.73399732096091        13.156199802867633     
>
   154.81899542562425       -4.5799998873700014     
   154.13377459101469       -4.6153107023435060     
   153.80795699326009       -4.6236449461995575     
   153.46096115711342       -4.6149296854203472     
   153.12200792931318       -4.5963933553480949     
   152.77895346972954       -4.5726144615962836     
   152.42441750920875       -4.5449411738193390     
   152.05380492636178       -4.5138880081029722     
   151.66461304160910       -4.4796560726276757     
   151.27190376905000       -4.4415830282007116     
   150.87820958206848       -4.4000808314653144     
   150.48069376669977       -4.3558966193655433     
   150.07700776900703       -4.3099465513903192     
   149.66541323508815       -4.2633960236625068     
   149.25140884075003       -4.2170265505929176     
   148.83683091567488       -4.1706312944232646     
   148.42003564399434       -4.1242841667070635     
   147.99968688816725       -4.0779164125108123     
   147.57469259066653       -4.0316059540924787     
   147.14837762548481       -3.9874435143883171     
   146.72176300338455       -3.9466345965657350     
   146.29400590347257       -3.9095945950146449     
   145.86433627049368       -3.8768070861006794     
   145.43226766329337       -3.8481448731968579     
   144.99887323179198       -3.8201810958258662     
   144.56407333485825       -3.7922161725393160     
   144.12750987388020       -3.7642575517883370     
   143.68884766855697       -3.7363401839974588     
   143.24826032509569       -3.7084646421244623     
   142.80663478213850       -3.6804596117933688     
   142.36382608136731       -3.6522855589174150     
   141.91965889770168       -3.6239401916654845     
   141.47397967845674       -3.5954235100375773     
   141.02718147266907       -3.5666088903644928     
   140.57951752767704       -3.5374252858816124     
   140.13093169361829       -3.5078669670111431     
   139.68136953950383       -3.4779631545998249     
   139.23088205857596       -3.4476324886430123     
   138.77987776973131       -3.4163976953106427     
   138.32838073719648       -3.3843326861562320     
   137.87636804266046       -3.3515417394955906     
   137.42383109175643       -3.3180701189932758     
   136.97094520956489       -3.2841716449454670     
   136.51787025130625       -3.2501007106061222     
   136.06460163331820       -3.2159186224576159     
   135.61112961531859       -3.1817646092402896     
   135.15753040069194       -3.1477389385655008     
   134.70438496862644       -3.1132606312451547     
   134.25181650504456       -3.0782065013567257     
   133.79985193896198       -3.0425576412935014     
   133.34852106418316       -3.0062796735887294     
   132.89822552411130       -2.9692471204887680     
   132.44949415877667       -2.9313041374776794     
   132.00247135353953       -2.8923859803264143     
   131.55732212024037       -2.8524118619881085     
   131.11423152424183       -2.8113084438670253     
   130.67334165907312       -2.7692361541413373     
   130.23484618446363       -2.7262259325311198     
   129.79898173197620       -2.6822422556540650     
   129.36584570443321       -2.6373080418213384     
   128.93537393056349       -2.5915017862486893     
   128.50740426331544       -2.5452520613549501     
   128.08214812410964       -2.4988361787052464     
   127.65987136535560       -2.4521968425216603     
   127.24067081691803       -2.4053403553397623     
   126.82443188724106       -2.3583664118131304     
   126.41077184052820       -2.3115637826624762     
   125.99971302213285       -2.2649175709855394     
   125.59100906020997       -2.2184627272068513     
   125.18425200882078       -2.1723482203489999     
   124.77903850568870       -2.1268175574681401     
   124.37544131645173       -2.0823709307055016     
   123.97401391832450       -2.0390295394989146     
   123.57524046063050       -1.9967721844105488     
   123.17924183746109       -1.9553931735976771     
   122.78600544374513       -1.9147097335287377     
   122.39598620795933       -1.8746926433569926     
   122.00989230591870       -1.8351797560309315     
   121.62817809314221       -1.7960243943590835     
   121.25098337132792       -1.7570913403055599     
   120.87811619961985       -1.7182218845655259     
   120.50934796786404       -1.6792023138873451     
   120.14433031773083       -1.6393788834449652     
   119.78288907005529       -1.5984903244910771     
   119.42533362203821       -1.5574419103167956     
   119.07178715960207       -1.5175594652231594     
   118.72221186753349       -1.4790927988018938     
   118.37703230754683       -1.4409951171904245     
   118.03571333707633       -1.4021285262392864     
   117.69712680225477       -1.3621223222653458     
   117.35994229511887       -1.3209828078041739     
   117.02890333312256       -1.2775027608150238     
   116.89629798470757       -1.2604996657598757     
>
   154.81899542562425       -4.5799998873700014     
   154.23573471965213       -4.2311287604120427     
   153.93908239173146       -4.1245425706654775     
   153.60404590330972       -3.9851728827093993     
   153.28679803505847       -3.8301488423103800     
   152.97420602172082       -3.6671125603272117     
   152.65703435685415       -3.4982796644920100     
   152.33017225706809       -3.3247101266962718     
   151.99021692611205       -3.1468783559811624     
   151.63651060845555       -2.9649728554560344     
   151.28066486645156       -2.7784980166418922     
   150.92313405561896       -2.5878256891374267     
   150.56307879281127       -2.3953966730819749     
   150.19960870163965       -2.2028037911016756     
   149.83102954595097       -2.0098940634694857     
   149.45859323849285       -1.8162245938220940     
   149.08673733726502       -1.6207302536479924     
   148.71435259600702       -1.4234906840784880     
   148.33991723885728       -1.2243339977798244     
   147.96209226348591       -1.0232739457387021     
   147.58011449013100      -0.82052424120675782     
   147.19660863837896      -0.61765765328785949     
   146.81206917079328      -0.41515317468540719     
   146.42598386311937      -0.21287902511018802     
   146.03787372265379       -1.0741239486415323E-002
   145.64718126147741       0.19138680585511120     
   145.25498134838404       0.39410327883586255     
   144.86268976204596       0.59796795920610435     
   144.47000913737583       0.80292641597681391     
   144.07678935943545        1.0085254395446541     
   143.68306767048054        1.2136872963269749     
   143.28906064855158        1.4186474719710218     
   142.89597207794267        1.6238431332623144     
   142.50383232541606        1.8292272976629598     
   142.11271816731420        2.0347065730549501     
   141.72247948869898        2.2403777893029679     
   141.33300341688781        2.4464735672653628     
   140.94409972989808        2.6538034962841266     
   140.55536048179096        2.8617275825199071     
   140.16670431256185        3.0700567499055729     
   139.77814898390181        3.2788620452057424     
   139.38971970595327        3.4882288391295151     
   139.00163362971443        3.6982860471772083     
   138.61402138955896        3.9091494068202168     
   138.22693741647592        4.1209260611632494     
   137.84043155779207        4.3337220073954557     
   137.45430958082028        4.5470903384490686     
   137.06840819259349        4.7607147816299795     
   136.68274515480283        4.9746503408849874     
   136.29741729731299        5.1891147401701856     
   135.91252144998865        5.4043331518927928     
   135.52815902635675        5.6205376239533820     
   135.14436325796845        5.8378885845301225     
   134.76096684115225        6.0562897767161132     
   134.37769074546969        6.2751871503388799     
   133.99441636866047        6.4943515222867472     
   133.61125085382926        6.7140269725736497     
   133.22827957168525        6.9344392465645859     
   132.84526073404552        7.1555688636950636     
   132.46221897809463        7.3775023405897420     
   132.07960006498479        7.6006373099473734     
   131.69782970234593        7.8251788906529089     
   131.31681392510222        8.0503025964620978     
   130.93655273325376        8.2756967383430649     
   130.55731312512555        8.5011355709308063     
   130.17978207709487        8.7258965944657696     
   129.80488377005960        8.9499133458455713     
   129.43354353083305        9.1731571771812490     
   129.06640994762128        9.3955129239591884     
   128.70277942827147        9.6162506379687027     
   128.34206870176439        9.8347354819904531     
   127.98480718108800        10.051084339411396     
   127.63137072654550        10.265534414752114     
   127.28245147113410        10.478171078721708     
   126.93794341766464        10.689233827671874     
   126.59650527197608        10.898772508929403     
   126.25807114392379        11.107218559702023     
   125.92292120986180        11.314593179427561     
   125.59092025175420        11.520593273440833     
   125.26282457386957        11.725206236670694     
   124.93926786751163        11.928355292774731     
   124.61934485938932        12.129745368496664     
   124.30378778954439        12.328930129726508     
   123.99347614816794        12.525515381512180     
   123.68929687390209        12.719204904681844     
   123.39228472849611        12.909785558941639     
   123.10316393058287        13.096874608495071     
   122.82156893309924        13.279993633596517     
   122.54745275350736        13.458838393665228     
   122.28311524433285        13.632948230646742     
   122.03241183847186        13.801084409822449     
   121.80106008160290        13.961351013901027     
   121.59704929699897        14.111355371196591     
   121.43105426104408        14.250662033796960     
   121.30328353036987        14.387896881067789     
   121.19710242177318        14.527763896376197     
   121.13326060122728        14.612899692785568     
   121.09171314082735        14.648585222146659     
   121.07799939638249        14.659999114065839     
>
   154.81899542562425       -4.5799998873700014     
   154.19789544199907       -4.2890788561145561     
   153.87874134321640       -4.1961571364438166     
   153.53292923784153       -4.0731579981546648     
   153.20698444345993       -3.9370937036267168     
   152.88424477489514       -3.7942856960377389     
   152.55558817134465       -3.6466167146501403     
   152.21601500322737       -3.4950023459950619     
   151.86199413175007       -3.3398178774178700     
   151.49747094418029       -3.1810008565206336     
   151.13294202703273       -3.0181794337046601     
   150.76612357059949       -2.8519907380204064     
   150.39517294266281       -2.6834145272702812     
   150.01831340114936       -2.5132666933318459     
   149.63554036239688       -2.3434362780030806     
   149.25235364812789       -2.1731984896933132     
   148.86943278626842       -2.0020101644278752     
   148.48531845335489       -1.8299412030558266     
   148.09848715465245       -1.6567612765499349     
   147.70761593064898       -1.4825156485747557     
   147.31380772506941       -1.3080769338279907     
   146.91874416899563       -1.1338989148707557     
   146.52175833957267      -0.95922528743452407     
   146.12249557593523      -0.78375467572744362     
   145.72057314228681      -0.60919105618481584     
   145.31649925217755      -0.43546280908424245     
   144.91219331416769      -0.26168929831911325     
   144.50744619866788       -8.7901463609504446E-002
   144.10193590340620        8.5826210533289773E-002
   143.69536907399967       0.25940720748461216     
   143.28805568060690       0.43296414020920865     
   142.88121039371970       0.60684135633237068     
   142.47456506909742       0.78074320964003763     
   142.06789396137509       0.95443192265384702     
   141.66138786549320        1.1273540181591046     
   141.25523299272990        1.2996871130673582     
   140.84982754874181        1.4722488181295073     
   140.44496469577058        1.6450460088389021     
   140.04043587718462        1.8180168057553905     
   139.63607493522801        1.9910901621143533     
   139.23176555947148        2.1642145117156639     
   138.82748884230838        2.3373967300526721     
   138.42323733528755        2.5105308199362288     
   138.01899098488676        2.6834426022014610     
   137.61474520744372        2.8558604948610338     
   137.21050344070514        3.0277999677749863     
   136.80616083339746        3.1992478429143962     
   136.40173342833842        3.3701926611236797     
   135.99725445707926        3.5406252550783708     
   135.59275428638227        3.7105370304117802     
   135.18824093765636        3.8799159550105466     
   134.78358434948564        4.0486789499966873     
   134.37871576693664        4.2166936621232098     
   133.97357273761142        4.3838363325098104     
   133.56808020404088        4.5501178473542927     
   133.16224618763391        4.7156516522969358     
   132.75600078754158        4.8806904217183620     
   132.34928384319690        5.0452204046318698     
   131.94205066389318        5.2091482089194523     
   131.53428463385484        5.3723472109119097     
   131.12644927592518        5.5344621767861453     
   130.71899837266540        5.6953762231552050     
   130.31232096240748        5.8551712829815132     
   129.90686280630374        6.0139166841563529     
   129.50309430269076        6.1716032593552521     
   129.10158783639002        6.3277995713704884     
   128.70257488234429        6.4821303328566922     
   128.30624279774742        6.6342626553441555     
   127.91307859671163        6.7837055140161171     
   127.52338193615549        6.9301575330807230     
   127.13757107525781        7.0731901401191415     
   126.75524952723534        7.2131133052899132     
   126.37623738334548        7.3499018184507543     
   126.00062402500177        7.4834376502991518     
   125.62863405165362        7.6134326030721731     
   125.26032991569899        7.7397806795806714     
   124.89559186896200        7.8629339435124255     
   124.53370944379650        7.9841328484593719     
   124.17476285429153        8.1030926344052556     
   123.81912280413027        8.2191698697640518     
   123.46729750686281        8.3316363251984118     
   123.11973043181028        8.4399264913802785     
   122.77594201331148        8.5439796347850603     
   122.43463622086992        8.6435711559633130     
   122.09585602631901        8.7372520446914752     
   121.75975670121689        8.8246057606640775     
   121.42636689345257        8.9076691687861267     
   121.09592094275770        8.9909886890354755     
   120.76917458044304        9.0809384767055725     
   120.44679243753244        9.1814094880748787     
   120.12857913542321        9.2920178414313330     
   119.81285247007565        9.4089625348678183     
   119.49877133946990        9.5257290384349762     
   119.18855939274701        9.6323209577593332     
   118.88727985780166        9.7227193713705358     
   118.74696822725660        9.7684305159518381     
   118.72999950966819        9.7761001287840337     
>
   154.81899542562425       -4.5799998873700014     
   154.25986369060701       -4.2111445660317850     
   153.97469171770794       -4.1000663872963949     
   153.64556356990519       -3.9549539435195284     
   153.33178266917574       -3.7923353477573869     
   153.02369238510917       -3.6209923238915689     
   152.71183662251784       -3.4433616613569535     
   152.39094073208642       -3.2605875568385789     
   152.05763457615788       -3.0732143202266711     
   151.70999645434071       -2.8814791560418143     
   151.35810755875977       -2.6849712535563315     
   151.00514780508954       -2.4843500871740662     
   150.65080607725588       -2.2829817838477413     
   150.29348038530827       -2.0810170314732832     
   149.93146503393800       -1.8782627432791053     
   149.56453198594895       -1.6745046330557924     
   149.19753763147750       -1.4686225683450338     
   148.83036222234787       -1.2605804528067410     
   148.46149544185408       -1.0502430684050257     
   148.08958740146835      -0.83762015542213419     
   147.71389268311998      -0.62430912014643924     
   147.33574857026559      -0.41123700826466530     
   146.95680403539367      -0.19811103835164770     
   146.57651190382512        1.5261303406420148E-002
   146.19445907300110       0.22900205701650514     
   145.81011211922925       0.44325560783896234     
   145.42349510673623       0.65828093278998412     
   145.03663859789151       0.87484694120923945     
   144.64987720003816        1.0920225767055494     
   144.26315991993380        1.3090475243059332     
   143.87611261614862        1.5260472617640328     
   143.48835541767502        1.7432320645848101     
   143.10104226148030        1.9610941035005858     
   142.71480340112157        2.1797095818959922     
   142.32984109069486        2.3989283848328826     
   141.94610949357781        2.6187430638601272     
   141.56307289424694        2.8385216465472825     
   141.18029355295891        3.0584182585369510     
   140.79768667196245        3.2791301894464016     
   140.41527860731534        3.5007342156180470     
   140.03309342324437        3.7233220102965556     
   139.65115231918730        3.9469995706710779     
   139.26953321740214        4.1718877908330221     
   138.88851228353846        4.3980353721936174     
   138.50788153392239        4.6247335659800131     
   138.12760258038276        4.8519577350077014     
   137.74770750855515        5.0799112792882948     
   137.36822954999082        5.3088010365800784     
   136.98922600046765        5.5387009184365690     
   136.61079941942810        5.7697747907826145     
   136.23306096068137        6.0022781927877302     
   135.85589374084049        6.2359418342956996     
   135.47901529172032        6.4701600989339214     
   135.10241186233415        6.7050607562871551     
   134.72598318507067        6.9406529736798674     
   134.34985015402123        7.1771980198593655     
   133.97414168468615        7.4149651849818721     
   133.59898898439690        7.6542128730057959     
   133.22437199963116        7.8950241628091202     
   132.84951437259821        8.1367894273147918     
   132.47445792921582        8.3793476653868559     
   132.09943700921579        8.6225315733537933     
   131.72467392021639        8.8664047495290923     
   131.35034112250912        9.1114077984449473     
   130.97666493441685        9.3581016457671851     
   130.60462683261525        9.6051667697303333     
   130.23476024079676        9.8510498817950207     
   129.86762780350057        10.095754992665697     
   129.50382024019697        10.339472897282837     
   129.14397009627427        10.582443664955917     
   128.78744711817524        10.824645523289327     
   128.43400035039269        11.066123162989847     
   128.08411795295447        11.307014093924478     
   127.73737994780842        11.546315639979646     
   127.39424985779790        11.784116609611123     
   127.05492879110346        12.020791717206498     
   126.71807144285947        12.256416593192624     
   126.38332830882071        12.491564768306466     
   126.05112910732151        12.726737580604814     
   125.72197689529206        12.962334381659758     
   125.39594787611695        13.197693405236341     
   125.07345400643942        13.432551663713918     
   124.75375044114652        13.666865612301262     
   124.43680280277150        13.900673066211807     
   124.12341896178306        14.134192895317199     
   123.81432943934959        14.367784344144990     
   123.51028079945742        14.601973960894256     
   123.21178927706558        14.836494174282109     
   122.91866522314915        15.070023170711968     
   122.62978850524983        15.302382760314508     
   122.34590969805838        15.534210072140182     
   122.06879179266134        15.766270577781986     
   121.80103429850284        15.999284485168358     
   121.54627607043855        16.233764018553892     
   121.30978832003699        16.469454211726841     
   121.09862816826434        16.701157764672214     
   120.92064284486440        16.925438649588219     
   120.76535696276032        17.142314628166012     
   120.61687839203071        17.354832116917535     
   120.49361397428980        17.509456805744460     
   120.45599757721286        17.551000255439959     
>
   154.81899542562425       -4.5799998873700014     
   154.16873303695399       -4.7338854606617771     
   153.87267314737704       -4.7791537088797700     
   153.54241913753822       -4.8158717081589568     
   153.21962102727989       -4.8477413387106658     
   152.89367394106722       -4.8787652835802939     
   152.55790349373035       -4.9100333084638565     
   152.20818725404811       -4.9418530916887757     
   151.84124446577681       -4.9743501110086941     
   151.46300466897330       -5.0074344120522776     
   151.08458095272266       -5.0411867818663945     
   150.70340933096304       -5.0760524086454710     
   150.31713895792646       -5.1124724698794815     
   149.92348946165171       -5.1505426495175488     
   149.52205175028445       -5.1903024816464400     
   149.11862759429678       -5.2318785899353530     
   148.71291962860127       -5.2751409129684115     
   148.30371547453714       -5.3197978152360115     
   147.88989958330836       -5.3657100679978100     
   147.47121584278764       -5.4122651793878553     
   147.05057602440874       -5.4561818202047458     
   146.62770338956435       -5.4960493683961236     
   146.20180439173029       -5.5309367675708101     
   145.77208090072017       -5.5599381714799092     
   145.33875866189896       -5.5840407863769599     
   144.90400861229202       -5.6081686114162972     
   144.46755974286981       -5.6326362004186903     
   144.02900181586239       -5.6574263646507665     
   143.58796183575552       -5.6825436877747588     
   143.14502994906184       -5.7080053585240416     
   142.70088854849621       -5.7337924692919033     
   142.25531131573601       -5.7598855395138493     
   141.80811203950290       -5.7863149359521797     
   141.35918930627000       -5.8130760749446582     
   140.90923467607678       -5.8401299953623020     
   140.45836675118355       -5.8674589355139535     
   140.00650531750119       -5.8950606035685000     
   139.55359021446293       -5.9229676581193536     
   139.09985406292708       -5.9519243713216765     
   138.64574606179255       -5.9829265437956956     
   138.19120662345028       -6.0155186741069588     
   137.73620022451794       -6.0493953757591576     
   137.28077499344906       -6.0843767400096302     
   136.82506041870167       -6.1202186868444413     
   136.36910577464482       -6.1570896658506715     
   135.91290991536295       -6.1950423891440067     
   135.45645966282709       -6.2338619975572511     
   134.99979626999738       -6.2723395501763219     
   134.54307271660085       -6.3088982671928946     
   134.08639156207997       -6.3436195086116154     
   133.62990234841513       -6.3767146958530052     
   133.17381649702685       -6.4085705754180138     
   132.71827667440209       -6.4400465839754215     
   132.26343184956352       -6.4712716370255441     
   131.80941609463142       -6.5022325565394619     
   131.35647578145088       -6.5328886625148535     
   130.90483149876687       -6.5632239121338989     
   130.45452621841275       -6.5932778394833642     
   130.00567625081783       -6.6230023161097975     
   129.55831597344877       -6.6523870287731723     
   129.11248549335014       -6.6814548957846576     
   128.66794932487471       -6.7103050388400520     
   128.22460548153776       -6.7389678247016516     
   127.78248433010157       -6.7674329401294324     
   127.34156467112835       -6.7957026769545088     
   126.90193817786276       -6.8237993805302732     
   126.46341290944875       -6.8517706063523942     
   126.02606163152433       -6.8796008845608361     
   125.59000982184310       -6.9072100010665114     
   125.15555713732356       -6.9345801941782650     
   124.72286286022832       -6.9616782323449060     
   124.29184906829948       -6.9883820755594659     
   123.86274093394420       -7.0147008911464122     
   123.43576935914750       -7.0406186362879284     
   123.01125749209685       -7.0661553645062849     
   122.58933367533479       -7.0912921681947694     
   122.17005635055480       -7.1160215989022522     
   121.75362204227513       -7.1403923580399633     
   121.34028170600307       -7.1644388230746543     
   120.93028400541479       -7.1882033928819871     
   120.52358482276129       -7.2116213232329098     
   120.12007128536007       -7.2347080839874636     
   119.71991413462931       -7.2575587861369932     
   119.32326520438052       -7.2802530708128037     
   118.93031414363860       -7.3028688602728655     
   118.54085239577192       -7.3253454209925861     
   118.15482896753815       -7.3477033794520139     
   117.77263919980493       -7.3701203525626990     
   117.39470192470883       -7.3929240721743330     
   117.02139873213076       -7.4165047225345457     
   116.65274394601526       -7.4410250236526254     
   116.28815085759642       -7.4662512087546631     
   115.92771228603446       -7.4921523381205812     
   115.57173132599461       -7.5186533542813114     
   115.22082906370943       -7.5455886724386625     
   114.87562085583380       -7.5727611951165965     
   114.53542889331494       -7.5996993780628452     
   114.19923560313707       -7.6260892404144096     
   113.86676023598829       -7.6515749753904201     
   113.53736165211379       -7.6745981378314827     
   113.21024916977824       -7.6900914891384735     
   112.88553566166412       -7.7000254311140148     
   112.63499898651689       -7.7040000392282337     
>
   154.81899542562425       -4.5799998873700014     
   154.17055790748071       -4.7230708825796262     
   153.87927419395103       -4.7621689484735557     
   153.55371442719709       -4.7911772278760045     
   153.23531548676738       -4.8153159391131455     
   152.91410389659970       -4.8381603387271026     
   152.58360523378911       -4.8607136757892340     
   152.23989588346387       -4.8832463863713143     
   151.87981884826056       -4.9059269200604243     
   151.50729029459998       -4.9287466824898774     
   151.13447984571204       -4.9517738556353956     
   150.75932943725391       -4.9756157747429173     
   150.37947848317532       -5.0006116308177218     
   149.99280875856661       -5.0269063821779421     
   149.59799386616899       -5.0543017854319805     
   149.20052789812706       -5.0829422259401920     
   148.80111845729817       -5.1126678484821841     
   148.39855545685262       -5.1433760936154806     
   147.99182476152129       -5.1750022171110350     
   147.58003313012634       -5.2073588617750524     
   147.16592503043017       -5.2383724934046558     
   146.75005508556302       -5.2666273333274738     
   146.33161599801394       -5.2914576046040933     
   145.90986177675452       -5.3122720148063927     
   145.48428306231907       -5.3288505481471633     
   145.05667149368301       -5.3445885524258667     
   144.62724193001358       -5.3605385510828691     
   144.19557267438537       -5.3766718962292117     
   143.76126609409951       -5.3930258301205418     
   143.32428208211155       -5.4096009257146367     
   142.88575452186640       -5.4263576489247347     
   142.44559575082394       -5.4433372527109363     
   142.00355252164576       -5.4605362993265656     
   141.55937788952897       -5.4779461944049377     
   141.11344943365009       -5.4956024613283585     
   140.66636360305728       -5.5135068189701668     
   140.21796741802345       -5.5316615591614813     
   139.76811019065272       -5.5500741303534280     
   139.31668420488253       -5.5687834936749949     
   138.86420970637647       -5.5878217347618149     
   138.41078524387251       -5.6072037505161454     
   137.95633862469043       -5.6269358434735608     
   137.50080796939019       -5.6470231702540712     
   137.04430385882310       -5.6674846384643915     
   136.58708641582092       -5.6883678036001930     
   136.12918085052593       -5.7096646442525669     
   135.67060607054484       -5.7313677119703836     
   135.21139874517553       -5.7535537830960557     
   134.75179149527636       -5.7772392847298608     
   134.29187026451419       -5.8029289926752599     
   133.83165281458017       -5.8307988049704660     
   133.37114315617879       -5.8609151847178627     
   132.91035675917004       -5.8918606343717421     
   132.44932570918959       -5.9215667763492412     
   131.98806604905522       -5.9499258945878717     
   131.52661616693820       -5.9769889823299831     
   131.06508263298539       -6.0030797607208122     
   130.60386193398003       -6.0290972005159071     
   130.14312595725585       -6.0551089107332103     
   129.68301278563763       -6.0809922784079751     
   129.22355565067664       -6.1066722460711267     
   128.76499118393556       -6.1320634430135703     
   128.30761675050189       -6.1571074275418258     
   127.85157100615814       -6.1817904486691946     
   127.39696453175571       -6.2060890151267278     
   126.94361684559415       -6.2299183291631088     
   126.49160586993142       -6.2532806826094509     
   126.04108000083237       -6.2762024315235978     
   125.59212059830161       -6.2986824299899933     
   125.14453228373642       -6.3206880194152220     
   124.69827265826119       -6.3422598798016052     
   124.25351246329409       -6.3633940004446909     
   123.81011533488365       -6.3840147509176246     
   123.36786240315827       -6.4041736974205339     
   122.92658751036197       -6.4239166765757529     
   122.48661495059775       -6.4431422748563669     
   122.04798139316350       -6.4618659621224124     
   121.61067251411471       -6.4801181051361878     
   121.17473816077818       -6.4978603157264869     
   120.73990560525107       -6.5150788429066102     
   120.30715288646235       -6.5317988968188390     
   119.87661636836359       -6.5479901107008800     
   119.44797920530279       -6.5636341499037973     
   119.02124884573114       -6.5787579434432120     
   118.59643445697306       -6.5933803989258397     
   118.17449173260431       -6.6076424639653579     
   117.75502533175717       -6.6214834050371731     
   117.33798025048489       -6.6349433291858295     
   116.92288551749296       -6.6479930155645892     
   116.51052207423440       -6.6607946112249605     
   116.10128354270354       -6.6733590023647480     
   115.69502611049779       -6.6856529574327590     
   115.29139740858295       -6.6976312127644384     
   114.89010236370274       -6.7092840280775405     
   114.49176836462536       -6.7206870337989173     
   114.09686122602530       -6.7317875178128821     
   113.70510363633741       -6.7424508350413292     
   113.31632027048131       -6.7525784367462345     
   112.93046815662352       -6.7622236080010651     
   112.54806238380753       -6.7716487634686890     
   112.17035486478088       -6.7811432468275941     
   111.79684769923345       -6.7904612591905096     
   111.42700001502169       -6.7992338157476384     
   111.06039183409344       -6.8070730240824719     
   110.69662323191884       -6.8136740706564831     
   110.33656911502671       -6.8191206073054333     
   109.98056179892899       -6.8233043450090554     
   109.62833886896277       -6.8261215784093174     
   109.27954509130500       -6.8276588241308751     
   108.93406071777983       -6.8279338438648853     
   108.59323105325277       -6.8270262787426539     
   108.26048811482111       -6.8260087057268173     
   107.93555115317314       -6.8257995761374142     
   107.61749713332651       -6.8265999981549390     
>
   154.81899542562425       -4.5799998873700014     
   154.18639044979298       -4.6154172724904354     
   153.90773300684327       -4.6115589748053916     
   153.59341409875918       -4.5896691228515580     
   153.28620788854587       -4.5595200845107486     
   152.97774460896508       -4.5239600329032976     
   152.66205346699982       -4.4838088706112220     
   152.33529736440292       -4.4393811514552972     
   151.99499482103269       -4.3909914292562950     
   151.64085305546402       -4.3390316071351798     
   151.28526571741844       -4.2839697915975474     
   150.92981588923982       -4.2279981191065659     
   150.57212980684906       -4.1716408460301917     
   150.21011617435215       -4.1148750540572570     
   149.84209278770930       -4.0576417285365070     
   149.46882569147135       -3.9999225348190057     
   149.09482692814936       -3.9415616283888149     
   148.71919523515672       -3.8826248993905423     
   148.34066781354807       -3.8230922943019148     
   147.95811479058281       -3.7629414677695454     
   147.57072600396125       -3.7022847195181527     
   147.18121899242999       -3.6435668603915286     
   146.78999482643457       -3.5880002690504327     
   146.39617745353050       -3.5359928914336454     
   145.99892462578245       -3.4879366306621300     
   145.59746055835737       -3.4442617780280558     
   145.19298216005600       -3.4019345220906296     
   144.78617468838223       -3.3588692965336113     
   144.37657576640828       -3.3150391723413772     
   143.96378948030869       -3.2704321174005666     
   143.54744283456921       -3.2250607367823210     
   143.12834771036302       -3.1788591403420332     
   142.70701174828241       -3.1317826373729272     
   142.28314961535335       -3.0838312278750033     
   141.85648514592629       -3.0350169439616237     
   141.42680348083405       -2.9853523907039308     
   140.99488155082520       -2.9347739697884347     
   140.56089238914905       -2.8832656383973192     
   140.12465780593621       -2.8308285424461408     
   139.68599044399298       -2.7774787247527186     
   139.24488400078374       -2.7232179041903892     
   138.80201513944573       -2.6679927956856884     
   138.35733687744104       -2.6118045451541745     
   137.91074608236943       -2.5546818004848064     
   137.46227025620431       -2.4967620715445902     
   137.01215863557960       -2.4380906219980809     
   136.56074410896503       -2.3786749002964074     
   136.10795849438483       -2.3185710563019311     
   135.65373762056780       -2.2578318021303359     
   135.19806200694939       -2.1964989636995034     
   134.74135621524402       -2.1345610818538501     
   134.28367123869401       -2.0720405019467631     
   133.82498530490375       -2.0089836335583575     
   133.36526632823765       -1.9454260000709429     
   132.90486896956099       -1.8809567907568419     
   132.44424643847708       -1.8152167610885048     
   131.98331966681246       -1.7484614502354481     
   131.52203250470470       -1.6808186277824311     
   131.06039526539388       -1.6124275224697964     
   130.59867208241616       -1.5440713675816922     
   130.13690535464724       -1.4758389715738920     
   129.67507732039593       -1.4077303344463961     
   129.21315933177328       -1.3398165029638238     
   128.75156449133812       -1.2718894934523304     
   128.29072022559367       -1.2037155391380074     
   127.83070273792460       -1.1353307363609437     
   127.37157677255995       -1.0667826406168115     
   126.91343457570214      -0.99812510993685499     
   126.45665028878102      -0.92944236911461398     
   126.00139064251032      -0.86078942209689080     
   125.54775934224807      -0.79221210550602028     
   125.09560512714054      -0.72367546891747181     
   124.64507238254814      -0.65535712924279388     
   124.19635992482020      -0.58731552817546306     
   123.74914747055817      -0.51956155191328390     
   123.30261740901116      -0.45217656046090116     
   122.85656175650531      -0.38511242536486306     
   122.41159185899102      -0.31839894042968719     
   121.96788647929540      -0.25279642062835467     
   121.52461597455418      -0.18886235388001407     
   121.08085215316510      -0.12637729735523701     
   120.63669528273945       -6.5002633006523966E-002
   120.19343910194272       -4.2290013681779218E-003
   119.75226562267331        5.6093712497948089E-002
   119.31338970409844       0.11569564547785710     
   118.87572731009993       0.17418775923948124     
   118.43952309364941       0.23159010730509202     
   118.00629023624175       0.28815593701309006     
   117.57586028828989       0.34369731821190208     
   117.14761502835005       0.39799366215654114     
   116.72202027109675       0.45108794068044622     
   116.29948052472207       0.50301682308148532     
   115.88041863206705       0.55398829303350317     
   115.46476583819820       0.60388604010732505     
   115.05251985128437       0.65271063726072998     
   114.64372937273684       0.70036238984013932     
   114.23866999524738       0.74720168828866207     
   113.83742594360950       0.79322681373296011     
   113.44008430740568       0.83851568843100310     
   113.04678889903848       0.88309638731397122     
   112.65769327119270       0.92724564898921169     
   112.27259058611008       0.97142585038452833     
   111.89157366295085        1.0157510100979790     
   111.51486366341776        1.0602297224962520     
   111.14265596611352        1.1048293289859332     
   110.77510756146962        1.1494696154779369     
   110.41179961734949        1.1941706354945341     
   110.05229267513650        1.2389673394602556     
   109.69673341202208        1.2838127448372081     
   109.34530116379116        1.3286604420452772     
   108.99804119410828        1.3732892693816974     
   108.65491912550668        1.4173170640077501     
   108.31519870724011        1.4602591036422441     
   107.97871951113041        1.5016999938952682     
   107.64559842056450        1.5414987871531431     
   107.31591335780040        1.5798273707496246     
   106.99008372793244        1.6171538511903083     
   106.66921591243224        1.6539560752630362     
   106.35386911809229        1.6904775500239626     
   106.04368982996282        1.7266541042018184     
   105.73848668014558        1.7621201907334827     
   105.43812559652025        1.7964048383244635     
   105.14279508219617        1.8291631263916910     
   104.85302168537244        1.8604231298663447     
   104.56942821115501        1.8902925648109119     
   104.29156087698279        1.9194377811225869     
   104.01940765074238        1.9485824244764831     
   103.75305046539624        1.9763806170492901     
   103.49277408096059        2.0011163502923432     
   103.32739841236500        2.0150862068644764     
   103.31899713244879        2.0156998446459857     
>
   154.81899542562425       -4.5799998873700014     
   154.18686256700303       -4.5992100157905771     
   153.90942437820740       -4.5889345909786412     
   153.59670516824281       -4.5598105741047963     
   153.29109636431792       -4.5219575454650389     
   152.98437086568137       -4.4781302860617016     
   152.67066903312545       -4.4291234883345147     
   152.34617554079855       -4.3752694677954089     
   152.00846391250582       -4.3169102802385559     
   151.65766134487421       -4.2554817578585995     
   151.30645598792387       -4.1929285193580990     
   150.95564539888335       -4.1297496109627270     
   150.60265986211303       -4.0660550405660860     
   150.24549918200583       -4.0018207439414519     
   149.88256824410439       -3.9370123436220723     
   149.51402575771363       -3.8716361421435184     
   149.14450408647821       -3.8055231169609298     
   148.77340907318114       -3.7387110832877344     
   148.39952318254166       -3.6711880090105677     
   148.02168732097249       -3.6029046197604195     
   147.63894636785568       -3.5339061792018467     
   147.25331770753178       -3.4664358170403653     
   146.86578281667650       -3.4023189767604638     
   146.47543584904096       -3.3419956899365584     
   146.08138470936305       -3.2860268822344736     
   145.68270292491368       -3.2356593097817186     
   145.28048770984009       -3.1869389909441255     
   144.87598925801646       -3.1373386089577018     
   144.46879503984172       -3.0868186297356828     
   144.05851143332163       -3.0353607186291356     
   143.64476601589968       -2.9829780536669799     
   143.22792777238567       -2.9296270900579997     
   142.80889796536630       -2.8752253218819903     
   142.38740959651642       -2.8197733220967316     
   141.96318420835539       -2.7632865605622610     
   141.53597829382699       -2.7057713398141510     
   141.10625021915462       -2.6471909905545314     
   140.67450762493064       -2.5874893629210440     
   140.24066112974148       -2.5266698946603632     
   139.80465343780924       -2.4647847249303947     
   139.36634360152021       -2.4019295376802630     
   138.92627020118687       -2.3381112084033182     
   138.48456902780282       -2.2733704171018827     
   138.04111059291003       -2.2077793564561334     
   137.59576827283928       -2.1414102191462492     
   137.14859707153735       -2.0743134254567974     
   136.70010061889215       -2.0064580356677024     
   136.25024969405698       -1.9378835838657276     
   135.79895720744938       -1.8686496576599090     
   135.34617503061585       -1.7988106880392691     
   134.89225094892845       -1.7283529240171074     
   134.43744107451440       -1.6572614686911649     
   133.98168467384914       -1.5855655429081807     
   133.52490783537914       -1.5133081185015931     
   133.06721025375802       -1.4405081030781157     
   132.60909097521139       -1.3671420053688019     
   132.15058953382604       -1.2932075335425346     
   131.69168243833300       -1.2187035416837555     
   131.23235020816784       -1.1436225813413352     
   130.77302198870714       -1.0674363854428637     
   130.31401061489834      -0.98979430382747846     
   129.85522555941230      -0.91086822382893562     
   129.39655681435542      -0.83089878771449355     
   128.93796541859874      -0.75007163380460884     
   128.47941412988661      -0.66876777902244067     
   128.02094706596802      -0.58696716984571740     
   127.56262152262087      -0.50461021866540379     
   127.10450109815871      -0.42163447308356850     
   126.64656688497475      -0.33803878718465302     
   126.18884867687355      -0.25388790519770549     
   125.73151263161107      -0.16919557810942645     
   125.27477991089008       -8.4028269022201535E-002
   124.81893126402238        1.3487426122057754E-003
   124.36423999186860        8.6501727754951047E-002
   123.91102122120738       0.17154470500409241     
   123.45966112558180       0.25666961521565756     
   123.01036711570798       0.34217955305483611     
   122.56263498874024       0.42823723853091739     
   122.11662058919451       0.51474469586366034     
   121.67278171033634       0.60163603490845841     
   121.23119283667704       0.68879609115169504     
   120.79210263189275       0.77604094514625133     
   120.35537129428540       0.86312708983597308     
   119.92073640919207       0.94976804633126655     
   119.48852112480024        1.0357575498316245     
   119.05880336336793        1.1211265400571231     
   118.63116200092736        1.2058200130609604     
   118.20509168871733        1.2897537440495963     
   117.77877672353557        1.3726756316001880     
   117.35354407559871        1.4548652791089789     
   116.92982403619892        1.5362155434712614     
   116.50633890948858        1.6165402134087996     
   116.08344507520636        1.6960381052709708     
   115.66219047313038        1.7747092190577756     
   115.24273381256550        1.8526985130873477     
   114.82542746254590        1.9300117169374802     
   114.40988181178176        2.0064838187677658     
   113.99653173522745        2.0821961785828496     
   113.58581898333074        2.1572244268095844     
   113.17788450370531        2.2316373183814728     
   112.77282569917361        2.3054016217473214     
   112.37063053762230        2.3784107667602021     
   111.97152247258525        2.4506750666601400     
   111.57579485844538        2.5223211451163352     
   111.18357374591416        2.5933719204399552     
   110.79511410120327        2.6638251007998837     
   110.41045373952618        2.7335981802759171     
   110.02961958989850        2.8027106394325481     
   109.65285000275638        2.8712512867255504     
   109.28031973022246        2.9392040793371077     
   108.91224878808397        3.0064979705025991     
   108.54878729127901        3.0730069095106054     
   108.18942817217304        3.1385802084651995     
   107.83412903189038        3.2031909383507600     
   107.48302738029804        3.2668333695894942     
   107.13627562416529        3.3294467686568092     
   106.79400038716133        3.3907990876521343     
   106.45594498420110        3.4504651919033118     
   106.12097839662843        3.5083883585902034     
   105.78880096752486        3.5651489939431253     
   105.45941212393259        3.6215142884284073     
   105.13295510529642        3.6781517378588036     
   104.80970836909705        3.7355174166265472     
   104.48993031929284        3.7937952441787552     
   104.17334479023428        3.8526288407767750     
   103.85991912332794        3.9118961664136389     
   103.54968368533611        3.9715078396757941     
   103.24272728471458        4.0312868166094713     
   102.93925847809493        4.0911242352366264     
   102.63953051281558        4.1510166578105832     
   102.34379663621498        4.2107389119241212     
   102.05178526630574        4.2700549389722156     
   101.76329987856963        4.3294700877161105     
   101.47888019923462        4.3884526533367181     
   101.20001419965325        4.4460566825406023     
   101.02549412490185        4.4794996551539583     
>
   154.81899542562425       -4.5799998873700014     
   154.18278081578410       -4.5576413559527946     
   153.90169575072397       -4.5334843100667195     
   153.58673054626496       -4.4880848545172931     
   153.27953006562947       -4.4325371707829104     
   152.97126904014470       -4.3696235418393012     
   152.65605574496729       -4.3002045502708057     
   152.33162012137612       -4.2269977348241063     
   151.99618714617120       -4.1518766674371426     
   151.64918787227782       -4.0751914253129993     
   151.30186716907036       -3.9972038501567644     
   150.95472007206996       -3.9183946535451750     
   150.60527713324839       -3.8388612383006944     
   150.25161837108755       -3.7585812590699330     
   149.89221971789482       -3.6775352352883988     
   149.52713102099693       -3.5957380638583509     
   149.16095083952976       -3.5130149926571370     
   148.79319731600091       -3.4294170149271048     
   148.42268671963865       -3.3449487143304877     
   148.04825881094007       -3.2595378981871086     
   147.66893211322943       -3.1731994633992260     
   147.28609604912126       -3.0882785261570511     
   146.90079340177371       -3.0072433885733214     
   146.51206446690662       -2.9306612788494317     
   146.11894839432429       -2.8593079818184011     
   145.72036000199296       -2.7951533263250736     
   145.31768183703377       -2.7330595999634815     
   144.91280007645585       -2.6698417304391242     
   144.50534516249161       -2.6054200766206956     
   144.09505296160481       -2.5395889466654675     
   143.68190456618879       -2.4719312273101921     
   143.26607472836616       -2.4025574994062513     
   142.84849679635923       -2.3314964108426062     
   142.42888199944730       -2.2588969306418440     
   142.00689573028731       -2.1849212058554754     
   141.58224406153855       -2.1097233621261013     
   141.15520487772392       -2.0333629870627568     
   140.72639238958268       -1.9558068491142500     
   140.29558257062322       -1.8771683939208583     
   139.86257373970722       -1.7975587752917459     
   139.42719458245875       -1.7170891470360736     
   138.98991263242559       -1.6357153914048446     
   138.55098056398839       -1.5534277681158128     
   138.11026373206900       -1.4703007616802719     
   137.66762921046265       -1.3864134402717503     
   137.22305923747825       -1.3018282562881793     
   136.77708609089260       -1.2164432232448634     
   136.32973899155249       -1.1302686543818281     
   135.88092683917097       -1.0433670020970047     
   135.43059176501237      -0.95579556216831174     
   134.97896925472395      -0.86752167600233587     
   134.52648444297782      -0.77846914021444513     
   134.07312701653404      -0.68869410466699976     
   133.61879785369672      -0.59827850232242363     
   133.16349924629702      -0.50725613768968858     
   132.70772279210948      -0.41553361865078725     
   132.25156474804101      -0.32307943252786436     
   131.79497354789149      -0.22989759002537413     
   131.33789819841854      -0.13599439367888777     
   130.88059251991834       -4.1250095312555142E-002
   130.42351774340318        5.4506046491821412E-002
   129.96666527450634       0.15120012018072682     
   129.51001047604331       0.24873357701614088     
   129.05351495984291       0.34700213868225166     
   128.59709564702712       0.44599721081237131     
   128.14072388970703       0.54573941988655061     
   127.68441000112261       0.64625283013151524     
   127.22818778578288       0.74758270521182124     
   126.77223887130380       0.84997369809918122     
   126.31691333488851       0.95349399076931840     
   125.86246900753757        1.0576594338988199     
   125.40922846448073        1.1621485981735620     
   124.95755897165439        1.2666727128728343     
   124.50738432567398        1.3715749797063703     
   124.05843007976323        1.4770330155857172     
   123.61095750266945        1.5828881112060407     
   123.16539803160038        1.6889935893758690     
   122.72192813755198        1.7951993351570545     
   122.28011638331658        1.9012990837490906     
   121.84027102017934        2.0073100238853532     
   121.40270660196103        2.1132676789481510     
   120.96728791062577        2.2190981373839693     
   120.53391124081557        2.3247326442593059     
   120.10237491139210        2.4302777697210893     
   119.67234030430787        2.5358555537762864     
   119.24422281395280        2.6413439564179297     
   118.81573003625236        2.7462765900137627     
   118.38625635483395        2.8508442495042536     
   117.95729489767017        2.9552646588454934     
   117.52953951663152        3.0593407205614418     
   117.10260461113270        3.1630827478921240     
   116.67619568087518        3.2665927273222359     
   116.25124091746122        3.3697927365938076     
   115.82789559244900        3.4727595520492502     
   115.40620955316530        3.5755773984821042     
   114.98650193709314        3.6780474595429915     
   114.56826395772458        3.7802098422764572     
   114.15225650299041        3.8820158452712668     
   113.73865489797106        3.9834878138808110     
   113.32743851618643        4.0846847627563454     
   112.91867553961229        4.1855453854154980     
   112.51228747303290        4.2860364503070736     
   112.10888107873637        4.3859201799527119     
   111.70858699109641        4.4849857258896719     
   111.31148141349759        4.5832680385424833     
   110.91764226819794        4.6807831607289634     
   110.52713028872201        4.7774657752622849     
   110.14028638494844        4.8731445677664711     
   109.75716556082403        4.9678458942993649     
   109.37784287381787        5.0615594416209406     
   109.00235900393223        5.1542296328266168     
   108.63075806891615        5.2457882859406704     
   108.26296214651165        5.3360245525003611     
   107.89892597305418        5.4249304110967804     
   107.53869767699717        5.5125814921567802     
   107.18236091017641        5.5989961303292946     
   106.83000333513209        5.6840087408161386     
   106.48161349270866        5.7671162666871876     
   106.13683443020965        5.8477835653766794     
   105.79554353467033        5.9263332121142964     
   105.45774195200627        6.0038647128782987     
   105.12365428166689        6.0815062215359044     
   104.79356127296400        6.1598799702353126     
   104.46754772364892        6.2387327116381188     
   104.14503551932245        6.3174645589495171     
   103.82581151969072        6.3955541205904476     
   103.50982243968029        6.4726799672467852     
   103.19730433789620        6.5486925569381631     
   102.88856202787692        6.6235483448733632     
   102.58386136203202        6.6972845733080320     
   102.28318744345925        6.7700421898558494     
   101.98604810142631        6.8418928142392135     
   101.69211273929456        6.9128736887137734     
   101.40107883535661        6.9832856161135997     
   101.11255448649150        7.0539318832451139     
   100.82671329890633        7.1253510704207512     
   100.62151477282613        7.1759776197896992     
   100.61699413594835        7.1769997764677678     
>
   154.81899542562425       -4.5799998873700014     
   154.21858494740550       -4.3848917207390716     
   153.94285245391850       -4.3043974552988944     
   153.63312064581459       -4.1964676795601363     
   153.33794483009089       -4.0808035467601336     
   153.04707364616223       -3.9608651489273989     
   152.75321677924626       -3.8375594782263822     
   152.45213777952361       -3.7111661380533278     
   152.14138782544606       -3.5818518591219792     
   151.81953108481898       -3.4498429597551148     
   151.49159239736582       -3.3154591503935213     
   151.16434756178327       -3.1791364519071594     
   150.83561360893262       -3.0410152389519305     
   150.50361035899391       -2.9011018140634048     
   150.16696271329712       -2.7594185225949706     
   149.82459924079518       -2.6160627673690908     
   149.47771455845765       -2.4713055574153198     
   149.13053136511718       -2.3254574358499771     
   148.78197250014887       -2.1784106866105759     
   148.43008303161017       -2.0301217649058971     
   148.07398977184556       -1.8808576690610428     
   147.71313867068258       -1.7309587359968490     
   147.34843270958123       -1.5815920807095198     
   146.98135355735849       -1.4336996457880389     
   146.61114490974583       -1.2874006064504762     
   146.23709515318151       -1.1429648258108289     
   145.85928851245907      -0.99754470370653869     
   145.47759721799375      -0.85050139221381227     
   145.09393093806352      -0.70210131669997144     
   144.70848562422896      -0.55273408845486327     
   144.32078171082881      -0.40241002071851312     
   143.93038088516207      -0.25115890729543872     
   143.53689296298106       -9.9020855230183058E-002
   143.14111779334553        5.4334159158065366E-002
   142.74342092331861       0.20904192686297388     
   142.34347404809282       0.36497754308867980     
   141.94096433272074       0.52200407092595724     
   141.53562592479278       0.67998686529669772     
   141.12787708348782       0.83903077747449206     
   140.71830680940280       0.99912549421931518     
   140.30686697408430        1.1599759422748857     
   139.89333756174508        1.3215202422010510     
   139.47752892336030        1.4836988063887766     
   139.05977280148406        1.6466462799161707     
   138.64042672177055        1.8104887134946548     
   138.21934228815502        1.9751407364151297     
   137.79633787302143        2.1404826005017457     
   137.37127768537610        2.3063957034942106     
   136.94458055735564        2.4730135445550760     
   136.51644186756272        2.6403475828399241     
   136.08687422106854        2.8081084746702669     
   135.65583922970185        2.9761598560946574     
   135.22329564050256        3.1444358369684893     
   134.78969265236955        3.3131186178655430     
   134.35502682755617        3.4821377249789802     
   133.91921107647997        3.6513556484417946     
   133.48217435237629        3.8206400350069956     
   133.04398369130533        3.9899278593188710     
   132.60503959075476        4.1593165241998831     
   132.16531225692000        4.3286650820363519     
   131.72483205656343        4.4978824325413873     
   131.28356117447157        4.6669187283882003     
   130.84179468390073        4.8358599132436684     
   130.39983224176939        5.0047730231679548     
   129.95762170891965        5.1735285697029667     
   129.51513214563147        5.3419964914328251     
   129.07235438458036        5.5100610508861383     
   128.62931363590860        5.6777331342607056     
   128.18597724102273        5.8449010147895901     
   127.74229649851164        6.0114002535901641     
   127.29826797062854        6.1771471988266651     
   126.85403031315604        6.3422392533215550     
   126.40982130357253        6.5067594959528172     
   125.96567245455581        6.6705898974179387     
   125.52162158131934        6.8335952396810296     
   125.07775405457220        6.9957308320353162     
   124.63421082192809        7.1570511054698205     
   124.19111392339397        7.3174815754732467     
   123.74858081531457        7.4768159772450886     
   123.30676333150134        7.6348245547158919     
   122.86584539140149        7.7912998971695924     
   122.42599200685534        7.9465514018069490     
   121.98734985505438        8.1006443858147907     
   121.55016702671701        8.2533995134082314     
   121.11472369819727        8.4046311462668122     
   120.68101070217065        8.5544252280574149     
   120.24902861159497        8.7028499407557600     
   119.81902609014638        8.8496881333635375     
   119.39099454345821        8.9949249089784882     
   118.96523420140672        9.1383706185757010     
   118.54166141215615        9.2800688069463924     
   118.12008824555494        9.4201002611374314     
   117.70080691007050        9.5583589839596659     
   117.28382943781617        9.6952964661430947     
   116.86949673867053        9.8308072834563482     
   116.45734127908585        9.9651274945044541     
   116.04740545793773        10.098195219847254     
   115.63965489775940        10.230071193009348     
   115.23437092082050        10.360621914828181     
   114.83149336655417        10.489895513757208     
   114.43068934649071        10.618058147552391     
   114.03183166400316        10.745208364951752     
   113.63509392529858        10.871366792435339     
   113.24071161602426        10.996340916189347     
   112.84862915927560        11.120189177907253     
   112.45867466771881        11.243088621542826     
   112.07071750698029        11.365537147406178     
   111.68499029791836        11.487415007321463     
   111.30164143659783        11.608472391696949     
   110.92063539963641        11.728609032921284     
   110.54194067435621        11.847808888176649     
   110.16576008781109        11.966110345634243     
   109.79232912564829        12.083369592891504     
   109.42175034731029        12.199492091914856     
   109.05399166716143        12.314474404957624     
   108.68895281759038        12.428402475686692     
   108.32684350114431        12.541354799317800     
   107.96794618600836        12.653256318381882     
   107.61231931387601        12.764045153438785     
   107.25991475629380        12.873746514630788     
   106.91064714255265        12.982488744500435     
   106.56464767998398        13.090487848130474     
   106.22311385034628        13.197353641273285     
   105.88734970554501        13.302371072620437     
   105.55821239041778        13.405126466655359     
   105.23592879624522        13.505964743961123     
   104.92015801314865        13.605669710779656     
   104.61052991040276        13.704822919256831     
   104.30671274545340        13.803302902343459     
   104.00765628669126        13.900285746753076     
   103.71190751318838        13.994871335814572     
   103.41883559842987        14.086736521340493     
   103.12862274298949        14.176105329822496     
   102.84155714463020        14.263306639025833     
   102.55802440393737        14.348496866424224     
   102.27846168769653        14.431549388348474     
   102.00299447366130        14.512409200851769     
   101.73146347956911        14.590997808718372     
   101.49469268802460        14.658615993986883     
   101.41100017226101        14.680799773281441     
>
   154.81899542562425       -4.5799998873700014     
   154.19442790151942       -4.6275341836046779     
   153.92095859126024       -4.6270242511812016     
   153.61020176168932       -4.6093026670709536     
   153.30591591727656       -4.5837773980081797     
   153.00064000182138       -4.5532496345753275     
   152.68848687414263       -4.5185054748454387     
   152.36566584557315       -4.4798468675681447     
   152.02974700217149       -4.4375843558597676     
   151.67976032641747       -4.3921316152368766     
   151.32718903812150       -4.3437539251512369     
   150.97401958190412       -4.2930076276064399     
   150.61860871485450       -4.2414230928306926     
   150.25915276588384       -4.1894420712717473     
   149.89398385489693       -4.1370198722228277     
   149.52308765794925       -4.0841633711772856     
   149.15119508742353       -4.0307069833369349     
   148.77779391906526       -3.9766724810973830     
   148.40162994829575       -3.9220346543163491     
   148.02154408152768       -3.8667654280626516     
   147.63657833335429       -3.8109089200852861     
   147.24904057771016       -3.7564275107779697     
   146.86007615719581       -3.7048527162844684     
   146.46881646781804       -3.6565294571878515     
   146.07441696981036       -3.6118673983002392     
   145.67602452903949       -3.5717380084037735     
   145.27437539625174       -3.5331630529622418     
   144.87037599065374       -3.4939091425523734     
   144.46360805306676       -3.4539482022429886     
   144.05367738853863       -3.4132710647096203     
   143.64020699085069       -3.3718891891078520     
   143.22358761720832       -3.3297653331820367     
   142.80472053019824       -3.2868330338297893     
   142.38333529374864       -3.2430963017555636     
   141.95915058558990       -3.1985677420305012     
   141.53191774204592       -3.1532553760635116     
   141.10211690173560       -3.1071259723034013     
   140.67025914299796       -3.0601342670856151     
   140.23613762807480       -3.0122945843546329     
   139.79958849104122       -2.9636172373504790     
   139.36049885921474       -2.9141131122709583     
   138.91944971178341       -2.8637386643248530     
   138.47659173664320       -2.8124807154832414     
   138.03181664477384       -2.7603564544795001     
   137.58502073081729       -2.7073802052581071     
   137.13629165731376       -2.6535565514812975     
   136.68613591894007       -2.5988568452601104     
   136.23456612076728       -2.5433549981480628     
   135.78157194955548       -2.4872286270567008     
   135.32711788192233       -2.4305401843839571     
   134.87156488126868       -2.3733165991454519     
   134.41513869295954       -2.3155842273990297     
   133.95775795699032       -2.2573734359069864     
   133.49936766941414       -2.1987174562205145     
   133.04008929728022       -2.1396546765108204     
   132.58039037413636       -2.0802217660757720     
   132.12029611012488       -2.0204359136487438     
   131.65978645172348       -1.9603068595119828     
   131.19885165864994       -1.8998168419743344     
   130.73788821768741       -1.8379064621020815     
   130.27696316489610       -1.7742600201588932     
   129.81599743210248       -1.7091605572876862     
   129.35494231789531       -1.6428172030778654     
   128.89379209269677       -1.5756499355815734     
   128.43260004158037       -1.5084150590673377     
   127.97141601187288       -1.4410632991661478     
   127.51029042385885       -1.3735024096755546     
   127.04928229218957       -1.3056418632664468     
   126.58843458869845       -1.2374249371186847     
   126.12780174437454       -1.1687874599609998     
   125.66745251415131       -1.0996532284087595     
   125.20746825803343       -1.0299374447106449     
   124.74791773095440      -0.95990768014953554     
   124.28882671601427      -0.89078891845733355     
   123.83033386899562      -0.82289915120148716     
   123.37256581356760      -0.75599888203029653     
   122.91567209171068      -0.68996034135900264     
   122.45938112143745      -0.62414238943269584     
   122.00373702049690      -0.55834964764867323     
   121.54893058382953      -0.49253456051126243     
   121.09516521144694      -0.42661118435358519     
   120.64257497546947      -0.36051534790437273     
   120.19126071646625      -0.29425335369919620     
   119.74146823332453      -0.22783608793585997     
   119.29346796211611      -0.16128360413663564     
   118.84753263074391       -9.4603923710431859E-002
   118.40350811356528       -2.7940286102045301E-002
   117.96150040776938        3.8632824177229748E-002
   117.52177708463911       0.10510280205625115     
   117.08446018418142       0.17143641598382614     
   116.64978633795913       0.23756892173090649     
   116.21749714201378       0.30338458182609651     
   115.78754217606087       0.36880203626475178     
   115.36024286941448       0.43379722082014638     
   114.93572699165938       0.49825325210532606     
   114.51427930281183       0.56214320110466931     
   114.09474873069344       0.62517944301302397     
   113.67728023362233       0.68732301670140572     
   113.26203309386113       0.74850459427853278     
   112.84948401228213       0.80876485574672741     
   112.43931786210678       0.86798749067681480     
   112.03080412216657       0.92606993962632034     
   111.62432896600474       0.98315773387115757     
   111.22036279195795        1.0393964046872399     
   110.81929463835830        1.0949160134904428     
   110.42096923364761        1.1496913501384822     
   110.02495857836483        1.2035986557510532     
   109.63161504154417        1.2567530948417729     
   109.24124630151304        1.3092532161486612     
   108.85415430702109        1.3612096005231014     
   108.47043359610187        1.4126337071206772     
   108.08983378620590        1.4634521973456518     
   107.71257546607812        1.5137624740204882     
   107.33887234897021        1.5636292813742341     
   106.96897080672720        1.6130967371558866     
   106.60315216161865        1.6621751546054713     
   106.24131270828659        1.7107923410428105     
   105.88336822193743        1.7589213674522823     
   105.52940980285807        1.8065777036939255     
   105.17956464767549        1.8537922894878156     
   104.83409459809479        1.9005485090583560     
   104.49336061751684        1.9466521297184025     
   104.15691178816942        1.9917519283493144     
   103.82416827678003        2.0356645584617503     
   103.49470552163424        2.0784879958359528     
   103.16840262864066        2.1205843497883663     
   102.84534439555064        2.1625397561271007     
   102.52548842348848        2.2049661337603266     
   102.20822623129268        2.2481488156620784     
   101.89348505332532        2.2921697347947814     
   101.58164418763621        2.3370443610184721     
   101.27303824156839        2.3826838858773778     
   100.96768153906633        2.4292281110696194     
   100.66513977813342        2.4771663425386219     
   100.36488010803502        2.5268337605852107     
   100.06724286569194        2.5780235274510988     
   99.772181641524085        2.6313928257090136     
   99.480792503763041        2.6871164074816072     
   99.194986266602399        2.7455517984230910     
   98.950224432911568        2.7965066525995130     
   98.924000728315974        2.8009997875038959     
>
   154.81899542562425       -4.5799998873700014     
   154.19295310819578       -4.6216098001678860     
   153.91871603451247       -4.6190429493171292     
   153.60758563646957       -4.5989080670409459     
   153.30306029570511       -4.5707729752939779     
   152.99752311150260       -4.5374274055030837     
   152.68509381817427       -4.4996591746146466     
   152.36197599747521       -4.4577771068716485     
   152.02574260025276       -4.4120969020104202     
   151.67550325011811       -4.3630362462519914     
   151.32282596463301       -4.3108604190481223     
   150.97002721209873       -4.2570081173823535     
   150.61521966959060       -4.2027507345666990     
   150.25634011614582       -4.1480659252477698     
   149.89173671448694       -4.0929112905499103     
   149.52143066405185       -4.0372925600509078     
   149.15012938595427       -3.9810447219103589     
   148.77730404016404       -3.9241906944394289     
   148.40170958942707       -3.8667104241158490     
   148.02218751311372       -3.8085689605150872     
   147.63777982581726       -3.7498127132172585     
   147.25072335470759       -3.6924613583939947     
   146.86213479449643       -3.6381140212070084     
   146.47113637386596       -3.5871379675927568     
   146.07687323980969       -3.5399801046190063     
   145.67847564241885       -3.4975984176925570     
   145.27675890061315       -3.4567837702921840     
   144.87270563698394       -3.4152460501744772     
   144.46590045714126       -3.3729543176193602     
   144.05594859317532       -3.3298971134712501     
   143.64247533069849       -3.2860853239279511     
   143.22586054071837       -3.2414817067338149     
   142.80701064244167       -3.1960163610397823     
   142.38565577275432       -3.1496915786769697     
   141.96151460938682       -3.1025205376742981     
   141.53434135345185       -3.0545118323984548     
   141.10460525737059       -3.0056310853826895     
   140.67282083722873       -2.9558307411313294     
   140.23878526597244       -2.9051245506310752     
   139.80233353176132       -2.8535234000797307     
   139.36335333487065       -2.8010381756751017     
   138.92241877899517       -2.7476236137526309     
   138.47968513569305       -2.6932671092411775     
   138.03504411594400       -2.6379824131274416     
   137.58839430622115       -2.5817867141447977     
   137.13988811329372       -2.5247842906090594     
   136.69007614958753       -2.4670501999892993     
   136.23892575650916       -2.4086331436967487     
   135.78634984447615       -2.3495898445515473     
   135.33230887940178       -2.2899758794582752     
   134.87716095989799       -2.2298078641925292     
   134.42113756090765       -2.1691041334032439     
   133.96415388467935       -2.1078950538527161     
   133.50616122980190       -2.0462161489232549     
   133.04727533374674       -1.9841006501660534     
   132.58797060555497       -1.9215720488500581     
   132.12827626607339       -1.8586423770886320     
   131.66817226177966       -1.7953202292484631     
   131.20764541464490       -1.7315907084272919     
   130.74706127173218       -1.6665284878117326     
   130.28651551699070       -1.5998499533010873     
   129.82593137407804       -1.5318209573048986     
   129.36525956862511       -1.4626391702569859     
   128.90449780880087       -1.3926592530226660     
   128.44370281742545       -1.3225349504279911     
   127.98292501478340       -1.2522232906395221     
   127.52221596707484       -1.1816400488637184     
   127.06163354303550       -1.1107038650959358     
   126.60122243337214       -1.0393631731360471     
   126.14103764203152      -0.96756296903725059     
   125.68114849690501      -0.89523163307714804     
   125.22162719067271      -0.82227290834883604     
   124.76249664164580      -0.74880310528148919     
   124.30376315235989      -0.67578192815524563     
   123.84554074141300      -0.60350903388862009     
   123.38797494008107      -0.53189217627916352     
   122.93120841485111      -0.46081790968659675     
   122.47502974430259      -0.38977400985632699     
   122.01948533801564      -0.31857827621457269     
   121.56476026135290      -0.24716940227896084     
   121.11105390362155      -0.17544712043813385     
   120.65848200229301      -0.10334210280081005     
   120.20709726948297       -3.0938574160529933E-002
   119.75714894182533        4.1706169704787847E-002
   119.30889026665849       0.11459384766848082     
   118.86258996118094       0.18774737804171651     
   118.41813629862570       0.26098799799738859     
   117.97557396969957       0.33417418696403794     
   117.53517169160094       0.40731683113946898     
   117.09713744800372       0.48040160657920233     
   116.66159327891481       0.55333225637633432     
   116.22839250714281       0.62597814615721048     
   115.79748585831867       0.69824072718381069     
   115.36910595330073       0.77009765410274655     
   114.94352150928744       0.84150767395391679     
   114.52078810318339       0.91229660757244835     
   114.10040668876290       0.98226735748230132     
   113.68184785303801        1.0512950188876127     
   113.26569945069015        1.1195480413754633     
   112.85199471327053        1.1870075173391406     
   112.44076744528810        1.2537181374854203     
   112.03101497062931        1.3194363947581487     
   111.62324378397096        1.3843232902932769     
   111.21777989828936        1.4484441412776323     
   110.81511777614803        1.5119725539183086     
   110.41500187837738        1.5748145631395192     
   110.01704316664535        1.6368257835809088     
   109.62156364322389        1.6981001803182643     
   109.22890708278048        1.7587477612451892     
   108.83933017040019        1.8188699398885995     
   108.45291197425657        1.8784564030084705     
   108.06941987349124        1.9373616193288881     
   107.68906299769364        1.9956652299811601     
   107.31209688603325        2.0534652107455265     
   106.93875014866398        2.1108222951465816     
   106.56924108249972        2.1677519530443630     
   106.20350494331139        2.2241046424585038     
   105.84154975250792        2.2798259323999805     
   105.48347291291178        2.3349186876576891     
   105.12939761044545        2.3894006699227845     
   104.77952208850058        2.4432965163797724     
   104.43412537751561        2.4965357532218113     
   104.09302871466345        2.5487207477501470     
   103.75603901317247        2.5995564267084976     
   103.42275233780840        2.6490662813658101     
   103.09292403559951        2.6975780435717791     
   102.76663603950817        2.7456320125121776     
   102.44389350615448        2.7939019865353294     
   102.12378715154283        2.8427512208732395     
   101.80613191031050        2.8924174930042699     
   101.49114264162476        2.9430509178665676     
   101.17910467845961        2.9946497765867952     
   100.87016469800652        3.0471384387380995     
   100.56405570194038        3.1006939482742499     
   100.26042646714259        3.1553661525220362     
   99.959376115308885        3.2107511162471303     
   99.660457739371566        3.2673398642662952     
   99.363246204658424        3.3261155921286174     
   99.068375202473263        3.3879325798828628     
   98.776854284422996        3.4534972844707683     
   98.564496077934095        3.5007995328048742     
>
   154.81899542562425       -4.5799998873700014     
   154.23677521097912       -4.3551540660837178     
   153.96736702545880       -4.2660682987446341     
   153.66425058787337       -4.1501961822707871     
   153.37367619607434       -4.0258918461606488     
   153.08783099778469       -3.8970645813416085     
   152.79943212667322       -3.7646695084315720     
   152.50425802982289       -3.6289787823756536     
   152.19989598202548       -3.4901344967030905     
   151.88494682038430       -3.3483291652276899     
   151.56199744927230       -3.2038716121924335     
   151.23947206691693       -3.0572018691717373     
   150.91580019604538       -2.9084797913859934     
   150.58920624049998       -2.7577202757374613     
   150.25832025823070       -2.6049519701151000     
   149.92249881765147       -2.4507340813113960     
   149.58203355427196       -2.2956470155566659     
   149.24070541647703       -2.1392352714164562     
   148.89815114903459       -1.9813590471926443     
   148.55226455914843       -1.8220504285208659     
   148.20234262762341       -1.6616480334486192     
   147.84789834034729       -1.5005300141101687     
   147.48880106294644       -1.3391507260244089     
   147.12725668287064       -1.1783661681134450     
   146.76294663559472       -1.0181769133350562     
   146.39539422024637      -0.85775904840277173     
   146.02463610612347      -0.69642616989712591     
   145.65039154391422      -0.53488702659097298     
   145.27347356070729      -0.37257152549402189     
   144.89488655148961      -0.20897145305613390     
   144.51415095059991       -4.4109154630697374E-002
   144.13082787237946       0.12197870048441976     
   143.74451796525611       0.28923882721575317     
   143.35518570584753       0.45770101936782043     
   142.96383892688735       0.62766550681691569     
   142.57030459512620       0.79904921068505663     
   142.17433920350800       0.97158570560492130     
   141.77591295822816        1.1447707887308258     
   141.37487459843302        1.3185826876671602     
   140.97200563853337        1.4933434046858283     
   140.56730837036037        1.6690861713380227     
   140.16057079953563        1.8457502540991495     
   139.75158666125873        2.0232668980357058     
   139.34019323552033        2.2015581808897231     
   138.92700244122867        2.3808292215461502     
   138.51207272007713        2.5610668419760647     
   138.09531354473668        2.7420120652632751     
   137.67674038506729        2.9233795584337465     
   137.25628735092440        3.1051355169785064     
   136.83442598656026        3.2874529741468694     
   136.41120098268169        3.4703067197965516     
   135.98651837421284        3.6536039347673244     
   135.56026586142903        3.8372432055322712     
   135.13240276432794        4.0211471827912018     
   134.70339203279511        4.2054367606355267     
   134.27324398007059        4.3899962015938465     
   133.84201762080568        4.5746404403034884     
   133.40967342091355        4.7592881167598033     
   132.97629102152553        4.9439701706828707     
   132.54218554942017        5.1287799941906966     
   132.10731403276407        5.3136282058697288     
   131.67162662423036        5.4984196947286188     
   131.23507920607014        5.6830593497760260     
   130.79795940308847        5.8675741000275714     
   130.36043566487251        6.0519140981564643     
   129.92252689902890        6.2359298021823362     
   129.48423597034659        6.4195536030872447     
   129.04555543037443        6.6027780524200619     
   128.60665945827733        6.7858380628702495     
   128.16754518926632        6.9687261859866831     
   127.72816105714132        7.1513610617647165     
   127.28845721457553        7.3336533087907947     
   126.84843824523121        7.5155456312870017     
   126.40819811418409        7.6970368833377778     
   125.96774312396980        7.8780210677539717     
   125.52711280867507        8.0583967710086704     
   125.08633638914664        8.2381141457750839     
   124.64549178764250        8.4172259041688964     
   124.20464374839167        8.5957440783034720     
   123.76383868097430        8.7735987673297480     
   123.32313502708384        8.9507194974408861     
   122.88260039573824        9.1270501187745268     
   122.44226171595312        9.3026502189397036     
   122.00217800237974        9.4774126548317099     
   121.56246384657393        9.6511563717923199     
   121.12325274769825        9.8238017286902313     
   120.68467362125298        9.9953750815832834     
   120.24678147118500        10.165965238927251     
   119.80968344059897        10.335520061564228     
   119.37353136330634        10.503883704978273     
   118.93851374241653        10.670966787755841     
   118.50471995934309        10.836802541448115     
   118.07218209972159        11.001360599292802     
   117.64099871229007        11.164449020433878     
   117.21133423593122        11.325930867962109     
   116.78335368248537        11.485721917083966     
   116.35705132237476        11.643852534561734     
   115.93250851560406        11.800335325466564     
   115.50983011344680        11.955146798529505     
   115.08918170070120        12.108227939099303     
   114.67076266667443        12.259569579851490     
   114.25444581473950        12.409192920223894     
   113.84032281814108        12.557055561340857     
   113.42847560984157        12.703083591648864     
   113.01914368619269        12.847196224101049     
   112.61246914072370        12.989305796157197     
   112.20830930694756        13.129460436270762     
   111.80663840176418        13.267675041344001     
   111.40764206349408        13.403940444052443     
   111.01148072031538        13.538233726084925     
   110.61836923139528        13.670517645185797     
   110.22804059840871        13.800828297695153     
   109.84040142923763        13.929192039670831     
   109.45562418417359        14.055571628857184     
   109.07387616688810        14.179928677083009     
   108.69535562077279        14.302208180401502     
   108.31987748046495        14.422443370363855     
   107.94721542764182        14.540729357961416     
   107.57750525329706        14.657077602349768     
   107.21089592645326        14.771626759311472     
   106.84755188599303        14.884455324062277     
   106.48754131389212        14.995571318011097     
   106.13047459886069        15.105285284274244     
   105.77641992287442        15.213672280320791     
   105.42555375692933        15.320702512346227     
   105.07803309145692        15.426317538657070     
   104.73393928646180        15.530458917559846     
   104.39311936221699        15.633151286239059     
   104.05523985729494        15.734480588361585     
   103.72082216327476        15.833975279675157     
   103.39054122442029        15.931245175932142     
   103.06497572808856        16.026231835439074     
   102.74454909007831        16.119183348914326     
   102.42934095152091        16.210507662296699     
   102.11875142562153        16.300507297293581     
   101.81272665434896        16.389335233632032     
   101.51132164164996        16.477482496128808     
   101.21455644104680        16.565479643687439     
   100.92252157986860        16.653476791246067     
   100.63521591219983        16.741386849222259     
   100.35205960476792        16.829028190000013     
   100.07171652003184        16.916034693558426     
   99.794153426440346        17.002233326648188     
   99.519569140342838        17.087417824468787     
   99.247959078077130        17.171000905296562     
   99.046709949968857        17.231696614676935     
   99.002995563248021        17.244300539903488     
>
   154.81899542562425       -4.5799998873700014     
   154.24304737978790       -4.3325949994437956     
   153.97732617757660       -4.2374209827430720     
   153.67849603713728       -4.1158020997439824     
   153.39097665621688       -3.9853751368054522     
   153.10826095331717       -3.8502545037398246     
   152.82315085985823       -3.7114170935606117     
   152.53147180546091       -3.5691299045929150     
   152.23085002604606       -3.4235166957170393     
   151.91991901731029       -3.2747493542667399     
   151.60024409990635       -3.1231252453294140     
   151.28058293348911       -2.9690912759728292     
   150.95994945772060       -2.8128239171929743     
   150.63657380602089       -2.6543455143432375     
   150.30928370677381       -2.4939316601154076     
   149.97786143602320       -2.3326268565409420     
   149.64160397457402       -2.1702603622016432     
   149.30390036769020       -2.0063904266497583     
   148.96506230440357       -1.8408686538204777     
   148.62288275134875       -1.6737683823095373     
   148.27672629834856       -1.5054752127023301     
   147.92616723777311       -1.3363993827687537     
   147.57071053410118       -1.1668411223851018     
   147.21249446576471      -0.99730176960816352     
   146.85180952235768      -0.82746104103937257     
   146.48862533711784      -0.65717455131837443     
   146.12259698946218      -0.48652194157647588     
   145.75322486020710      -0.31534507546662144     
   145.38067969077093      -0.14329158395461111     
   145.00639616743271        3.0228106514338274E-002
   144.63002593186266       0.20522087143357698     
   144.25113353614867       0.38164774967412035     
   143.86932192054971       0.55944743475359526     
   143.48430059547172       0.73856836047187502     
   143.09697999082587       0.91920017585387026     
   142.70776805255093        1.1008083112916003     
   142.31643960823968        1.2832111391690622     
   141.92272651365141        1.4664218375151772     
   141.52635031130555        1.6504203528076744     
   141.12777280517201        1.8354072202692686     
   140.72740136823185        2.0215377114581199     
   140.32502171427561        2.2087470821451802     
   139.92042528667173        2.3969625666924923     
   139.51338519413960        2.5860747301642317     
   139.10430365304026        2.7759288739600185     
   138.69374330791280        2.9664711400486081     
   138.28152826071906        3.1576327734964988     
   137.86752214750757        3.3493599162724470     
   137.45157829108689        3.5415849593585080     
   137.03391097766644        3.7343577500814726     
   136.61489033797150        3.9277768371793593     
   136.19441896917968        4.1217482555763825     
   135.77238342565067        4.3161642892100547     
   135.34871839019769        4.5107791391931045     
   134.92383352763278        4.7055928055255318     
   134.49797922050550        4.9006769079297356     
   134.07108728684011        5.0959701399233426     
   133.64309126353425        5.2914094761506414     
   133.21388801818759        5.4869324642137025     
   132.78381846067887        5.6826175993282737     
   132.35300004735271        5.8784333688164985     
   131.92138579567126        6.0742766402781250     
   131.48903987690579        6.2699107821503484     
   131.05604307810316        6.4652475589351734     
   130.62272370407086        6.6604101565551259     
   130.18906972269551        6.8553871158546213     
   129.75502727594588        7.0501348920424425     
   129.32055453790406        7.2446076484962543     
   128.88569390744576        7.4388466381761571     
   128.45057143528237        7.6329819224980291     
   128.01513727408707        7.8269246930060916     
   127.57934845202647        8.0204532150398027     
   127.14318548853605        8.2134981607078803     
   126.70674578643830        8.4061191176193599     
   126.27011127869562        8.5983510361987729     
   125.83329457037915        8.7901635496838200     
   125.39632316346231        8.9815234265233084     
   124.95924289456742        9.1724066024905149     
   124.52213798848805        9.3628715192789151     
   124.08506115733984        9.5528740591395103     
   123.64803474647617        9.7421947792428742     
   123.21112006237949        9.9307884159244484     
   122.77438013040543        10.118697941017675     
   122.33783958773851        10.305968618187109     
   121.90160557748352        10.492438873339017     
   121.46581159880290        10.678078912668886     
   121.03060375593040        10.862877277021127     
   120.59606398182844        11.046862614284702     
   120.16222665396371        11.230046383615196     
   119.72915708952317        11.412014336538256     
   119.29699795499370        11.592545884308892     
   118.86593202390694        11.771678842140537     
   118.43599138189850        11.949481392008906     
   118.00720811460403        12.125864152500451     
   117.57972374259495        12.300811653755135     
   117.15370270475394        12.474372024226408     
   116.72926818700346        12.646479373769662     
   116.30639383328577        12.817098179002587     
   115.88514725261869        12.986227866967408     
   115.46559204331578        13.153552164970010     
   115.04792472989531        13.319064770474823     
   114.63226792532198        13.482775423764096     
   114.21852365381561        13.644663498357772     
   113.80677155650746        13.804773684962633     
   113.39712565199558        13.963079054563057     
   112.98979048620718        14.119607109132442     
   112.58488007774029        14.274287374863949     
   112.18224087391012        14.427091203868619     
   111.78190782514115        14.577957289664081     
   111.38402245200488        14.726836930839101     
   110.98876580915950        14.873560531891041     
   110.59627483351429        15.018114341833197     
   110.20635070871981        15.160523570807863     
   109.81896249505601        15.300841503888492     
   109.43424942126323        15.439127728684131     
   109.05238280171748        15.575404017590376     
   108.67352478347021        15.709665786945006     
   108.29750863580772        15.841924495903593     
   107.92423179928753        15.972216813764016     
   107.55382720011440        16.100562794048539     
   107.18647703886209        16.226950977601579     
   106.82238127779557        16.351321776814103     
   106.46163445494842        16.473609874499285     
   106.10398103115108        16.593912673479583     
   105.74949549091487        16.712309814886307     
   105.39831076044455        16.828832238439528     
   105.05056549552270        16.943483381885926     
   104.70637027700069        17.056270693676634     
   104.36559905416708        17.167265793534042     
   104.02784388108314        17.276551760336137     
   103.69333623269161        17.383856439137801     
   103.36247144986014        17.488897934711680     
   103.03569185599430        17.591549623388570     
   102.71342946125955        17.691789732772861     
   102.39582234848072        17.789672120895801     
   102.08232334297864        17.885295336495410     
   101.77297598954453        17.978743604365217     
   101.46813895974820        18.070306841141505     
   101.16823681530400        18.160490968543293     
   100.87351592805699        18.249570433346804     
   100.58404046927842        18.337312041735917     
   100.29909309582878        18.423415563834329     
   100.01737835016931        18.507746927521723     
   99.738869303284389        18.589992151935093     
   99.463783679130103        18.669783398180211     
   99.192266436024610        18.746489266784405     
   98.991617194711168        18.801135114974350     
   98.943799284375785        18.813800346683273     
>
   121.95099281917607        16.117000379775629     
   121.81841497273447        15.827375379016704     
   121.75272307151960        15.741063300286664     
   121.65825837654951        15.619942317597685     
   121.52616697126243        15.449636347312197     
   121.34835582702739        15.207365734045283     
   121.23425128530231        15.029521931216809     
   121.12257264681435        14.806835587800283     
   121.07799939638249        14.659999114065839     
>
   121.95099281917607        16.117000379775629     
   121.77242708954583        16.553978662185820     
   121.63973866225284        16.705338064629160     
   121.43440549109457        16.889202507801329     
   121.12503120864483        17.109507065729780     
   120.78577603209497        17.318162246091802     
   120.58367835351574        17.449896698682434     
   120.45599757721286        17.551000255439959     
>
   121.95099281917607        16.117000379775629     
   122.00496372310214        15.848981043912058     
   122.04314391063383        15.772279186012321     
   122.10279740981385        15.665333751738205     
   122.19237019126524        15.517095823275874     
   122.32098431579041        15.313150928816546     
   122.49665317088908        15.035190775484082     
   122.72389624752350        14.660192773795206     
   123.00418031760836        14.217263178932599     
   123.31854907301921        13.764460375619050     
   123.50391810331952        13.492672696441769     
   123.62794741969567        13.308164248725793     
   123.68325904482502        13.226167115030812     
   123.72117968248273        13.172542277603377     
   123.73399732096091        13.156199802867633     
>
   121.95099281917607        16.117000379775629     
   122.00863409063561        15.848854993200636     
   122.04884942419893        15.772111309383018     
   122.11148574157743        15.665113162993215     
   122.20525543876137        15.516828251992994     
   122.33943813994247        15.312941799227142     
   122.52181002809986        15.035613618325124     
   122.75650728544147        14.663209396502625     
   123.04568652504818        14.223935272271232     
   123.36185264901239        13.779269042379912     
   123.66637226019905        13.337009808118955     
   123.95705780580725        12.892186587796138     
   124.23667552599488        12.450616621743542     
   124.50560242698070        12.017662221816581     
   124.75596148521639        11.596498720027503     
   124.90060066586767        11.335523327101257     
   124.95313172689463        11.229477436540465     
   124.97899274921599        11.164999632859674     
>
   121.95099281917607        16.117000379775629     
   121.81815313102939        15.834294990115943     
   121.75196046471551        15.751056256913458     
   121.65689072633057        15.634921725776746     
   121.52471796103886        15.473823187002788     
   121.34874658423280        15.251552237976172     
   121.12738491920173        14.945994427293616     
   120.87761371564750        14.535345846668175     
   120.63812710422964        14.101217456251661     
   120.40942241230053        13.671409167490213     
   120.19174314691634        13.237864621050688     
   119.98500794807235        12.793619515127070     
   119.77906686871034        12.344307170604322     
   119.57170027039371        11.889926441566892     
   119.36513294817904        11.425871893385667     
   119.16091532581683        10.947510589458149     
   118.95927830529206        10.456008498864982     
   118.83843578008374        10.138412845241714     
   118.75647187793997        9.8888060805700935     
   118.72999950966819        9.7761001287840337     
>
   121.95099281917607        16.117000379775629     
   121.96624037159580        15.841690156171907     
   121.98304866100602        15.762011209651513     
   122.01112473810174        15.651008661342972     
   122.05549401556418        15.497309872287213     
   122.12179840864501        15.286043150367657     
   122.21520427763917        14.998192599850876     
   122.33897805484577        14.610311642496979     
   122.49507524516522        14.166144458831331     
   122.68247541079275        13.708134615220530     
   122.89667968724619        13.233489515448817     
   123.12882728247043        12.741323939747350     
   123.36128542081099        12.251306955717835     
   123.58446336200208        11.768520698861657     
   123.79471881344136        11.290844652438047     
   123.99021028882656        10.816078085617146     
   124.17150902706352        10.343257283414365     
   124.33593874236570        9.8732588712318599     
   124.48057219343916        9.4066609634688252     
   124.60350314975258        8.9402939576908036     
   124.65356820049790        8.7066297432250561     
   124.69070904261814        8.4823236481667657     
   124.69419549070450        8.4547993294124115     
>
   121.95099281917607        16.117000379775629     
   121.85593052924230        15.832066757312687     
   121.81137561345939        15.748166830833021     
   121.74873700424979        15.631256514863285     
   121.66354448502028        15.469316301111705     
   121.55264048544974        15.246310247254389     
   121.41625075090323        14.940647585298246     
   121.26011861015928        14.527538723968977     
   121.08689513886216        14.072356426998461     
   120.90810137203580        13.608481787559905     
   120.74622934025993        13.140950531574575     
   120.60064019561079        12.665394428933956     
   120.45873688835516        12.189645812479529     
   120.32110154359667        11.713209073732301     
   120.18909493606091        11.233940777640330     
   120.05972106952053        10.752525608749744     
   119.92900189811462        10.271392335086521     
   119.79782779823203        9.7900018033804432     
   119.66634888481093        9.3078131414879550     
   119.53476913082068        8.8236896011751558     
   119.40918079632735        8.3341791118224418     
   119.29847160240176        7.8353798309535518     
   119.19520398411225        7.3296002054608262     
   119.08209638892296        6.8232791348667714     
   118.96266391280928        6.3156878168762578     
   118.84039128498414        5.8068445861382223     
   118.71638431396138        5.2976638832682452     
   118.58792145028988        4.7879766857214667     
   118.45511327482107        4.2763420046832330     
   118.31873729126126        3.7642243202371444     
   118.17961340219244        3.2523415484805223     
   118.03857411526782        2.7390452898826458     
   117.89699166436853        2.2257415828336407     
   117.75565959601875        1.7170215380181295     
   117.61477386177893        1.2128198382492861     
   117.47422731854439       0.71157288174770872     
   117.33342237135146       0.21649381573907767     
   117.19175913340528      -0.27134420985619034     
   117.04846926832401      -0.75378841091819371     
   116.91898138318560       -1.1825905858193893     
   116.89629798470757       -1.2604996657598757     
>
   121.95099281917607        16.117000379775629     
   121.53462325512545        15.944361325413288     
   121.28713929902572        15.904399812146123     
   120.92079009501366        15.851691707165392     
   120.52685698463821        15.792043937563145     
   120.13856808134555        15.732002545966601     
   119.74385345655929        15.675604592887908     
   119.33481832504005        15.622292017450132     
   118.90643784706434        15.570536168298409     
   118.47206308480276        15.519381924814827     
   118.03586287905671        15.469489907318797     
   117.59170314384218        15.422196826309161     
   117.13467477690715        15.378633700442027     
   116.66284805645125        15.339362601298781     
   116.18419568997190        15.302776955266589     
   115.69897493551196        15.269329971948780     
   115.20792834635323        15.239512103204337     
   114.71065542500810        15.213845313570104     
   114.21464530260829        15.196445158773983     
   113.72045833186185        15.187176420780077     
   113.22673201916989        15.182678129255677     
   112.73272782195500        15.181157499309718     
   112.23953206816657        15.175833575625516     
   111.74773032065488        15.164695849355901     
   111.25718908025740        15.148977325641690     
   110.76788714753631        15.129431443962511     
   110.27926474274135        15.108201066412523     
   109.79074489738883        15.087195288311976     
   109.30240209599010        15.066470259523230     
   108.81437327545436        15.046094734979787     
   108.32634903858087        15.026096216655050     
   107.83753411997208        15.006343497217584     
   107.34885441939919        14.985397306726073     
   106.86176639553688        14.962641715567891     
   106.37798319214492        14.938647389691102     
   105.89792879797990        14.914863339319279     
   105.42203178546066        14.891087883314144     
   104.95090120870648        14.867200700542064     
   104.48591331230297        14.843321539178900     
   104.02558929222202        14.819410865137874     
   103.56815870892599        14.795352367989818     
   103.11373844580179        14.771180425201484     
   102.66395627590012        14.746998169173125     
   102.21777972930286        14.722455522701658     
   101.76978862541890        14.696698778696096     
   101.41100017226101        14.680799773281441     
>
   121.95099281917607        16.117000379775629     
   121.88613571744547        15.833919129812795     
   121.85848305614857        15.750893536904170     
   121.82089645287613        15.635244301006427     
   121.77155619372147        15.475126092992657     
   121.70970482850048        15.254816951401976     
   121.63672203954545        14.953418814196320     
   121.55709465922516        14.546294496870658     
   121.47302284541176        14.094459992203932     
   121.38860496509969        13.630325229933622     
   121.31014126202895        13.151416178369201     
   121.24205497025484        12.657189673535999     
   121.17670168708744        12.158661974654445     
   121.11621281546539        11.657922658745225     
   121.06357862203816        11.155118402999818     
   121.01575727395610        10.652406966414640     
   120.97238207824053        10.152643397603377     
   120.93675728240405        9.6566665067547603     
   120.90881069376644        9.1646796938804016     
   120.88205929505618        8.6750958659319508     
   120.85349047427039        8.1858076841975613     
   120.82395564666885        7.6946677029208397     
   120.79306691983511        7.2021325694517966     
   120.76027253542779        6.7098472455744815     
   120.72544988048216        6.2192825139080625     
   120.68845055893338        5.7305191614994087     
   120.64953583952882        5.2437731934312710     
   120.60775060165048        4.7583226829018734     
   120.56201023622246        4.2734055960649009     
   120.51316386667344        3.7883762095032063     
   120.46327356805074        3.3019276065224661     
   120.41252956233707        2.8134071882121869     
   120.36070381233628        2.3226275973785735     
   120.30777511861056        1.8296186278261444     
   120.25344210536807        1.3344708068840108     
   120.19741428301471       0.83740300442382232     
   120.14160418461746       0.33945227402590689     
   120.08728778715054      -0.15837584340726257     
   120.03542364897855      -0.65554849714104235     
   119.98476845172064       -1.1499892881836593     
   119.93297765214440       -1.6388030608768824     
   119.88001859165637       -2.1224774022908002     
   119.82578011644742       -2.6005699890198795     
   119.76979354705421       -3.0699026242629714     
   119.71171510880914       -3.5310276393192126     
   119.65144052339647       -3.9856765125973048     
   119.58896234236505       -4.4330379358819201     
   119.52434359107056       -4.8698340177183290     
   119.46999739979915       -5.2177998713851741     
>
   121.95099281917607        16.117000379775629     
   121.49869822941265        15.975588097336750     
   121.22485076701921        15.948312442258564     
   120.83307598859797        15.914672372169164     
   120.43347346099745        15.881244869415848     
   120.03746108684135        15.853940566448699     
   119.63308811277133        15.834034867284192     
   119.21263049496623        15.819514398286261     
   118.77298165634724        15.809048751491636     
   118.33130913085218        15.802926697621020     
   117.88539041525554        15.802077574192269     
   117.42942946866313        15.807186638709275     
   116.95873319390557        15.818677879928646     
   116.47578937366009        15.835825360344149     
   115.98711654858054        15.857559940739822     
   115.49265054739567        15.883848389564472     
   114.99236845179423        15.914496474130955     
   114.48806877624516        15.949570657541656     
   113.98599676054154        15.986422155983393     
   113.48430919950776        16.019665739289589     
   112.98148145249341        16.045486081608644     
   112.47731756793800        16.063855108009378     
   111.97379138539081        16.080408431207861     
   111.47116360064139        16.096782991579243     
   110.96956083735896        16.114169968346445     
   110.46893324821666        16.133813252848086     
   109.96857208444170        16.156827820922462     
   109.46841145588948        16.183679487244053     
   108.96848001044891        16.214905686209736     
   108.46856861853063        16.251193967154531     
   107.96726150146223        16.293279434909142     
   107.46432431951206        16.342172214038268     
   106.95978285578015        16.399082964329338     
   106.45393332943837        16.463619209703605     
   105.94772856927348        16.526358659482341     
   105.44160001249324        16.583066582719574     
   104.93567600164016        16.632092288053478     
   104.43086123704758        16.679342970187456     
   103.92917424897159        16.727708628159728     
   103.43129227350717        16.777169781405814     
   102.93690362162246        16.827619859778771     
   102.44623690347136        16.878874370873707     
   101.96165556989298        16.930086483092982     
   101.48357616119281        16.981158220656358     
   101.01151681987859        17.032224228641940     
   100.54610092401400        17.083303414656445     
   100.08941976949313        17.133376486810700     
   99.639898868338776        17.181314145321924     
   99.195365564652235        17.227160507939118     
   99.002995563248021        17.244300539903488     
>
   121.95099281917607        16.117000379775629     
   121.47795830372164        16.000246481279611     
   121.18732088656691        15.982864088174644     
   120.78211254005485        15.963661981162977     
   120.37765820598021        15.948910610180034     
   119.97574780444512        15.943846236369801     
   119.56419337757080        15.948179516053790     
   119.13503539588874        15.959329274436767     
   118.68801373656717        15.976383362734259     
   118.24019681184811        16.000286588324155     
   117.78677636004859        16.031712749554774     
   117.32210530929696        16.070867538268846     
   116.84175985258011        16.117661573052811     
   116.35182594742857        16.170803407072388     
   115.85602208982928        16.229504650423415     
   115.35481294854114        16.293206669271186     
   114.84726059167961        16.361390936825533     
   114.33881270180920        16.431672802809487     
   113.83304453547207        16.497949693916919     
   113.32760066323794        16.556759226288214     
   112.82102405347437        16.606847768302504     
   112.31417070510345        16.653935730427197     
   111.80841399792187        16.703966976663565     
   111.30379633080537        16.757626764515532     
   110.80031655783829        16.815578579091380     
   110.29757532744860        16.878766654811219     
   109.79508104186172        16.947785721849840     
   109.29280791797763        17.022682762745145     
   108.79076970678300        17.103448037214878     
   108.28838657500529        17.190200147519331     
   107.78459683187968        17.283002119014220     
   107.27935521374161        17.381162964617847     
   106.77307539610767        17.480759069458330     
   106.26587540828032        17.579658457639326     
   105.75735131502530        17.676530148239781     
   105.24777928199214        17.769913098922768     
   104.73816255825220        17.860660443821494     
   104.22971123063513        17.950695029242908     
   103.72371731893298        18.040684350999769     
   103.22013040286122        18.130384329078144     
   102.72004139403137        18.218710354402024     
   102.22525740127902        18.304710744100184     
   101.73831433573486        18.387327818112251     
   101.25807945986938        18.467034839563826     
   100.78409326154373        18.544066721144375     
   100.31791991549508        18.618194279742227     
   99.861090937867189        18.687899177242539     
   99.411036040062612        18.753108648007348     
   99.003100987479414        18.807233677576011     
   98.943799284375785        18.813800346683273     
>
   121.95099281917607        16.117000379775629     
   122.29615805521827        15.989442216437487     
   122.50410849751188        15.969767992215768     
   122.82576011925400        15.940486411952650     
   123.28931447529401        15.895408958675127     
   123.77548691262517        15.830171412979134     
   124.26263567001209        15.748797084390125     
   124.76106482015561        15.656321698829377     
   125.27635210703617        15.555479983776936     
   125.78705687759877        15.451243493882815     
   126.28489588122974        15.346589317767664     
   126.76918729817184        15.243776627954826     
   127.24145405020218        15.145137362605581     
   127.70942705663523        15.048992182469135     
   128.17698867938287        14.954532644119059     
   128.64449128747924        14.863188850172200     
   129.11130806511392        14.776239642391705     
   129.57799077062830        14.697132507734940     
   130.04593111846793        14.632638661236332     
   130.51630596391138        14.584381865242101     
   130.99089376790516        14.553003832464935     
   131.47075106459414        14.537342604528645     
   131.94789655211423        14.516407300234937     
   132.41745149497564        14.485567847770204     
   132.88039966168529        14.446867987532810     
   133.33967459607251        14.402592102188372     
   133.79455838204007        14.358388409524107     
   134.24349028259743        14.317716428610751     
   134.68827396883347        14.279572910376947     
   135.13032006280059        14.243000442373672     
   135.57095438879975        14.207225531599027     
   136.01226308610507        14.172346726791030     
   136.45520757786991        14.138344547385186     
   136.90041353398925        14.105171437885829     
   137.34842068069096        14.073057154362408     
   137.79994807998807        14.041371443257818     
   138.25622415335906        14.009309871850082     
   138.71709649403465        13.977421333691659     
   139.18198641465793        13.946661522358236     
   139.64965632642586        13.918756186680721     
   140.11885890025306        13.894816864750737     
   140.58725245769605        13.869518486968524     
   141.05204211070799        13.841277970990182     
   141.51031952560166        13.810775417699615     
   141.96048901496206        13.778693219811828     
   142.40350684532268        13.745330461287560     
   142.84068967366002        13.711573507811208     
   143.27179399291802        13.677942032088502     
   143.69380203447358        13.644778089913610     
   144.10811754488583        13.610905398965864     
   144.51718189725182        13.575936066828755     
   144.90078858957298        13.540993663707265     
   144.91408923145903        13.539699352084083     
>
   121.95099281917607        16.117000379775629     
   121.62727224689330        15.884915809907097     
   121.44484707366246        15.821448130791016     
   121.17413770102560        15.734422719625888     
   120.81592678930910        15.621799846717808     
   120.45819888100048        15.492027774520890     
   120.10132582569840        15.351874280322885     
   119.73794912664479        15.203905642016771     
   119.36462358871334        15.047748291130523     
   118.97729782744747        14.882369757746037     
   118.58226864884044        14.706916907730113     
   118.18676448823447        14.524280313078743     
   117.78786784461795        14.343576305016571     
   117.38113199266658        14.165314815967070     
   116.96312262345191        13.989570330441540     
   116.53611724414625        13.815225580770559     
   116.10666877287012        13.640792595601585     
   115.67405528282178        13.466387685363795     
   115.23575404089942        13.292045227523930     
   114.78778069870665        13.118473397897075     
   114.33485528242835        12.947593323916839     
   113.88039319338628        12.779983119982424     
   113.42515531951118        12.615491525240122     
   112.96831946638994        12.453254519358918     
   112.50970286049098        12.291091425031230     
   112.05101005120738        12.123861665062195     
   111.59151395511736        11.952176585402201     
   111.13028408878753        11.777050321320413     
   110.66645986963356        11.599380124699035     
   110.20125253040059        11.417822982503651     
   109.73508090322528        11.231886151044165     
   109.26766194696468        11.042125972324165     
   108.79891315569857        10.849420790619144     
   108.32934675368158        10.653861133258216     
   107.86038023845938        10.455022438527001     
   107.39228232723045        10.253365937437746     
   106.92532517493986        10.049521883547555     
   106.46044900530326        9.8441858476003610     
   105.99901058234184        9.6375830020033852     
   105.54143160298098        9.4301510864999258     
   105.08848154951815        9.2235935045675070     
   104.64013349293778        9.0187330235770400     
   104.19658510367367        8.8159225855205019     
   103.75852106627192        8.6155122676009750     
   103.32574886691873        8.4171181881064108     
   102.89800208024681        8.2204103233559920     
   102.47526237160719        8.0255055567366718     
   102.05887046220317        7.8334884973244554     
   101.64857711540083        7.6446610938689723     
   101.24408496611275        7.4601411869974150     
   100.84526280700750        7.2800760268590343     
   100.61699413594835        7.1769997764677678     
>
   121.95099281917607        16.117000379775629     
   121.73025281333544        15.855892060644610     
   121.61244008886349        15.781556518372913     
   121.44118472753789        15.679429086063980     
   121.20470900924965        15.543229000542365     
   120.90553624005838        15.371223637483803     
   120.60305292081894        15.173411683092892     
   120.30773615748157        14.953170723477934     
   120.01813808573829        14.709110190108841     
   119.73222585138849        14.448444767341133     
   119.44709226666059        14.188431370526141     
   119.15666397909526        13.926178854710086     
   118.85796733781847        13.659932823173101     
   118.55755984461302        13.388716382901670     
   118.25552114061024        13.112353062899802     
   117.95034205501972        12.831059441208032     
   117.64093568693436        12.548738506218180     
   117.32606272867780        12.266218754878951     
   117.00353390857572        11.983132921253887     
   116.67414449202569        11.699286772655840     
   116.34176881953051        11.413547571555361     
   116.00608889952278        11.124895453105493     
   115.66729438102738        10.836210103104436     
   115.32467193160923        10.548923343042372     
   114.97755119066669        10.262786509243135     
   114.62619686469374        9.9777955910022751     
   114.27264753746871        9.6938062029594310     
   113.91599449795385        9.4104212853736282     
   113.55689206393293        9.1292846541133557     
   113.19519355821454        8.8507297706060992     
   112.83015871934793        8.5743807745487128     
   112.46269625837094        8.2995558461839636     
   112.09343986658729        8.0257072378749452     
   111.72112846392503        7.7529432386419304     
   111.34458175735899        7.4816420006191793     
   110.96327147981681        7.2120487497361845     
   110.57767433217076        6.9441434324706721     
   110.19275212878858        6.6780704341830015     
   109.80927206013664        6.4136469813416088     
   109.42620108333901        6.1506375882992490     
   109.04314672231699        5.8892066939385490     
   108.66088934556581        5.6298728250496728     
   108.28241921973505        5.3730301765847015     
   107.90879574375845        5.1193708815408909     
   107.53904145166470        4.8696506712289898     
   107.17231123072948        4.6243691648324505     
   106.80796623302902        4.3838369054675885     
   106.44636341125975        4.1478722655184050     
   106.09006102190574        3.9139639710387235     
   105.73881441199526        3.6815459397427066     
   105.39224886714075        3.4506789051549487     
   105.05022630451742        3.2216814318006772     
   104.71300054442143        2.9950090211143454     
   104.38157655479750        2.7711051424170443     
   104.05773967208553        2.5495320559654755     
   103.74170246362166        2.3279624072605816     
   103.43375370012657        2.1053826339909816     
   103.31899713244879        2.0156998446459857     
>
   121.95099281917607        16.117000379775629     
   121.80595887061496        15.843837028970519     
   121.73260537797681        15.765002622216645     
   121.62769795452323        15.656448895456354     
   121.48441897563978        15.510418000359453     
   121.30056599162319        15.322166419472051     
   121.07868293501306        15.089828029307339     
   120.83965067911413        14.813328345354027     
   120.61875253692644        14.503737484863777     
   120.41793771081481        14.192817935283594     
   120.22922547187294        13.878319691414612     
   120.04494620726865        13.556061880342099     
   119.86081075506691        13.224004199414379     
   119.67489856079195        12.880711389394584     
   119.48677990610931        12.531621965522753     
   119.29628576847416        12.178538452972214     
   119.10348318394669        11.819781512492167     
   118.90848960887161        11.453570964262676     
   118.71409019101353        11.079835188561347     
   118.52587184167731        10.701000661583034     
   118.35066994716867        10.315923759600480     
   118.18511265095709        9.9229709799852248     
   118.02750800872059        9.5209752077410634     
   117.87330215203028        9.1118558514282739     
   117.71779396230784        8.6990145613818832     
   117.56271148021533        8.2808138242689822     
   117.40992598585960        7.8554465312540112     
   117.25958988600989        7.4237096666078202     
   117.11091593667760        6.9889378446052772     
   116.96692362535904        6.5496768984028062     
   116.83025600628959        6.1046021496149256     
   116.70004734026494        5.6551477115629405     
   116.57260835214488        5.2049512931869089     
   116.44665962720846        4.7549611396113844     
   116.32333619481629        4.3039304947088572     
   116.20364416882863        3.8503645116334289     
   116.08584691421669        3.3949610529601468     
   115.96979889970463        2.9377418910846229     
   115.85589432024453        2.4787895319270583     
   115.74060089112764        2.0230021915417216     
   115.62174481053979        1.5723846491979876     
   115.49972714892640        1.1246668461747185     
   115.37621635934043       0.67686195356901280     
   115.25193379562590       0.23002306777901604     
   115.12780249276508      -0.21760478087292093     
   115.00525770999482      -0.66525497487824625     
   114.88447878310001       -1.1094851838996054     
   114.76160913326896       -1.5447125073366019     
   114.63455402686094       -1.9705198319259882     
   114.50424967688716       -2.3882306901376853     
   114.37186663609049       -2.7990345423212855     
   114.23787874055432       -3.2043987333492856     
   114.10285608326893       -3.6046063043646051     
   113.96748506765380       -3.9994710440890064     
   113.83231229543026       -4.3890112871714253     
   113.69792218353309       -4.7745883812952092     
   113.56432619111789       -5.1561100802579078     
   113.43150999424014       -5.5331317688228738     
   113.29935670951292       -5.9057285044591810     
   113.16770533580028       -6.2741409294340853     
   113.03629288548156       -6.6372993315738462     
   112.90470969374462       -6.9924386166361092     
   112.77304514200306       -7.3385205851249875     
   112.64650684351186       -7.6705444615437370     
   112.63499898651689       -7.7040000392282337     
>
   121.95099281917607        16.117000379775629     
   121.90613251689686        15.851755305478882     
   121.88855016152694        15.776662885980876     
   121.86513967962718        15.673806651376818     
   121.83490928128170        15.537800225584567     
   121.80003849788262        15.369673213733327     
   121.76676282894078        15.167888370101531     
   121.74790335068109        14.927473567081403     
   121.75487796572710        14.643597051721061     
   121.78624339343314        14.338196804427785     
   121.83440737026713        14.028547502244058     
   121.89306965248919        13.712002080230041     
   121.95875295933739        13.386810152370316     
   122.02970919662745        13.051252272369540     
   122.10482969105662        12.706242880843300     
   122.18265683803470        12.357972213637931     
   122.26324621446622        12.004668685300182     
   122.34656859950444        11.644285690642800     
   122.43225558129740        11.275095189003761     
   122.51549030379542        10.897049624887389     
   122.58570398780365        10.511718902608655     
   122.64207443890895        10.117953095904731     
   122.68415990666355        9.7148177106377691     
   122.70862806862372        9.3038242094292567     
   122.72599270003755        8.8909502607894577     
   122.74078016736057        8.4753908590386047     
   122.75347175512735        8.0562980266635087     
   122.76462495125699        7.6333595016745104     
   122.78020997580866        7.2100250628600966     
   122.80031964794256        6.7859921885128518     
   122.82307409318517        6.3600479270142403     
   122.84752907711643        5.9313591977533227     
   122.87090518154947        5.5008037720478153     
   122.89365332425653        5.0690732099371960     
   122.91779260845145        4.6363732032641929     
   122.94511811085641        4.2029019954204037     
   122.97466668944465        3.7689861723399658     
   123.00515892949520        3.3345821892316603     
   123.03590269801080        2.8995594117218335     
   123.06612049128510        2.4638639817792414     
   123.09541926028160        2.0277285202622335     
   123.12337501624370        1.5914039826780944     
   123.14935578674093        1.1550582456561251     
   123.17266313624046       0.71891476273020860     
   123.19274759823206       0.28289904938905097     
   123.20903850676770      -0.15283419576696761     
   123.22149575480276      -0.58794348990145173     
   123.23372381972619       -1.0220627129935012     
   123.24638103002619       -1.4553849518147015     
   123.25945535358946       -1.8876844610000534     
   123.27297715717826       -2.3184782371417025     
   123.28693612755259       -2.7471509235848020     
   123.30120163033880       -3.1732533214304688     
   123.31575991455014       -3.5963207619197837     
   123.33079891033825       -4.0160335346119602     
   123.34650540193908       -4.4323091335867941     
   123.36287365977489       -4.8451040140530690     
   123.37977247651423       -5.2541763878279655     
   123.39701220313219       -5.6591670103839373     
   123.41446105933953       -6.0598478445248638     
   123.43183714990894       -6.4560641916503672     
   123.44877721960839       -6.8475708258309549     
   123.46503718842392       -7.2337947892874412     
   123.48050475663086       -7.6142049501585181     
   123.49502407971322       -7.9881406881247825     
   123.50914004051906       -8.3550181592092461     
   123.52673442800231       -8.7200466955402725     
   123.54542774850606       -9.0803471842774517     
   123.56543772598637       -9.4350785234009322     
   123.58493547921211       -9.7850737935216578     
   123.60424988594852       -10.129000294845234     
   123.60499931472368       -10.151300384568964     
>
   121.95099281917607        16.117000379775629     
   121.77468225136471        15.849105948707921     
   121.68306974021941        15.772255694743373     
   121.55098119972124        15.666528941665590     
   121.36955182711061        15.524767727939182     
   121.13587386165817        15.343106880385768     
   120.86306918242285        15.122712368085988     
   120.59853171098338        14.871262971196501     
   120.34699808930036        14.589135695936013     
   120.10871239738768        14.299946143089272     
   119.87773993856855        14.009375189036909     
   119.64715823695482        13.713437912424682     
   119.41292163766768        13.410281367794703     
   119.17318922736254        13.098667393386146     
   118.92768999700994        12.778846371748518     
   118.68073144319369        12.456521524615841     
   118.43369496711952        12.132138040182548     
   118.18501352926128        11.804527657536875     
   117.93355668392067        11.473031475232757     
   117.67855609471577        11.136983716330775     
   117.42233224065232        10.798653866594297     
   117.16464906312530        10.458167976734735     
   116.90290246902825        10.114843654037085     
   116.64007183881299        9.7673012161690611     
   116.37908212194226        9.4149041070379873     
   116.12040543562613        9.0607084834380434     
   115.86408475169800        8.7053434530107818     
   115.60940100814500        8.3477645137247425     
   115.35544434801380        7.9866681866322731     
   115.10160342535397        7.6209377770217408     
   114.84882877712121        7.2528748562921406     
   114.59892006369998        6.8826306852971761     
   114.35273672175902        6.5093286386346909     
   114.11024322791599        6.1317781100395354     
   113.87233797996869        5.7498152335868626     
   113.63884049621669        5.3650838251451587     
   113.40975879806886        4.9775517990787899     
   113.18506366467852        4.5870386736873119     
   112.96455857152736        4.1934716833327679     
   112.74680252980073        3.7987020545997110     
   112.53220463135298        3.4030729891978742     
   112.32087889478218        3.0061662279484502     
   112.11278292121263        2.6074959026546898     
   111.90666136015018        2.2078870725186208     
   111.70143991575880        1.8081957364623491     
   111.49818371655007        1.4074518769657114     
   111.29764963975025        1.0048241322911071     
   111.09590318428965       0.60081040274865016     
   110.89112864696605       0.19672677235713237     
   110.68649047359392      -0.20775907439537461     
   110.48708111291464      -0.61152127547276858     
   110.29234995250242       -1.0139639547846953     
   110.10154240696207       -1.4125420338760071     
   109.91481546672507       -1.8070354969594957     
   109.73249514476782       -2.1978081722249456     
   109.55459805686587       -2.5853361875868601     
   109.37969811110688       -2.9694276021892119     
   109.20643052206076       -3.3499397495449847     
   109.03498321987914       -3.7268915372608897     
   108.86550116288011       -4.1002560363213059     
   108.69762625245171       -4.4703667081537208     
   108.52854641181366       -4.8368792051328411     
   108.35866271141144       -5.1993523497686960     
   108.19100896268580       -5.5577941634701915     
   108.02872039060449       -5.9124034625867061     
   107.87205998278810       -6.2629058003420104     
   107.71773896158415       -6.6078097676368799     
   107.61749713332651       -6.8265999981549390     
>
   121.95099281917607        16.117000379775629     
   121.92550937603119        15.858156962745737     
   121.91825286575778        15.785791822276661     
   121.90944020215611        15.687003587904828     
   121.89902211085716        15.558475980004303     
   121.89023580331333        15.403107591979994     
   121.89106028955757        15.218665034408627     
   121.91592150055428        14.998841761014692     
   121.97311815677716        14.740639483739711     
   122.05729539482195        14.454807463479003     
   122.16036763450877        14.165225434553516     
   122.27648612282765        13.871196680303761     
   122.40225207423249        13.571066498663447     
   122.53595520975242        13.263196230384095     
   122.67681917159663        12.946112228057642     
   122.82379029040916        12.622686156073369     
   122.97582406415862        12.296274401101753     
   123.13225013224329        11.965258930374373     
   123.28989029786209        11.629650630089031     
   123.44816358182688        11.288397549763141     
   123.60378980085181        10.941603967712513     
   123.74923971676063        10.591598384351764     
   123.88584717526324        10.237709293163686     
   124.01539235617960        9.8783083481398322     
   124.13914550690616        9.5123046376686293     
   124.26136771444673        9.1417774255307460     
   124.38638824778087        8.7705277136333084     
   124.51406386746373        8.3974158889535122     
   124.64417341179259        8.0210949277524932     
   124.77632268581536        7.6405776237767080     
   124.91107777181786        7.2567663855283771     
   125.04841575148895        6.8695225572249408     
   125.18758203943342        6.4781207743179428     
   125.32632949524130        6.0821634041086314     
   125.46462030369916        5.6823414336787055     
   125.60316321357989        5.2797549419642031     
   125.74192728516337        4.8741243255688804     
   125.88080480238710        4.4650324712294909     
   126.01984905032461        4.0524868273971624     
   126.15960663069720        3.6383827384054470     
   126.29999102688021        3.2226239473474392     
   126.44087160450000        2.8048454801177978     
   126.58215382552299        2.3849906138963837     
   126.72398322122513        1.9646361284915186     
   126.86630937132180        1.5438204120744081     
   127.00904346735727        1.1222615694176921     
   127.15213451608915       0.69979057797651090     
   127.29538771187259       0.27724682089737301     
   127.43834125073748      -0.14509926574794554     
   127.58112462114194      -0.56750952366453289     
   127.72389481351749      -0.99015469427058689     
   127.86688330280690       -1.4127609037476565     
   128.01029463493737       -1.8352909098400938     
   128.15432189668047       -2.2578409694548029     
   128.29910488973428       -2.6804649406230272     
   128.44451527155633       -3.1029107219219241     
   128.59041954298405       -3.5249686108043115     
   128.73669222626376       -3.9465114106432106     
   128.88311330560830       -4.3674039034027325     
   129.02950802889498       -4.7873762259688792     
   129.17582826767037       -5.2062106543855622     
   129.32196000333641       -5.6237891593502667     
   129.46777718518169       -6.0398619312712691     
   129.61332794165963       -6.4542238512636194     
   129.75858591671241       -6.8668130398871652     
   129.90345599934867       -7.2774828199504356     
   130.04791240646838       -7.6859461396060578     
   130.19189211271581       -8.0920460084225336     
   130.33550283415340       -8.4957320061152952     
   130.47864315725431       -8.8967829709815778     
   130.62114807017809       -9.2949691469519262     
   130.76290470024225       -9.6897542455450214     
   130.90400930435374       -10.082116305689935     
   131.04437994955006       -10.473892802984519     
   131.18402351132457       -10.864710741914525     
   131.32294056263507       -11.258297212833561     
   131.46127491588419       -11.653307483833878     
   131.59902141445181       -12.047739067477213     
   131.73615828594239       -12.440741694419257     
   131.87247983851319       -12.831168876143858     
   132.00792190089294       -13.219603310712445     
   132.14252629899954       -13.605862797551241     
   132.27604723394569       -13.989156654924965     
   132.40824005275965       -14.368882131249913     
   132.53897698585672       -14.744908592152433     
   132.66839611606167       -15.117537413424373     
   132.79646421182326       -15.486561757307449     
   132.92306209792352       -15.851726657589920     
   133.04808721491986       -16.212847621866896     
   133.17147768337219       -16.569760211255741     
   133.29332976018742       -16.922570422945608     
   133.41354718845861       -17.271035322838127     
   133.53216319973700       -17.614794520490179     
   133.64914570838690       -17.953563828843293     
   133.76451476793062       -18.287114064785801     
   133.87846060035085       -18.615759209180684     
   133.99095627663195       -18.939475197801226     
   134.10194908465823       -19.258085559651434     
   134.21138172865182       -19.571314702039516     
   134.30809700177852       -19.848068779246791     
   134.33900119847235       -19.942599937319265     
>
   97.537000006320568        4.1029999311258312     
   97.569381288169083        4.6128315140329645     
   97.643107776321500        4.7635830082725885     
   97.750384380191988        4.9628794962693732     
   97.896555649944801        5.2256912188779143     
   98.079969175344743        5.5695128689278999     
   98.287692153400030        6.0156985828496232     
   98.512672046806642        6.5300118415055559     
   98.741097708297275        7.0442660855102321     
   98.960494128145726        7.5604156738484578     
   99.171895495143389        8.0828758191666488     
   99.385475820575309        8.6031295040771916     
   99.599920739296024        9.1229213850177064     
   99.812151749157948        9.6451517742664432     
   100.01600726220371        10.170399932138157     
   100.20503634679748        10.700664908324431     
   100.37331633837576        11.238606372836246     
   100.53012514225695        11.778710752964496     
   100.68780426900470        12.314113441556737     
   100.84691407132711        12.844558899443454     
   101.00635676211924        13.370088379584747     
   101.16593180615833        13.889629305017982     
   101.32371750305302        14.403342103921327     
   101.41100017226101        14.680799773281441     
>
   97.537000006320568        4.1029999311258312     
   97.487560052512308        4.6055131243194110     
   97.507519036750281        4.7548820714378577     
   97.532898774537145        4.9526012066685405     
   97.564322643936649        5.2123435944539773     
   97.601950500169181        5.5487127826700799     
   97.643412016902246        5.9760848549544248     
   97.688319874677148        6.4647181459472050     
   97.737726596934209        6.9602842260681443     
   97.790290316554589        7.4685264240958134     
   97.844917257137809        7.9948889848480453     
   97.903502763017443        8.5244354719792188     
   97.965685870792584        9.0560239806354126     
   98.030262223211395        9.5919830112312443     
   98.097634609592646        10.129370998528369     
   98.167851731347540        10.666823157096760     
   98.240180775476517        11.204864889219936     
   98.314353597738929        11.743883514356623     
   98.388935511855692        12.284049200967246     
   98.461172882740001        12.824940252126316     
   98.530189657947503        13.365146045781481     
   98.598681603829277        13.903132773957855     
   98.666420683189202        14.438479885645517     
   98.733308920247026        14.970228249522105     
   98.799486116700891        15.499534667343799     
   98.864684701267890        16.026035310920811     
   98.928473809698090        16.548821469215358     
   98.989301299367682        17.065046115022657     
   99.002995563248021        17.244300539903488     
>
   97.537000006320568        4.1029999311258312     
   97.483279484944006        4.6037931050662930     
   97.500420662823942        4.7526658707479630     
   97.521463683180130        4.9497507417170876     
   97.547018746047428        5.2085391548001772     
   97.577315034537492        5.5433006234878812     
   97.610483560374618        5.9673409462862557     
   97.646350717351709        6.4524201801747401     
   97.685860166931107        6.9438197113254319     
   97.728095176666073        7.4476037248732485     
   97.771981450720659        7.9692640211316927     
   97.819084882705397        8.4945064494256162     
   97.869152225281852        9.0216957882532132     
   97.921136111629693        9.5535146259366428     
   97.975246244296102        10.087364025989507     
   98.031585182723532        10.621610485783348     
   98.089555331948333        11.157091669591338     
   98.149696418198445        11.694130725600939     
   98.212261688812305        12.232598738311829     
   98.275167296347021        12.772472216455064     
   98.336901205223285        13.313142105911368     
   98.398308528165401        13.853214400403981     
   98.459233420657441        14.392694829510697     
   98.519517746352363        14.930675255151499     
   98.579523614566611        15.465510142584566     
   98.639068824726380        15.997488835488387     
   98.697928204424457        16.526146665104044     
   98.756431204383887        17.050134888819322     
   98.814498756431135        17.569337196205055     
   98.871704579978484        18.083571386687460     
   98.927369720057598        18.589547536698447     
   98.943799284375785        18.813800346683273     
>
   97.537000006320568        4.1029999311258312     
   97.891938756160116        3.6187239840437675     
   98.116723843921804        3.4170038846410220     
   98.414872164603921        3.1484253419849666     
   98.746811816229112        2.8096634820829802     
   99.064336996045540        2.4222259940501769     
   99.384673106726666        2.0432975019960771     
   99.711554687077211        1.6738841197809331     
   100.04651153436761        1.3050362468938463     
   100.38964047846257       0.92985661758896609     
   100.73975091309691       0.54913476768601166     
   101.08837165750536       0.17076662833995673     
   101.43520305476942      -0.20703485576248246     
   101.78134117312065      -0.58612263007919607     
   102.12887616253755      -0.96814394822534622     
   102.48177346380986       -1.3495453260544161     
   102.83879720700786       -1.7299778322788812     
   103.19442064139353       -2.1109563672669114     
   103.54913078107920       -2.4931495727468174     
   103.90318545706545       -2.8759266222037145     
   104.25679379894173       -3.2572489318592570     
   104.61057746589843       -3.6370998859378472     
   104.96728149865565       -4.0183247927709287     
   105.32655467409475       -4.4021841594727089     
   105.68710898312811       -4.7866124732492228     
   106.04696256479752       -5.1697235570913866     
   106.40464750127272       -5.5502271100804705     
   106.75976902464382       -5.9277346668421877     
   107.11316193439514       -6.3025613541550882     
   107.46489727729124       -6.6729814231882640     
   107.61749713332651       -6.8265999981549390     
>
   97.537000006320568        4.1029999311258312     
   97.968436641090449        3.6573304521631544     
   98.241232725959108        3.4691367400114523     
   98.600119154897257        3.2221392250662468     
   98.960569185614801        2.9308715543543937     
   99.314905756828423        2.6029385964790372     
   99.677626419224893        2.2649800233834707     
   100.05336353644891        1.9413551350498206     
   100.44361596605087        1.6239800701715401     
   100.84208289133302        1.3045509516548752     
   101.23639472680050       0.97737601692138332     
   101.62989410813711       0.64604656533100802     
   102.02580621468185       0.31875933087279568     
   102.42665721728321       -5.4791952423635642E-003
   102.83256399932809      -0.32872879623064638     
   103.23731168778569      -0.65397171733272030     
   103.64209948328782      -0.98206109268179409     
   104.04957273190101       -1.3096399626496125     
   104.46093292608820       -1.6357978973250473     
   104.87566612272146       -1.9606443316439239     
   105.29097743375394       -2.2855085276539553     
   105.70772171219213       -2.6109451084853941     
   106.12738234572642       -2.9361164098650701     
   106.55135276767571       -3.2604701004938459     
   106.97993148904303       -3.5849744790185474     
   107.41193191426765       -3.9115397866749846     
   107.84809086705361       -4.2402410809322291     
   108.28919387251617       -4.5704228980908939     
   108.73576117631882       -4.9006368008851933     
   109.18394995063659       -5.2304060884428418     
   109.63012248652940       -5.5586278170389081     
   110.07676599371669       -5.8850000379237590     
   110.52624449599539       -6.2091606417809491     
   110.97581982813878       -6.5280437315340487     
   111.41500972757663       -6.8389203092807920     
   111.84424964222113       -7.1420287254573207     
   112.26612418461418       -7.4384014499817299     
   112.63499898651689       -7.7040000392282337     
>
   97.537000006320568        4.1029999311258312     
   98.170475877976202        4.3540241933431609     
   98.609487014586961        4.4293624117284356     
   99.034048156006619        4.5339839292501702     
   99.437327926633927        4.6553403975863930     
   99.842413087223477        4.7871785555350597     
   100.26080347336129        4.9256916716112524     
   100.69649833034610        5.0684905118757628     
   101.13123863967078        5.2151327529230596     
   101.56459181821207        5.3643693467945130     
   102.00085619522939        5.5149924984915986     
   102.44361619458935        5.6660046885207516     
   102.89360577520709        5.8150304339294641     
   103.34720785462262        5.9547868683864928     
   103.80615906786463        6.0828910604881985     
   104.27104211299455        6.2006264356599612     
   104.74284534218150        6.3094729438454182     
   105.21579677875792        6.4190052824925630     
   105.68832938319778        6.5319730759837116     
   106.16166813923294        6.6473415625696539     
   106.63708329425987        6.7641516109280300     
   107.11366556428302        6.8828885162978102     
   107.58959179764901        7.0043108747786391     
   108.06531749579226        7.1274824733593265     
   108.54118356859142        7.2518750449674592     
   109.01746904648495        7.3769523011217224     
   109.49439394526004        7.5016038496460498     
   109.97240517198446        7.6252785051568619     
   110.45181613456347        7.7475224850930458     
   110.93220800086043        7.8683495404412973     
   111.40970299262581        7.9894470318613298     
   111.88386050532745        8.1111570151473114     
   112.35544085393828        8.2331981680296611     
   112.82429392352020        8.3551144161161499     
   113.28724724684980        8.4757357796216759     
   113.74252580072722        8.5942148539908221     
   114.19218478470638        8.7103511040008730     
   114.63762106985294        8.8243106874077952     
   115.07912743759205        8.9362271033741347     
   115.51463092667861        9.0454276994671314     
   115.94483512926546        9.1525948684017937     
   116.37068771751940        9.2584705905021671     
   116.79223567397833        9.3634479148047767     
   117.20910944087463        9.4669298193037079     
   117.62027024575464        9.5660028136917976     
   118.02518810267267        9.6551917134311331     
   118.42669628784674        9.7295077751383392     
   118.69382925802591        9.7710741431450057     
   118.72999950966819        9.7761001287840337     
>
   97.537000006320568        4.1029999311258312     
   98.037287258541994        4.3710146833271670     
   98.337179662703960        4.4632087466183394     
   98.672736396789162        4.5843990571985982     
   98.991516354142021        4.7194761454730072     
   99.304899622172712        4.8624520296912870     
   99.621819185616530        5.0105633344844174     
   99.946946942205003        5.1625065809047497     
   100.28291620589121        5.3174859305969919     
   100.63059443475292        5.4749908781798915     
   100.98042182824432        5.6343126748805918     
   101.33145587081873        5.7949637336290047     
   101.68600329049509        5.9568174307559314     
   102.04574629131311        6.1197843848478177     
   102.41123835048749        6.2834870167281798     
   102.78294585565051        6.4474194046779960     
   103.15779030465457        6.6085420076786807     
   103.53792143508717        6.7672066218066540     
   103.92376610049385        6.9238240577895915     
   104.31519825016315        7.0788847674864792     
   104.71321139288418        7.2332642303839130     
   105.11401369407429        7.3896496184662812     
   105.51626099478352        7.5484758066879838     
   105.92105165507455        7.7093067741790628     
   106.32882685243737        7.8712469879306459     
   106.73921702910440        8.0332066822467212     
   107.15003348635913        8.1961283726740533     
   107.56018817737890        8.3604349020536795     
   107.96993377654435        8.5258827633294434     
   108.37947139203595        8.6921195874671486     
   108.78899009992084        8.8587116454279506     
   109.19853058020132        9.0256944605941580     
   109.60832144303134        9.1931711653660244     
   110.01863025969371        9.3610644104433600     
   110.42959052935103        9.5292859603281670     
   110.84120454383441        9.6976925755756547     
   111.25300133184933        9.8669534708719091     
   111.66448471195905        10.037627280051636     
   112.07515391906453        10.210124813842516     
   112.48431109059077        10.385080909463886     
   112.89077765238591        10.562922993419022     
   113.29378297623700        10.744065887140053     
   113.69252664012650        10.928922693185772     
   114.08574641806686        11.117480806485037     
   114.47207294096582        11.308999965587141     
   114.84982916140369        11.500501362998088     
   115.21839743089454        11.691633775599241     
   115.57954417827158        11.882845256373921     
   115.93486623686539        12.075193485382508     
   116.28404446919299        12.269398097595660     
   116.62496065034473        12.465524983157982     
   116.95588559374299        12.662672879482818     
   117.28648509712271        12.858558549820103     
   117.62403228653281        13.050334966965062     
   117.96390912227308        13.235936618123723     
   118.30082720404164        13.415516483023133     
   118.63237609846146        13.589276815759341     
   118.95894083316010        13.757118494636547     
   119.28629854142517        13.917840027191803     
   119.61999144385467        14.071381252858288     
   119.95934917984704        14.221898980324001     
   120.30127491260566        14.373383860520983     
   120.64469835699914        14.522924694973188     
   120.86733313421553        14.608312019847620     
   121.00031835363814        14.644519513745552     
   121.07799939638249        14.659999114065839     
>
   97.537000006320568        4.1029999311258312     
   97.957727487239680        4.4513628445336515     
   98.219348603583072        4.5641323946332015     
   98.527240644258029        4.7116661579849124     
   98.834002812192452        4.8789520678163090     
   99.132292653446001        5.0559702384849725     
   99.431995408583049        5.2392554213423823     
   99.738172013667125        5.4270996292487821     
   100.05367923618525        5.6185420120084748     
   100.38031329877518        5.8129855476155470     
   100.71684062333834        6.0099575459021715     
   101.05381428201150        6.2078010129709389     
   101.39128068437473        6.4055848924306709     
   101.73137180632443        6.6040007443208459     
   102.07589475669616        6.8035745438827568     
   102.42644407698934        7.0047067886040573     
   102.78345865286289        7.2073023674934014     
   103.14582121664736        7.4098561204648634     
   103.51580870255725        7.6129037630419836     
   103.88996903997294        7.8169214231392683     
   104.26819508578977        8.0214982900290384     
   104.65107240285803        8.2266383744157512     
   105.03593158088448        8.4329232284452775     
   105.42031119324977        8.6407264205896510     
   105.80521964564524        8.8502387457893370     
   106.19145678713065        9.0615570339090201     
   106.57985226057025        9.2747597801644481     
   106.97015396454121        9.4900904916117774     
   107.36031357498292        9.7067281197534303     
   107.75019243611287        9.9236470701646642     
   108.14020823415200        10.140941880879044     
   108.53112357590445        10.358882987968348     
   108.92371310028771        10.578076580762955     
   109.31743307036929        10.799949897090817     
   109.71213222529551        11.025416804609739     
   110.10748627096334        11.255517794646726     
   110.50189608221108        11.487260308721082     
   110.89377800373703        11.718570812629929     
   111.28205029125411        11.949978719361241     
   111.66598127767830        12.181346519048008     
   112.05021650468321        12.413505573427832     
   112.43448782802822        12.647125670144582     
   112.82144632335763        12.882776902188553     
   113.21619303377952        13.120753769858238     
   113.61253715048979        13.359454283203039     
   114.00561082419644        13.597735391453476     
   114.39692322568989        13.833588304635716     
   114.79536551378752        14.063605069879163     
   115.20661856487000        14.288557461312374     
   115.61128718515408        14.510969930910452     
   116.00817904950124        14.732490878204116     
   116.39804530556003        14.954759535399619     
   116.78462392988183        15.178173535195715     
   117.16840365545229        15.402915651123964     
   117.54375631800650        15.629331376725220     
   117.90951136480152        15.858010858512042     
   118.26722323029234        16.089711546668518     
   118.61991885042636        16.325341006316876     
   118.97097180060747        16.563729257672019     
   119.32307269056670        16.800727513454856     
   119.67474328923379        17.037216409771997     
   120.02280941051197        17.273770623275965     
   120.32329998259540        17.468408391570179     
   120.45599757721286        17.551000255439959     
>
   97.537000006320568        4.1029999311258312     
   98.123071643157417        4.2061707195506646     
   98.472535208459064        4.2480012210935358     
   98.840672613699951        4.3140529397937506     
   99.189484726006654        4.3931784090994510     
   99.534696371628939        4.4795409081140596     
   99.885748175894477        4.5706274440180632     
   100.24760768274882        4.6652307947707161     
   100.62232665399925        4.7626445034302805     
   100.99834509349286        4.8622434730596629     
   101.37401059099450        4.9634662050352611     
   101.75230424582925        5.0659574655339785     
   102.13556086094731        5.1696330297622746     
   102.52574510857353        5.2744963354668268     
   102.92129739763297        5.3784715566136390     
   103.31895358765756        5.4781215194853683     
   103.72047265902945        5.5728841525006354     
   104.12747894705259        5.6622306156292481     
   104.54141458645724        5.7455501358785952     
   104.96108954393600        5.8246572705353623     
   105.38332676860327        5.9051566925955514     
   105.80885391683863        5.9865378966779099     
   106.23798095880062        6.0687819751757237     
   106.67027989502819        6.1526566915131031     
   107.10343425722010        6.2396454333803630     
   107.53564152020300        6.3306506092797221     
   107.96763163218758        6.4246999098599016     
   108.39987040784834        6.5210175502878807     
   108.83266724438602        6.6189274403842209     
   109.26586973503137        6.7164230820062087     
   109.69935698569299        6.8128346875099748     
   110.13311868313082        6.9081232957665355     
   110.56712388762482        7.0021611371911296     
   111.00123680818130        7.0946926726142436     
   111.43504548815702        7.1851191611566234     
   111.86840439627609        7.2729283785636802     
   112.30117201196704        7.3576900335432400     
   112.73314436226048        7.4390494652299894     
   113.16442400659889        7.5172811204001571     
   113.59584459855095        7.5923632266581356     
   114.02726920120747        7.6638912758118183     
   114.45850873850134        7.7314126312156475     
   114.88933918394085        7.7946958179268329     
   115.32050423672342        7.8539253283502699     
   115.75249893237023        7.9091143405148827     
   116.18553927596408        7.9597655270683356     
   116.61888672492756        8.0068208305996116     
   117.05198207246821        8.0518301019014107     
   117.48444430166285        8.0948002164670854     
   117.91649686604538        8.1348121500188171     
   118.34939282427885        8.1699568072363569     
   118.78339917468841        8.1983113418127544     
   119.21760033074288        8.2185980579004223     
   119.64912119030632        8.2316752462525820     
   120.07845564298439        8.2382453531065174     
   120.50526965439180        8.2423276772832228     
   120.92902750900504        8.2417106017550399     
   121.34533691248883        8.2442837551413675     
   121.75130041735387        8.2571993693997960     
   122.14908666879434        8.2793441875653677     
   122.53996247646005        8.3099372681850490     
   122.92455637503474        8.3456296730394914     
   123.30417528121275        8.3815197483277526     
   123.68183237995486        8.4124485822060358     
   124.05677537769694        8.4325622650443908     
   124.41839825298845        8.4439664166813255     
   124.65347079767545        8.4526112036536940     
   124.69419549070450        8.4547993294124115     
>
   97.537000006320568        4.1029999311258312     
   98.128172686265515        3.9331706617126247     
   98.476494919670998        3.8723941652853830     
   98.848318735263206        3.8173907914412264     
   99.206970824469650        3.7662101918998054     
   99.567101144746417        3.7170372364166551     
   99.936936796844819        3.6688108071847214     
   100.32153585203952        3.6205585948527244     
   100.72087424610382        3.5718634861574152     
   101.11984594718943        3.5225089030582626     
   101.51937284436308        3.4725435469664965     
   101.92254547188570        3.4220201299978030     
   102.33188770877459        3.3711185608948457     
   102.74861938214165        3.3205017518081448     
   103.16836080272279        3.2727990059863874     
   103.58956784930308        3.2317763749121697     
   104.01401783691358        3.1979638445312384     
   104.44321821747128        3.1718564503648117     
   104.87725378872760        3.1527379951889061     
   105.31262148682049        3.1349700014985435     
   105.74944048696808        3.1179422692588905     
   106.18833703202297        3.1015900542408983     
   106.62994767807790        3.0858440285532862     
   107.07256214616194        3.0692293988724271     
   107.51348810767074        3.0488762196823731     
   107.95267170457302        3.0227126756535863     
   108.39090992113965        2.9904454124031226     
   108.83015425156651        2.9545960171171819     
   109.27063846262756        2.9179605237581976     
   109.71224509797800        2.8813685751904310     
   110.15486128493541        2.8445646322443658     
   110.59838217222612        2.8072874261726923     
   111.04283927252804        2.7690923417387610     
   111.48865886642888        2.7290443118469399     
   111.93588564463536        2.6868436795787138     
   112.38456372489655        2.6422188629467485     
   112.83481113651494        2.5948427030591272     
   113.28728964572547        2.5458192895563450     
   113.74245475396260        2.4970347994474831     
   114.20033510911531        2.4493446586968686     
   114.66032967847323        2.4036168983399682     
   115.12119055999328        2.3593765363778374     
   115.58137878908055        2.3145838431165697     
   116.04082675671710        2.2693642963098082     
   116.50022487702687        2.2241865754209273     
   116.95917036069108        2.1783379209726190     
   117.41462825035337        2.1319793341008344     
   117.86570415892047        2.0858522221718405     
   118.31255507682384        2.0401903519595468     
   118.75501083560304        1.9956652299811601     
   119.19097498274405        1.9535854918043427     
   119.61809667247893        1.9148180225490037     
   120.03743072007907        1.8791697354435581     
   120.45022560054534        1.8455886800054186     
   120.85667038994485        1.8126012088265167     
   121.25612452148057        1.7787222153431999     
   121.64996939635802        1.7428075028704324     
   122.04013530933531        1.7048473311259680     
   122.42752810666133        1.6654742454980289     
   122.81184927733312        1.6259069271829454     
   123.19183888719428        1.5874551576639386     
   123.56762871653400        1.5509697792431012     
   123.93890936815150        1.5165860099563209     
   124.30362678840845        1.4846567917955771     
   124.66007241720725        1.4555333478795109     
   124.83989349733170        1.4439000131309017     
>
   97.537000006320568        4.1029999311258312     
   98.091597353473347        4.2904631221090712     
   98.425373907738631        4.3607192049929591     
   98.779543748238510        4.4560994864941899     
   99.112602959364239        4.5634116137469851     
   99.441893827176258        4.6779579059197935     
   99.776242193305180        4.7972282349819970     
   100.12026724336678        4.9200463186129255     
   100.47659713469420        5.0456873652219070     
   100.84007467431698        5.1735629471697182     
   101.20286179981581        5.3030307787858879     
   101.56771615698197        5.4337293237117530     
   101.93691983664992        5.5655674816604188     
   102.31239683104222        5.6985670250274971     
   102.69552968727999        5.8324747064745868     
   103.08298035334171        5.9629291713865173     
   103.47493217571673        6.0881439374077839     
   103.87184409358615        6.2086226344262929     
   104.27466148728567        6.3246935672495175     
   104.68413149375931        6.4363985617953379     
   105.09717331902843        6.5485791112978839     
   105.51167905142334        6.6631975961508694     
   105.92815575857867        6.7797142901263010     
   106.34750413012330        6.8977848455988893     
   106.77068387033732        7.0172219053748348     
   107.19501926639198        7.1387468232981393     
   107.61943487653573        7.2621292703415659     
   108.04414384106242        7.3866467467455639     
   108.46928366983904        7.5116730096574766     
   108.89485837357009        7.6366482793270443     
   109.32039010546767        7.7609405833238210     
   109.74577344130046        7.8845860179878935     
   110.17111953487760        8.0076464627594195     
   110.59662433775958        8.1299242472045741     
   111.02227868262192        8.2513271251209126     
   111.44771644944373        8.3721238137068674     
   111.87280127427357        8.4921899811243620     
   112.29736356160878        8.6113210814462242     
   112.72115063706876        8.7292770453629736     
   113.14409832938222        8.8458286897629357     
   113.56660427124794        8.9607726146345001     
   113.98852121251663        9.0740377732130479     
   114.40959361401883        9.1860676348196666     
   114.82952984024489        9.2966983335295126     
   115.24867653065122        9.4060421690673035     
   115.66798250332016        9.5137926090211771     
   116.08773996671914        9.6192076730670859     
   116.50772489435641        9.7227497381328316     
   116.92761757579127        9.8242721270269442     
   117.34640674054339        9.9230133788608850     
   117.76310174461257        10.019088658148268     
   118.17829731817368        10.112358736148753     
   118.59189032882632        10.203265936267870     
   119.00445946392762        10.291153075932895     
   119.41423886760202        10.375236348901899     
   119.82041379388758        10.453899441279795     
   120.22380758311294        10.525519163678148     
   120.62503387305966        10.588126833167671     
   121.02384571892487        10.636134392527957     
   121.41933440967081        10.673905488205289     
   121.81044971368821        10.704514611642786     
   122.19803788961694        10.726923563344561     
   122.58445322097170        10.747502487899615     
   122.97181393266207        10.776146939112280     
   123.36037613681543        10.825893998290175     
   123.74582546135443        10.897431214768327     
   124.12621671461881        10.977345646935964     
   124.49679835774570        11.056566800190790     
   124.77835210226924        11.112974493551731     
   124.91730467696206        11.145791223312436     
   124.97899274921599        11.164999632859674     
>
   97.537000006320568        4.1029999311258312     
   98.134835612279673        4.1858484800806872     
   98.487244180566336        4.2210189203982909     
   98.854947283810603        4.2788572893338630     
   99.206521052612985        4.3506523368126473     
   99.555096533356902        4.4299989678211134     
   99.909688643740026        4.5140788030434411     
   100.27533081785258        4.6016829015655478     
   100.65357462536055        4.6921065253190317     
   101.03210777654699        4.7847285880712569     
   101.41038825335285        4.8789973314808641     
   101.79141606270989        4.9745643972181091     
   102.17753861263945        5.0713535818983599     
   102.57073031564862        5.1693631666482780     
   102.96835040933313        5.2660291654060041     
   103.36782631326443        5.3585022591356397     
   103.77091987261352        5.4462730883714894     
   104.17922620183765        5.5288454716767763     
   104.59415535003139        5.6056607752167960     
   105.01387270638580        5.6794124735115021     
   105.43594549217045        5.7546275059742529     
   105.86128929391647        5.8306710353857065     
   106.29039227165173        5.9073522668053959     
   106.72370305131734        5.9848006886914158     
   107.15813568231461        6.0651792166601970     
   107.59165043494961        6.1497506496570669     
   108.02492569123294        6.2375375217107347     
   108.45848685344805        6.3277623291148419     
   108.89264790245798        6.4196813726720041     
   109.32726789064903        6.5110194370410701     
   109.76224655040986        6.6013508145921067     
   110.19755007723150        6.6907070180029669     
   110.63313378040715        6.7790387729046406     
   111.06881545936304        6.8661117395654401     
   111.50421295126047        6.9512486818903687     
   111.93925520933477        7.0339253435114681     
   112.37386660315914        7.1137057035587796     
   112.80794571920666        7.1902098910246988     
   113.24207869328541        7.2633301898467426     
   113.67691239472809        7.3332041098919127     
   114.11223998577644        7.3998751959514282     
   114.54796177177688        7.4629756091310515     
   114.98403019723374        7.5220905279986523     
   115.42137345374925        7.5765501649103602     
   115.86065273460066        7.6252120420544749     
   116.30194825387704        7.6674820022139825     
   116.74531157777848        7.7033949958134134     
   117.19076333278508        7.7330765006064066     
   117.63592402523980        7.7608901630392513     
   118.08231829579319        7.7862624523749826     
   118.53034377714386        7.8079202564282433     
   118.98154000684457        7.8245761390692037     
   119.43268180555629        7.8361275408553892     
   119.88172027626057        7.8426753023559375     
   120.32980878296696        7.8420295789387939     
   120.77787609023554        7.8338815463609786     
   121.22474706166118        7.8207762830776373     
   121.66284433061412        7.8085579584364773     
   122.09108328801838        7.7993190142470912     
   122.51011023024887        7.7981272620663828     
   122.92131629879344        7.8099525376710197     
   123.32562567454998        7.8299384509246144     
   123.72277365102444        7.8558046298660029     
   124.11542047118559        7.8821492285530130     
   124.50731156003600        7.9033755953985469     
   124.90174658142602        7.9152919712900758     
   125.29508553458444        7.9161342192254782     
   125.67347315449500        7.9107054442676841     
   125.94138076359164        7.9001309354950111     
   126.01799438599338        7.8971996834966927     
>
   97.537000006320568        4.1029999311258312     
   97.996105918162954        3.7516948795218870     
   98.259406946714918        3.6239533696944060     
   98.578267118156845        3.4794671687701904     
   98.899176186617140        3.3224240251573161     
   99.216428638530687        3.1547061051604124     
   99.537904935192373        2.9764875879443515     
   99.868506157445424        2.7874310013771937     
   100.21109193756568        2.5872848169938747     
   100.56532251159017        2.3827016475685325     
   100.92078208005100        2.1792896038438481     
   101.27445745798745        1.9759136564592528     
   101.62914926302416        1.7719149039686812     
   101.98674195329691        1.5670572877671087     
   102.34869599818481        1.3612159030586723     
   102.71573962702524        1.1543477780099334     
   103.08430503172718       0.94677777968169052     
   103.45408224213210       0.73761037506507465     
   103.82573015968607       0.52859136651326821     
   104.20006754105556       0.31957293091924099     
   104.57772120205097       0.11018665643097582     
   104.95765466204975      -0.10022463952425457     
   105.33794679361831      -0.31218807810330207     
   105.71920378608704      -0.52593169650228300     
   106.10228736795581      -0.74174770318858263     
   106.48816182716699      -0.95961547168215044     
   106.87638541327283       -1.1779811404858314     
   107.26476369797906       -1.3968223642462374     
   107.65406559062532       -1.6162841012815026     
   108.04495400336218       -1.8361767025667166     
   108.43782026635277       -2.0562560880879457     
   108.83299955989796       -2.2763761536114968     
   109.22920673969899       -2.4968938518338035     
   109.62615819165519       -2.7176556300700438     
   110.02395418337792       -2.9377745496780365     
   110.42296026193027       -3.1571618022020074     
   110.82343769605960       -3.3757188389039370     
   111.22468633135971       -3.5937183876867174     
   111.62626613625618       -3.8112292034838515     
   112.02831290174267       -4.0280524699459619     
   112.43098877487073       -4.2439807763569819     
   112.83435907282717       -4.4586571700204800     
   113.23727444230691       -4.6718473112047656     
   113.63889148945904       -4.8836755317479250     
   114.03926464527254       -5.0940071865718490     
   114.43841339031192       -5.3026829934139217     
   114.83624318654361       -5.5095528373359981     
   115.23234608802882       -5.7148000648274184     
   115.62620585980855       -5.9188154330935863     
   116.01778755145821       -6.1214786210008727     
   116.40703444015769       -6.3227896285492795     
   116.79395340140030       -6.5226762630586279     
   117.17864642167081       -6.7213551025694489     
   117.56101781702006       -6.9194833296544722     
   117.94108076547695       -7.1171377206561077     
   118.31885646647932       -7.3144128136079214     
   118.69452998538985       -7.5112616259720202     
   119.06824456165337       -7.7076022247859823     
   119.43908575465423       -7.9032489717293481     
   119.80636887984636       -8.0977927749477772     
   120.17002919300070       -8.2909362693538764     
   120.52990340115016       -8.4823723495779966     
   120.88559616342712       -8.6718552167328706     
   121.23665770797490       -8.8593653902540019     
   121.58292703365757       -9.0451899219887686     
   121.92461269710675       -9.2294617381419375     
   122.26182642508937       -9.4123962708384852     
   122.59445763675407       -9.5941803043144258     
   122.92232298561149       -9.7743726610797843     
   123.24558461871314       -9.9528197884497409     
   123.52210893985094       -10.105625336327750     
   123.60499931472368       -10.151300384568964     
>
   97.537000006320568        4.1029999311258312     
   97.905470872988957        3.7369039744521793     
   98.111142662194752        3.6114754951792754     
   98.361035332798181        3.4686686335058563     
   98.641777196148595        3.3076738000899306     
   98.918221876155101        3.1346210702110189     
   99.194716403488400        2.9499865717836240     
   99.476066748000306        2.7533583481645119     
   99.764750379128031        2.5449323509141637     
   100.06024533233473        2.3340718560600511     
   100.36281459524103        2.1236009724957849     
   100.67217226191516        1.9120454798555186     
   100.98145028745797        1.6993996485614598     
   101.29101307301703        1.4853116825371875     
   101.60230733698481        1.2692831085148095     
   101.91655519830429        1.0507936808308243     
   102.23480230492250       0.82937300114851908     
   102.55768635884765       0.60630220306215588     
   102.88332003715514       0.38226768999120042     
   103.20952953803069       0.15700475544166848     
   103.53866857203124       -7.0890920103226937E-002
   103.87109867551543      -0.30153507411488151     
   104.20586415490759      -0.53422755218712903     
   104.54403414942368      -0.76916029517599682     
   104.88535942242976       -1.0062817368813586     
   105.22729718730177       -1.2444224704758933     
   105.57025825476741       -1.4834850931371399     
   105.91491012063945       -1.7235303383896918     
   106.26186814157269       -1.9647335313139804     
   106.61173793393978       -2.2072069716347262     
   106.96410811405524       -2.4512858396527535     
   107.31767749480252       -2.6971563466462971     
   107.67259962886646       -2.9438175353751195     
   108.02924636584576       -3.1911794514678871     
   108.38801591139698       -3.4393492380293087     
   108.74923943511641       -3.6884306004174157     
   109.11216349752449       -3.9386979854084401     
   109.47627759323994       -4.1903318747028244     
   109.84182351044556       -4.4431832992779805     
   110.20898173084184       -4.6964753283853318     
   110.57801008542937       -4.9501460825847250     
   110.94897675618390       -5.2042562954007554     
   111.32096672953203       -5.4590471820584590     
   111.69400349674275       -5.7145926541113523     
   112.06830592768770       -5.9709087543772519     
   112.44406653618067       -6.2277456732644314     
   112.82143028053983       -6.4844897729913837     
   113.19990441707502       -6.7412424670850237     
   113.57902370406958       -6.9981664755546404     
   113.95895258040615       -7.2552417448779618     
   114.33984459876952       -7.5124373353349130     
   114.72184414452006       -7.7697142857965087     
   115.10485782553977       -8.0266766824373299     
   115.48813850488456       -8.2831830046859185     
   115.87170623607673       -8.5392109071888882     
   116.25567102700988       -8.7947145533238995     
   116.64015090698653       -9.0496492523841798     
   117.02523869516691       -9.3039817728185348     
   117.41037518475846       -9.5578570729450973     
   117.79534723546743       -9.8109021572496200     
   118.18022131039616       -10.062923938960514     
   118.56509996898713       -10.313876581455444     
   118.95014879603848       -10.563753782198843     
   119.33516152674979       -10.812686748522140     
   119.71974282025333       -11.060850805505771     
   120.10393450246703       -11.308201262442953     
   120.48768615310632       -11.554336475930482     
   120.87106251640026       -11.799140708496958     
   121.25413463911346       -12.042663807469175     
   121.63646707333369       -12.285103443280951     
   122.01797674018302       -12.526404611985479     
   122.39873182163718       -12.766538092736026     
   122.77891337235435       -13.005507896237043     
   123.15854602951907       -13.242957069792102     
   123.53720580437474       -13.478842641567756     
   123.91476836508326       -13.713216750721918     
   124.29121423108013       -13.945962513867629     
   124.66662075166558       -14.177036386213674     
   125.04112085304433       -14.406448681000077     
   125.41456957689827       -14.634231483862472     
   125.78655382066866       -14.860436933958766     
   126.15692232350169       -15.084743029017057     
   126.52576618568435       -15.307157217488474     
   126.89308311538542       -15.527642830075143     
   127.25898312049860       -15.746259454386109     
   127.62303247198501       -15.963173821135110     
   127.98502547800190       -16.178522294273595     
   128.34485384952904       -16.392312895210466     
   128.70228840345470       -16.604282063367304     
   129.05706901694720       -16.814150768305648     
   129.40897166351485       -17.021827909738601     
   129.75755459270985       -17.227442976124252     
   130.10261555043624       -17.431028053098252     
   130.44402332936252       -17.632615226296227     
   130.78165531652394       -17.832252624171630     
   131.11538431529354       -18.029991812924585     
   131.44507338876210       -18.225715336210360     
   131.77064461467165       -18.418939044705546     
   132.09182755695039       -18.609572411081025     
   132.40840907530452       -18.797578193081158     
   132.72024077366916       -18.982936337183663     
   133.02716852640177       -19.165600433808436     
   133.32902388391523       -19.345474799006343     
   133.62620161411934       -19.522432809108192     
   133.91919446070435       -19.696324922133613     
   134.20788095662095       -19.866992428777770     
   134.33900119847235       -19.942599937319265     
>
   97.537000006320568        4.1029999311258312     
   97.970384124581912        3.8709577601329608     
   98.202517968819464        3.8010116474076132     
   98.480125753117719        3.7290057514660884     
   98.769229362297580        3.6554671934652396     
   99.052653813970139        3.5808996032929707     
   99.338050386318685        3.5042430090577872     
   99.629545521268881        3.4250069589007044     
   99.929428758106354        3.3429760206967476     
   100.23910327043238        3.2578980930230759     
   100.55955683745822        3.1695892564325692     
   100.88413168978975        3.0784202146083630     
   101.20976995175945        2.9847215641890461     
   101.53813090909588        2.8884589277078683     
   101.87065039399363        2.7894374995199058     
   102.20857745441134        2.6872814193220127     
   102.55286663800914        2.5814091349683137     
   102.90126679367260        2.4763126354476332     
   103.25217306666224        2.3764466674931497     
   103.60699550607259        2.2811614969832648     
   103.96632253954294        2.1904181627889936     
   104.33085833218388        2.1043713635107171     
   104.70111854599665        2.0231792354954901     
   105.07372960557743        1.9406257597969157     
   105.44797302187114        1.8555971064922541     
   105.82468130253089        1.7684147048956289     
   106.20450246280495        1.6793959736167103     
   106.58802550329035        1.5888571853496090     
   106.97501608425539        1.4969473091169134     
   107.36410369069225        1.4036170705496138     
   107.75561376261950        1.3090332003614538     
   108.14990267977582        1.2133744613795387     
   108.54732338415319        1.1168213353043133     
   108.94796010054512        1.0194654953804474     
   109.35067035113993       0.92114536751420961     
   109.75552518270223       0.82190908015905229     
   110.16253891917651       0.72183054486849041     
   110.57197626705674       0.62095617122263791     
   110.98391686747426       0.51929054288372856     
   111.39754826629814       0.41661135223343765     
   111.81290312212182       0.31291172377841503     
   112.23019457523915       0.20823864005655399     
   112.64966498679073       0.10265627233912344     
   113.07130117874763       -3.8582976850440489E-003
   113.49448378375057      -0.11149414608308014     
   113.91925405475963      -0.22024898102386808     
   114.34573116699288      -0.33010045715401964     
   114.77411221792637      -0.44096893334222775     
   115.20425625994642      -0.55292545635311174     
   115.63560981583834      -0.66621066845392973     
   116.06828461236907      -0.78077013865565947     
   116.50240841912334      -0.89650875596695545     
   116.93794456680332       -1.0130856105092021     
   117.37444328355234       -1.1305396634113836     
   117.81156709723842       -1.2489574312981571     
   118.24951654308435       -1.3681704645824422     
   118.68837928363028       -1.4881071435418403     
   119.12817594535632       -1.6087095994406533     
   119.56836221837216       -1.7300133556611907     
   120.00889684971776       -1.8520482060079708     
   120.44990302531563       -1.9748215989321227     
   120.89147127249488       -2.0983237941514004     
   121.33340965039952       -2.2224396271521867     
   121.77503060969445       -2.3470482038430740     
   122.21635191207088       -2.4720922284461433     
   122.65741595640445       -2.5975018001123340     
   123.09820440804623       -2.7230448709410751     
   123.53875622812521       -2.8489236950284194     
   123.97911610734819       -2.9754310537995319     
   124.41928519163065       -3.1025881466922418     
   124.85927780491716       -3.2304356537088723     
   125.29911342777213       -3.3590406109095876     
   125.73872960779771       -3.4885204746391212     
   126.17815212809390       -3.6187807068639071     
   126.61733858978508       -3.7496167616567759     
   127.05616007737093       -3.8808080502727402     
   127.49445673563103       -4.0120583535399623     
   127.93203375892045       -4.1430428043976395     
   128.36860294947633       -4.2732657943667789     
   128.80382053263108       -4.4021589493304258     
   129.23732382611047       -4.5296678382995559     
   129.66909506822344       -4.6567069018897538     
   130.09900247868069       -4.7834319846169571     
   130.52666962422128       -4.9097307867564455     
   130.95208332681639       -5.0356571663394627     
   131.37491642757402       -5.1610690298367699     
   131.79550639862612       -5.2859171028793579     
   132.21413169745341       -5.4101968018049913     
   132.63032249867692       -5.5337568657599672     
   133.04401233919427       -5.6565382800930273     
   133.45477493841778       -5.7783943676127016     
   133.86327378145572       -5.8992477790187978     
   134.26938797421667       -6.0190595531823323     
   134.67318512571859       -6.1378325548922019     
   135.07439193510083       -6.2555576168239400     
   135.47326680632176       -6.3721934860174416     
   135.87026466785807       -6.4877069309215178     
   136.26569491691052       -6.6021117025228664     
   136.65912840810250       -6.7154003523703603     
   137.05038695156472       -6.8274749046837568     
   137.43927230390551       -6.9382127464983112     
   137.82607208993011       -7.0475376744293898     
   138.21081094682293       -7.1554548450970064     
   138.59308092864526       -7.2619104004699171     
   138.97264826862315       -7.3667358909610412     
   139.34955135492780       -7.4697061441631600     
   139.72411276278896       -7.5706962552804073     
   140.09685273787005       -7.6698042000930267     
   140.46763663509299       -7.7670087791631879     
   140.83612010683257       -7.8622286324862447     
   141.20196224321000       -7.9553474496330248     
   141.56483989603797       -8.0463165291922962     
   141.92464305742280       -8.1355088666783093     
   142.28110988565945       -8.2232647990119005     
   142.63386165565583       -8.3095860450664070     
   142.98266173584918       -8.3944279141350542     
   143.32742246369926       -8.4777405588910515     
   143.66816618455942       -8.5595239793343989     
   144.00495191308102       -8.6403247771864411     
   144.33760718897244       -8.7205021969747278     
   144.66595783306880       -8.8000012347524574     
   144.98985487634758       -8.8785829671257090     
   145.30926107655307       -8.9559924278827427     
   145.62426982580334       -9.0320359572941982     
   145.93473903056906       -9.1069249767805900     
   146.24007911729552       -9.1810668593229217     
   146.53989016145283       -9.2545727587303599     
   146.83394183401376       -9.3275148676830746     
   147.07911963505225       -9.3884506463729309     
   147.15899281425979       -9.4062003054143588     
>
   97.537000006320568        4.1029999311258312     
   97.569381288169083        4.6128315140329645     
   97.643107776321500        4.7635830082725885     
   97.750384380191988        4.9628794962693732     
   97.896555649944801        5.2256912188779143     
   98.079969175344743        5.5695128689278999     
   98.287692153400030        6.0156985828496232     
   98.512672046806642        6.5300118415055559     
   98.741097708297275        7.0442660855102321     
   98.960494128145726        7.5604156738484578     
   99.171895495143389        8.0828758191666488     
   99.385475820575309        8.6031295040771916     
   99.599920739296024        9.1229213850177064     
   99.812151749157948        9.6451517742664432     
   100.01600726220371        10.170399932138157     
   100.20503634679748        10.700664908324431     
   100.37331633837576        11.238606372836246     
   100.53012514225695        11.778710752964496     
   100.68780426900470        12.314113441556737     
   100.84691407132711        12.844558899443454     
   101.00635676211924        13.370088379584747     
   101.16593180615833        13.889629305017982     
   101.32371750305302        14.403342103921327     
   101.41100017226101        14.680799773281441     
>
   97.537000006320568        4.1029999311258312     
   97.487560052512308        4.6055131243194110     
   97.507519036750281        4.7548820714378577     
   97.532898774537145        4.9526012066685405     
   97.564322643936649        5.2123435944539773     
   97.601950500169181        5.5487127826700799     
   97.643412016902246        5.9760848549544248     
   97.688319874677148        6.4647181459472050     
   97.737726596934209        6.9602842260681443     
   97.790290316554589        7.4685264240958134     
   97.844917257137809        7.9948889848480453     
   97.903502763017443        8.5244354719792188     
   97.965685870792584        9.0560239806354126     
   98.030262223211395        9.5919830112312443     
   98.097634609592646        10.129370998528369     
   98.167851731347540        10.666823157096760     
   98.240180775476517        11.204864889219936     
   98.314353597738929        11.743883514356623     
   98.388935511855692        12.284049200967246     
   98.461172882740001        12.824940252126316     
   98.530189657947503        13.365146045781481     
   98.598681603829277        13.903132773957855     
   98.666420683189202        14.438479885645517     
   98.733308920247026        14.970228249522105     
   98.799486116700891        15.499534667343799     
   98.864684701267890        16.026035310920811     
   98.928473809698090        16.548821469215358     
   98.989301299367682        17.065046115022657     
   99.002995563248021        17.244300539903488     
>
   97.537000006320568        4.1029999311258312     
   97.483279484944006        4.6037931050662930     
   97.500420662823942        4.7526658707479630     
   97.521463683180130        4.9497507417170876     
   97.547018746047428        5.2085391548001772     
   97.577315034537492        5.5433006234878812     
   97.610483560374618        5.9673409462862557     
   97.646350717351709        6.4524201801747401     
   97.685860166931107        6.9438197113254319     
   97.728095176666073        7.4476037248732485     
   97.771981450720659        7.9692640211316927     
   97.819084882705397        8.4945064494256162     
   97.869152225281852        9.0216957882532132     
   97.921136111629693        9.5535146259366428     
   97.975246244296102        10.087364025989507     
   98.031585182723532        10.621610485783348     
   98.089555331948333        11.157091669591338     
   98.149696418198445        11.694130725600939     
   98.212261688812305        12.232598738311829     
   98.275167296347021        12.772472216455064     
   98.336901205223285        13.313142105911368     
   98.398308528165401        13.853214400403981     
   98.459233420657441        14.392694829510697     
   98.519517746352363        14.930675255151499     
   98.579523614566611        15.465510142584566     
   98.639068824726380        15.997488835488387     
   98.697928204424457        16.526146665104044     
   98.756431204383887        17.050134888819322     
   98.814498756431135        17.569337196205055     
   98.871704579978484        18.083571386687460     
   98.927369720057598        18.589547536698447     
   98.943799284375785        18.813800346683273     
>
   97.537000006320568        4.1029999311258312     
   97.891938756160116        3.6187239840437675     
   98.116723843921804        3.4170038846410220     
   98.414872164603921        3.1484253419849666     
   98.746811816229112        2.8096634820829802     
   99.064336996045540        2.4222259940501769     
   99.384673106726666        2.0432975019960771     
   99.711554687077211        1.6738841197809331     
   100.04651153436761        1.3050362468938463     
   100.38964047846257       0.92985661758896609     
   100.73975091309691       0.54913476768601166     
   101.08837165750536       0.17076662833995673     
   101.43520305476942      -0.20703485576248246     
   101.78134117312065      -0.58612263007919607     
   102.12887616253755      -0.96814394822534622     
   102.48177346380986       -1.3495453260544161     
   102.83879720700786       -1.7299778322788812     
   103.19442064139353       -2.1109563672669114     
   103.54913078107920       -2.4931495727468174     
   103.90318545706545       -2.8759266222037145     
   104.25679379894173       -3.2572489318592570     
   104.61057746589843       -3.6370998859378472     
   104.96728149865565       -4.0183247927709287     
   105.32655467409475       -4.4021841594727089     
   105.68710898312811       -4.7866124732492228     
   106.04696256479752       -5.1697235570913866     
   106.40464750127272       -5.5502271100804705     
   106.75976902464382       -5.9277346668421877     
   107.11316193439514       -6.3025613541550882     
   107.46489727729124       -6.6729814231882640     
   107.61749713332651       -6.8265999981549390     
>
   97.537000006320568        4.1029999311258312     
   97.968436641090449        3.6573304521631544     
   98.241232725959108        3.4691367400114523     
   98.600119154897257        3.2221392250662468     
   98.960569185614801        2.9308715543543937     
   99.314905756828423        2.6029385964790372     
   99.677626419224893        2.2649800233834707     
   100.05336353644891        1.9413551350498206     
   100.44361596605087        1.6239800701715401     
   100.84208289133302        1.3045509516548752     
   101.23639472680050       0.97737601692138332     
   101.62989410813711       0.64604656533100802     
   102.02580621468185       0.31875933087279568     
   102.42665721728321       -5.4791952423635642E-003
   102.83256399932809      -0.32872879623064638     
   103.23731168778569      -0.65397171733272030     
   103.64209948328782      -0.98206109268179409     
   104.04957273190101       -1.3096399626496125     
   104.46093292608820       -1.6357978973250473     
   104.87566612272146       -1.9606443316439239     
   105.29097743375394       -2.2855085276539553     
   105.70772171219213       -2.6109451084853941     
   106.12738234572642       -2.9361164098650701     
   106.55135276767571       -3.2604701004938459     
   106.97993148904303       -3.5849744790185474     
   107.41193191426765       -3.9115397866749846     
   107.84809086705361       -4.2402410809322291     
   108.28919387251617       -4.5704228980908939     
   108.73576117631882       -4.9006368008851933     
   109.18394995063659       -5.2304060884428418     
   109.63012248652940       -5.5586278170389081     
   110.07676599371669       -5.8850000379237590     
   110.52624449599539       -6.2091606417809491     
   110.97581982813878       -6.5280437315340487     
   111.41500972757663       -6.8389203092807920     
   111.84424964222113       -7.1420287254573207     
   112.26612418461418       -7.4384014499817299     
   112.63499898651689       -7.7040000392282337     
>
   97.537000006320568        4.1029999311258312     
   98.170475877976202        4.3540241933431609     
   98.609487014586961        4.4293624117284356     
   99.034048156006619        4.5339839292501702     
   99.437327926633927        4.6553403975863930     
   99.842413087223477        4.7871785555350597     
   100.26080347336129        4.9256916716112524     
   100.69649833034610        5.0684905118757628     
   101.13123863967078        5.2151327529230596     
   101.56459181821207        5.3643693467945130     
   102.00085619522939        5.5149924984915986     
   102.44361619458935        5.6660046885207516     
   102.89360577520709        5.8150304339294641     
   103.34720785462262        5.9547868683864928     
   103.80615906786463        6.0828910604881985     
   104.27104211299455        6.2006264356599612     
   104.74284534218150        6.3094729438454182     
   105.21579677875792        6.4190052824925630     
   105.68832938319778        6.5319730759837116     
   106.16166813923294        6.6473415625696539     
   106.63708329425987        6.7641516109280300     
   107.11366556428302        6.8828885162978102     
   107.58959179764901        7.0043108747786391     
   108.06531749579226        7.1274824733593265     
   108.54118356859142        7.2518750449674592     
   109.01746904648495        7.3769523011217224     
   109.49439394526004        7.5016038496460498     
   109.97240517198446        7.6252785051568619     
   110.45181613456347        7.7475224850930458     
   110.93220800086043        7.8683495404412973     
   111.40970299262581        7.9894470318613298     
   111.88386050532745        8.1111570151473114     
   112.35544085393828        8.2331981680296611     
   112.82429392352020        8.3551144161161499     
   113.28724724684980        8.4757357796216759     
   113.74252580072722        8.5942148539908221     
   114.19218478470638        8.7103511040008730     
   114.63762106985294        8.8243106874077952     
   115.07912743759205        8.9362271033741347     
   115.51463092667861        9.0454276994671314     
   115.94483512926546        9.1525948684017937     
   116.37068771751940        9.2584705905021671     
   116.79223567397833        9.3634479148047767     
   117.20910944087463        9.4669298193037079     
   117.62027024575464        9.5660028136917976     
   118.02518810267267        9.6551917134311331     
   118.42669628784674        9.7295077751383392     
   118.69382925802591        9.7710741431450057     
   118.72999950966819        9.7761001287840337     
>
   97.537000006320568        4.1029999311258312     
   98.037287258541994        4.3710146833271670     
   98.337179662703960        4.4632087466183394     
   98.672736396789162        4.5843990571985982     
   98.991516354142021        4.7194761454730072     
   99.304899622172712        4.8624520296912870     
   99.621819185616530        5.0105633344844174     
   99.946946942205003        5.1625065809047497     
   100.28291620589121        5.3174859305969919     
   100.63059443475292        5.4749908781798915     
   100.98042182824432        5.6343126748805918     
   101.33145587081873        5.7949637336290047     
   101.68600329049509        5.9568174307559314     
   102.04574629131311        6.1197843848478177     
   102.41123835048749        6.2834870167281798     
   102.78294585565051        6.4474194046779960     
   103.15779030465457        6.6085420076786807     
   103.53792143508717        6.7672066218066540     
   103.92376610049385        6.9238240577895915     
   104.31519825016315        7.0788847674864792     
   104.71321139288418        7.2332642303839130     
   105.11401369407429        7.3896496184662812     
   105.51626099478352        7.5484758066879838     
   105.92105165507455        7.7093067741790628     
   106.32882685243737        7.8712469879306459     
   106.73921702910440        8.0332066822467212     
   107.15003348635913        8.1961283726740533     
   107.56018817737890        8.3604349020536795     
   107.96993377654435        8.5258827633294434     
   108.37947139203595        8.6921195874671486     
   108.78899009992084        8.8587116454279506     
   109.19853058020132        9.0256944605941580     
   109.60832144303134        9.1931711653660244     
   110.01863025969371        9.3610644104433600     
   110.42959052935103        9.5292859603281670     
   110.84120454383441        9.6976925755756547     
   111.25300133184933        9.8669534708719091     
   111.66448471195905        10.037627280051636     
   112.07515391906453        10.210124813842516     
   112.48431109059077        10.385080909463886     
   112.89077765238591        10.562922993419022     
   113.29378297623700        10.744065887140053     
   113.69252664012650        10.928922693185772     
   114.08574641806686        11.117480806485037     
   114.47207294096582        11.308999965587141     
   114.84982916140369        11.500501362998088     
   115.21839743089454        11.691633775599241     
   115.57954417827158        11.882845256373921     
   115.93486623686539        12.075193485382508     
   116.28404446919299        12.269398097595660     
   116.62496065034473        12.465524983157982     
   116.95588559374299        12.662672879482818     
   117.28648509712271        12.858558549820103     
   117.62403228653281        13.050334966965062     
   117.96390912227308        13.235936618123723     
   118.30082720404164        13.415516483023133     
   118.63237609846146        13.589276815759341     
   118.95894083316010        13.757118494636547     
   119.28629854142517        13.917840027191803     
   119.61999144385467        14.071381252858288     
   119.95934917984704        14.221898980324001     
   120.30127491260566        14.373383860520983     
   120.64469835699914        14.522924694973188     
   120.86733313421553        14.608312019847620     
   121.00031835363814        14.644519513745552     
   121.07799939638249        14.659999114065839     
>
   97.537000006320568        4.1029999311258312     
   97.957727487239680        4.4513628445336515     
   98.219348603583072        4.5641323946332015     
   98.527240644258029        4.7116661579849124     
   98.834002812192452        4.8789520678163090     
   99.132292653446001        5.0559702384849725     
   99.431995408583049        5.2392554213423823     
   99.738172013667125        5.4270996292487821     
   100.05367923618525        5.6185420120084748     
   100.38031329877518        5.8129855476155470     
   100.71684062333834        6.0099575459021715     
   101.05381428201150        6.2078010129709389     
   101.39128068437473        6.4055848924306709     
   101.73137180632443        6.6040007443208459     
   102.07589475669616        6.8035745438827568     
   102.42644407698934        7.0047067886040573     
   102.78345865286289        7.2073023674934014     
   103.14582121664736        7.4098561204648634     
   103.51580870255725        7.6129037630419836     
   103.88996903997294        7.8169214231392683     
   104.26819508578977        8.0214982900290384     
   104.65107240285803        8.2266383744157512     
   105.03593158088448        8.4329232284452775     
   105.42031119324977        8.6407264205896510     
   105.80521964564524        8.8502387457893370     
   106.19145678713065        9.0615570339090201     
   106.57985226057025        9.2747597801644481     
   106.97015396454121        9.4900904916117774     
   107.36031357498292        9.7067281197534303     
   107.75019243611287        9.9236470701646642     
   108.14020823415200        10.140941880879044     
   108.53112357590445        10.358882987968348     
   108.92371310028771        10.578076580762955     
   109.31743307036929        10.799949897090817     
   109.71213222529551        11.025416804609739     
   110.10748627096334        11.255517794646726     
   110.50189608221108        11.487260308721082     
   110.89377800373703        11.718570812629929     
   111.28205029125411        11.949978719361241     
   111.66598127767830        12.181346519048008     
   112.05021650468321        12.413505573427832     
   112.43448782802822        12.647125670144582     
   112.82144632335763        12.882776902188553     
   113.21619303377952        13.120753769858238     
   113.61253715048979        13.359454283203039     
   114.00561082419644        13.597735391453476     
   114.39692322568989        13.833588304635716     
   114.79536551378752        14.063605069879163     
   115.20661856487000        14.288557461312374     
   115.61128718515408        14.510969930910452     
   116.00817904950124        14.732490878204116     
   116.39804530556003        14.954759535399619     
   116.78462392988183        15.178173535195715     
   117.16840365545229        15.402915651123964     
   117.54375631800650        15.629331376725220     
   117.90951136480152        15.858010858512042     
   118.26722323029234        16.089711546668518     
   118.61991885042636        16.325341006316876     
   118.97097180060747        16.563729257672019     
   119.32307269056670        16.800727513454856     
   119.67474328923379        17.037216409771997     
   120.02280941051197        17.273770623275965     
   120.32329998259540        17.468408391570179     
   120.45599757721286        17.551000255439959     
>
   97.537000006320568        4.1029999311258312     
   98.123071643157417        4.2061707195506646     
   98.472535208459064        4.2480012210935358     
   98.840672613699951        4.3140529397937506     
   99.189484726006654        4.3931784090994510     
   99.534696371628939        4.4795409081140596     
   99.885748175894477        4.5706274440180632     
   100.24760768274882        4.6652307947707161     
   100.62232665399925        4.7626445034302805     
   100.99834509349286        4.8622434730596629     
   101.37401059099450        4.9634662050352611     
   101.75230424582925        5.0659574655339785     
   102.13556086094731        5.1696330297622746     
   102.52574510857353        5.2744963354668268     
   102.92129739763297        5.3784715566136390     
   103.31895358765756        5.4781215194853683     
   103.72047265902945        5.5728841525006354     
   104.12747894705259        5.6622306156292481     
   104.54141458645724        5.7455501358785952     
   104.96108954393600        5.8246572705353623     
   105.38332676860327        5.9051566925955514     
   105.80885391683863        5.9865378966779099     
   106.23798095880062        6.0687819751757237     
   106.67027989502819        6.1526566915131031     
   107.10343425722010        6.2396454333803630     
   107.53564152020300        6.3306506092797221     
   107.96763163218758        6.4246999098599016     
   108.39987040784834        6.5210175502878807     
   108.83266724438602        6.6189274403842209     
   109.26586973503137        6.7164230820062087     
   109.69935698569299        6.8128346875099748     
   110.13311868313082        6.9081232957665355     
   110.56712388762482        7.0021611371911296     
   111.00123680818130        7.0946926726142436     
   111.43504548815702        7.1851191611566234     
   111.86840439627609        7.2729283785636802     
   112.30117201196704        7.3576900335432400     
   112.73314436226048        7.4390494652299894     
   113.16442400659889        7.5172811204001571     
   113.59584459855095        7.5923632266581356     
   114.02726920120747        7.6638912758118183     
   114.45850873850134        7.7314126312156475     
   114.88933918394085        7.7946958179268329     
   115.32050423672342        7.8539253283502699     
   115.75249893237023        7.9091143405148827     
   116.18553927596408        7.9597655270683356     
   116.61888672492756        8.0068208305996116     
   117.05198207246821        8.0518301019014107     
   117.48444430166285        8.0948002164670854     
   117.91649686604538        8.1348121500188171     
   118.34939282427885        8.1699568072363569     
   118.78339917468841        8.1983113418127544     
   119.21760033074288        8.2185980579004223     
   119.64912119030632        8.2316752462525820     
   120.07845564298439        8.2382453531065174     
   120.50526965439180        8.2423276772832228     
   120.92902750900504        8.2417106017550399     
   121.34533691248883        8.2442837551413675     
   121.75130041735387        8.2571993693997960     
   122.14908666879434        8.2793441875653677     
   122.53996247646005        8.3099372681850490     
   122.92455637503474        8.3456296730394914     
   123.30417528121275        8.3815197483277526     
   123.68183237995486        8.4124485822060358     
   124.05677537769694        8.4325622650443908     
   124.41839825298845        8.4439664166813255     
   124.65347079767545        8.4526112036536940     
   124.69419549070450        8.4547993294124115     
>
   97.537000006320568        4.1029999311258312     
   98.128172686265515        3.9331706617126247     
   98.476494919670998        3.8723941652853830     
   98.848318735263206        3.8173907914412264     
   99.206970824469650        3.7662101918998054     
   99.567101144746417        3.7170372364166551     
   99.936936796844819        3.6688108071847214     
   100.32153585203952        3.6205585948527244     
   100.72087424610382        3.5718634861574152     
   101.11984594718943        3.5225089030582626     
   101.51937284436308        3.4725435469664965     
   101.92254547188570        3.4220201299978030     
   102.33188770877459        3.3711185608948457     
   102.74861938214165        3.3205017518081448     
   103.16836080272279        3.2727990059863874     
   103.58956784930308        3.2317763749121697     
   104.01401783691358        3.1979638445312384     
   104.44321821747128        3.1718564503648117     
   104.87725378872760        3.1527379951889061     
   105.31262148682049        3.1349700014985435     
   105.74944048696808        3.1179422692588905     
   106.18833703202297        3.1015900542408983     
   106.62994767807790        3.0858440285532862     
   107.07256214616194        3.0692293988724271     
   107.51348810767074        3.0488762196823731     
   107.95267170457302        3.0227126756535863     
   108.39090992113965        2.9904454124031226     
   108.83015425156651        2.9545960171171819     
   109.27063846262756        2.9179605237581976     
   109.71224509797800        2.8813685751904310     
   110.15486128493541        2.8445646322443658     
   110.59838217222612        2.8072874261726923     
   111.04283927252804        2.7690923417387610     
   111.48865886642888        2.7290443118469399     
   111.93588564463536        2.6868436795787138     
   112.38456372489655        2.6422188629467485     
   112.83481113651494        2.5948427030591272     
   113.28728964572547        2.5458192895563450     
   113.74245475396260        2.4970347994474831     
   114.20033510911531        2.4493446586968686     
   114.66032967847323        2.4036168983399682     
   115.12119055999328        2.3593765363778374     
   115.58137878908055        2.3145838431165697     
   116.04082675671710        2.2693642963098082     
   116.50022487702687        2.2241865754209273     
   116.95917036069108        2.1783379209726190     
   117.41462825035337        2.1319793341008344     
   117.86570415892047        2.0858522221718405     
   118.31255507682384        2.0401903519595468     
   118.75501083560304        1.9956652299811601     
   119.19097498274405        1.9535854918043427     
   119.61809667247893        1.9148180225490037     
   120.03743072007907        1.8791697354435581     
   120.45022560054534        1.8455886800054186     
   120.85667038994485        1.8126012088265167     
   121.25612452148057        1.7787222153431999     
   121.64996939635802        1.7428075028704324     
   122.04013530933531        1.7048473311259680     
   122.42752810666133        1.6654742454980289     
   122.81184927733312        1.6259069271829454     
   123.19183888719428        1.5874551576639386     
   123.56762871653400        1.5509697792431012     
   123.93890936815150        1.5165860099563209     
   124.30362678840845        1.4846567917955771     
   124.66007241720725        1.4555333478795109     
   124.83989349733170        1.4439000131309017     
>
   97.537000006320568        4.1029999311258312     
   98.091597353473347        4.2904631221090712     
   98.425373907738631        4.3607192049929591     
   98.779543748238510        4.4560994864941899     
   99.112602959364239        4.5634116137469851     
   99.441893827176258        4.6779579059197935     
   99.776242193305180        4.7972282349819970     
   100.12026724336678        4.9200463186129255     
   100.47659713469420        5.0456873652219070     
   100.84007467431698        5.1735629471697182     
   101.20286179981581        5.3030307787858879     
   101.56771615698197        5.4337293237117530     
   101.93691983664992        5.5655674816604188     
   102.31239683104222        5.6985670250274971     
   102.69552968727999        5.8324747064745868     
   103.08298035334171        5.9629291713865173     
   103.47493217571673        6.0881439374077839     
   103.87184409358615        6.2086226344262929     
   104.27466148728567        6.3246935672495175     
   104.68413149375931        6.4363985617953379     
   105.09717331902843        6.5485791112978839     
   105.51167905142334        6.6631975961508694     
   105.92815575857867        6.7797142901263010     
   106.34750413012330        6.8977848455988893     
   106.77068387033732        7.0172219053748348     
   107.19501926639198        7.1387468232981393     
   107.61943487653573        7.2621292703415659     
   108.04414384106242        7.3866467467455639     
   108.46928366983904        7.5116730096574766     
   108.89485837357009        7.6366482793270443     
   109.32039010546767        7.7609405833238210     
   109.74577344130046        7.8845860179878935     
   110.17111953487760        8.0076464627594195     
   110.59662433775958        8.1299242472045741     
   111.02227868262192        8.2513271251209126     
   111.44771644944373        8.3721238137068674     
   111.87280127427357        8.4921899811243620     
   112.29736356160878        8.6113210814462242     
   112.72115063706876        8.7292770453629736     
   113.14409832938222        8.8458286897629357     
   113.56660427124794        8.9607726146345001     
   113.98852121251663        9.0740377732130479     
   114.40959361401883        9.1860676348196666     
   114.82952984024489        9.2966983335295126     
   115.24867653065122        9.4060421690673035     
   115.66798250332016        9.5137926090211771     
   116.08773996671914        9.6192076730670859     
   116.50772489435641        9.7227497381328316     
   116.92761757579127        9.8242721270269442     
   117.34640674054339        9.9230133788608850     
   117.76310174461257        10.019088658148268     
   118.17829731817368        10.112358736148753     
   118.59189032882632        10.203265936267870     
   119.00445946392762        10.291153075932895     
   119.41423886760202        10.375236348901899     
   119.82041379388758        10.453899441279795     
   120.22380758311294        10.525519163678148     
   120.62503387305966        10.588126833167671     
   121.02384571892487        10.636134392527957     
   121.41933440967081        10.673905488205289     
   121.81044971368821        10.704514611642786     
   122.19803788961694        10.726923563344561     
   122.58445322097170        10.747502487899615     
   122.97181393266207        10.776146939112280     
   123.36037613681543        10.825893998290175     
   123.74582546135443        10.897431214768327     
   124.12621671461881        10.977345646935964     
   124.49679835774570        11.056566800190790     
   124.77835210226924        11.112974493551731     
   124.91730467696206        11.145791223312436     
   124.97899274921599        11.164999632859674     
>
   97.537000006320568        4.1029999311258312     
   98.134835612279673        4.1858484800806872     
   98.487244180566336        4.2210189203982909     
   98.854947283810603        4.2788572893338630     
   99.206521052612985        4.3506523368126473     
   99.555096533356902        4.4299989678211134     
   99.909688643740026        4.5140788030434411     
   100.27533081785258        4.6016829015655478     
   100.65357462536055        4.6921065253190317     
   101.03210777654699        4.7847285880712569     
   101.41038825335285        4.8789973314808641     
   101.79141606270989        4.9745643972181091     
   102.17753861263945        5.0713535818983599     
   102.57073031564862        5.1693631666482780     
   102.96835040933313        5.2660291654060041     
   103.36782631326443        5.3585022591356397     
   103.77091987261352        5.4462730883714894     
   104.17922620183765        5.5288454716767763     
   104.59415535003139        5.6056607752167960     
   105.01387270638580        5.6794124735115021     
   105.43594549217045        5.7546275059742529     
   105.86128929391647        5.8306710353857065     
   106.29039227165173        5.9073522668053959     
   106.72370305131734        5.9848006886914158     
   107.15813568231461        6.0651792166601970     
   107.59165043494961        6.1497506496570669     
   108.02492569123294        6.2375375217107347     
   108.45848685344805        6.3277623291148419     
   108.89264790245798        6.4196813726720041     
   109.32726789064903        6.5110194370410701     
   109.76224655040986        6.6013508145921067     
   110.19755007723150        6.6907070180029669     
   110.63313378040715        6.7790387729046406     
   111.06881545936304        6.8661117395654401     
   111.50421295126047        6.9512486818903687     
   111.93925520933477        7.0339253435114681     
   112.37386660315914        7.1137057035587796     
   112.80794571920666        7.1902098910246988     
   113.24207869328541        7.2633301898467426     
   113.67691239472809        7.3332041098919127     
   114.11223998577644        7.3998751959514282     
   114.54796177177688        7.4629756091310515     
   114.98403019723374        7.5220905279986523     
   115.42137345374925        7.5765501649103602     
   115.86065273460066        7.6252120420544749     
   116.30194825387704        7.6674820022139825     
   116.74531157777848        7.7033949958134134     
   117.19076333278508        7.7330765006064066     
   117.63592402523980        7.7608901630392513     
   118.08231829579319        7.7862624523749826     
   118.53034377714386        7.8079202564282433     
   118.98154000684457        7.8245761390692037     
   119.43268180555629        7.8361275408553892     
   119.88172027626057        7.8426753023559375     
   120.32980878296696        7.8420295789387939     
   120.77787609023554        7.8338815463609786     
   121.22474706166118        7.8207762830776373     
   121.66284433061412        7.8085579584364773     
   122.09108328801838        7.7993190142470912     
   122.51011023024887        7.7981272620663828     
   122.92131629879344        7.8099525376710197     
   123.32562567454998        7.8299384509246144     
   123.72277365102444        7.8558046298660029     
   124.11542047118559        7.8821492285530130     
   124.50731156003600        7.9033755953985469     
   124.90174658142602        7.9152919712900758     
   125.29508553458444        7.9161342192254782     
   125.67347315449500        7.9107054442676841     
   125.94138076359164        7.9001309354950111     
   126.01799438599338        7.8971996834966927     
>
   97.537000006320568        4.1029999311258312     
   97.996105918162954        3.7516948795218870     
   98.259406946714918        3.6239533696944060     
   98.578267118156845        3.4794671687701904     
   98.899176186617140        3.3224240251573161     
   99.216428638530687        3.1547061051604124     
   99.537904935192373        2.9764875879443515     
   99.868506157445424        2.7874310013771937     
   100.21109193756568        2.5872848169938747     
   100.56532251159017        2.3827016475685325     
   100.92078208005100        2.1792896038438481     
   101.27445745798745        1.9759136564592528     
   101.62914926302416        1.7719149039686812     
   101.98674195329691        1.5670572877671087     
   102.34869599818481        1.3612159030586723     
   102.71573962702524        1.1543477780099334     
   103.08430503172718       0.94677777968169052     
   103.45408224213210       0.73761037506507465     
   103.82573015968607       0.52859136651326821     
   104.20006754105556       0.31957293091924099     
   104.57772120205097       0.11018665643097582     
   104.95765466204975      -0.10022463952425457     
   105.33794679361831      -0.31218807810330207     
   105.71920378608704      -0.52593169650228300     
   106.10228736795581      -0.74174770318858263     
   106.48816182716699      -0.95961547168215044     
   106.87638541327283       -1.1779811404858314     
   107.26476369797906       -1.3968223642462374     
   107.65406559062532       -1.6162841012815026     
   108.04495400336218       -1.8361767025667166     
   108.43782026635277       -2.0562560880879457     
   108.83299955989796       -2.2763761536114968     
   109.22920673969899       -2.4968938518338035     
   109.62615819165519       -2.7176556300700438     
   110.02395418337792       -2.9377745496780365     
   110.42296026193027       -3.1571618022020074     
   110.82343769605960       -3.3757188389039370     
   111.22468633135971       -3.5937183876867174     
   111.62626613625618       -3.8112292034838515     
   112.02831290174267       -4.0280524699459619     
   112.43098877487073       -4.2439807763569819     
   112.83435907282717       -4.4586571700204800     
   113.23727444230691       -4.6718473112047656     
   113.63889148945904       -4.8836755317479250     
   114.03926464527254       -5.0940071865718490     
   114.43841339031192       -5.3026829934139217     
   114.83624318654361       -5.5095528373359981     
   115.23234608802882       -5.7148000648274184     
   115.62620585980855       -5.9188154330935863     
   116.01778755145821       -6.1214786210008727     
   116.40703444015769       -6.3227896285492795     
   116.79395340140030       -6.5226762630586279     
   117.17864642167081       -6.7213551025694489     
   117.56101781702006       -6.9194833296544722     
   117.94108076547695       -7.1171377206561077     
   118.31885646647932       -7.3144128136079214     
   118.69452998538985       -7.5112616259720202     
   119.06824456165337       -7.7076022247859823     
   119.43908575465423       -7.9032489717293481     
   119.80636887984636       -8.0977927749477772     
   120.17002919300070       -8.2909362693538764     
   120.52990340115016       -8.4823723495779966     
   120.88559616342712       -8.6718552167328706     
   121.23665770797490       -8.8593653902540019     
   121.58292703365757       -9.0451899219887686     
   121.92461269710675       -9.2294617381419375     
   122.26182642508937       -9.4123962708384852     
   122.59445763675407       -9.5941803043144258     
   122.92232298561149       -9.7743726610797843     
   123.24558461871314       -9.9528197884497409     
   123.52210893985094       -10.105625336327750     
   123.60499931472368       -10.151300384568964     
>
   97.537000006320568        4.1029999311258312     
   97.905470872988957        3.7369039744521793     
   98.111142662194752        3.6114754951792754     
   98.361035332798181        3.4686686335058563     
   98.641777196148595        3.3076738000899306     
   98.918221876155101        3.1346210702110189     
   99.194716403488400        2.9499865717836240     
   99.476066748000306        2.7533583481645119     
   99.764750379128031        2.5449323509141637     
   100.06024533233473        2.3340718560600511     
   100.36281459524103        2.1236009724957849     
   100.67217226191516        1.9120454798555186     
   100.98145028745797        1.6993996485614598     
   101.29101307301703        1.4853116825371875     
   101.60230733698481        1.2692831085148095     
   101.91655519830429        1.0507936808308243     
   102.23480230492250       0.82937300114851908     
   102.55768635884765       0.60630220306215588     
   102.88332003715514       0.38226768999120042     
   103.20952953803069       0.15700475544166848     
   103.53866857203124       -7.0890920103226937E-002
   103.87109867551543      -0.30153507411488151     
   104.20586415490759      -0.53422755218712903     
   104.54403414942368      -0.76916029517599682     
   104.88535942242976       -1.0062817368813586     
   105.22729718730177       -1.2444224704758933     
   105.57025825476741       -1.4834850931371399     
   105.91491012063945       -1.7235303383896918     
   106.26186814157269       -1.9647335313139804     
   106.61173793393978       -2.2072069716347262     
   106.96410811405524       -2.4512858396527535     
   107.31767749480252       -2.6971563466462971     
   107.67259962886646       -2.9438175353751195     
   108.02924636584576       -3.1911794514678871     
   108.38801591139698       -3.4393492380293087     
   108.74923943511641       -3.6884306004174157     
   109.11216349752449       -3.9386979854084401     
   109.47627759323994       -4.1903318747028244     
   109.84182351044556       -4.4431832992779805     
   110.20898173084184       -4.6964753283853318     
   110.57801008542937       -4.9501460825847250     
   110.94897675618390       -5.2042562954007554     
   111.32096672953203       -5.4590471820584590     
   111.69400349674275       -5.7145926541113523     
   112.06830592768770       -5.9709087543772519     
   112.44406653618067       -6.2277456732644314     
   112.82143028053983       -6.4844897729913837     
   113.19990441707502       -6.7412424670850237     
   113.57902370406958       -6.9981664755546404     
   113.95895258040615       -7.2552417448779618     
   114.33984459876952       -7.5124373353349130     
   114.72184414452006       -7.7697142857965087     
   115.10485782553977       -8.0266766824373299     
   115.48813850488456       -8.2831830046859185     
   115.87170623607673       -8.5392109071888882     
   116.25567102700988       -8.7947145533238995     
   116.64015090698653       -9.0496492523841798     
   117.02523869516691       -9.3039817728185348     
   117.41037518475846       -9.5578570729450973     
   117.79534723546743       -9.8109021572496200     
   118.18022131039616       -10.062923938960514     
   118.56509996898713       -10.313876581455444     
   118.95014879603848       -10.563753782198843     
   119.33516152674979       -10.812686748522140     
   119.71974282025333       -11.060850805505771     
   120.10393450246703       -11.308201262442953     
   120.48768615310632       -11.554336475930482     
   120.87106251640026       -11.799140708496958     
   121.25413463911346       -12.042663807469175     
   121.63646707333369       -12.285103443280951     
   122.01797674018302       -12.526404611985479     
   122.39873182163718       -12.766538092736026     
   122.77891337235435       -13.005507896237043     
   123.15854602951907       -13.242957069792102     
   123.53720580437474       -13.478842641567756     
   123.91476836508326       -13.713216750721918     
   124.29121423108013       -13.945962513867629     
   124.66662075166558       -14.177036386213674     
   125.04112085304433       -14.406448681000077     
   125.41456957689827       -14.634231483862472     
   125.78655382066866       -14.860436933958766     
   126.15692232350169       -15.084743029017057     
   126.52576618568435       -15.307157217488474     
   126.89308311538542       -15.527642830075143     
   127.25898312049860       -15.746259454386109     
   127.62303247198501       -15.963173821135110     
   127.98502547800190       -16.178522294273595     
   128.34485384952904       -16.392312895210466     
   128.70228840345470       -16.604282063367304     
   129.05706901694720       -16.814150768305648     
   129.40897166351485       -17.021827909738601     
   129.75755459270985       -17.227442976124252     
   130.10261555043624       -17.431028053098252     
   130.44402332936252       -17.632615226296227     
   130.78165531652394       -17.832252624171630     
   131.11538431529354       -18.029991812924585     
   131.44507338876210       -18.225715336210360     
   131.77064461467165       -18.418939044705546     
   132.09182755695039       -18.609572411081025     
   132.40840907530452       -18.797578193081158     
   132.72024077366916       -18.982936337183663     
   133.02716852640177       -19.165600433808436     
   133.32902388391523       -19.345474799006343     
   133.62620161411934       -19.522432809108192     
   133.91919446070435       -19.696324922133613     
   134.20788095662095       -19.866992428777770     
   134.33900119847235       -19.942599937319265     
>
   97.537000006320568        4.1029999311258312     
   97.970384124581912        3.8709577601329608     
   98.202517968819464        3.8010116474076132     
   98.480125753117719        3.7290057514660884     
   98.769229362297580        3.6554671934652396     
   99.052653813970139        3.5808996032929707     
   99.338050386318685        3.5042430090577872     
   99.629545521268881        3.4250069589007044     
   99.929428758106354        3.3429760206967476     
   100.23910327043238        3.2578980930230759     
   100.55955683745822        3.1695892564325692     
   100.88413168978975        3.0784202146083630     
   101.20976995175945        2.9847215641890461     
   101.53813090909588        2.8884589277078683     
   101.87065039399363        2.7894374995199058     
   102.20857745441134        2.6872814193220127     
   102.55286663800914        2.5814091349683137     
   102.90126679367260        2.4763126354476332     
   103.25217306666224        2.3764466674931497     
   103.60699550607259        2.2811614969832648     
   103.96632253954294        2.1904181627889936     
   104.33085833218388        2.1043713635107171     
   104.70111854599665        2.0231792354954901     
   105.07372960557743        1.9406257597969157     
   105.44797302187114        1.8555971064922541     
   105.82468130253089        1.7684147048956289     
   106.20450246280495        1.6793959736167103     
   106.58802550329035        1.5888571853496090     
   106.97501608425539        1.4969473091169134     
   107.36410369069225        1.4036170705496138     
   107.75561376261950        1.3090332003614538     
   108.14990267977582        1.2133744613795387     
   108.54732338415319        1.1168213353043133     
   108.94796010054512        1.0194654953804474     
   109.35067035113993       0.92114536751420961     
   109.75552518270223       0.82190908015905229     
   110.16253891917651       0.72183054486849041     
   110.57197626705674       0.62095617122263791     
   110.98391686747426       0.51929054288372856     
   111.39754826629814       0.41661135223343765     
   111.81290312212182       0.31291172377841503     
   112.23019457523915       0.20823864005655399     
   112.64966498679073       0.10265627233912344     
   113.07130117874763       -3.8582976850440489E-003
   113.49448378375057      -0.11149414608308014     
   113.91925405475963      -0.22024898102386808     
   114.34573116699288      -0.33010045715401964     
   114.77411221792637      -0.44096893334222775     
   115.20425625994642      -0.55292545635311174     
   115.63560981583834      -0.66621066845392973     
   116.06828461236907      -0.78077013865565947     
   116.50240841912334      -0.89650875596695545     
   116.93794456680332       -1.0130856105092021     
   117.37444328355234       -1.1305396634113836     
   117.81156709723842       -1.2489574312981571     
   118.24951654308435       -1.3681704645824422     
   118.68837928363028       -1.4881071435418403     
   119.12817594535632       -1.6087095994406533     
   119.56836221837216       -1.7300133556611907     
   120.00889684971776       -1.8520482060079708     
   120.44990302531563       -1.9748215989321227     
   120.89147127249488       -2.0983237941514004     
   121.33340965039952       -2.2224396271521867     
   121.77503060969445       -2.3470482038430740     
   122.21635191207088       -2.4720922284461433     
   122.65741595640445       -2.5975018001123340     
   123.09820440804623       -2.7230448709410751     
   123.53875622812521       -2.8489236950284194     
   123.97911610734819       -2.9754310537995319     
   124.41928519163065       -3.1025881466922418     
   124.85927780491716       -3.2304356537088723     
   125.29911342777213       -3.3590406109095876     
   125.73872960779771       -3.4885204746391212     
   126.17815212809390       -3.6187807068639071     
   126.61733858978508       -3.7496167616567759     
   127.05616007737093       -3.8808080502727402     
   127.49445673563103       -4.0120583535399623     
   127.93203375892045       -4.1430428043976395     
   128.36860294947633       -4.2732657943667789     
   128.80382053263108       -4.4021589493304258     
   129.23732382611047       -4.5296678382995559     
   129.66909506822344       -4.6567069018897538     
   130.09900247868069       -4.7834319846169571     
   130.52666962422128       -4.9097307867564455     
   130.95208332681639       -5.0356571663394627     
   131.37491642757402       -5.1610690298367699     
   131.79550639862612       -5.2859171028793579     
   132.21413169745341       -5.4101968018049913     
   132.63032249867692       -5.5337568657599672     
   133.04401233919427       -5.6565382800930273     
   133.45477493841778       -5.7783943676127016     
   133.86327378145572       -5.8992477790187978     
   134.26938797421667       -6.0190595531823323     
   134.67318512571859       -6.1378325548922019     
   135.07439193510083       -6.2555576168239400     
   135.47326680632176       -6.3721934860174416     
   135.87026466785807       -6.4877069309215178     
   136.26569491691052       -6.6021117025228664     
   136.65912840810250       -6.7154003523703603     
   137.05038695156472       -6.8274749046837568     
   137.43927230390551       -6.9382127464983112     
   137.82607208993011       -7.0475376744293898     
   138.21081094682293       -7.1554548450970064     
   138.59308092864526       -7.2619104004699171     
   138.97264826862315       -7.3667358909610412     
   139.34955135492780       -7.4697061441631600     
   139.72411276278896       -7.5706962552804073     
   140.09685273787005       -7.6698042000930267     
   140.46763663509299       -7.7670087791631879     
   140.83612010683257       -7.8622286324862447     
   141.20196224321000       -7.9553474496330248     
   141.56483989603797       -8.0463165291922962     
   141.92464305742280       -8.1355088666783093     
   142.28110988565945       -8.2232647990119005     
   142.63386165565583       -8.3095860450664070     
   142.98266173584918       -8.3944279141350542     
   143.32742246369926       -8.4777405588910515     
   143.66816618455942       -8.5595239793343989     
   144.00495191308102       -8.6403247771864411     
   144.33760718897244       -8.7205021969747278     
   144.66595783306880       -8.8000012347524574     
   144.98985487634758       -8.8785829671257090     
   145.30926107655307       -8.9559924278827427     
   145.62426982580334       -9.0320359572941982     
   145.93473903056906       -9.1069249767805900     
   146.24007911729552       -9.1810668593229217     
   146.53989016145283       -9.2545727587303599     
   146.83394183401376       -9.3275148676830746     
   147.07911963505225       -9.3884506463729309     
   147.15899281425979       -9.4062003054143588     
>
   103.13399995174717       -5.5450000162609498     
   103.56157255925423       -5.4306576970575318     
   103.64190009398067       -5.4683806642814137     
   103.76647830390925       -5.5239971029492994     
   103.95980571776248       -5.6051273515243727     
   104.25841469649906       -5.7224278517417329     
   104.71341421993800       -5.8785347823434151     
   105.24485777027606       -6.0645002616918608     
   105.77782538830677       -6.2527449670859117     
   106.31415225779683       -6.4315450364478455     
   106.86011799600615       -6.5964594740311888     
   107.38552199839381       -6.7540973478188588     
   107.61749713332651       -6.8265999981549390     
>
   103.13399995174717       -5.5450000162609498     
   103.36031827452595       -5.1587645936488808     
   103.34289061775644       -5.0449774705334951     
   103.32035905308992       -4.8676384435084863     
   103.29010860122220       -4.5950406020314354     
   103.25756918302663       -4.1863097110929326     
   103.22985979890959       -3.7202125684289085     
   103.21008473411874       -3.2326398222854036     
   103.19835055880100       -2.7160112412437774     
   103.19323461879064       -2.1729400857349002     
   103.19276078270723       -1.6225683022036237     
   103.19771744045498       -1.0652694591219793     
   103.20854978022830      -0.50270742588072437     
   103.22441097042952        5.8700097435468938E-002
   103.24586995813340       0.62074589571767635     
   103.27394890001800        1.1868591212743311     
   103.30431680823045        1.7421898543844689     
   103.31899713244879        2.0156998446459857     
>
   103.13399995174717       -5.5450000162609498     
   103.26270574951702       -5.0971762160485303     
   103.19887080446448       -4.9470435162104289     
   103.10934328667764       -4.7120070678635280     
   102.99260657691501       -4.3473566836667636     
   102.85901001154201       -3.8764822190398802     
   102.72255667868200       -3.3875847945108957     
   102.58725957462039       -2.8758676075524585     
   102.46083873247392       -2.3387179706914769     
   102.34057718645373       -1.7996460604813236     
   102.22638784697736       -1.2597937817759175     
   102.12086105616451      -0.71645963864639317     
   102.02053614902889      -0.17766389408580766     
   101.92619177519245       0.35763279731728392     
   101.84192687460744       0.89592949565219748     
   101.77074718378350        1.4359645478891643     
   101.71335858670457        1.9704602443169528     
   101.67467476928501        2.5014838166028688     
   101.64915007318001        3.0248647050722122     
   101.64499441040756        3.1024999111942466     
>
   103.13399995174717       -5.5450000162609498     
   103.00678097941432       -5.0298685738963380     
   102.82080232203695       -4.8344618962624519     
   102.56205802670284       -4.5202421098741539     
   102.27248230031293       -4.0752968495443698     
   101.99880844412657       -3.6286590719348677     
   101.73598927306692       -3.1854200798715011     
   101.48097321400196       -2.7325800343023023     
   101.23159563244202       -2.2666862916498891     
   100.98128355674423       -1.8017597017287437     
   100.73327190652986       -1.3351509077679056     
   100.49217700262584      -0.86259653093244604     
   100.26035656629351      -0.38694302546936488     
   100.03607854616641        8.8075069816598045E-002
   99.819695311278707       0.56499767676057799     
   99.611414845304282        1.0461687656372280     
   99.409964036057758        1.5296792411262983     
   99.216225811476860        2.0169804052824678     
   99.031531725440416        2.5068140428226440     
   98.924000728315974        2.8009997875038959     
>
   103.13399995174717       -5.5450000162609498     
   102.99829776653567       -5.0272392706476499     
   102.80838174329973       -4.8301045523517363     
   102.54479824656262       -4.5131970210212726     
   102.25435391617947       -4.0692257889161061     
   101.97942986611892       -3.6248540593232876     
   101.71487978960833       -3.1837161034361996     
   101.45761659013344       -2.7329324033365019     
   101.20535817685973       -2.2690967250269281     
   100.95183696464071       -1.8061961138129874     
   100.70027698689984       -1.3415754833459277     
   100.45542691771102      -0.87100296746867500     
   100.22010857413676      -0.39745966550633899     
   99.991869696882134        7.5426453883269795E-002
   99.771581754729283       0.55031391479557812     
   99.559452731352053        1.0293725083403664     
   99.353017189426595        1.5101236191648726     
   99.151973753161059        1.9936117493005545     
   98.957635641785373        2.4826094414408968     
   98.767490435437736        2.9758859822762065     
   98.588079020125434        3.4380852931684220     
   98.564496077934095        3.5007995328048742     
>
   103.13399995174717       -5.5450000162609498     
   103.24256742949417       -5.0905201655277166     
   103.16897902416653       -4.9373559460799390     
   103.06741996597454       -4.6994604384148957     
   102.94310531662438       -4.3359473754098170     
   102.80884755797422       -3.8828019433443113     
   102.66857374264258       -3.4231689103450722     
   102.52523231136118       -2.9459804509915499     
   102.38840712890247       -2.4460736427354908     
   102.25379413642919       -1.9439620929451207     
   102.11999130625570       -1.4439739246844168     
   101.98845337818334      -0.93989712971143602     
   101.85901935107613      -0.43131402180515066     
   101.72917107549458        7.6062437018167173E-002
   101.60046183997807       0.58202369012689359     
   101.47791591129223        1.0884977404479921     
   101.37003426400692        1.5995491504670143     
   101.27982492646287        2.1137644333427059     
   101.21053542335245        2.6321497029353194     
   101.15295431245974        3.1532181338078646     
   101.09942114827699        3.6741278553755752     
   101.05068478662156        4.1910795846046636     
   101.02549412490185        4.4794996551539583     
>
   103.13399995174717       -5.5450000162609498     
   103.25852831434898       -5.1005429159590330     
   103.19240841367305       -4.9536548760244656     
   103.10171320793222       -4.7262106912095696     
   102.99241349014342       -4.3804278066814275     
   102.87554442713378       -3.9380299166379076     
   102.75311824662383       -3.4901322048719736     
   102.62697872674694       -3.0265337310829832     
   102.50051663164039       -2.5348947035805898     
   102.37665977555581       -2.0366586402086395     
   102.25321945977666       -1.5421943578970758     
   102.13102933787174       -1.0449449278208851     
   102.01059361268666      -0.54164277176536479     
   101.88911567730125       -3.7442217912079530E-002
   101.76719656442587       0.46815005038685048     
   101.64613746117705       0.97602612839361924     
   101.53150923604181        1.4874035513889987     
   101.42803477999399        2.0031789982974160     
   101.33874962334777        2.5237810415377031     
   101.25897327400492        3.0476036804547992     
   101.17843145306907        3.5718611943262988     
   101.09807527045368        4.0955635121097655     
   101.01794254137216        4.6178357272763826     
   100.93754510579667        5.1395533193127472     
   100.85671222230900        5.6605644544073730     
   100.77515569314620        6.1798888018000744     
   100.69307891831991        6.6971573766810515     
   100.61699413594835        7.1769997764677678     
>
   103.13399995174717       -5.5450000162609498     
   103.55750169423311       -5.4325427281510565     
   103.63626276239127       -5.4718218487032093     
   103.75857950796538       -5.5308788988351107     
   103.94599113274850       -5.6106191518378781     
   104.22136094396126       -5.7039998106897460     
   104.58953444554226       -5.8117548343058525     
   105.00066488365999       -5.9333267347670517     
   105.40544408479543       -6.0636436898119763     
   105.81288181002631       -6.1955053390295891     
   106.23151341138917       -6.3269951386485106     
   106.66773825431970       -6.4584648847451600     
   107.11303072706369       -6.5906697356725061     
   107.55867270405297       -6.7237300125641779     
   108.00878432467768       -6.8570515582031595     
   108.46684057786860       -6.9901192835459618     
   108.93399024397297       -7.1218623305032827     
   109.40307708032880       -7.2473016959739915     
   109.87514959967196       -7.3638940203762751     
   110.35302446244496       -7.4696322326096443     
   110.83910006991145       -7.5628026159565502     
   111.32765257385736       -7.6532302504144898     
   111.81554904114611       -7.7460591509250003     
   112.30319111518088       -7.8405794227996717     
   112.79028314974767       -7.9369709747811665     
   113.27652434201234       -8.0344964102076712     
   113.76143398039817       -8.1322235267724512     
   114.24557012578212       -8.2296630185320776     
   114.72953381087451       -8.3257159524660729     
   115.21338290441109       -8.4200947037692853     
   115.69603795393581       -8.5154005007592222     
   116.17743364226193       -8.6114557265243317     
   116.65759517953165       -8.7078386841391406     
   117.13650709588497       -8.8041912749916502     
   117.61390124708122       -8.9010257233364563     
   118.08933989337710       -8.9981569638108798     
   118.56235836601373       -9.0951753316028068     
   119.03231953594057       -9.1916253252777782     
   119.49851293551150       -9.2876014828693627     
   119.96108352304462       -9.3833335604470118     
   120.41994077121085       -9.4786897777215184     
   120.87431405179713       -9.5732725019941185     
   121.32383724478262       -9.6669201591710880     
   121.76965511981012       -9.7603661352097841     
   122.21130472699402       -9.8537851822328566     
   122.64812315418381       -9.9471440686891164     
   123.07969787177849       -10.040265177667012     
   123.50609534288044       -10.131983113043679     
   123.60499931472368       -10.151300384568964     
>
   103.13399995174717       -5.5450000162609498     
   103.29201425879576       -5.1362851681402644     
   103.24373225265926       -5.0138097132612893     
   103.19028388622782       -4.8278075646149770     
   103.13810175648837       -4.5659864860066497     
   103.08158978481161       -4.2363741888804984     
   103.02213452902318       -3.8928430284245601     
   102.96097529679943       -3.5499667587102324     
   102.89860024816826       -3.1988971927535337     
   102.83512340172771       -2.8335048282327233     
   102.77031557436611       -2.4516754509426000     
   102.70394758297179       -2.0668168458739169     
   102.63603432444700       -1.6798153787110750     
   102.56645089399588       -1.2875656182908819     
   102.49570779699967      -0.88824441295996492     
   102.42381993036066      -0.48467128794970255     
   102.35014443545059       -8.0323524021979550E-002
   102.27461026550485       0.32696924289076368     
   102.19828484086602       0.73929830868255897     
   102.12842409884978        1.1579201697631631     
   102.06327306977845        1.5786184298355406     
   101.99964324361085        2.0013776190396526     
   101.93727564343081        2.4266858974033672     
   101.87551824328560        2.8542923094193999     
   101.81291171971164        3.2817503253706231     
   101.74933403270194        3.7094174709112493     
   101.68476856648093        4.1387960413383071     
   101.61890420497451        4.5700407352521761     
   101.55092391038956        5.0009800426697391     
   101.48117145739357        5.4319640407940781     
   101.40993733558062        5.8635399043043170     
   101.33691845028551        6.2959477025099346     
   101.26062167353562        6.7286815136919111     
   101.18043279459178        7.1616765936211957     
   101.09617706133122        7.5949289315933362     
   101.00861478872699        8.0285450977552575     
   100.92009109296930        8.4628826177611778     
   100.83148489129140        8.8978412239997358     
   100.74371348909777        9.3331648043436353     
   100.65793769884904        9.7685336483520899     
   100.57544037301284        10.203768993197997     
   100.49523602420892        10.638183289546326     
   100.41540524387705        11.070815687201387     
   100.33617148555108        11.500894412034611     
   100.25714055427895        11.927182448200735     
   100.17851413119892        12.349165279614049     
   100.10035237687781        12.766159940601764     
   100.02270456568463        13.177604932540273     
   99.945472148881350        13.584603199154515     
   99.868748518586003        13.987819944426121     
   99.792721031992372        14.386956657352140     
   99.717555273898626        14.780629644895836     
   99.642920074708428        15.171425238472450     
   99.568771889630526        15.560293402079884     
   99.495322713043223        15.946115149175380     
   99.422804019889313        16.327455793479857     
   99.351089759457409        16.705343221249173     
   99.279825843839944        17.081683090056906     
   99.209034045432489        17.454942737843734     
   99.138661079161650        17.823647371286022     
   99.068504117973561        18.186899165543789     
   98.997936919015601        18.544624782021305     
   98.946133514368199        18.802185346583595     
   98.943799284375785        18.813800346683273     
>
   125.35799859057028        5.3530001455821079     
   125.55196771713619        6.2047631908256902     
   125.65402754042719        6.6001115069157263     
   125.75615726456724        6.9705825691912482     
   125.85939451609444        7.3442415685501672     
   125.96754774536711        7.7088123116156240     
   126.01518345512871        7.8858986642600115     
   126.01799438599338        7.8971996834966927     
>
   125.35799859057028        5.3530001455821079     
   125.03417545884503        6.1607921190197761     
   124.99043299719303        6.6595667627041628     
   124.93374971114028        7.0924140195264167     
   124.86125622812867        7.5309667899138146     
   124.79221939939889        7.9725613931509143     
   124.74465416344414        8.2455706183134208     
   124.69606333306463        8.4481255172004417     
   124.69419549070450        8.4547993294124115     
>
   125.35799859057028        5.3530001455821079     
   125.16086444523214        4.7269051160379441     
   125.09804650023767        4.3226782462016295     
   125.04753225059346        3.8126197720139383     
   125.00462000476345        3.3384473624100548     
   124.95695163640845        2.8741395668904310     
   124.92134632113645        2.3999259043264467     
   124.88316040402700        1.9340218484340086     
   124.84318227498423        1.4807652625593402     
   124.83989349733170        1.4439000131309017     
>
   125.35799859057028        5.3530001455821079     
   125.19621078358797        6.2616137805499443     
   125.19499439422275        6.8024773297356145     
   125.18923215783748        7.3405631796077886     
   125.17985742265442        7.8762322935673508     
   125.16978654376965        8.4058784753521021     
   125.16067594212279        8.9173853868055772     
   125.15228841319329        9.4041261982537012     
   125.14201413429691        9.8768175119983894     
   125.11943616005027        10.344878753929464     
   125.08057186093025        10.710900226091823     
   125.03747626861093        10.952793833140031     
   124.99910757796991        11.101876301368884     
   124.97899274921599        11.164999632859674     
>
   125.35799859057028        5.3530001455821079     
   124.95665026061660        6.0194382782743761     
   124.89299751613785        6.5304713536444643     
   124.81621143344456        7.0208727923438143     
   124.72762815007785        7.5077820533790192     
   124.63128931021203        8.0013215818349757     
   124.53565979207686        8.4958231064021863     
   124.44511240944306        8.9906603842280006     
   124.36365271014493        9.4851481578085099     
   124.28701445055871        9.9822039281553376     
   124.20928184161419        10.482914596175597     
   124.13174461127241        10.983051160501109     
   124.05530402211997        11.479056126280906     
   123.97908115692363        11.971664025387904     
   123.89660560348304        12.465744998945191     
   123.81688597696029        12.852400972567184     
   123.78118898844363        13.006287118816738     
   123.75694542593293        13.103299184073091     
   123.73399732096091        13.156199802867633     
>
   125.35799859057028        5.3530001455821079     
   124.85050123765555        5.2758072628656052     
   124.75434631723685        5.3384481639063228     
   124.63436781235960        5.4409331218694676     
   124.48387300320505        5.6030160021080704     
   124.29339032472549        5.8418849650399505     
   124.05265753013791        6.1567401616053674     
   123.76285892317189        6.4644935464977635     
   123.42320267617660        6.7520730879849911     
   123.03196647806779        7.0231714989539107     
   122.62628601434569        7.2945999336036422     
   122.22794513977495        7.5756248380969726     
   121.83195912167666        7.8611239698879745     
   121.43366293781270        8.1382097896493946     
   121.02987094293083        8.4037499372024218     
   120.62339521381119        8.6635393075257525     
   120.21838797547963        8.9217347093073851     
   119.81392504703828        9.1735742904444972     
   119.40676978999255        9.4095658594093035     
   119.03975309016775        9.5992504077024492     
   118.84888824884946        9.6980787491188263     
   118.72999950966819        9.7761001287840337     
>
   125.35799859057028        5.3530001455821079     
   124.86633435292561        5.2230252463313569     
   124.77583796353417        5.2444034469883762     
   124.66314175203036        5.2771176173066063     
   124.52073366897123        5.3224781117270474     
   124.34026801134523        5.3793716732847408     
   124.11175583322991        5.4423901535019406     
   123.82286364547056        5.5020150047930159     
   123.46068729296432        5.5539186770517723     
   123.01501781400165        5.6025627925047328     
   122.53469527559599        5.6510590848506634     
   122.05462827635984        5.7017864747887490     
   121.57194801669280        5.7523591661264515     
   121.08490697536837        5.7992964403552154     
   120.59379907972730        5.8422075402696327     
   120.10035237043158        5.8843737950711086     
   119.60562280866823        5.9233664367336667     
   119.10937318991674        5.9571961558479734     
   118.60663654318927        5.9828348705510264     
   118.10212487326189        6.0025440451972729     
   117.60205419908097        6.0170123750372992     
   117.11108037556022        6.0271875322378774     
   116.63254833021448        6.0348943873257195     
   116.21469595143134        6.0443000622288494     
>
   125.35799859057028        5.3530001455821079     
   124.82945191476381        5.4598756790071636     
   124.72797020587200        5.6654489194749402     
   124.60164848542134        6.0070904651751196     
   124.44719797575929        6.4366632682893226     
   124.26718323590548        6.8470058894606769     
   124.06368868626060        7.2540677543884078     
   123.84127277891584        7.6694140158454012     
   123.60632743085583        8.0950471612699140     
   123.36396056068202        8.5226381034259084     
   123.12055148030785        8.9565900228464361     
   122.88698524162236        9.4004346312824030     
   122.66746907359807        9.8540945794336192     
   122.45360627998102        10.317707377167089     
   122.24747440567852        10.789775312848018     
   122.05088915389285        11.268996626402094     
   121.86149509519376        11.748098764738101     
   121.68448036227177        12.228079820307380     
   121.52767614205283        12.715229150652066     
   121.38684884950649        13.208800764743659     
   121.25593487245567        13.699290438941004     
   121.14596250223407        14.184295188318190     
   121.10004337397892        14.448996525682491     
   121.08277499947202        14.598163218704883     
   121.07799939638249        14.659999114065839     
>
   125.35799859057028        5.3530001455821079     
   124.91276284064647        5.1100127621334321     
   124.83688718786429        5.0401709277238966     
   124.74086232886150        4.9135289238746749     
   124.61950070390525        4.6997033725132704     
   124.46723774704414        4.3719153729560487     
   124.28357040134800        3.9744087249118163     
   124.07942898237043        3.5851274587455899     
   123.86013798675334        3.1882247082006212     
   123.62770964221731        2.7720488038793651     
   123.38475549031983        2.3346814831371057     
   123.13066475806828        1.8951776028362590     
   122.87444892541374        1.4533165742318372     
   122.62873770068281        1.0078189826029167     
   122.39134238515901       0.55858685216925663     
   122.15605784609370       0.11098020295514957     
   121.92315108181205      -0.33557907943860399     
   121.69339845010481      -0.78159290602657172     
   121.46747374932031       -1.2261691815465596     
   121.24346043568720       -1.6678892625373012     
   121.01916293499559       -2.1076251907387191     
   120.79918496300128       -2.5459115357587940     
   120.58443179299536       -2.9814648721721477     
   120.37053462191156       -3.4140846647560652     
   120.15852076304795       -3.8435818374434150     
   119.94883884234561       -4.2691210177921413     
   119.74003755774990       -4.6904105702926397     
   119.52992706462875       -5.1048464018385040     
   119.46999739979915       -5.2177998713851741     
>
   125.35799859057028        5.3530001455821079     
   124.82946108208827        5.4501227916898465     
   124.72791233713632        5.6480476187632576     
   124.60149951639876        5.9768291271095890     
   124.44629556725708        6.4042493278473858     
   124.26496130563780        6.8127206689119175     
   124.05943103700346        7.2167745054989174     
   123.83404319765808        7.6282607503975290     
   123.59518454796621        8.0510050426993818     
   123.34790914849809        8.4757953672307114     
   123.09842614270676        8.9065965918234902     
   122.85855564957689        9.3467582276548438     
   122.63341418207654        9.7967094201013829     
   122.41350496501572        10.257247726391736     
   122.20050905651860        10.727426047316909     
   121.99638081556991        11.206634182842064     
   121.79907134515135        11.688106074552788     
   121.61042843410075        12.169504627667775     
   121.43935068968671        12.657377030729794     
   121.29160607787226        13.156579100917453     
   121.15069398757458        13.657186636537459     
   121.01833100030021        14.157331222271880     
   120.90074172936215        14.658318055941706     
   120.79338663027592        15.159491100889769     
   120.68513657113859        15.657840609901998     
   120.58789704164388        16.153523000452111     
   120.52138638376256        16.647972958819199     
   120.48110286822349        17.134364838979799     
   120.46439026276239        17.409094656353201     
   120.45599757721286        17.551000255439959     
>
   125.35799859057028        5.3530001455821079     
   125.04364072135719        4.8963946214880938     
   125.00246682942930        4.6427124081331161     
   124.95050987209709        4.2190977929646776     
   124.88632542279923        3.7503747847986406     
   124.81778133775953        3.2937176945044984     
   124.74997636825502        2.8229492270667640     
   124.68238339312877        2.3275848280840976     
   124.61078487016826        1.8306797456331985     
   124.53512293063774        1.3323119019720351     
   124.45710728055033       0.82857429800433258     
   124.37860175156173       0.32152499807293045     
   124.30082216007932      -0.18635509063829253     
   124.22483191574132      -0.69602567240947444     
   124.15310734206939       -1.2076127979520361     
   124.09132816952858       -1.7198296040939240     
   124.04200280727615       -2.2333017607300105     
   124.00641697256863       -2.7484566943635684     
   123.97449061919680       -3.2620583394577509     
   123.94294012612809       -3.7734621185109734     
   123.91220781676806       -4.2825860985608104     
   123.88248219422607       -4.7888796671814653     
   123.85309175198489       -5.2909041273893997     
   123.82438255654320       -5.7895091755711459     
   123.79677401299530       -6.2853164709171239     
   123.76986791568467       -6.7769526336306214     
   123.74360582291787       -7.2645723623120189     
   123.71841458824036       -7.7491932299771547     
   123.69436067475456       -8.2296555700809488     
   123.67103097990163       -8.7047137724114538     
   123.64866098932885       -9.1750021012302305     
   123.62764375207269       -9.6405027948461210     
   123.60803026137559       -10.083449578442101     
   123.60499931472368       -10.151300384568964     
>
   125.35799859057028        5.3530001455821079     
   124.88652595802193        5.1758284222286228     
   124.80323795045042        5.1596131441198567     
   124.69817697431206        5.1246334987427220     
   124.56506627713581        5.0562951055457717     
   124.39700286359808        4.9381151151373608     
   124.18826746914696        4.7654325159838038     
   123.93844068868815        4.5535538751560756     
   123.64764456222855        4.3047269060219273     
   123.32224522365276        4.0392801505869071     
   122.97068978949930        3.7713880113503171     
   122.62104345066611        3.4975571647324557     
   122.27648497691210        3.2171728270362561     
   121.93024716390730        2.9296586027358553     
   121.57808496746566        2.6349245374599208     
   121.21735647926744        2.3360628843427254     
   120.84864554328956        2.0389481794942701     
   120.47904709571176        1.7418437878858402     
   120.10830273257558        1.4449330560067755     
   119.73464831687886        1.1483809956974818     
   119.35640221753978       0.85239730950514137     
   118.97377413710547       0.55981183590115802     
   118.58986205828801       0.27086750898390693     
   118.20570933720327       -1.6327004875707637E-002
   117.81982742954098      -0.30217793274312915     
   117.43108130594051      -0.58658844475367489     
   117.03880920016694      -0.86897756171924956     
   116.64380695057554       -1.1475725522710492     
   116.24938453425665       -1.4221104287884270     
   115.85481372187296       -1.6935715220315715     
   115.45887468631258       -1.9625425407663699     
   115.06034015201250       -2.2288980072391809     
   114.65887436571410       -2.4918707309836723     
   114.25819639636205       -2.7523677041642975     
   113.85834864283207       -3.0108856811756119     
   113.45782651799598       -3.2663818788594954     
   113.05658017452700       -3.5191525163877859     
   112.65424463831977       -3.7689747131843818     
   112.25544310569458       -4.0154657334527855     
   111.85959230563221       -4.2580245444826295     
   111.46548444313410       -4.4967920938875956     
   111.07217356490685       -4.7329309130016517     
   110.67889305344191       -4.9668426452280094     
   110.28901476526976       -5.1993666737131754     
   109.90242124404570       -5.4309573539760470     
   109.51802100520037       -5.6610531873930192     
   109.13661332483574       -5.8888990156111261     
   108.76040752814832       -6.1142822712942868     
   108.39153272624561       -6.3390094903202794     
   108.03020721604148       -6.5628910236641911     
   107.67514241549051       -6.7865869186876475     
   107.61749713332651       -6.8265999981549390     
>
   125.35799859057028        5.3530001455821079     
   124.87383723504406        5.2098861785390458     
   124.78588019452997        5.2210250507242169     
   124.67616680122461        5.2356830295891523     
   124.53720162146064        5.2500115577310558     
   124.36118268915887        5.2575488173162590     
   124.13869974575397        5.2481603311465044     
   123.86015517548671        5.2151419202475262     
   123.52138644009139        5.1695075520086329     
   123.11438244389936        5.1137908457293912     
   122.66703419864366        5.0489721321699852     
   122.22336778007700        4.9754284175491232     
   121.77831652255809        4.8938862123308136     
   121.32704867313497        4.8054370010844067     
   120.86640551557102        4.7115899546002806     
   120.40085440167057        4.6115612666365076     
   119.93158364586763        4.5056454374915900     
   119.45773667628232        4.3949855179350061     
   118.97836524779011        4.2811296398861183     
   118.49435973677981        4.1748110214224328     
   118.00645868582885        4.0836081750892532     
   117.51455552479024        4.0074924529976217     
   117.01835632632331        3.9469777982754688     
   116.51876980146581        3.8968227931587922     
   116.01839775149304        3.8460318049072177     
   115.51727856457622        3.7944203411158477     
   115.01521743507043        3.7422187308119161     
   114.51273518159692        3.6888247953694964     
   114.01175350454710        3.6317656490136181     
   113.51232568899445        3.5708247137037494     
   113.01430792253637        3.5063870170675044     
   112.51760624009708        3.4393979394405392     
   112.02242003098374        3.3713196690753402     
   111.52849318306906        3.3026999536088097     
   111.03563203662364        3.2336780217812908     
   110.54453273534925        3.1641163637257770     
   110.05999036289987        3.0936551619569403     
   109.58091228879059        3.0224416666240312     
   109.10448357145226        2.9505469244916691     
   108.63000520239430        2.8780712031712112     
   108.16068574518013        2.8055272998750302     
   107.69752959479666        2.7327656726227580     
   107.23822773139379        2.6596619895763118     
   106.78125264953221        2.5863583442649296     
   106.32637860384689        2.5134259755944597     
   105.87629906885782        2.4414040368351180     
   105.43191015053162        2.3701332457242903     
   104.99290932716092        2.2995110428195025     
   104.55730786229411        2.2285536596138895     
   104.12564834694810        2.1563546769007789     
   103.70066493564518        2.0822586309807813     
   103.33964939559958        2.0189124189138861     
   103.31899713244879        2.0156998446459857     
>
   125.35799859057028        5.3530001455821079     
   124.87166801689206        5.2168716797828916     
   124.78356830989095        5.2334679748148165     
   124.67328711542640        5.2561508003350434     
   124.53342984040025        5.2807581910355594     
   124.35621056155109        5.2986058258572282     
   124.13260748568786        5.2957633823146839     
   123.85939944417598        5.2797480664708525     
   123.53426080138972        5.2569225744636077     
   123.15525839778211        5.2281830122595974     
   122.74045644621532        5.1940370204511792     
   122.32964686445393        5.1554494599385050     
   121.91678208313861        5.1130780862520817     
   121.49554295092270        5.0683106031330984     
   121.06019416043648        5.0229128664570100     
   120.61371681100516        4.9790340408535458     
   120.16374212728967        4.9384015940269546     
   119.70829684269852        4.9017953215147081     
   119.24493786526125        4.8693212205059577     
   118.77182771937996        4.8401725664476070     
   118.29665320662028        4.8174513527561746     
   117.82114924313757        4.8023579259790559     
   117.34493252017754        4.7970603583526943     
   116.86685311147740        4.8023831361213407     
   116.39071316485976        4.8084215381561899     
   115.91904343483537        4.8068980434213326     
   115.45008608693765        4.7986102091453953     
   114.98214803092911        4.7890704621219351     
   114.51399798054224        4.7832847344677054     
   114.04652344737706        4.7813911090074939     
   113.58145018026444        4.7801678441489299     
   113.12027932858587        4.7762121436414242     
   112.66247403090223        4.7719567862154033     
   112.20805376777803        4.7669875233965158     
   111.75662090651453        4.7608499996658669     
   111.30736242002301        4.7535098375567042     
   110.85915015443632        4.7450231869313901     
   110.41115446689014        4.7352897801785634     
   109.96404457207058        4.7226188188918474     
   109.51640984792530        4.7081195493317463     
   109.06644948815428        4.6942035507908564     
   108.61606571258447        4.6832566194617131     
   108.16917526059434        4.6727932644982033     
   107.72601361783116        4.6618297173934629     
   107.28673089923309        4.6502227387026966     
   106.85175968792336        4.6382083870309279     
   106.42158356026769        4.6258313530849335     
   105.99673021038066        4.6125839962723560     
   105.57537362181999        4.5993526822775941     
   105.15724393147171        4.5867212550776424     
   104.74357529039219        4.5745653828344146     
   104.33469944113553        4.5623155455154007     
   103.92814750863128        4.5501648298921857     
   103.52447640784079        4.5384890962679165     
   103.12474152699330        4.5273513699983043     
   102.73053167801051        4.5167791530567483     
   102.34204567724179        4.5070159524994056     
   101.95452396441544        4.4983069942557652     
   101.56872456267334        4.4904620563431390     
   101.18829148349110        4.4832250266342308     
   101.02549412490185        4.4794996551539583     
>
   125.35799859057028        5.3530001455821079     
   124.86903126519223        5.2251715461721915     
   124.77988705615969        5.2483282077758062     
   124.66858255910149        5.2829388683431437     
   124.52748368456787        5.3276736928687134     
   124.34860340111683        5.3768815987763938     
   124.12220257241782        5.4169261909215400     
   123.84250578405666        5.4476350090126173     
   123.50646948431027        5.4779037955292775     
   123.11020328985796        5.5079995487966231     
   122.68042307602768        5.5390830812752867     
   122.25449600326246        5.5725191783952930     
   121.82646732136317        5.6081720491629712     
   121.38957555557764        5.6460382558316491     
   120.93810831684736        5.6867497708317689     
   120.47811030974279        5.7331272653102667     
   120.01365812886279        5.7868231495023181     
   119.54394562261211        5.8478975839747367     
   119.06754039654274        5.9151886103513336     
   118.58589432566713        5.9855403771843454     
   118.10491460468874        6.0522418300061585     
   117.62693202585328        6.1115429601519944     
   117.15301286358779        6.1627023602555857     
   116.68246040123280        6.2063921097919179     
   116.21496696046090        6.2479384242763123     
   115.75034231928937        6.2882288153087291     
   115.28834182474654        6.3272569803535985     
   114.82842231285771        6.3645009548740799     
   114.36968423990957        6.3998077591431306     
   113.91203994336189        6.4332346889386685     
   113.45558224237490        6.4644385425509618     
   113.00049792118462        6.4930171036190218     
   112.54798388859177        6.5187566588912098     
   112.09799430797403        6.5430254315442253     
   111.64969151505824        6.5662336593479678     
   111.20223555374005        6.5885348949872560     
   110.75471083748836        6.6099623700132843     
   110.30662347669751        6.6314414112394404     
   109.85769558684460        6.6544021212825726     
   109.40707689858530        6.6790106578986466     
   108.95385125243072        6.7052578537631957     
   108.49879672504495        6.7318264789418683     
   108.04414613289354        6.7584088551072394     
   107.59121727886856        6.7848806504212291     
   107.14062895737156        6.8109324676830738     
   106.69235137459802        6.8368146894422805     
   106.24700389790725        6.8621153590556130     
   105.80616846372757        6.8864351249509754     
   105.36992815093697        6.9103578311053626     
   104.93832192066444        6.9342960071197890     
   104.51154228672378        6.9582914789121331     
   104.08980640011329        6.9817162847564065     
   103.67311254195964        7.0045561007081316     
   103.26153175902746        7.0270148997366970     
   102.85524453301720        7.0491855010023299     
   102.45477053663456        7.0709733664714669     
   102.05940044814891        7.0925022550244119     
   101.66788751143274        7.1144121605005166     
   101.27953844757327        7.1371591572920119     
   100.89508091295002        7.1606739175076193     
   100.61699413594835        7.1769997764677678     
>
   125.35799859057028        5.3530001455821079     
   124.85588589486434        5.2853853980602716     
   124.76386887552697        5.3555979361529413     
   124.64811306948226        5.4646925350567876     
   124.50081994839783        5.6139531931549662     
   124.31299636697149        5.7828216123724774     
   124.08141256220195        5.9660855957920580     
   123.80964493654695        6.1657126804274336     
   123.50691352658913        6.3645868985409573     
   123.17563793303000        6.5670088712232069     
   122.82556760544018        6.7764873919139221     
   122.47778223347380        6.9940033643310677     
   122.12667886300812        7.2187712633593835     
   121.76766924814746        7.4487341705715853     
   121.39748695659264        7.6806399776130094     
   121.01436727838379        7.9103622425579516     
   120.62707990528915        8.1335688316379819     
   120.24152286468762        8.3512217409643537     
   119.85342991295545        8.5644279249664592     
   119.45862246900896        8.7723680540200561     
   119.05585778742511        8.9721309296490990     
   118.64698881366184        9.1622555095166618     
   118.23794909848036        9.3443254489244154     
   117.82821553142828        9.5197611102069661     
   117.41776462123664        9.6928149860014372     
   117.00584178251032        9.8642313484629920     
   116.59293231048819        10.034243964365539     
   116.18124495740908        10.203889887289405     
   115.77013342689804        10.373240163999212     
   115.35884198764437        10.542505642957700     
   114.94665788017072        10.711905766994295     
   114.53341666559444        10.882556084905078     
   114.11939393660738        11.056282040174533     
   113.70398980641470        11.232623547705979     
   113.28676710823086        11.410394584896494     
   112.86731445837044        11.588841139308672     
   112.44573957289589        11.768404388432485     
   112.02293798481614        11.949675051738271     
   111.59925690654531        12.131897397915289     
   111.17493354260401        12.314283037059376     
   110.75000398933234        12.496185099837829     
   110.32447340335030        12.678596522081980     
   109.89808968323504        12.862879797390731     
   109.47052223234799        13.048947836181652     
   109.04196356450296        13.235092078357203     
   108.61257525379365        13.420233644419177     
   108.18352155042740        13.603487314598731     
   107.75562350290176        13.784213668014294     
   107.32952454280276        13.961800212799909     
   106.90618781215723        14.135681439627525     
   106.48635013466918        14.305550243127499     
   106.07024699598590        14.472685465062966     
   105.65829894711726        14.637792416460117     
   105.25084861681525        14.801224612268703     
   104.84784100113305        14.962756307123728     
   104.44897472427878        15.122137118475683     
   104.05385902904712        15.279906772552566     
   103.66195304329442        15.436348310497296     
   103.27171149989030        15.591876553741997     
   102.88137771028369        15.746675421733798     
   102.49127596857767        15.900706526301486     
   102.09840512192484        16.054833887776077     
   101.70398213264819        16.209127407006633     
   101.31052228539835        16.363172262561026     
   100.91910904333577        16.516048857203650     
   100.52935508700172        16.666927548070259     
   100.14136240288089        16.815855317698727     
   99.757331148845338        16.962393280430213     
   99.377567284349198        17.106026920178998     
   99.077126559592557        17.217779470220488     
   99.002995563248021        17.244300539903488     
>
   125.35799859057028        5.3530001455821079     
   124.85414009251117        5.3020309674612083     
   124.76176210977290        5.3852232910835749     
   124.64536172622662        5.5143416184544423     
   124.49706306423971        5.6898099383304066     
   124.30796637062799        5.8860760526330713     
   124.07715204815594        6.1016938159277725     
   123.81400915595101        6.3180644457443256     
   123.52368743853259        6.5355414570324877     
   123.20835324926378        6.7595742512301058     
   122.87373272818976        6.9930419411775935     
   122.53917294064031        7.2359966660328556     
   122.20100237316646        7.4869240983855034     
   121.85515990102928        7.7430075777930520     
   121.50018562780743        7.9972701973783451     
   121.13582687912027        8.2449117168673567     
   120.76422136044195        8.4871634225275567     
   120.39369071055739        8.7248314659542636     
   120.02000993880289        8.9586589733870792     
   119.63966624103419        9.1870829160043854     
   119.25204426059648        9.4068924384116173     
   118.85682772479565        9.6160575511971160     
   118.46134189883864        9.8192346822323344     
   118.06681806899284        10.020248897651120     
   117.67208510955766        10.220957726573600     
   117.27602575286363        10.421113651239168     
   116.87768258646179        10.620437068251574     
   116.47885011411651        10.820143794018255     
   116.08041985813225        11.021299530008504     
   115.68148654521784        11.224170128631856     
   115.28133455110708        11.427836565610500     
   114.87932330900288        11.631549985127036     
   114.47554907581214        11.836186439625841     
   114.07022269999756        12.042551507744456     
   113.66280330941561        12.250327770873206     
   113.25276320995168        12.459243074066979     
   112.83960163650673        12.669063650551866     
   112.42461748436617        12.879292745933316     
   112.00982470012387        13.088854918459791     
   111.59545819646929        13.296503412003785     
   111.18090204378981        13.502248539805317     
   110.76555922007948        13.706038162706486     
   110.34938675350490        13.908731717376067     
   109.93259090886657        14.110843719899778     
   109.51498432897067        14.311796628836191     
   109.09643466057027        14.510865079636861     
   108.67690122366297        14.707229742677550     
   108.25709906955724        14.901821101391651     
   107.83765329519017        15.094940531571025     
   107.41895752255604        15.285863241624993     
   107.00146324238489        15.473590566144440     
   106.58585571218059        15.656963984499844     
   106.17266549084667        15.836243046565176     
   105.76235495531094        16.011639746718743     
   105.35530569545435        16.183180441018379     
   104.95177955298199        16.350841638195146     
   104.55178913296497        16.515113217150244     
   104.15524619990533        16.677536434309680     
   103.76234785127910        16.838424697578674     
   103.37331181104237        16.997815249212877     
   102.98856264090951        17.156064468950941     
   102.60785740678216        17.313213609752964     
   102.23019457846227        17.469434558952706     
   101.85318320313733        17.626078350993485     
   101.47690292193865        17.782957055723731     
   101.10228765604624        17.939288585774857     
   100.72968633674772        18.094094902217787     
   100.35805904567378        18.246686163886377     
   99.987219571546248        18.397866803502612     
   99.619119408561005        18.546604351148396     
   99.254813944947301        18.691424013500097     
   98.979251046962958        18.799521092910375     
   98.943799284375785        18.813800346683273     
>
   125.35799859057028        5.3530001455821079     
   125.55196771713619        6.2047631908256902     
   125.65402754042719        6.6001115069157263     
   125.75615726456724        6.9705825691912482     
   125.85939451609444        7.3442415685501672     
   125.96754774536711        7.7088123116156240     
   126.01518345512871        7.8858986642600115     
   126.01799438599338        7.8971996834966927     
>
   125.35799859057028        5.3530001455821079     
   125.03417545884503        6.1607921190197761     
   124.99043299719303        6.6595667627041628     
   124.93374971114028        7.0924140195264167     
   124.86125622812867        7.5309667899138146     
   124.79221939939889        7.9725613931509143     
   124.74465416344414        8.2455706183134208     
   124.69606333306463        8.4481255172004417     
   124.69419549070450        8.4547993294124115     
>
   125.35799859057028        5.3530001455821079     
   125.16086444523214        4.7269051160379441     
   125.09804650023767        4.3226782462016295     
   125.04753225059346        3.8126197720139383     
   125.00462000476345        3.3384473624100548     
   124.95695163640845        2.8741395668904310     
   124.92134632113645        2.3999259043264467     
   124.88316040402700        1.9340218484340086     
   124.84318227498423        1.4807652625593402     
   124.83989349733170        1.4439000131309017     
>
   125.35799859057028        5.3530001455821079     
   125.19621078358797        6.2616137805499443     
   125.19499439422275        6.8024773297356145     
   125.18923215783748        7.3405631796077886     
   125.17985742265442        7.8762322935673508     
   125.16978654376965        8.4058784753521021     
   125.16067594212279        8.9173853868055772     
   125.15228841319329        9.4041261982537012     
   125.14201413429691        9.8768175119983894     
   125.11943616005027        10.344878753929464     
   125.08057186093025        10.710900226091823     
   125.03747626861093        10.952793833140031     
   124.99910757796991        11.101876301368884     
   124.97899274921599        11.164999632859674     
>
   125.35799859057028        5.3530001455821079     
   124.95665026061660        6.0194382782743761     
   124.89299751613785        6.5304713536444643     
   124.81621143344456        7.0208727923438143     
   124.72762815007785        7.5077820533790192     
   124.63128931021203        8.0013215818349757     
   124.53565979207686        8.4958231064021863     
   124.44511240944306        8.9906603842280006     
   124.36365271014493        9.4851481578085099     
   124.28701445055871        9.9822039281553376     
   124.20928184161419        10.482914596175597     
   124.13174461127241        10.983051160501109     
   124.05530402211997        11.479056126280906     
   123.97908115692363        11.971664025387904     
   123.89660560348304        12.465744998945191     
   123.81688597696029        12.852400972567184     
   123.78118898844363        13.006287118816738     
   123.75694542593293        13.103299184073091     
   123.73399732096091        13.156199802867633     
>
   125.35799859057028        5.3530001455821079     
   124.85050123765555        5.2758072628656052     
   124.75434631723685        5.3384481639063228     
   124.63436781235960        5.4409331218694676     
   124.48387300320505        5.6030160021080704     
   124.29339032472549        5.8418849650399505     
   124.05265753013791        6.1567401616053674     
   123.76285892317189        6.4644935464977635     
   123.42320267617660        6.7520730879849911     
   123.03196647806779        7.0231714989539107     
   122.62628601434569        7.2945999336036422     
   122.22794513977495        7.5756248380969726     
   121.83195912167666        7.8611239698879745     
   121.43366293781270        8.1382097896493946     
   121.02987094293083        8.4037499372024218     
   120.62339521381119        8.6635393075257525     
   120.21838797547963        8.9217347093073851     
   119.81392504703828        9.1735742904444972     
   119.40676978999255        9.4095658594093035     
   119.03975309016775        9.5992504077024492     
   118.84888824884946        9.6980787491188263     
   118.72999950966819        9.7761001287840337     
>
   125.35799859057028        5.3530001455821079     
   124.86633435292561        5.2230252463313569     
   124.77583796353417        5.2444034469883762     
   124.66314175203036        5.2771176173066063     
   124.52073366897123        5.3224781117270474     
   124.34026801134523        5.3793716732847408     
   124.11175583322991        5.4423901535019406     
   123.82286364547056        5.5020150047930159     
   123.46068729296432        5.5539186770517723     
   123.01501781400165        5.6025627925047328     
   122.53469527559599        5.6510590848506634     
   122.05462827635984        5.7017864747887490     
   121.57194801669280        5.7523591661264515     
   121.08490697536837        5.7992964403552154     
   120.59379907972730        5.8422075402696327     
   120.10035237043158        5.8843737950711086     
   119.60562280866823        5.9233664367336667     
   119.10937318991674        5.9571961558479734     
   118.60663654318927        5.9828348705510264     
   118.10212487326189        6.0025440451972729     
   117.60205419908097        6.0170123750372992     
   117.11108037556022        6.0271875322378774     
   116.63254833021448        6.0348943873257195     
   116.21469595143134        6.0443000622288494     
>
   125.35799859057028        5.3530001455821079     
   124.82945191476381        5.4598756790071636     
   124.72797020587200        5.6654489194749402     
   124.60164848542134        6.0070904651751196     
   124.44719797575929        6.4366632682893226     
   124.26718323590548        6.8470058894606769     
   124.06368868626060        7.2540677543884078     
   123.84127277891584        7.6694140158454012     
   123.60632743085583        8.0950471612699140     
   123.36396056068202        8.5226381034259084     
   123.12055148030785        8.9565900228464361     
   122.88698524162236        9.4004346312824030     
   122.66746907359807        9.8540945794336192     
   122.45360627998102        10.317707377167089     
   122.24747440567852        10.789775312848018     
   122.05088915389285        11.268996626402094     
   121.86149509519376        11.748098764738101     
   121.68448036227177        12.228079820307380     
   121.52767614205283        12.715229150652066     
   121.38684884950649        13.208800764743659     
   121.25593487245567        13.699290438941004     
   121.14596250223407        14.184295188318190     
   121.10004337397892        14.448996525682491     
   121.08277499947202        14.598163218704883     
   121.07799939638249        14.659999114065839     
>
   125.35799859057028        5.3530001455821079     
   124.91276284064647        5.1100127621334321     
   124.83688718786429        5.0401709277238966     
   124.74086232886150        4.9135289238746749     
   124.61950070390525        4.6997033725132704     
   124.46723774704414        4.3719153729560487     
   124.28357040134800        3.9744087249118163     
   124.07942898237043        3.5851274587455899     
   123.86013798675334        3.1882247082006212     
   123.62770964221731        2.7720488038793651     
   123.38475549031983        2.3346814831371057     
   123.13066475806828        1.8951776028362590     
   122.87444892541374        1.4533165742318372     
   122.62873770068281        1.0078189826029167     
   122.39134238515901       0.55858685216925663     
   122.15605784609370       0.11098020295514957     
   121.92315108181205      -0.33557907943860399     
   121.69339845010481      -0.78159290602657172     
   121.46747374932031       -1.2261691815465596     
   121.24346043568720       -1.6678892625373012     
   121.01916293499559       -2.1076251907387191     
   120.79918496300128       -2.5459115357587940     
   120.58443179299536       -2.9814648721721477     
   120.37053462191156       -3.4140846647560652     
   120.15852076304795       -3.8435818374434150     
   119.94883884234561       -4.2691210177921413     
   119.74003755774990       -4.6904105702926397     
   119.52992706462875       -5.1048464018385040     
   119.46999739979915       -5.2177998713851741     
>
   125.35799859057028        5.3530001455821079     
   124.82946108208827        5.4501227916898465     
   124.72791233713632        5.6480476187632576     
   124.60149951639876        5.9768291271095890     
   124.44629556725708        6.4042493278473858     
   124.26496130563780        6.8127206689119175     
   124.05943103700346        7.2167745054989174     
   123.83404319765808        7.6282607503975290     
   123.59518454796621        8.0510050426993818     
   123.34790914849809        8.4757953672307114     
   123.09842614270676        8.9065965918234902     
   122.85855564957689        9.3467582276548438     
   122.63341418207654        9.7967094201013829     
   122.41350496501572        10.257247726391736     
   122.20050905651860        10.727426047316909     
   121.99638081556991        11.206634182842064     
   121.79907134515135        11.688106074552788     
   121.61042843410075        12.169504627667775     
   121.43935068968671        12.657377030729794     
   121.29160607787226        13.156579100917453     
   121.15069398757458        13.657186636537459     
   121.01833100030021        14.157331222271880     
   120.90074172936215        14.658318055941706     
   120.79338663027592        15.159491100889769     
   120.68513657113859        15.657840609901998     
   120.58789704164388        16.153523000452111     
   120.52138638376256        16.647972958819199     
   120.48110286822349        17.134364838979799     
   120.46439026276239        17.409094656353201     
   120.45599757721286        17.551000255439959     
>
   125.35799859057028        5.3530001455821079     
   125.04364072135719        4.8963946214880938     
   125.00246682942930        4.6427124081331161     
   124.95050987209709        4.2190977929646776     
   124.88632542279923        3.7503747847986406     
   124.81778133775953        3.2937176945044984     
   124.74997636825502        2.8229492270667640     
   124.68238339312877        2.3275848280840976     
   124.61078487016826        1.8306797456331985     
   124.53512293063774        1.3323119019720351     
   124.45710728055033       0.82857429800433258     
   124.37860175156173       0.32152499807293045     
   124.30082216007932      -0.18635509063829253     
   124.22483191574132      -0.69602567240947444     
   124.15310734206939       -1.2076127979520361     
   124.09132816952858       -1.7198296040939240     
   124.04200280727615       -2.2333017607300105     
   124.00641697256863       -2.7484566943635684     
   123.97449061919680       -3.2620583394577509     
   123.94294012612809       -3.7734621185109734     
   123.91220781676806       -4.2825860985608104     
   123.88248219422607       -4.7888796671814653     
   123.85309175198489       -5.2909041273893997     
   123.82438255654320       -5.7895091755711459     
   123.79677401299530       -6.2853164709171239     
   123.76986791568467       -6.7769526336306214     
   123.74360582291787       -7.2645723623120189     
   123.71841458824036       -7.7491932299771547     
   123.69436067475456       -8.2296555700809488     
   123.67103097990163       -8.7047137724114538     
   123.64866098932885       -9.1750021012302305     
   123.62764375207269       -9.6405027948461210     
   123.60803026137559       -10.083449578442101     
   123.60499931472368       -10.151300384568964     
>
   125.35799859057028        5.3530001455821079     
   124.88652595802193        5.1758284222286228     
   124.80323795045042        5.1596131441198567     
   124.69817697431206        5.1246334987427220     
   124.56506627713581        5.0562951055457717     
   124.39700286359808        4.9381151151373608     
   124.18826746914696        4.7654325159838038     
   123.93844068868815        4.5535538751560756     
   123.64764456222855        4.3047269060219273     
   123.32224522365276        4.0392801505869071     
   122.97068978949930        3.7713880113503171     
   122.62104345066611        3.4975571647324557     
   122.27648497691210        3.2171728270362561     
   121.93024716390730        2.9296586027358553     
   121.57808496746566        2.6349245374599208     
   121.21735647926744        2.3360628843427254     
   120.84864554328956        2.0389481794942701     
   120.47904709571176        1.7418437878858402     
   120.10830273257558        1.4449330560067755     
   119.73464831687886        1.1483809956974818     
   119.35640221753978       0.85239730950514137     
   118.97377413710547       0.55981183590115802     
   118.58986205828801       0.27086750898390693     
   118.20570933720327       -1.6327004875707637E-002
   117.81982742954098      -0.30217793274312915     
   117.43108130594051      -0.58658844475367489     
   117.03880920016694      -0.86897756171924956     
   116.64380695057554       -1.1475725522710492     
   116.24938453425665       -1.4221104287884270     
   115.85481372187296       -1.6935715220315715     
   115.45887468631258       -1.9625425407663699     
   115.06034015201250       -2.2288980072391809     
   114.65887436571410       -2.4918707309836723     
   114.25819639636205       -2.7523677041642975     
   113.85834864283207       -3.0108856811756119     
   113.45782651799598       -3.2663818788594954     
   113.05658017452700       -3.5191525163877859     
   112.65424463831977       -3.7689747131843818     
   112.25544310569458       -4.0154657334527855     
   111.85959230563221       -4.2580245444826295     
   111.46548444313410       -4.4967920938875956     
   111.07217356490685       -4.7329309130016517     
   110.67889305344191       -4.9668426452280094     
   110.28901476526976       -5.1993666737131754     
   109.90242124404570       -5.4309573539760470     
   109.51802100520037       -5.6610531873930192     
   109.13661332483574       -5.8888990156111261     
   108.76040752814832       -6.1142822712942868     
   108.39153272624561       -6.3390094903202794     
   108.03020721604148       -6.5628910236641911     
   107.67514241549051       -6.7865869186876475     
   107.61749713332651       -6.8265999981549390     
>
   125.35799859057028        5.3530001455821079     
   124.87383723504406        5.2098861785390458     
   124.78588019452997        5.2210250507242169     
   124.67616680122461        5.2356830295891523     
   124.53720162146064        5.2500115577310558     
   124.36118268915887        5.2575488173162590     
   124.13869974575397        5.2481603311465044     
   123.86015517548671        5.2151419202475262     
   123.52138644009139        5.1695075520086329     
   123.11438244389936        5.1137908457293912     
   122.66703419864366        5.0489721321699852     
   122.22336778007700        4.9754284175491232     
   121.77831652255809        4.8938862123308136     
   121.32704867313497        4.8054370010844067     
   120.86640551557102        4.7115899546002806     
   120.40085440167057        4.6115612666365076     
   119.93158364586763        4.5056454374915900     
   119.45773667628232        4.3949855179350061     
   118.97836524779011        4.2811296398861183     
   118.49435973677981        4.1748110214224328     
   118.00645868582885        4.0836081750892532     
   117.51455552479024        4.0074924529976217     
   117.01835632632331        3.9469777982754688     
   116.51876980146581        3.8968227931587922     
   116.01839775149304        3.8460318049072177     
   115.51727856457622        3.7944203411158477     
   115.01521743507043        3.7422187308119161     
   114.51273518159692        3.6888247953694964     
   114.01175350454710        3.6317656490136181     
   113.51232568899445        3.5708247137037494     
   113.01430792253637        3.5063870170675044     
   112.51760624009708        3.4393979394405392     
   112.02242003098374        3.3713196690753402     
   111.52849318306906        3.3026999536088097     
   111.03563203662364        3.2336780217812908     
   110.54453273534925        3.1641163637257770     
   110.05999036289987        3.0936551619569403     
   109.58091228879059        3.0224416666240312     
   109.10448357145226        2.9505469244916691     
   108.63000520239430        2.8780712031712112     
   108.16068574518013        2.8055272998750302     
   107.69752959479666        2.7327656726227580     
   107.23822773139379        2.6596619895763118     
   106.78125264953221        2.5863583442649296     
   106.32637860384689        2.5134259755944597     
   105.87629906885782        2.4414040368351180     
   105.43191015053162        2.3701332457242903     
   104.99290932716092        2.2995110428195025     
   104.55730786229411        2.2285536596138895     
   104.12564834694810        2.1563546769007789     
   103.70066493564518        2.0822586309807813     
   103.33964939559958        2.0189124189138861     
   103.31899713244879        2.0156998446459857     
>
   125.35799859057028        5.3530001455821079     
   124.87166801689206        5.2168716797828916     
   124.78356830989095        5.2334679748148165     
   124.67328711542640        5.2561508003350434     
   124.53342984040025        5.2807581910355594     
   124.35621056155109        5.2986058258572282     
   124.13260748568786        5.2957633823146839     
   123.85939944417598        5.2797480664708525     
   123.53426080138972        5.2569225744636077     
   123.15525839778211        5.2281830122595974     
   122.74045644621532        5.1940370204511792     
   122.32964686445393        5.1554494599385050     
   121.91678208313861        5.1130780862520817     
   121.49554295092270        5.0683106031330984     
   121.06019416043648        5.0229128664570100     
   120.61371681100516        4.9790340408535458     
   120.16374212728967        4.9384015940269546     
   119.70829684269852        4.9017953215147081     
   119.24493786526125        4.8693212205059577     
   118.77182771937996        4.8401725664476070     
   118.29665320662028        4.8174513527561746     
   117.82114924313757        4.8023579259790559     
   117.34493252017754        4.7970603583526943     
   116.86685311147740        4.8023831361213407     
   116.39071316485976        4.8084215381561899     
   115.91904343483537        4.8068980434213326     
   115.45008608693765        4.7986102091453953     
   114.98214803092911        4.7890704621219351     
   114.51399798054224        4.7832847344677054     
   114.04652344737706        4.7813911090074939     
   113.58145018026444        4.7801678441489299     
   113.12027932858587        4.7762121436414242     
   112.66247403090223        4.7719567862154033     
   112.20805376777803        4.7669875233965158     
   111.75662090651453        4.7608499996658669     
   111.30736242002301        4.7535098375567042     
   110.85915015443632        4.7450231869313901     
   110.41115446689014        4.7352897801785634     
   109.96404457207058        4.7226188188918474     
   109.51640984792530        4.7081195493317463     
   109.06644948815428        4.6942035507908564     
   108.61606571258447        4.6832566194617131     
   108.16917526059434        4.6727932644982033     
   107.72601361783116        4.6618297173934629     
   107.28673089923309        4.6502227387026966     
   106.85175968792336        4.6382083870309279     
   106.42158356026769        4.6258313530849335     
   105.99673021038066        4.6125839962723560     
   105.57537362181999        4.5993526822775941     
   105.15724393147171        4.5867212550776424     
   104.74357529039219        4.5745653828344146     
   104.33469944113553        4.5623155455154007     
   103.92814750863128        4.5501648298921857     
   103.52447640784079        4.5384890962679165     
   103.12474152699330        4.5273513699983043     
   102.73053167801051        4.5167791530567483     
   102.34204567724179        4.5070159524994056     
   101.95452396441544        4.4983069942557652     
   101.56872456267334        4.4904620563431390     
   101.18829148349110        4.4832250266342308     
   101.02549412490185        4.4794996551539583     
>
   125.35799859057028        5.3530001455821079     
   124.86903126519223        5.2251715461721915     
   124.77988705615969        5.2483282077758062     
   124.66858255910149        5.2829388683431437     
   124.52748368456787        5.3276736928687134     
   124.34860340111683        5.3768815987763938     
   124.12220257241782        5.4169261909215400     
   123.84250578405666        5.4476350090126173     
   123.50646948431027        5.4779037955292775     
   123.11020328985796        5.5079995487966231     
   122.68042307602768        5.5390830812752867     
   122.25449600326246        5.5725191783952930     
   121.82646732136317        5.6081720491629712     
   121.38957555557764        5.6460382558316491     
   120.93810831684736        5.6867497708317689     
   120.47811030974279        5.7331272653102667     
   120.01365812886279        5.7868231495023181     
   119.54394562261211        5.8478975839747367     
   119.06754039654274        5.9151886103513336     
   118.58589432566713        5.9855403771843454     
   118.10491460468874        6.0522418300061585     
   117.62693202585328        6.1115429601519944     
   117.15301286358779        6.1627023602555857     
   116.68246040123280        6.2063921097919179     
   116.21496696046090        6.2479384242763123     
   115.75034231928937        6.2882288153087291     
   115.28834182474654        6.3272569803535985     
   114.82842231285771        6.3645009548740799     
   114.36968423990957        6.3998077591431306     
   113.91203994336189        6.4332346889386685     
   113.45558224237490        6.4644385425509618     
   113.00049792118462        6.4930171036190218     
   112.54798388859177        6.5187566588912098     
   112.09799430797403        6.5430254315442253     
   111.64969151505824        6.5662336593479678     
   111.20223555374005        6.5885348949872560     
   110.75471083748836        6.6099623700132843     
   110.30662347669751        6.6314414112394404     
   109.85769558684460        6.6544021212825726     
   109.40707689858530        6.6790106578986466     
   108.95385125243072        6.7052578537631957     
   108.49879672504495        6.7318264789418683     
   108.04414613289354        6.7584088551072394     
   107.59121727886856        6.7848806504212291     
   107.14062895737156        6.8109324676830738     
   106.69235137459802        6.8368146894422805     
   106.24700389790725        6.8621153590556130     
   105.80616846372757        6.8864351249509754     
   105.36992815093697        6.9103578311053626     
   104.93832192066444        6.9342960071197890     
   104.51154228672378        6.9582914789121331     
   104.08980640011329        6.9817162847564065     
   103.67311254195964        7.0045561007081316     
   103.26153175902746        7.0270148997366970     
   102.85524453301720        7.0491855010023299     
   102.45477053663456        7.0709733664714669     
   102.05940044814891        7.0925022550244119     
   101.66788751143274        7.1144121605005166     
   101.27953844757327        7.1371591572920119     
   100.89508091295002        7.1606739175076193     
   100.61699413594835        7.1769997764677678     
>
   125.35799859057028        5.3530001455821079     
   124.85588589486434        5.2853853980602716     
   124.76386887552697        5.3555979361529413     
   124.64811306948226        5.4646925350567876     
   124.50081994839783        5.6139531931549662     
   124.31299636697149        5.7828216123724774     
   124.08141256220195        5.9660855957920580     
   123.80964493654695        6.1657126804274336     
   123.50691352658913        6.3645868985409573     
   123.17563793303000        6.5670088712232069     
   122.82556760544018        6.7764873919139221     
   122.47778223347380        6.9940033643310677     
   122.12667886300812        7.2187712633593835     
   121.76766924814746        7.4487341705715853     
   121.39748695659264        7.6806399776130094     
   121.01436727838379        7.9103622425579516     
   120.62707990528915        8.1335688316379819     
   120.24152286468762        8.3512217409643537     
   119.85342991295545        8.5644279249664592     
   119.45862246900896        8.7723680540200561     
   119.05585778742511        8.9721309296490990     
   118.64698881366184        9.1622555095166618     
   118.23794909848036        9.3443254489244154     
   117.82821553142828        9.5197611102069661     
   117.41776462123664        9.6928149860014372     
   117.00584178251032        9.8642313484629920     
   116.59293231048819        10.034243964365539     
   116.18124495740908        10.203889887289405     
   115.77013342689804        10.373240163999212     
   115.35884198764437        10.542505642957700     
   114.94665788017072        10.711905766994295     
   114.53341666559444        10.882556084905078     
   114.11939393660738        11.056282040174533     
   113.70398980641470        11.232623547705979     
   113.28676710823086        11.410394584896494     
   112.86731445837044        11.588841139308672     
   112.44573957289589        11.768404388432485     
   112.02293798481614        11.949675051738271     
   111.59925690654531        12.131897397915289     
   111.17493354260401        12.314283037059376     
   110.75000398933234        12.496185099837829     
   110.32447340335030        12.678596522081980     
   109.89808968323504        12.862879797390731     
   109.47052223234799        13.048947836181652     
   109.04196356450296        13.235092078357203     
   108.61257525379365        13.420233644419177     
   108.18352155042740        13.603487314598731     
   107.75562350290176        13.784213668014294     
   107.32952454280276        13.961800212799909     
   106.90618781215723        14.135681439627525     
   106.48635013466918        14.305550243127499     
   106.07024699598590        14.472685465062966     
   105.65829894711726        14.637792416460117     
   105.25084861681525        14.801224612268703     
   104.84784100113305        14.962756307123728     
   104.44897472427878        15.122137118475683     
   104.05385902904712        15.279906772552566     
   103.66195304329442        15.436348310497296     
   103.27171149989030        15.591876553741997     
   102.88137771028369        15.746675421733798     
   102.49127596857767        15.900706526301486     
   102.09840512192484        16.054833887776077     
   101.70398213264819        16.209127407006633     
   101.31052228539835        16.363172262561026     
   100.91910904333577        16.516048857203650     
   100.52935508700172        16.666927548070259     
   100.14136240288089        16.815855317698727     
   99.757331148845338        16.962393280430213     
   99.377567284349198        17.106026920178998     
   99.077126559592557        17.217779470220488     
   99.002995563248021        17.244300539903488     
>
   125.35799859057028        5.3530001455821079     
   124.85414009251117        5.3020309674612083     
   124.76176210977290        5.3852232910835749     
   124.64536172622662        5.5143416184544423     
   124.49706306423971        5.6898099383304066     
   124.30796637062799        5.8860760526330713     
   124.07715204815594        6.1016938159277725     
   123.81400915595101        6.3180644457443256     
   123.52368743853259        6.5355414570324877     
   123.20835324926378        6.7595742512301058     
   122.87373272818976        6.9930419411775935     
   122.53917294064031        7.2359966660328556     
   122.20100237316646        7.4869240983855034     
   121.85515990102928        7.7430075777930520     
   121.50018562780743        7.9972701973783451     
   121.13582687912027        8.2449117168673567     
   120.76422136044195        8.4871634225275567     
   120.39369071055739        8.7248314659542636     
   120.02000993880289        8.9586589733870792     
   119.63966624103419        9.1870829160043854     
   119.25204426059648        9.4068924384116173     
   118.85682772479565        9.6160575511971160     
   118.46134189883864        9.8192346822323344     
   118.06681806899284        10.020248897651120     
   117.67208510955766        10.220957726573600     
   117.27602575286363        10.421113651239168     
   116.87768258646179        10.620437068251574     
   116.47885011411651        10.820143794018255     
   116.08041985813225        11.021299530008504     
   115.68148654521784        11.224170128631856     
   115.28133455110708        11.427836565610500     
   114.87932330900288        11.631549985127036     
   114.47554907581214        11.836186439625841     
   114.07022269999756        12.042551507744456     
   113.66280330941561        12.250327770873206     
   113.25276320995168        12.459243074066979     
   112.83960163650673        12.669063650551866     
   112.42461748436617        12.879292745933316     
   112.00982470012387        13.088854918459791     
   111.59545819646929        13.296503412003785     
   111.18090204378981        13.502248539805317     
   110.76555922007948        13.706038162706486     
   110.34938675350490        13.908731717376067     
   109.93259090886657        14.110843719899778     
   109.51498432897067        14.311796628836191     
   109.09643466057027        14.510865079636861     
   108.67690122366297        14.707229742677550     
   108.25709906955724        14.901821101391651     
   107.83765329519017        15.094940531571025     
   107.41895752255604        15.285863241624993     
   107.00146324238489        15.473590566144440     
   106.58585571218059        15.656963984499844     
   106.17266549084667        15.836243046565176     
   105.76235495531094        16.011639746718743     
   105.35530569545435        16.183180441018379     
   104.95177955298199        16.350841638195146     
   104.55178913296497        16.515113217150244     
   104.15524619990533        16.677536434309680     
   103.76234785127910        16.838424697578674     
   103.37331181104237        16.997815249212877     
   102.98856264090951        17.156064468950941     
   102.60785740678216        17.313213609752964     
   102.23019457846227        17.469434558952706     
   101.85318320313733        17.626078350993485     
   101.47690292193865        17.782957055723731     
   101.10228765604624        17.939288585774857     
   100.72968633674772        18.094094902217787     
   100.35805904567378        18.246686163886377     
   99.987219571546248        18.397866803502612     
   99.619119408561005        18.546604351148396     
   99.254813944947301        18.691424013500097     
   98.979251046962958        18.799521092910375     
   98.943799284375785        18.813800346683273     
>
   126.30699543573078        9.0129994350807170     
   126.18553125133207        8.5277752428740996     
   126.14392534923863        8.3482486630481532     
   126.07653348229289        8.0846989708200212     
   126.02592755940400        7.9202010735421471     
   126.01799438599338        7.8971996834966927     
>
   126.30699543573078        9.0129994350807170     
   125.84821610982253        8.8067105703467359     
   125.66241793414559        8.7485301456169875     
   125.39111956091173        8.6653865234058518     
   125.05628704545943        8.5609397580067679     
   124.82351779104475        8.4872201453476954     
   124.69419549070450        8.4547993294124115     
>
   126.30699543573078        9.0129994350807170     
   126.08210377782216        9.5030422022102954     
   125.99768876229901        9.6929467662906497     
   125.88064036350448        9.9131155332254313     
   125.72466406727645        10.166365163457122     
   125.52300298252496        10.456697767073344     
   125.31151796369153        10.739486235611011     
   125.16362266398116        10.927476547751104     
   125.04783477230086        11.074172646829645     
   124.97899274921599        11.164999632859674     
>
   126.30699543573078        9.0129994350807170     
   126.09911317541285        9.5087987090177837     
   126.02345811137570        9.6998497616142920     
   125.91976077475179        9.9213139860878155     
   125.78193406209506        10.173878358815600     
   125.60667888251295        10.460598463634046     
   125.39505979155919        10.786033898549928     
   125.15304586337737        11.155898198537292     
   124.89116233237111        11.555064132310049     
   124.61361241680855        11.954952565842362     
   124.32099886827338        12.360384365888308     
   124.05483706152995        12.722350442889578     
   123.89556224736715        12.939040210189138     
   123.81518887601835        13.048860746599216     
   123.77327185785083        13.106473370169788     
   123.73399732096091        13.156199802867633     
>
   126.30699543573078        9.0129994350807170     
   126.00869757306828        9.4616236573106587     
   125.88928285864573        9.6452062052554659     
   125.72653935808772        9.8586427182848038     
   125.51154726468791        10.101614631873442     
   125.23977677424401        10.376980432381743     
   124.92394411170729        10.685436263511422     
   124.60483069292695        11.018274312934398     
   124.27954823773811        11.373162069531597     
   123.93590191276857        11.730403536685698     
   123.57251031681268        12.091023162905881     
   123.19091585221202        12.460300181169577     
   122.79926540562886        12.841700986040872     
   122.41446696112698        13.228036676264296     
   122.03597735473174        13.611125987710851     
   121.66725094889382        13.991327591950304     
   121.31920660001126        14.364226849294019     
   121.17000037290209        14.538798490245560     
   121.09997805679212        14.632400310800191     
   121.07799939638249        14.659999114065839     
>
   126.30699543573078        9.0129994350807170     
   126.23086882744134        8.5347028753822443     
   126.21431722311617        8.3682970286996810     
   126.19090960600528        8.1385718989658411     
   126.15850425993003        7.8219926724428515     
   126.11444839037280        7.4216401431093981     
   126.05644329072349        6.9851448641070606     
   125.98426149674376        6.5097955992247272     
   125.89959380683999        5.9907909622728139     
   125.80329965768095        5.4517895258695006     
   125.69516648193057        4.9132264021672647     
   125.57669943967481        4.3752763432887587     
   125.44938134564613        3.8405096378314147     
   125.31370322466134        3.3128745378516098     
   125.17090667622797        2.7926707002678572     
   125.02770218185579        2.2790278022135730     
   124.90403096409166        1.7657636292513317     
   124.83989349733170        1.4439000131309017     
>
   126.30699543573078        9.0129994350807170     
   126.09285876829527        9.5097486730156771     
   126.01431657000879        9.7009802073126270     
   125.90684917119783        9.9226260594021518     
   125.76421247798483        10.175292991572412     
   125.58319334314410        10.462076694704351     
   125.36504024167650        10.787486346520167     
   125.11607289788645        11.157089950718001     
   124.85078427879849        11.553270774461195     
   124.57048817660026        11.948984637614350     
   124.27559654793507        12.349026050873706     
   123.96776695965804        12.758718937923463     
   123.64806167549179        13.181204253309126     
   123.31391155275449        13.610455627109202     
   122.96886377305704        14.047213893732188     
   122.62890729618546        14.487339433223452     
   122.29802131391617        14.927824790200045     
   121.96783319422191        15.359204129192024     
   121.64161910968413        15.782643419280031     
   121.32645738070686        16.204161581934425     
   121.03217079545647        16.631803517332767     
   120.75730003046937        17.060167379532885     
   120.57221576018530        17.358885793205282     
   120.45599757721286        17.551000255439959     
>
   126.30699543573078        9.0129994350807170     
   125.82455467241543        8.8769443078772348     
   125.63072420163211        8.8496216702611523     
   125.35832288467331        8.8168444745872119     
   124.98659418007246        8.7745177916075647     
   124.57655694539743        8.7150419093390763     
   124.14905996831722        8.6340142202064758     
   123.70232077718079        8.5317601642283414     
   123.23681435398711        8.4136271563578244     
   122.75883693177165        8.2858100161034915     
   122.28895769480721        8.1498637508780547     
   121.82255745747801        8.0060072305531662     
   121.35373074395393        7.8544868269738730     
   120.87949187124767        7.6960508229997950     
   120.40146402874764        7.5329446401675675     
   119.91984775167657        7.3656197692071856     
   119.43440297072495        7.1943162794281301     
   118.94576337719660        7.0193785184556940     
   118.45611480501908        6.8440826588712653     
   117.96684094722920        6.6702065886636621     
   117.48076877750937        6.4976849906460563     
   117.00424953284194        6.3287438057905891     
   116.54488006042114        6.1642281468215598     
   116.21469595143134        6.0443000622288494     
>
   126.30699543573078        9.0129994350807170     
   126.13489037801862        9.5199203924695794     
   126.07609688846516        9.7126433358657565     
   125.99483887030530        9.9359433170637921     
   125.88594366070862        10.190796083161647     
   125.74627259696071        10.480175857991082     
   125.57643817092749        10.808593538147630     
   125.38105097385808        11.181579885073782     
   125.15895076624966        11.586710882285654     
   124.91006650133762        11.999195219635610     
   124.64833365822727        12.415261689021040     
   124.37526484545573        12.840037116650112     
   124.09050253736878        13.274952178097452     
   123.79132060085298        13.715562439869908     
   123.48048527606635        14.163766111089927     
   123.16175573899808        14.621611515818103     
   122.83554451924917        15.081005625423419     
   122.50613734100799        15.528788172675739     
   122.17813620115690        15.967075090653593     
   121.85567441711498        16.400039803820579     
   121.54795884743602        16.833969950845500     
   121.25863407655339        17.269490055707660     
   120.98690999568959        17.702655877055140     
   120.76159664085552        18.076653494461560     
   120.64437864655835        18.279583680693946     
   120.61899948172928        18.325000324976749     
>
   126.30699543573078        9.0129994350807170     
   125.93788342930746        8.6990787326531525     
   125.79975018423889        8.6032962347909336     
   125.61120467601076        8.4759976213267638     
   125.35822204410418        8.3042558188466309     
   125.03490483409794        8.0759413111651508     
   124.69115136602367        7.7954973858599139     
   124.35360532252912        7.4896828900922880     
   124.02607973763477        7.1812883654449804     
   123.70311260483162        6.8647091389219925     
   123.37901502633017        6.5367034154086783     
   123.05078985998740        6.1957007176322927     
   122.72344647566685        5.8433334023057357     
   122.40112850402751        5.4889796423587374     
   122.08211879060522        5.1320819498721502     
   121.76505770658993        4.7701279049842391     
   121.44898039108151        4.4006606647378517     
   121.13324799615614        4.0243328280434811     
   120.81870448862261        3.6462746588559658     
   120.50794250243172        3.2654233204949152     
   120.20003842964339        2.8806053954285549     
   119.89354440594964        2.4909751979748034     
   119.58699480535132        2.0996444618324257     
   119.28096029379650        1.7097827894358835     
   118.97589522680403        1.3216016022056960     
   118.67600969813545       0.93581709736584662     
   118.38133235567963       0.55173599600351986     
   118.08424457984680       0.16984072856879082     
   117.78267913896961      -0.20842542429256888     
   117.47671166347494      -0.58279775608657491     
   117.16731618158741      -0.95426003532009118     
   116.89629798470757       -1.2604996657598757     
>
   126.30699543573078        9.0129994350807170     
   125.94475376603771        8.6909312730331170     
   125.80998836679517        8.5922026262703177     
   125.62634909603024        8.4607082429891634     
   125.38073412820620        8.2833325466662870     
   125.06707125677929        8.0480663422499337     
   124.73076165617219        7.7598771736856502     
   124.40320283972666        7.4506839458941574     
   124.08636635516083        7.1383377314437997     
   123.77467617736764        6.8170734291603985     
   123.46235058939733        6.4839649436656490     
   123.14653110488952        6.1380078799726343     
   122.82907181521770        5.7819335278147372     
   122.51692384415894        5.4247287299585070     
   122.20867370487200        5.0647513894087899     
   121.90303453418480        4.6994627302460117     
   121.59874066836315        4.3258077415915483     
   121.29507419130967        3.9462913948560026     
   120.99200530921991        3.5645536908105502     
   120.69151129938982        3.1788820586532003     
   120.39411068860956        2.7881535011367480     
   120.09897612584597        2.3923955202345946     
   119.80433946339248        1.9956629381500435     
   119.50980879812816        1.5980531577055574     
   119.21534345005067        1.1989227473151096     
   118.92104998930694       0.79762655651933567     
   118.62675251785872       0.39439262251435192     
   118.33153373030162       -1.1569163477340279E-002
   118.03486937026760      -0.42119959812916569     
   117.73677261578561      -0.83457832257243136     
   117.43720565164223       -1.2501944471434214     
   117.13591580345685       -1.6667742866990038     
   116.83317293434344       -2.0848111578870583     
   116.53066211313062       -2.5044580404346277     
   116.22885201928173       -2.9240510649509539     
   115.92782343984362       -3.3406148616887186     
   115.62759642833865       -3.7559324752567527     
   115.32855142873210       -4.1703024166580116     
   115.03060249735714       -4.5827924835857576     
   114.73428420382176       -4.9879865061533399     
   114.43991511265116       -5.3873466726132415     
   114.14645530547614       -5.7826439954609299     
   113.85281043293844       -6.1740669778057562     
   113.55933973956562       -6.5558860418558531     
   113.26626725184933       -6.9277173058991659     
   112.97362219063632       -7.2914389255358669     
   112.68264099881405       -7.6468308849787512     
   112.63499898651689       -7.7040000392282337     
>
   126.30699543573078        9.0129994350807170     
   125.84119279336527        8.8355675888954792     
   125.65717250567714        8.7929486974484465     
   125.40136175417250        8.7392642724119778     
   125.05240067284318        8.6673208288683856     
   124.66198838802084        8.5700354627513597     
   124.26098211386135        8.4454601176116650     
   123.85039369380272        8.2987210466996864     
   123.43029245573626        8.1375697958100428     
   122.99686421972591        7.9664507984358863     
   122.56297532566110        7.7849750162451494     
   122.13341111691356        7.5963836713946904     
   121.70506043274237        7.4083521062944975     
   121.27341810612974        7.2235153537710497     
   120.83539417577254        7.0432198646054376     
   120.39401156691375        6.8667689221381680     
   119.94882222657003        6.6954413681323874     
   119.49783111575427        6.5302456082794649     
   119.03892516617682        6.3723533412378348     
   118.57255128490543        6.2231350820153155     
   118.10073143994290        6.0815079404092423     
   117.62306513380153        5.9467362386311384     
   117.13982452142648        5.8180252842412736     
   116.65184841300641        5.6937140726377855     
   116.16259575465433        5.5717124538421983     
   115.67263033682495        5.4510383782209866     
   115.18171151725097        5.3311916536329198     
   114.68951213704054        5.2122851527605008     
   114.19914507580795        5.0909922827377674     
   113.71095181638958        4.9667538367722353     
   113.22394916323637        4.8408406352181395     
   112.73718772530820        4.7145945451943359     
   112.25229699452908        4.5865207198549269     
   111.76986482558043        4.4562622065034780     
   111.28919392884499        4.3252238976145563     
   110.81009981191791        4.1942898670414470     
   110.33400512896485        4.0629163778517006     
   109.86242535331178        3.9301093482984291     
   109.39409825897116        3.7966508657502223     
   108.92839531125921        3.6629162175524472     
   108.46499221607294        3.5304764539356341     
   108.00543080279608        3.3984572413287446     
   107.54937761000123        3.2664575092863481     
   107.09603794524855        3.1347041490890009     
   106.64446241749802        3.0041041529011570     
   106.19491286845471        2.8745801714226262     
   105.74955049486167        2.7453730355959851     
   105.30921983648545        2.6167096367017932     
   104.87349919640059        2.4888203037672820     
   104.44089372776115        2.3609722237928721     
   104.01342826335880        2.2318344158575130     
   103.59339348839472        2.1008379328864719     
   103.31899713244879        2.0156998446459857     
>
   126.30699543573078        9.0129994350807170     
   125.91041583337326        8.7346152929916574     
   125.75995081802323        8.6530209486154419     
   125.55383842428523        8.5452871244371646     
   125.27649420056541        8.4000176902288004     
   124.93107285239593        8.2074236623329409     
   124.57538352786565        7.9722090241167143     
   124.22054848338411        7.7048634866014689     
   123.87066723186146        7.4283529164503506     
   123.52292884243295        7.1480642627032749     
   123.17112818235003        6.8612152423845103     
   122.81616021166371        6.5668283895227635     
   122.46505111162026        6.2648784939757505     
   122.11549530011619        5.9558118898534582     
   121.76660354667817        5.6466347048797836     
   121.41688845291148        5.3381439233255730     
   121.06448389532927        5.0276105472885630     
   120.71038911229847        4.7132011118753532     
   120.35626052475868        4.3916669464779554     
   120.00125072815452        4.0631065998343905     
   119.64450486947941        3.7327752406953585     
   119.28509131938441        3.4010246651372813     
   118.92220908289423        3.0677952855511226     
   118.55729972178126        2.7318684207405521     
   118.19116251214753        2.3933546515569528     
   117.82332590974069        2.0548563522333922     
   117.45379965484307        1.7159667227466466     
   117.08264734576808        1.3764010030804605     
   116.71039152001039        1.0358887571630582     
   116.33910170106840       0.69531577772106190     
   115.96799179086906       0.35826075904327270     
   115.59661373642912        2.4081988417001255E-002
   115.22479679633027      -0.30848619789197601     
   114.85248940437246      -0.64083494137152475     
   114.48001012508088      -0.97521596609384920     
   114.10679860574751       -1.3088727721832814     
   113.73285140862566       -1.6404892756210292     
   113.35842636471598       -1.9702654386720293     
   112.98348279401613       -2.2985662354416232     
   112.60851916979399       -2.6259182141288835     
   112.23440581491617       -2.9516796620211214     
   111.85944333660960       -3.2755480574109259     
   111.48338822781814       -3.5974328729691853     
   111.10574201527383       -3.9179947290153030     
   110.72623254403166       -4.2380386312290348     
   110.34733785648652       -4.5567899406929220     
   109.97013855101002       -4.8710962437058782     
   109.59496350536736       -5.1808715966010253     
   109.22304858948829       -5.4868522501246169     
   108.85609262318808       -5.7900345778546605     
   108.49591589333122       -6.0911571223685277     
   108.14463318708064       -6.3866377516307420     
   107.79967306992343       -6.6750612599267125     
   107.61749713332651       -6.8265999981549390     
>
   126.30699543573078        9.0129994350807170     
   125.79532523131023        9.1221908638492444     
   125.58427795222011        9.1919158148718250     
   125.28617088449808        9.2888499578702106     
   124.89927942522884        9.4109993997728267     
   124.50162667295095        9.5397905682517781     
   124.10470386888369        9.6596453142487526     
   123.70461661900200        9.7792725960073899     
   123.29557575790494        9.9110488745159060     
   122.87409541046397        10.064693232582643     
   122.45361544730549        10.240593562624111     
   122.03469049155967        10.431311153793136     
   121.61459727490212        10.628782771263211     
   121.19020114532287        10.825864777443439     
   120.75990928019580        11.016081030555670     
   120.32599517598869        11.190055649501295     
   119.88842330931928        11.346008454460376     
   119.44705674327828        11.485366110303090     
   118.99973198929155        11.609733471768937     
   118.54958656415785        11.727895127528415     
   118.10138747660008        11.848911258943801     
   117.65373670963697        11.971771741450391     
   117.20548605587905        12.095820538391012     
   116.75571763696408        12.220482400155364     
   116.30316464324224        12.344379363284501     
   115.84732344482566        12.467250159031114     
   115.38797803663158        12.589016292179455     
   114.92500122203299        12.709550566102546     
   114.45891095486233        12.829636214084532     
   113.99012262950946        12.949744780377687     
   113.51894277838628        13.068180882913394     
   113.04554500769986        13.184140661927458     
   112.57018657549305        13.297252267821182     
   112.09429185480494        13.407048167046751     
   111.61809002874718        13.513023010842925     
   111.14161203703985        13.614658272419538     
   110.66491517546086        13.711440581606437     
   110.18825727501086        13.803444995872699     
   109.71169276667888        13.890178771528221     
   109.23518498116702        13.970738927113004     
   108.75872990777086        14.044123932429033     
   108.28182964618027        14.110973781315653     
   107.80386883974040        14.173698907149909     
   107.32524397523446        14.231353929596143     
   106.84678526848448        14.282766577038135     
   106.36998871225192        14.328659922193218     
   105.89539460572256        14.372735272314944     
   105.42357533371778        14.414433993568602     
   104.95536970642637        14.453124113523751     
   104.49183196616197        14.488852614718283     
   104.03446268934830        14.524519809430442     
   103.58294388441790        14.558626840109875     
   103.13721882855066        14.588131873906880     
   102.69790803502138        14.615654473787899     
   102.26645822222257        14.636671138086250     
   101.84451263306491        14.658169086919118     
   101.48569209427136        14.677456564639884     
   101.41100017226101        14.680799773281441     
>
   126.30699543573078        9.0129994350807170     
   125.81901187885958        8.8946790700164051     
   125.62558591626835        8.8765426644740248     
   125.35677074204949        8.8549862739476790     
   124.99827048665450        8.8243857448768690     
   124.61452914925525        8.7769396841401868     
   124.22520319238225        8.7119278838091958     
   123.83100480255504        8.6362057837118655     
   123.42869046578565        8.5565915814205198     
   123.01324565559064        8.4774265780280551     
   122.59387493869264        8.4011103207137090     
   122.17399371641338        8.3300177194722078     
   121.74948299527830        8.2659799473658371     
   121.31661912268044        8.2098524303589144     
   120.87238948661685        8.1614357791442913     
   120.42087010872868        8.1196230392925752     
   119.96201457943579        8.0885641439984148     
   119.49656774385114        8.0602055987175643     
   119.02758633172671        8.0352022941916310     
   118.55780621645805        8.0066237331235701     
   118.09043825343980        7.9653197797797723     
   117.62484531362146        7.9130929593335564     
   117.16060398120423        7.8512433129858961     
   116.69776353055710        7.7821743986204845     
   116.23931995790745        7.7075730039392427     
   115.78545775566020        7.6284377943512958     
   115.33495652374563        7.5454540273605533     
   114.88750228130080        7.4589712072123149     
   114.44179785191359        7.3693892584364571     
   113.99658502030090        7.2775979844640517     
   113.55182654420715        7.1844608326683375     
   113.10739064334305        7.0905032053328290     
   112.66297307712792        6.9958076083777270     
   112.21720333055386        6.9001477234802548     
   111.76979607064692        6.8036369962806882     
   111.32074556782926        6.7065114853840564     
   110.86995785702511        6.6091132465845304     
   110.41776525374640        6.5115161914356259     
   109.96493208367053        6.4134475920344514     
   109.51118619185245        6.3154477475667790     
   109.05641699744072        6.2181784242675704     
   108.60103760299418        6.1221856509003896     
   108.14877452590862        6.0252056712796707     
   107.70016176283426        5.9271949406141937     
   107.25538896279600        5.8290684724773207     
   106.81418798155320        5.7314656877506254     
   106.37775916565326        5.6345441498233821     
   105.94713097430980        5.5379383116324723     
   105.52131505535371        5.4425746459068387     
   105.10006560989775        5.3489905870433594     
   104.68412461826597        5.2569552330570213     
   104.27410629119764        5.1659981856111141     
   103.86904863258151        5.0764059235952299     
   103.46855859338105        4.9885176380146463     
   103.07280576909891        4.9024055215495430     
   102.68322198122527        4.8181526530778989     
   102.29972357792438        4.7361371847339804     
   101.91738426821078        4.6567361227364916     
   101.53683602451491        4.5796251729824125     
   101.16161342337659        4.5045705686978366     
   101.02549412490185        4.4794996551539583     
>
   126.30699543573078        9.0129994350807170     
   125.80688694633643        8.9480036775675416     
   125.60776406454674        8.9511927605664958     
   125.33075616704329        8.9575130578287059     
   124.96774673392613        8.9625241465654728     
   124.58604283438964        8.9568249355359022     
   124.20072529013983        8.9398751255542184     
   123.81099310620138        8.9191111356364878     
   123.41252904570814        8.9016783222469495     
   122.99944138381670        8.8926909065226258     
   122.58130080727061        8.8952262446955270     
   122.16118925596410        8.9091594319697922     
   121.73527478827000        8.9325882485185204     
   121.29981083327020        8.9619838473797007     
   120.85260181675486        8.9923271184076548     
   120.40001387260853        9.0169763350260510     
   119.94353153443703        9.0290720467024652     
   119.48995867586821        9.0385000669589832     
   119.03760793624245        9.0427244846649266     
   118.58571785467116        9.0380119069311178     
   118.13572369039119        9.0245496909513427     
   117.68677288222710        9.0032436829745031     
   117.23781577152745        8.9757915569003242     
   116.78847878982019        8.9428441927659659     
   116.33996113773718        8.9063914729385392     
   115.89210296005801        8.8674549811383425     
   115.44483951255363        8.8261980103324369     
   114.99820058902857        8.7826784292565225     
   114.55180803734856        8.7368125860748371     
   114.10514791438567        8.6899022408616968     
   113.65843336043376        8.6420035434794578     
   113.21182652254433        8.5931015970258606     
   112.76552965481345        8.5425283327303809     
   112.31942816568528        8.4901766074882996     
   111.87285398638926        8.4368353841615669     
   111.42495799349665        8.3833027929365826     
   110.97470198751158        8.3302520592038967     
   110.52112741006947        8.2784687080787709     
   110.06525813672171        8.2282334888730073     
   109.60705979000156        8.1795068674998426     
   109.14621953496157        8.1322011814190631     
   108.68271044258614        8.0860517241366807     
   108.21834993495084        8.0413346613022672     
   107.75666227535541        7.9968152689016714     
   107.29784456127597        7.9520283052181968     
   106.84164583720518        7.9069835105340873     
   106.38810621018760        7.8619364240188609     
   105.94018156940604        7.8160516732304632     
   105.49792405401841        7.7690513736459890     
   105.06129642176910        7.7210839213302487     
   104.63022934476678        7.6729932830919818     
   104.20504539824114        7.6247840425934230     
   103.78623847179786        7.5758723558575811     
   103.37389851980825        7.5263378640157637     
   102.96796366283220        7.4764859535642776     
   102.56872954708369        7.4266168543794144     
   102.17644655511232        7.3763896565825604     
   101.78961984007212        7.3258920227139299     
   101.40689435681537        7.2759959945134458     
   101.02812514702386        7.2271897320089753     
   100.65439853864702        7.1809348504952224     
   100.61699413594835        7.1769997764677678     
>
   126.30699543573078        9.0129994350807170     
   125.84373557998929        8.8357131201713912     
   125.66240704794780        8.7942876997784065     
   125.41158446686872        8.7413905187305421     
   125.07295782500265        8.6695484887138647     
   124.69638075167431        8.5720671710363554     
   124.31452329945300        8.4496639088375591     
   123.92896282110482        8.3096834478888688     
   123.53729633170384        8.1586414640551972     
   123.13468634872039        7.9997849090711961     
   122.72394895963919        7.8344069486444923     
   122.31516077292275        7.6654061761799879     
   121.90614684084133        7.5021389922118091     
   121.49337602460179        7.3470433320903918     
   121.07330744512876        7.2001661783536290     
   120.64579385227294        7.0604080250232624     
   120.21308295940213        6.9289823966756101     
   119.77312071287793        6.8105107707575927     
   119.32672357753567        6.6984150190063669     
   118.87447998101463        6.5892241631956177     
   118.42086644244353        6.4756152299495593     
   117.96764939065562        6.3543985633114577     
   117.51446213267224        6.2252670579116698     
   117.06133618117123        6.0901911155528188     
   116.60955152383129        5.9501063762883160     
   116.16264674789667        5.8054952705682368     
   115.72007410573050        5.6577162812870352     
   115.28140960857615        5.5074987836976144     
   114.84612269753013        5.3554386538903271     
   114.41278670772223        5.2014740124250247     
   113.98111573322065        5.0456226209928596     
   113.55095392950945        4.8881033494654806     
   113.12197069995001        4.7290943877122169     
   112.69452643498549        4.5686484478487523     
   112.26912132675710        4.4073247366675732     
   111.84594445133197        4.2451020547308502     
   111.42520780308838        4.0814372380639146     
   111.00683403272616        3.9162689801843920     
   110.59049483543785        3.7498069836394663     
   110.17529525117232        3.5827107228329806     
   109.76092473681329        3.4151767222831952     
   109.34733516390729        3.2472685803036021     
   108.93465659387019        3.0790367171787678     
   108.52315430615376        2.9104679548797718     
   108.11143085673454        2.7411881519768042     
   107.69855862696809        2.5713846656636608     
   107.28605767384255        2.4020573072650215     
   106.87586001098931        2.2342780807857450     
   106.46794730375949        2.0680699045369986     
   106.06345286264030        1.9028695610218418     
   105.66335243472969        1.7391170818146902     
   105.26912310518240        1.5771722844008729     
   104.88093446950110        1.4171898673807706     
   104.49969409280796        1.2591417558232028     
   104.12434601391601        1.1021484595371180     
   103.75265168678192       0.94609595992445816     
   103.38399117108862       0.79129823784821729     
   103.01961007704809       0.63834945052541237     
   102.66167876872785       0.48764952248591559     
   102.31006890358537       0.33916751400965101     
   101.96041568925882       0.19297848256569219     
   101.61288184575749        4.9791749884672255E-002
   101.26965549884008       -9.0633326300667200E-002
   100.93587722570146      -0.22855858769541454     
   100.61717117990212      -0.36324835651109394     
   100.39700012113623      -0.45679975678115958     
>
   126.30699543573078        9.0129994350807170     
   125.80150801870545        9.1415390750946042     
   125.59263110368286        9.2186500248486833     
   125.29731720513438        9.3255662382760605     
   124.91223342765849        9.4608427158576287     
   124.51842235728999        9.5996881474457485     
   124.12671232309781        9.7284180094423256     
   123.73171007350641        9.8581631526236233     
   123.32778343354639        10.001599121938590     
   122.91072059058293        10.168775023876384     
   122.49373624283525        10.359170612773500     
   122.07877099830142        10.564378879135935     
   121.66321847204391        10.776035212345340     
   121.24397094106845        10.987019466079756     
   120.81899497821665        11.191610083956228     
   120.39154784846323        11.379839319490239     
   119.96258581834167        11.551427569285551     
   119.53023531591397        11.708921630670645     
   119.09244801711955        11.854106267127690     
   118.65016701046299        11.992214875011777     
   118.20927657233651        12.133471885892495     
   117.76889091001350        12.277384556079744     
   117.32787212934446        12.422976565517793     
   116.88532584323615        12.569235497810812     
   116.44023906233491        12.715464063341534     
   115.99200502435258        12.861902331419438     
   115.54047476026660        13.008650569655883     
   115.08527011794271        13.154368629805351     
   114.62629541343176        13.298596426771155     
   114.16516180400882        13.441906918332478     
   113.70211222377229        13.584149416593400     
   113.23715125638439        13.725015670268711     
   112.77029666353627        13.864167634268696     
   112.30269665261746        14.001202519274589     
   111.83514477015208        14.135712379347602     
   111.36768799867804        14.267332813340179     
   110.90036415340877        14.395729213909270     
   110.43312739772195        14.520782405836806     
   109.96570557667245        14.642639066314258     
   109.49780705475065        14.761622343529091     
   109.02913962348920        14.878563599218898     
   108.55938930202508        14.993886822140286     
   108.08787083285439        15.108464054033172     
   107.61433612525875        15.222491246458034     
   107.13866543106229        15.335824014054525     
   106.66070118687574        15.448120301028467     
   106.18166436572656        15.559095920321381     
   105.70161742001268        15.668114315840597     
   105.21822955748834        15.776490425689344     
   104.73235505820237        15.886626661835749     
   104.24790378603987        15.998799762887167     
   103.77261410876656        16.111632338342428     
   103.30160156131490        16.224706129022728     
   102.83111327023119        16.338207346206296     
   102.36064388675419        16.452095882848599     
   101.89984087396986        16.563524711744851     
   101.44750331237302        16.672293297672340     
   101.00019345528851        16.779016997285911     
   100.55525621636764        16.884511129505348     
   100.11523724702330        16.988616412068033     
   99.684241216785608        17.090048846590815     
   99.259922436506542        17.188440021221670     
   99.009831522511504        17.242925441233442     
   99.002995563248021        17.244300539903488     
>
   126.30699543573078        9.0129994350807170     
   125.82541410908424        8.8885495676946640     
   125.63525457879214        8.8681574273756247     
   125.37134163133197        8.8433174158167596     
   125.01889868557856        8.8083131332551208     
   124.63915430164690        8.7555964339076997     
   124.25487094618853        8.6849438642406138     
   123.86661183670039        8.6035500550871138     
   123.47094495608512        8.5180670462635550     
   123.06251658685403        8.4326957642069420     
   122.64804637784141        8.3500569177992681     
   122.23317509838336        8.2722796181479943     
   121.81392871332346        8.2011532123975215     
   121.38659617512585        8.1375720876411606     
   120.94763373992635        8.0812474731582000     
   120.50022533410383        8.0321134788040336     
   120.04610873860260        7.9916053638155251     
   119.58665160364158        7.9544186850729641     
   119.12367879974748        7.9199088650747633     
   118.65787730329751        7.8822030865842576     
   118.19414017372596        7.8325643164266268     
   117.73238719694372        7.7719711664887257     
   117.27248372787273        7.7028907929677288     
   116.81501991302547        7.6260239232275842     
   116.36142814684997        7.5437087979651505     
   115.91242405361243        7.4570512256942596     
   115.46791424119483        7.3663886785468549     
   115.02695390221929        7.2712822708640754     
   114.58910930764695        7.1719411322353279     
   114.15263236329356        7.0683486468850116     
   113.71774996043963        6.9594270812304817     
   113.28528028279386        6.8453626465499697     
   112.85526229148522        6.7268807073919268     
   112.42681019378713        6.6047633511249435     
   111.99928399586018        6.4791480876160250     
   111.57280573771136        6.3501615405343719     
   111.14744302835862        6.2182741082166944     
   110.72315117709520        6.0842048526758745     
   110.29909939514124        5.9493414776531024     
   109.87464253203740        5.8153249342279665     
   109.44973417820354        5.6823769570610150     
   109.02441100293757        5.5506333371459142     
   108.59880937019091        5.4202820046342373     
   108.17337618703134        5.2909419426028252     
   107.74788799992496        5.1624045944200541     
   107.32247257845653        5.0351879139183087     
   106.89764157392288        4.9101496188930316     
   106.47257622965755        4.7879085037457436     
   106.04763006061027        4.6680789678910539     
   105.62368312992990        4.5500536760830226     
   105.20146194808046        4.4339632626953067     
   104.78187809088860        4.3200042522461652     
   104.36501692906343        4.2083840554516634     
   103.95202208633221        4.0977212711061828     
   103.54359142527002        3.9880359527319960     
   103.13943159149387        3.8797732885235292     
   102.73932887175214        3.7732948148394510     
   102.34390893593969        3.6684676054749881     
   101.95363530689994        3.5643073189654997     
   101.56783246741114        3.4612963857610599     
   101.18602543547441        3.3601023016744209     
   100.80811279756280        3.2612441664535270     
   100.43445207933055        3.1653184291465108     
   100.06529652811605        3.0725353652583345     
   99.701047787322494        2.9833017748122210     
   99.342984125755251        2.8982261389696662     
   98.992778007171779        2.8171955850481698     
   98.924000728315974        2.8009997875038959     
>
   126.30699543573078        9.0129994350807170     
   125.82428366338590        9.1690943335690367     
   125.63478418045540        9.2571567983144920     
   125.37983401153511        9.3716583997805234     
   125.05507466679865        9.5061207043578655     
   124.71465180229481        9.6375784183411515     
   124.38030286320812        9.7690922821867989     
   124.04419895444379        9.9146264228891479     
   123.69893860741026        10.081637312986535     
   123.34289748680355        10.268600884786322     
   122.97733380790676        10.468566587469200     
   122.61157016674505        10.671150134245178     
   122.24652100393396        10.870350938292841     
   121.87984005736776        11.064043326251401     
   121.50975344976207        11.251823935844309     
   121.13546820755052        11.432824736036101     
   120.75692703495511        11.606836597237372     
   120.37680106114253        11.771988812299075     
   119.99393921393433        11.930195633161478     
   119.60702712818504        12.083504237969613     
   119.21492232608296        12.233498282025149     
   118.81708966506238        12.382035294448219     
   118.41600833343381        12.534105164537749     
   118.01183875937541        12.690579934033670     
   117.60453682513818        12.850936492483580     
   117.19377938253470        13.014335456740975     
   116.77959221466500        13.178079341581437     
   116.36324843371445        13.342840226479959     
   115.94498982786584        13.508677126087795     
   115.52436318751589        13.675430758142326     
   115.10074857234743        13.842608951911236     
   114.67389961051549        14.009578589048521     
   114.24487627391152        14.176196430109385     
   113.81373471239790        14.342017286899402     
   113.38019303074729        14.506594252350803     
   112.94394068584332        14.669518234609251     
   112.50619521296679        14.830315397591356     
   112.06904275139172        14.989323786386842     
   111.63205759348818        15.146450581835477     
   111.19454646034336        15.301469465614483     
   110.75570950289749        15.454017755449637     
   110.31531352733444        15.603842776960317     
   109.87389023847331        15.750716492950401     
   109.43199941606437        15.894131262827539     
   108.99060993171223        16.033380056692209     
   108.55047121419204        16.167782773660516     
   108.11064132091484        16.298260156883615     
   107.67187082657135        16.424325765206973     
   107.23500942754811        16.546147475259893     
   106.80110964728550        16.663225667858928     
   106.37056625369335        16.775998082747375     
   105.94350472452531        16.886151507627158     
   105.52026768853337        16.993661878271549     
   105.10100239586673        17.098344702275661     
   104.68587786907028        17.200387336833277     
   104.27277702914992        17.302529666044467     
   103.85402453369566        17.411748023828618     
   103.43026725204021        17.528721938111840     
   103.00613812078608        17.648793262149347     
   102.58044653366808        17.769965811038450     
   102.15200303033666        17.894390468282218     
   101.72462350960117        18.021479952156984     
   101.30040155918678        18.148150603895164     
   100.87902892780831        18.271887138846129     
   100.45874548916808        18.392827066876887     
   100.04228081412610        18.511492352524265     
   99.632283686495612        18.626695827269803     
   99.228235006528607        18.737167816674813     
   98.956828344274498        18.810189566758837     
   98.943799284375785        18.813800346683273     
>
   126.30699543573078        9.0129994350807170     
   126.36062714865156        8.5649149390787667     
   126.40014863034430        8.4196185758547806     
   126.45066230703075        8.2288540021478660     
   126.51488514449981        7.9850810935839256     
   126.59486603976981        7.6907710170645895     
   126.68933302657102        7.3745538998580455     
   126.79516119317573        7.0471572304640091     
   126.91028158904328        6.7083604201374927     
   127.03469937079372        6.3575870733526330     
   127.16800716544600        5.9937290897644839     
   127.30500595411178        5.6250387802666735     
   127.44078949932792        5.2553429298663907     
   127.57581731323333        4.8818053975566595     
   127.71088867192994        4.5024746891415708     
   127.84615884697595        4.1166701307794495     
   127.97829150522311        3.7280850083149359     
   128.10521425838414        3.3349637791125990     
   128.21728136224641        2.9338268705794386     
   128.30210776145503        2.5214571247853215     
   128.39463757800479        2.1084147265584385     
   128.49622585704350        1.6961377999245493     
   128.59812467919855        1.2819655289571099     
   128.70047384616802       0.86482018007346995     
   128.80468340704653       0.44612498039712994     
   128.91038151223535        2.7330659024990524E-002
   129.01537258752467      -0.39278891369040803     
   129.12002962842871      -0.81499233384870906     
   129.22672582606887       -1.2385244430969442     
   129.33673142784164       -1.6619213343092913     
   129.44867878352804       -2.0853480193261564     
   129.56139332968078       -2.5093304733888324     
   129.67452269726570       -2.9338337460727892     
   129.78898820239161       -3.3581152840962010     
   129.90569798313862       -3.7820249725209205     
   130.02539573870411       -4.2054281662688382     
   130.14722203241928       -4.6284744073203230     
   130.26787548156042       -5.0518512450103987     
   130.38733488668979       -5.4755993593413876     
   130.50572343372980       -5.8997250528488605     
   130.62328004607446       -6.3241687379237819     
   130.74050033220271       -6.7487384737101248     
   130.85749258113489       -7.1734291035878748     
   130.97433471512889       -7.5982440653037093     
   131.09119289194072       -8.0231409599819692     
   131.20846016060690       -8.4479736833889589     
   131.32549423545692       -8.8727393707357827     
   131.44195134182334       -9.2972237358130254     
   131.55771574223468       -9.7211763960711846     
   131.67282697077778       -10.144343531214076     
   131.78716012265673       -10.566421473618735     
   131.90058341758231       -10.987045249179820     
   132.01337359416192       -11.405864780694245     
   132.12598386199883       -11.822834804497450     
   132.23827098164833       -12.237593211272999     
   132.35005160662101       -12.649686218459770     
   132.46110858591857       -13.058503053065149     
   132.57139952066535       -13.463861514515358     
   132.68078002550101       -13.865577683363277     
   132.78911087168521       -14.263351902690388     
   132.89629752118435       -14.656831230504716     
   133.00238810245193       -15.046196148506706     
   133.10742100365911       -15.431789858406084     
   133.21130627043459       -15.813383177091183     
   133.31395108361815       -16.190620297781123     
   133.41532679532077       -16.563193542148483     
   133.51558523935398       -16.931470749087495     
   133.61466911993992       -17.295165439708580     
   133.71252056834277       -17.653892586384107     
   133.80911895808254       -18.007306122615461     
   133.90448319676594       -18.355267965577848     
   133.99865568326865       -18.698087512472039     
   134.09158771617942       -19.035594594837608     
   134.18324319915814       -19.367558310689542     
   134.27359978685146       -19.693742601422819     
   134.33181287017464       -19.911647039214255     
   134.33900119847235       -19.942599937319265     
>
   126.30699543573078        9.0129994350807170     
   126.52444208025662        8.6096211157153775     
   126.62888311607792        8.4818841895501293     
   126.76158185661093        8.3157613840104805     
   126.92401309517928        8.1029327791848633     
   127.11528530947855        7.8451917329221263     
   127.32717655537742        7.5555890775165890     
   127.53842322377470        7.2624604399379358     
   127.75042046686272        6.9659777075199241     
   127.96521488982874        6.6648775083594467     
   128.18354503525012        6.3577131240640536     
   128.40555070482495        6.0427152610116188     
   128.63062914696960        5.7223585238504517     
   128.85865545688813        5.3996750051480049     
   129.09059449548076        5.0733033572209330     
   129.32674133600372        4.7420776109885905     
   129.56453886788853        4.4057330599569928     
   129.80127299013515        4.0639643176298330     
   130.03163811370834        3.7176766572982283     
   130.25682255304213        3.3661693515982298     
   130.47834292737801        3.0089015283862883     
   130.69767460299741        2.6456331183529227     
   130.91783935922774        2.2781975863915314     
   131.14192429258327        1.9103437952513340     
   131.36909460357967        1.5414569612352624     
   131.59650899459007        1.1713067553160841     
   131.82401964250738       0.79897930983599585     
   132.05253067470710       0.42659170378909284     
   132.28268494981756        5.4935764826211535E-002
   132.51475920644606      -0.31680840963466456     
   132.74843029640516      -0.68922924723276036     
   132.98372457575269       -1.0624499338906008     
   133.22097493295837       -1.4351291754471101     
   133.45992067223267       -1.8073735420492163     
   133.69886010897139       -2.1791119869323001     
   133.93754171470948       -2.5506298430703978     
   134.17609784269391       -2.9219087758145741     
   134.41499545351476       -3.2927768978310734     
   134.65451930718825       -3.6635189691361516     
   134.89483326963921       -4.0343658917148222     
   135.13609605017257       -4.4054992931830848     
   135.37874596148930       -4.7766997307115115     
   135.62239110046849       -5.1479689231734431     
   135.86647340623318       -5.5193710418401434     
   136.11101235934788       -5.8909032219227218     
   136.35609791418395       -6.2624697794720490     
   136.60196383751526       -6.6337240750317203     
   136.84860210793292       -7.0046340229661004     
   137.09598694233685       -7.3752047798952010     
   137.34409313058481       -7.7454500968057260     
   137.59289890028111       -8.1152221505906414     
   137.84223752071208       -8.4843702533540206     
   138.09220754061570       -8.8528818000247238     
   138.34289146591217       -9.2207338722915857     
   138.59411282560555       -9.5878176081765556     
   138.84574556898437       -9.9539032516101837     
   139.09760405772820       -10.318841833569877     
   139.34947858928984       -10.682517616584246     
   139.60122649718230       -11.044813717266331     
   139.85289361802788       -11.405641900118139     
   140.10460714845357       -11.765133372471103     
   140.35650975494639       -12.123201044742794     
   140.60850518059945       -12.479697093826170     
   140.86043872681233       -12.834458799711948     
   141.11225309780718       -13.187434596200001     
   141.36384229639475       -13.538717875408336     
   141.61486942340102       -13.888081746056399     
   141.86529838248575       -14.235286138834702     
   142.11489368800179       -14.579771273992986     
   142.36349147402427       -14.921168739679233     
   142.61096225209508       -15.259499735331271     
   142.85709975741372       -15.594621594462083     
   143.10169027672856       -15.926343522131202     
   143.34446566579896       -16.254359558884538     
   143.58507699333734       -16.578292698503390     
   143.82354946948601       -16.898233468316871     
   144.06008821312994       -17.214291303260801     
   144.29466343046462       -17.526485110941895     
   144.52713875753855       -17.834588573037376     
   144.75732282645350       -18.138264790373075     
   144.98510276452700       -18.437505741540093     
   145.21028892273412       -18.732361846822993     
   145.43257648753632       -19.022704190721463     
   145.65161308989946       -19.308359739986180     
   145.86750587292815       -19.589196714327937     
   146.08049376001640       -19.865052393737447     
   146.22695150865880       -20.053747443945937     
   146.25399396992086       -20.088300235777577     
>
   108.69299789951144       -7.9059997420272232     
   109.21120268740360       -7.2352615612021598     
   109.37740799886346       -6.8918885370932763     
   109.55964982560498       -6.5482278881792420     
   109.76522306607274       -6.1550086831966651     
   109.99145773701579       -5.7236694512492292     
   110.23553144841379       -5.2912771229036499     
   110.49393655274261       -4.8515950527334759     
   110.76307487514892       -4.3977276938661936     
   111.03340838748264       -3.9343314741732569     
   111.29940403647012       -3.4748812147055790     
   111.56114833873603       -3.0154280904490056     
   111.81864358611149       -2.5523773642969179     
   112.07395299955937       -2.0880999355395908     
   112.32835370196943       -1.6243479090657780     
   112.58100115357520       -1.1591508830728565     
   112.83098263263442      -0.69100369747490198     
   113.07717800668875      -0.22295104991051312     
   113.31888597541651       0.24474750974633819     
   113.55640676869398       0.71366475059951984     
   113.79041017416499        1.1843111780302873     
   114.02305165899489        1.6550063068722858     
   114.25436273586152        2.1251788982196653     
   114.48448263350522        2.5951205875820329     
   114.71417625056120        3.0634837782627415     
   114.94387044057497        3.5286928363690255     
   115.17178445076878        3.9896224728225640     
   115.39788447663372        4.4461397614185847     
   115.62388538080286        4.8980504694699434     
   115.85214889524197        5.3468757998803804     
   116.08419966060154        5.7943008214784850     
   116.21469595143134        6.0443000622288494     
>
   108.69299789951144       -7.9059997420272232     
   109.21924758758118       -7.2736932771988947     
   109.37320134284867       -6.9910961765594752     
   109.55436429009197       -6.6828380158636147     
   109.75797858791270       -6.3370706011955100     
   109.98288113201914       -5.9512213521266126     
   110.22575105912307       -5.5542080207302620     
   110.48303660395136       -5.1544393353737989     
   110.75233936524030       -4.7457078714775180     
   111.02421069625335       -4.3250755015497466     
   111.29089675936476       -3.8994074057007038     
   111.55490653668957       -3.4747316727252113     
   111.81682559107813       -3.0474094477676550     
   112.07687393831765       -2.6145518777053751     
   112.33412854342586       -2.1770590792094739     
   112.58876931514541       -1.7378468344182330     
   112.84322158375562       -1.2963049432968181     
   113.09593492550600      -0.85154302945637395     
   113.34558867271551      -0.40628206939025768     
   113.59327430995353        3.7153447191369371E-002
   113.83904454933571       0.48041707643924031     
   114.08294064382218       0.92480312997653835     
   114.32633654616741        1.3700365880692535     
   114.56977713921943        1.8157977402765999     
   114.81305272043103        2.2620092372983871     
   115.05538693201143        2.7081473957244380     
   115.29678493058064        3.1525649619395915     
   115.53722608965862        3.5953547551040752     
   115.77560116298483        4.0377136840186107     
   116.01099227219706        4.4788504939901399     
   116.24454705172697        4.9200044926950444     
   116.47584380464912        5.3613137629581091     
   116.70396064189678        5.8019045441660744     
   116.92852342204016        6.2411941382575051     
   117.15035835019681        6.6779535507960466     
   117.36896809901442        7.1119169293721578     
   117.58367543239801        7.5423680767618535     
   117.79404662130868        7.9676792199144630     
   118.00158510695908        8.3848503518981676     
   118.20573626621891        8.7933148174693461     
   118.40653447655495        9.1891850980962211     
   118.60762031169614        9.5673905174329867     
   118.72999950966819        9.7761001287840337     
>
   108.69299789951144       -7.9059997420272232     
   109.33363746228027       -7.6233734205410650     
   109.49439795596450       -7.4364184431079634     
   109.73010820265972       -7.2379263878331574     
   110.00209756297528       -7.0272011110149322     
   110.30932038896414       -6.7994486749148324     
   110.65102094931558       -6.5534016969252997     
   111.01715013754044       -6.2898737770927760     
   111.37975506246549       -6.0115125533148834     
   111.73931299792086       -5.7282428002426995     
   112.09807223023202       -5.4447129243387629     
   112.45885858716592       -5.1581297564295419     
   112.82358059108510       -4.8665120085146043     
   113.18872028122530       -4.5683814495236508     
   113.55144380841065       -4.2627680619365176     
   113.91279338284153       -3.9537862555655456     
   114.27357057245098       -3.6429600981033707     
   114.63492587645965       -3.3292152937140176     
   114.99700368022785       -3.0118098620734406     
   115.35731963882509       -2.6900671400444187     
   115.71543543955022       -2.3641847980607724     
   116.07158714100828       -2.0375192227929784     
   116.42574380347926       -1.7102319883347659     
   116.77764530413133       -1.3821787093257809     
   117.12685848688346       -1.0528110651713409     
   117.47320917257079      -0.72039815042052346     
   117.81872849652051      -0.38528259382528152     
   118.16396248749618       -4.7258703542887325E-002
   118.50902058043364       0.29394968607622718     
   118.85398700012645       0.63839528714774718     
   119.19860448853174       0.98555498921927531     
   119.54207548842086        1.3327433391797625     
   119.88417540034438        1.6795787471482708     
   120.22411927214483        2.0257569725440518     
   120.56177016691296        2.3710184654931341     
   120.89720027732899        2.7143995110109254     
   121.23061987889783        3.0540150780038999     
   121.56201120992837        3.3894761281399917     
   121.89162694480119        3.7208227684637420     
   122.22026349482938        4.0479226457281605     
   122.54883701950187        4.3707940945821804     
   122.87810382308717        4.6889157234467413     
   123.20831772588147        5.0014779429798519     
   123.53795179540323        5.3069606961933307     
   123.86710687222160        5.6036336505940332     
   124.19748521389853        5.8910235430563498     
   124.53168231917373        6.1730574261988300     
   124.86925128097946        6.4576386796275722     
   125.20156106333002        6.7419861662824072     
   125.47411650593141        6.9788257127604094     
   125.57899871924268        7.0699999112046292     
>
   108.69299789951144       -7.9059997420272232     
   109.33714912050890       -7.5253959214267798     
   109.49912944130502       -7.3316089954346557     
   109.72954040150056       -7.1111067670723882     
   109.99367049995899       -6.8731688605316856     
   110.29052107127124       -6.6140338079921861     
   110.61921778186625       -6.3326124167156577     
   110.97283013444699       -6.0295572856125936     
   111.32228567833971       -5.7189230690064470     
   111.66669231828224       -5.4090972958267320     
   112.00979089561490       -5.0964863748823896     
   112.35415914738623       -4.7783784970045291     
   112.70147526693150       -4.4528313353217079     
   113.05086434772184       -4.1199067692740758     
   113.39725227566478       -3.7848714267679200     
   113.74167725025626       -3.4472629308754370     
   114.08514309352536       -3.1058763513869954     
   114.42852127425428       -2.7595164983752123     
   114.77244720262004       -2.4080888338065214     
   115.11573886672431       -2.0552923731033532     
   115.45607005798350       -1.7011626396480177     
   115.79417817305944       -1.3447147190180921     
   116.13009300575662      -0.98543466808564595     
   116.46404087439787      -0.62365480236260784     
   116.79706685397242      -0.26112207011771832     
   117.12913943180243       0.10278977150167395     
   117.45897174471577       0.46916361269823204     
   117.78684797977098       0.83851855321989910     
   118.11346657250088        1.2096800296193422     
   118.43958554604734        1.5812769539309672     
   118.76572629198940        1.9538089453382252     
   119.09192719849828        2.3272003734142634     
   119.41587981868162        2.7002978741495789     
   119.73744778858799        3.0709001437565351     
   120.05678809864888        3.4386353326364416     
   120.37369562997932        3.8036615771363520     
   120.68836977188653        4.1657445375245796     
   121.00136285566958        4.5244166802533083     
   121.31253336075706        4.8793044368505090     
   121.62099091076007        5.2307962726904682     
   121.92739326120915        5.5787220193127691     
   122.23201715071161        5.9222915679399124     
   122.53583202382988        6.2603836401980306     
   122.83915415325805        6.5931540806030595     
   123.14250034691297        6.9191321065358302     
   123.44507476643928        7.2369512136929810     
   123.74850346601437        7.5453102149579783     
   124.05380287273850        7.8417282031469417     
   124.35274760473368        8.1237718265716659     
   124.60292274352226        8.3640067208491296     
   124.69419549070450        8.4547993294124115     
>
   108.69299789951144       -7.9059997420272232     
   109.33377439918948       -7.6149509411870193     
   109.48095636646477       -7.4485227491510653     
   109.71240724502954       -7.2538947211390941     
   109.97880453742020       -7.0477949324722440     
   110.27905446723636       -6.8254317372431759     
   110.61221050822681       -6.5855658277755103     
   110.97140633436571       -6.3287546919883928     
   111.32845471474822       -6.0575732021414925     
   111.68268528877269       -5.7790561338476625     
   112.03575218554765       -5.5003087365265984     
   112.39041648861095       -5.2186421193205792     
   112.74849905778491       -4.9321483328249096     
   113.10841852959892       -4.6393989932960782     
   113.46585537535573       -4.3395042973030087     
   113.82158595284611       -4.0348105069514704     
   114.17664445086150       -3.7282597604375871     
   114.53176368240149       -3.4188121393921360     
   114.88820415458028       -3.1047522082242303     
   115.24322770217118       -2.7853912716832885     
   115.59480147097354       -2.4611412864125453     
   115.94434123965981       -2.1355660497985434     
   116.29236610797791       -1.8086856153635540     
   116.63908520551725       -1.4792732805023376     
   116.98460223763583       -1.1460393172539454     
   117.32792885216462      -0.80789911654237623     
   117.66897566769001      -0.46656696804295733     
   118.00791113379906      -0.12336525831005188     
   118.34500224881697       0.22182117716995670     
   118.68070852488255       0.56955555589400919     
   119.01554848878598       0.92075002664657069     
   119.34957427968520        1.2731053098597649     
   119.68182332851119        1.6259218240852042     
   120.01282619416745        1.9786409354881822     
   120.34286763667019        2.3315657387338882     
   120.67113978555084        2.6855803076756071     
   120.99685253203182        3.0371615249291199     
   121.32020813020925        3.3857289842641096     
   121.64110573951399        3.7308965121374049     
   121.95958317515944        4.0729333987052243     
   122.27601228674428        4.4114087797176174     
   122.59114422191702        4.7453194061032296     
   122.90620109962073        5.0745317786995097     
   123.22244801063177        5.3987559808701882     
   123.53882498305872        5.7169578238238357     
   123.85514752449663        6.0277129345213911     
   124.17167690369283        6.3303463686989740     
   124.49014918271826        6.6251938796151872     
   124.81366406315831        6.9122629157211595     
   125.14439993048946        7.1922501936763839     
   125.47349484674099        7.4619740789330340     
   125.78667815250674        7.7121813033572426     
   125.97675918758308        7.8626761125117923     
   126.01799438599338        7.8971996834966927     
>
   108.69299789951144       -7.9059997420272232     
   108.38138965468067       -7.3501573576202706     
   108.31281233808980       -7.1264058856922343     
   108.22213374812458       -6.8534161410942191     
   108.12328019656593       -6.5536148372191567     
   108.01609641185564       -6.2241411958755677     
   107.90002777086356       -5.8673982019893609     
   107.77705899933670       -5.5082424828949978     
   107.64848555481385       -5.1458547089682440     
   107.51497837085441       -4.7754598500773522     
   107.37696716579278       -4.3939186705501605     
   107.23477336894308       -4.0033608544519055     
   107.08881753131524       -3.6111838596696697     
   106.93957005124599       -3.2156034956790633     
   106.78733975297830       -2.8147450446265876     
   106.63357965744017       -2.4075330647607101     
   106.48937191399664       -1.9973382666963857     
   106.35595468440852       -1.5837515585792752     
   106.23192193028572       -1.1652127763766531     
   106.11585328929360      -0.74053532452782345     
   105.99917272939332      -0.31471711374063266     
   105.87921427803832       0.11101916408413427     
   105.75647526258092       0.53758221998426781     
   105.63188387462341       0.96550776948330763     
   105.50491471188226        1.3929090626143914     
   105.37534775857031        1.8188991607353382     
   105.24341964625032        2.2437599590735076     
   105.10946326339199        2.6679641477967291     
   104.97406818355012        3.0925384672453049     
   104.83847772510556        3.5180289461828007     
   104.70414834673299        3.9448011316723375     
   104.57250957809150        4.3731873392258427     
   104.44260457968979        4.8017036081952247     
   104.31368163092162        5.2295477976896212     
   104.18577854700042        5.6567508474291062     
   104.05888558764393        6.0832881202291746     
   103.93250599845757        6.5089109524136637     
   103.80663920648357        6.9338261817408560     
   103.68181577062549        7.3572568774621754     
   103.55789703510075        7.7790718322461876     
   103.43419659648987        8.1991914049615868     
   103.30996789080660        8.6182836643789020     
   103.18523727410873        9.0352468126887615     
   103.06022533514128        9.4488455529192343     
   102.93473211163935        9.8604945178271350     
   102.80910939967930        10.271163151974845     
   102.68420173902769        10.679115966249212     
   102.56038269815650        11.083489513277000     
   102.43775025284603        11.484570271947799     
   102.31602250786891        11.881907324489394     
   102.19503674321582        12.273733096152988     
   102.07459013183295        12.659250029709955     
   101.95458813568672        13.038493075584830     
   101.83476948602983        13.411662769000323     
   101.71504308257539        13.777472819742162     
   101.59534819179882        14.135313027775510     
   101.47574783905578        14.485292255078416     
   101.41100017226101        14.680799773281441     
>
   108.69299789951144       -7.9059997420272232     
   109.27423033494527       -7.5149211073076874     
   109.40841933866194       -7.3541354034811652     
   109.60903305659309       -7.1446356833526208     
   109.83572208305500       -6.9200333691224918     
   110.08710960050433       -6.6769376966535487     
   110.36163200716167       -6.4144674568814040     
   110.65859946186089       -6.1324668052901181     
   110.97150660197707       -5.8355188311554063     
   111.27943531194990       -5.5381462953063174     
   111.58399216539220       -5.2381100787417880     
   111.88759790892107       -4.9329510466735504     
   112.19218913983013       -4.6208334423770880     
   112.49904240805142       -4.3004022207046253     
   112.80894381165800       -3.9743852336428693     
   113.11961297868866       -3.6450897821686077     
   113.42872370055996       -3.3111825935296708     
   113.73586860429086       -2.9712690884915185     
   114.04196728711698       -2.6240182861331003     
   114.34860168546660       -2.2713662107902874     
   114.65545667256124       -1.9167683708293557     
   114.96232712951591       -1.5602155989258391     
   115.26833413909733       -1.2014237080212602     
   115.57308006860680      -0.83960831891591237     
   115.87657580424205      -0.47802612362669383     
   116.17896401249016      -0.11897009918590977     
   116.48051856716951       0.23916289027260423     
   116.78129504518475       0.59721681155759032     
   117.08118057385335       0.95563055032790600     
   117.38133883042485        1.3147301195599082     
   117.68220354393809        1.6748168950454492     
   117.98303044223790        2.0365165466794011     
   118.28308613936692        2.3997030237503432     
   118.58217984038467        2.7641946986422719     
   118.88187629298614        3.1295778958386165     
   119.18083191117914        3.4961763364846155     
   119.47572984237992        3.8630022413689518     
   119.76624006290767        4.2317349497424219     
   120.05330508830919        4.6034905833588828     
   120.34049387259101        4.9779626098064664     
   120.62714121177152        5.3531559900980472     
   120.91247819651100        5.7296373794772402     
   121.19550845323150        6.1072429120191973     
   121.47633110362877        6.4807741417933578     
   121.75460638373980        6.8497784321541619     
   122.02985988452338        7.2171475010131676     
   122.30225890965103        7.5852986572407630     
   122.57302958877027        7.9546908400180776     
   122.84393777775648        8.3201937853902717     
   123.11529803043048        8.6846682715488264     
   123.38583322390245        9.0491937509497262     
   123.65542246408103        9.4127383266326596     
   123.92645842265199        9.7717026778287739     
   124.19999190418247        10.121420063426593     
   124.47105708360019        10.459416451735585     
   124.72968678737844        10.787234818055104     
   124.88347724967889        11.001244861821407     
   124.96278434660057        11.131466705874987     
   124.97899274921599        11.164999632859674     
>
   108.69299789951144       -7.9059997420272232     
   109.00606661372134       -7.3903904528747697     
   109.09860903534226       -7.1591223478415804     
   109.20682414405506       -6.9021525027496295     
   109.32593805564355       -6.6223479983259663     
   109.45416142296334       -6.3170079115995055     
   109.59019993439122       -5.9853793760483942     
   109.73282287661750       -5.6451398580338843     
   109.88142119552295       -5.3025449105891385     
   110.03600749617867       -4.9530297790873723     
   110.19672272619835       -4.5936059157523506     
   110.36410202814776       -4.2225217886530979     
   110.53882149220632       -3.8462529666099838     
   110.72123234149269       -3.4660169849037796     
   110.90958648182257       -3.0800445499123570     
   111.09924696588899       -2.6877907787877100     
   111.28849033669215       -2.2891817599763220     
   111.47137845980859       -1.8874518401417035     
   111.64834162653045       -1.4817564795173335     
   111.82049996931606       -1.0708305873267665     
   111.98969325559436      -0.65492741090840378     
   112.16195530373800      -0.23962297536929122     
   112.33791464843073       0.17544196381812116     
   112.51715073866264       0.59181725744653391     
   112.69924875300156        1.0108126869991678     
   112.88501083233838        1.4287590308581106     
   113.07245683458825        1.8450019712395311     
   113.26086082224492        2.2606209605994176     
   113.45021019023724        2.6765390339200388     
   113.64173679779047        3.0922090165222724     
   113.83627143368444        3.5072859878230482     
   114.03424324329575        3.9219624616361717     
   114.23625669708144        4.3365867962913898     
   114.44284636464950        4.7503854987867991     
   114.65443738067206        5.1624865273824785     
   114.87188402519793        5.5727919062981845     
   115.09396246041074        5.9809349425552423     
   115.31703841511711        6.3854694907189797     
   115.54033667744181        6.7851310329707344     
   115.76547699902659        7.1799797298773180     
   115.99228004408660        7.5705954147112715     
   116.22088733319323        7.9582735450113322     
   116.45158935594058        8.3428657247126932     
   116.68407327738122        8.7221425750965391     
   116.91912806037706        9.0960044015092887     
   117.15579858431019        9.4649279048232291     
   117.39063621630771        9.8282977283835109     
   117.62348396593811        10.187050658159105     
   117.85467300279777        10.539535429830396     
   118.08480550551262        10.885006052368880     
   118.31407226902310        11.222079978653381     
   118.54203727245928        11.550933106722111     
   118.76823355523112        11.871699508695400     
   118.99268002494530        12.182778340538196     
   119.21339711247478        12.482851226400594     
   119.43007427470319        12.769679047281528     
   119.64496896528055        13.039805148899166     
   119.86103191676968        13.298750552413756     
   120.08195985276191        13.555578876934248     
   120.30859101048812        13.819416766925311     
   120.53882206194098        14.090479081554141     
   120.77364823478291        14.360109574692784     
   120.93460983664765        14.528777458687578     
   121.03052468775687        14.618952991722677     
   121.07799939638249        14.659999114065839     
>
   108.69299789951144       -7.9059997420272232     
   109.12948286527374       -7.4734366722634453     
   109.25267795512337       -7.2744060366762024     
   109.40336126738730       -7.0507903557418325     
   109.57059675693411       -6.8100140163630378     
   109.75252001915040       -6.5494333913466516     
   109.94768834634813       -6.2682337347306678     
   110.15583130245555       -5.9663428538349121     
   110.37511771441039       -5.6573765173239776     
   110.60446526496776       -5.3444814093211592     
   110.84321390676601       -5.0247658119149001     
   111.08288787537764       -4.6981174253804809     
   111.32215046030383       -4.3633909071173074     
   111.56213611794735       -4.0222432510227870     
   111.80342754636962       -3.6784582702706685     
   112.04708185267329       -3.3299274802335468     
   112.29527398458808       -2.9744209292348249     
   112.54716856967200       -2.6124863649114070     
   112.80086682584479       -2.2468212724877028     
   113.05350625604166       -1.8803019000152312     
   113.30341611537848       -1.5125214474707696     
   113.55150053123080       -1.1420423637863379     
   113.79859945970293      -0.76780295819710331     
   114.04618024566733      -0.39218959985337859     
   114.29480954436765       -1.5727691038678222E-002
   114.54462085496644       0.36248517674921704     
   114.79565141971935       0.74335198497030563     
   115.04758210114335        1.1266292265684332     
   115.29913520339086        1.5097701042151144     
   115.54974808192274        1.8928611345350066     
   115.79891309614659        2.2760891017641236     
   116.04621141392587        2.6596321957717941     
   116.29278952377672        3.0426390012981459     
   116.53975609900186        3.4253736518793834     
   116.78759758075579        3.8087643391177903     
   117.03633860622308        4.1935077796728564     
   117.28411305191685        4.5787468287069197     
   117.53013825751079        4.9626377080865565     
   117.77390371762360        5.3451764071073127     
   118.01641669203111        5.7275426458365324     
   118.25730189338793        6.1098767989301193     
   118.49866207674374        6.4911234781588085     
   118.74283089913310        6.8700319166906372     
   118.99544626510323        7.2466760260791192     
   119.25456011820489        7.6194394924291675     
   119.51660350443156        7.9865736485987080     
   119.77855750924464        8.3441697766181235     
   120.04033103235729        8.6911472781158707     
   120.30254974366437        9.0263963338736612     
   120.56670849001178        9.3492483021631898     
   120.83372801455066        9.6602108235768114     
   121.10193012394579        9.9632441822842654     
   121.36596281958178        10.260466030237430     
   121.62485379210736        10.554616824494151     
   121.88150793746296        10.850473887017291     
   122.13996518094970        11.158354468536666     
   122.40366384220042        11.492703980581135     
   122.67641924706675        11.842919266489066     
   122.96134312924744        12.196466874840748     
   123.25422596793884        12.549077697223460     
   123.53859637290481        12.900920756182060     
   123.64964819558237        13.044580179030909     
   123.71053298102989        13.125278417440477     
   123.73361343924886        13.155706486219753     
   123.73399732096091        13.156199802867633     
>
   108.69299789951144       -7.9059997420272232     
   108.35139073127802       -7.3732045842880600     
   108.27325705188808       -7.1530025858020858     
   108.17206411371700       -6.8902934226360202     
   108.06151592092736       -6.6030977628608465     
   107.94146465041212       -6.2887181212521552     
   107.81128291340309       -5.9467751997601237     
   107.67300528297413       -5.5985348993170492     
   107.52828073161378       -5.2480153728283705     
   107.37774638837246       -4.8905613383381921     
   107.22180389665341       -4.5232065934236658     
   107.06074890267068       -4.1452246276207827     
   106.89496299630520       -3.7646420064581712     
   106.72486214490465       -3.3816099907895358     
   106.55192515249713       -2.9947466064514776     
   106.37961096519560       -2.6035012410181992     
   106.21181569589851       -2.2087516658074136     
   106.05209282875236       -1.8117010921554140     
   105.89866562168393       -1.4102696833237522     
   105.75062708252877       -1.0035412798235077     
   105.60576674017473      -0.59257642650395637     
   105.45796368666680      -0.18156745543540748     
   105.30764076484603       0.22974804804500637     
   105.15544312517173       0.64250454034007509     
   105.00184632260066        1.0574984327628683     
   104.84606196722865        1.4721628744626292     
   104.68856790584357        1.8867642908066797     
   104.53034160441668        2.3021323246592815     
   104.37287561796275        2.7183506278561973     
   104.21547724052679        3.1338882572114390     
   104.05772076447882        3.5479396340874696     
   103.89979469292824        3.9605763782066883     
   103.74217114308505        4.3723135786125837     
   103.58484954199149        4.7836336657552305     
   103.42774165414954        5.1947131106306204     
   103.27092310998613        5.6055983228188637     
   103.11450678218368        6.0163574842956882     
   102.95823713157270        6.4271332615481080     
   102.80183627363031        6.8380895205009713     
   102.64554313175039        7.2493414256678959     
   102.48976164116728        7.6610316435358987     
   102.33502121486896        8.0732060107273131     
   102.18108751312374        8.4858238472398178     
   102.02814846608318        8.8986594077084149     
   101.87649456334134        9.3114073056367967     
   101.72644379646566        9.7235352632480971     
   101.57780938122013        10.133930596535137     
   101.43075174578291        10.541790591649276     
   101.28532302931194        10.946294200092936     
   101.14165157434974        11.346901122680347     
   100.99940162763768        11.743528853491309     
   100.85846604607109        12.135956230823050     
   100.71896629669912        12.524014232130712     
   100.58117396150917        12.907553315433928     
   100.44527754361052        13.286546551717073     
   100.31109025876718        13.661108532535993     
   100.17864992219258        14.031151022392683     
   100.04801669445354        14.396379520988647     
   99.919240422876854        14.756148304906738     
   99.791751587429985        15.111053823195094     
   99.665170890063152        15.461811127162138     
   99.539328735273685        15.808684923301847     
   99.414103656012387        16.151617342878538     
   99.289266469167586        16.490236536293509     
   99.164033941455159        16.824486926642177     
   99.046658956726517        17.131793404466805     
   99.002995563248021        17.244300539903488     
>
   108.69299789951144       -7.9059997420272232     
   108.97534920126358       -7.3816751920955586     
   109.06095195826299       -7.1433098590515831     
   109.15910592837326       -6.8821929455538768     
   109.26686324382050       -6.5976586746630268     
   109.38243513041806       -6.2870198743946464     
   109.50462525232298       -5.9500995007949662     
   109.63231634186590       -5.6068301820441162     
   109.76518525085932       -5.2608582214488431     
   109.90331219339232       -4.9076750142447239     
   110.04692520666107       -4.5443281089956091     
   110.19658349745799       -4.1696337749297010     
   110.35293508103139       -3.7908336254181383     
   110.51627503063754       -3.4079425573631830     
   110.68673111586119       -3.0187380675393674     
   110.86336597777556       -2.6221160663061998     
   111.03787917703363       -2.2201013864553252     
   111.20421454990935       -1.8149629407923249     
   111.36318970715365       -1.4053857912139636     
   111.51563772937745      -0.99028418272868324     
   111.66454659139920      -0.57105498640214103     
   111.81688059502494      -0.15318255409671319     
   111.97280074139061       0.26444751706811864     
   112.13193861864418       0.68375119790595518     
   112.29406389775845        1.1048923543416438     
   112.45981256186829        1.5249901546614333     
   112.62819568584682        1.9450530045566921     
   112.79861624768814        2.3661615023989673     
   112.97040159495951        2.7879959377474721     
   113.14323602792454        3.2086242969707888     
   113.31715908067004        3.6279342803441961     
   113.49205558868238        4.0461115261881515     
   113.66794274069494        4.4632522914095576     
   113.84579341901676        4.8790322819053946     
   114.02609635663349        5.2934182661244709     
   114.20930304427515        5.7064331623779534     
   114.39609300986784        6.1179784219278215     
   114.58707301569974        6.5274312396680987     
   114.78286242913012        6.9340645321769978     
   114.98356209072814        7.3370962120859273     
   115.18576748536984        7.7361698996562360     
   115.38886382935820        8.1311096968497125     
   115.59274397958848        8.5216193844945156     
   115.79771847917701        8.9066493039391759     
   116.00408984983119        9.2862590427927270     
   116.21260694736841        9.6594705621261010     
   116.42249226808237        10.030872680792802     
   116.63376471957972        10.400870479942716     
   116.84576769224552        10.768952308279031     
   117.05781993928036        11.134761786063091     
   117.26659257598712        11.498960679529855     
   117.47143701415975        11.863442041181761     
   117.67201062504635        12.227055371798196     
   117.86826585315121        12.589204222331029     
   118.06008810691850        12.949166093020708     
   118.24827494357686        13.306675131457686     
   118.43329790737853        13.661932445822462     
   118.61511803719456        14.014559311022991     
   118.79312054932788        14.364572915792651     
   118.96658351697668        14.711915391395738     
   119.13574872832380        15.056153581751193     
   119.30169334399413        15.397160290232032     
   119.46670060073770        15.735138343892093     
   119.63413949029615        16.070488240219024     
   119.80719966862618        16.403811011923189     
   119.98619798137973        16.734370981216113     
   120.16791612471104        17.063076859135592     
   120.35287377132590        17.387915845003342     
   120.45267442209358        17.546213766152633     
   120.45599757721286        17.551000255439959     
>
   108.69299789951144       -7.9059997420272232     
   108.36117283944206       -7.3748822046655205     
   108.28718909324679       -7.1576441167712783     
   108.18928321385491       -6.8944038217439063     
   108.08232517450965       -6.6065733247493945     
   107.96619178928849       -6.2913628943608826     
   107.84022472970315       -5.9483216128061498     
   107.70638637614735       -5.5988775280690026     
   107.56631596082732       -5.2472292747553251     
   107.42065806124467       -4.8886528159757212     
   107.26981947742260       -4.5201315290227715     
   107.11410674177300       -4.1409692701947627     
   106.95390602783903       -3.7592539115026979     
   106.78963273001060       -3.3750519160489638     
   106.62177042465333       -2.9866524319049055     
   106.45368065505775       -2.5934928145313632     
   106.29073088969925       -2.1968759699182083     
   106.13647461272433       -1.7978572862947022     
   105.98918378347098       -1.3944050553758482     
   105.84797203625482      -0.98556644837485896     
   105.71020605712269      -0.57259395099703680     
   105.56944178993207      -0.15974349362618148     
   105.42615364372413       0.25338885897203384     
   105.28095181853371       0.66794214686263231     
   105.13426144903296        1.0846073571273136     
   104.98539441292908        1.5008600377909804     
   104.83490418743678        1.9171344908502561     
   104.68355051457122        2.3344030256564210     
   104.53210344958767        2.7532082332263652     
   104.38053491755494        3.1711998407498636     
   104.22859052521905        3.5876702453696216     
   104.07665816499652        4.0030399980955611     
   103.92510452986603        4.4177726217710456     
   103.77392961982758        4.8322050155702350     
   103.62308072276549        5.2464087992155291     
   103.47261226966880        5.6604355389070564     
   103.32261077716211        6.0743608650716663     
   103.17263334888219        6.4883377574364021     
   103.02244850988617        6.9025111743193994     
   102.87225049286124        7.3170008638965083     
   102.72226447021461        7.7319408982880580     
   102.57244861602841        8.1475925462413574     
   102.42257603902206        8.5640520646633114     
   102.27279971892260        8.9812163211536635     
   102.12370865632707        9.3990079664122259     
   101.97590904056581        9.8170551508403072     
   101.82973777081300        10.234743090740835     
   101.68506593156835        10.651452991712294     
   101.54169069577796        11.066491001884087     
   101.39943272765701        11.479563766873264     
   101.25844443397473        11.890155624678567     
   101.11900828291627        12.297691325689684     
   100.98118844575289        12.701827668196888     
   100.84486345543540        13.102481573322192     
   100.70987116491231        13.500014577424269     
   100.57643502771751        13.894353341907376     
   100.44484839823390        14.285335719720008     
   100.31527227759746        14.672792688317303     
   100.18763619200135        15.056411985709605     
   100.06185305186312        15.435960991038566     
   99.938026562540841        15.811415067119674     
   99.816285639534783        16.182691708032735     
   99.696628563971629        16.549569752074976     
   99.578584937514648        16.911451031324930     
   99.461904950572162        17.268332108035921     
   99.346348533834629        17.620269132070312     
   99.231727757150551        17.966983072989628     
   99.117728639656860        18.307659184831877     
   99.003700301316428        18.641207701901049     
   98.943799284375785        18.813800346683273     
>
   108.69299789951144       -7.9059997420272232     
   108.97599377876516       -7.3812116692521981     
   109.06165268562692       -7.1433270477849584     
   109.15989661010855       -6.8826014644504374     
   109.26772841006705       -6.5985473321785459     
   109.38335415469587       -6.2884986784227275     
   109.50559813463204       -5.9522326226068785     
   109.63335568727733       -5.6095081867040344     
   109.76629793486650       -5.2641000165634813     
   109.90450509148860       -4.9115172691119495     
   110.04821378870646       -4.5488189520688760     
   110.19798724401701       -4.1747709143778895     
   110.35446659717516       -3.7965391389832805     
   110.51794176481719       -3.4142468118075753     
   110.68853879765452       -3.0256811699075530     
   110.86527335422248       -2.6297856791383944     
   111.04003292532559       -2.2284797480603742     
   111.20663988018866       -1.8241147953992758     
   111.36592214280260       -1.4153609861496061     
   111.51870477236943       -1.0011669427865577     
   111.66781187778278      -0.58272269861750137     
   111.82027766169774      -0.16556703649383631     
   111.97635078779045       0.25139725773158039     
   112.13564680139109       0.67005693402561095     
   112.29785458642556        1.0906136735265290     
   112.46351100433294        1.5103235814298090     
   112.63167755027094        1.9301813124401193     
   112.80191992224293        2.3508709781458088     
   112.97339644527131        2.7723398664311922     
   113.14576792835076        3.1926874763427069     
   113.31902176641019        3.6117298884332341     
   113.49295112169126        4.0296252390498291     
   113.66744140263815        4.4464525963660213     
   113.84336006732855        4.8619913716368215     
   114.02116605494359        5.2762702127511893     
   114.20123751761754        5.6893647501359776     
   114.38416345594740        6.1012474818177873     
   114.57060563616814        6.5114147779087101     
   114.76113243239668        6.9192919617562243     
   114.95613402888067        7.3242533634654547     
   115.15393051341157        7.7255466894723339     
   115.35362807185378        8.1229461944118597     
   115.55406417287337        8.5168775859139654     
   115.75538205591512        8.9065278368899872     
   115.95798049959335        9.2906347213523777     
   116.16229380590470        9.6687759694178741     
   116.36812716920423        10.043948723229404     
   116.57568570837689        10.415653363603518     
   116.78487202060020        10.784870221300400     
   116.99547525741148        11.150318735683571     
   117.20402501354212        11.515043604391630     
   117.40932839089589        11.880718437097579     
   117.61090238606496        12.246652246719723     
   117.80848515734419        12.611908247289087     
   118.00175928612394        12.976085941318020     
   118.19100322988493        13.339647705734331     
   118.37655732554789        13.702639377160349     
   118.55853329987987        14.064706867688539     
   118.73692485034522        14.425639328856160     
   118.91127934029845        14.785704904903872     
   119.08173599847986        15.144605657786498     
   119.24774994204147        15.502667027522611     
   119.41005512989840        15.860384049633435     
   119.57047013004180        16.218407031198346     
   119.73213532405936        16.576358965998637     
   119.89904537358763        16.929568529260600     
   120.07220811136013        17.278175522682350     
   120.24910538793739        17.625236103058082     
   120.42716233105972        17.971775864812525     
   120.56587770123198        18.234569252772136     
   120.61899948172928        18.325000324976749     
>
   108.69299789951144       -7.9059997420272232     
   109.27404355070925       -7.7931574262897163     
   109.38530049227175       -7.6810462046784513     
   109.59698318153900       -7.5417217803869301     
   109.83914722465899       -7.4035209263003949     
   110.10989842321372       -7.2592845349679047     
   110.40747493203219       -7.1072083623428002     
   110.73128545868630       -6.9467990917772040     
   111.06841782666429       -6.7783300241317859     
   111.40169934540835       -6.6025924140996048     
   111.73468980160058       -6.4193547867378671     
   112.07008897229652       -6.2285902130309534     
   112.41002940635030       -6.0303376541078464     
   112.75518318323689       -5.8273811118176155     
   113.10308257380134       -5.6220702860127068     
   113.44979307697399       -5.4145157575445024     
   113.79689949397205       -5.2048642036044726     
   114.14590182826147       -4.9932370912418076     
   114.49795287089390       -4.7796888514455294     
   114.85370121007544       -4.5644784611318308     
   115.21224042659938       -4.3502438179160867     
   115.57135890343812       -4.1344851070077056     
   115.93165996513306       -3.9192500795095015     
   116.29330919648244       -3.7040637534225276     
   116.65669391694499       -3.4883256689941979     
   117.02195163638768       -3.2716221507079379     
   117.38771470459164       -3.0531785596462870     
   117.75370122632948       -2.8327811825576097     
   118.12052999600270       -2.6103824639462330     
   118.48851900517879       -2.3866934444161267     
   118.85779086682248       -2.1626451803584708     
   119.22834558093375       -1.9379574954192427     
   119.59940106014405       -1.7121611371772878     
   119.97114580756269       -1.4851650053457157     
   120.34376603446796       -1.2569799861223310     
   120.71740440734683       -1.0276215493671716     
   121.09220817634856      -0.79715443930928576     
   121.46766683609189      -0.56603186555201024     
   121.84348989698282      -0.33438961908901216     
   122.21972720634807      -0.10227468245818500     
   122.59652773321028       0.13030664180490020     
   122.97402612264752       0.36333200834685525     
   123.35204189295936       0.59682949209886016     
   123.73010407285133       0.83101223335477248     
   124.10823099697237        1.0656012016761285     
   124.48664841068742        1.3004881080426614     
   124.86545772752345        1.5357875440102087     
   125.24467842804494        1.7715539405677936     
   125.62403148181342        2.0080703388583339     
   126.00356043362009        2.2454318498731749     
   126.38343831671432        2.4836527975567959     
   126.76382212152755        2.7226546866934487     
   127.14478117595110        2.9620221228932229     
   127.52590982587728        3.2016238988246841     
   127.90660933042683        3.4413356826497492     
   128.28688885692424        3.6810411639392431     
   128.66675069720065        3.9206079894461747     
   129.04618052731152        4.1598808876123821     
   129.42512907288790        4.3986839603996568     
   129.80342043589155        4.6368533418831515     
   130.18100534195347        4.8743672596672560     
   130.55787004008693        5.1112062331874784     
   130.93400249817861        5.3473106748347838     
   131.30939354890401        5.5825751603778011     
   131.68389937986055        5.8168982762896135     
   132.05761739387074        6.0503980518727349     
   132.43088735489755        6.2833569553123043     
   132.80387943140153        6.5161050102891327     
   133.17652372253352        6.7488989018882970     
   133.54872798209107        6.9821912667553532     
   133.92042230922516        7.2165086530893747     
   134.29124344870374        7.4516178670742317     
   134.66110660277556        7.6867081734523763     
   135.02934943224781        7.9213017254359652     
   135.39574160809332        8.1546553967853956     
   135.76086525541569        8.3864162455086841     
   136.12477996182398        8.6163780068053271     
   136.48670535882292        8.8444535910928863     
   136.84595733482422        9.0708171775362381     
   137.20195949430192        9.2954005841596530     
   137.55486195219422        9.5180789061672737     
   137.90585359589298        9.7379629130858003     
   138.25494932230038        9.9544183406536710     
   138.60257770383527        10.167400498164113     
   138.94815203173178        10.377202167042290     
   139.29067421353858        10.583861162501623     
   139.63018607517353        10.787531610184722     
   139.96858754463238        10.989090135493738     
   140.30529936160048        11.188892545209544     
   140.63953829279353        11.386996708067842     
   140.97093592635966        11.583102394192338     
   141.29966758737916        11.776488249739030     
   141.62773690920596        11.966077687040833     
   141.95773996353753        12.150686402368164     
   142.28783354519820        12.329189106642701     
   142.61487784555806        12.501200772236832     
   142.93811140372850        12.667082935509219     
   143.25924679051158        12.827393084379016     
   143.58035352940573        12.982657194087517     
   143.89948299100388        13.134056130617621     
   144.21292527368578        13.282021904134837     
   144.52008908502341        13.426729839719599     
   144.78588706357709        13.551497125715322     
   144.86838897307555        13.589299734070510     
>
   108.69299789951144       -7.9059997420272232     
   109.27275955232609       -7.7963390608375400     
   109.38086236131417       -7.6858000353723650     
   109.59195490406886       -7.5465105615053734     
   109.83361417138538       -7.4087273936398645     
   110.10395742400134       -7.2650330203664844     
   110.40119646068786       -7.1135595993250860     
   110.72471878957904       -6.9537983440077502     
   111.06213820940440       -6.7859898966817349     
   111.39568844534689       -6.6109484303512644     
   111.72888688521299       -6.4284396052846535     
   112.06444591112931       -6.2384347735929406     
   112.40451526068340       -6.0409734693628918     
   112.74988389673720       -5.8385354538628249     
   113.09808122534683       -5.6337729486525969     
   113.44507648853575       -5.4267885131746834     
   113.79243729878776       -5.2177225220849834     
   114.14166480548437       -5.0066981613060229     
   114.49393471798848       -4.7937698618268252     
   114.84989791633720       -4.5791536287301424     
   115.20873106020188       -4.3656901866851836     
   115.56816695565027       -4.1505961068006600     
   115.92879001961713       -3.9359615390550435     
   116.29076526394287       -3.7214215093429930     
   116.65448516470623       -3.5063704012919077     
   117.02008665881645       -3.2903968312163312     
   117.38620037718124       -3.0727158469587783     
   117.75253353837549       -2.8531051409009249     
   118.11970264496955       -2.6315171575470968     
   118.48806121191322       -2.4085139684786778     
   118.85771007977560       -2.1851521078404876     
   119.22864351897894       -1.9611748905474511     
   119.60007657736570       -1.7361101993895178     
   119.97219775804531       -1.5098663611220178     
   120.34519728300035       -1.2824508241960810     
   120.71921667280239       -1.0538813503028619     
   121.09440604238952      -0.82419288986689099     
   121.47026405370498      -0.59376703276910658     
   121.84648990391463      -0.36283754578341704     
   122.22313344034531      -0.13145141144771547     
   122.60034134018855       0.10038220291353095     
   122.97825168626900       0.33264438969360910     
   123.35667826730855       0.56536723452815352     
   123.73515183088597       0.79876273179546309     
   124.11369529531247        1.0326125845816680     
   124.49253039524855        1.2667529269619204     
   124.87175682534783        1.5012851724631369     
   125.25139234730145        1.7362666168632357     
   125.63115449292427        1.9719888956718232     
   126.01109540137418        2.2085436821335689     
   126.39138867885831        2.4459447272351733     
   126.77219704538591        2.6841570805521071     
   127.15359040180608        2.9227636288211207     
   127.53513673795331        3.1615919117506799     
   127.91626596083724        3.4005267648271680     
   128.29699010257130        3.6394524505791890     
   128.67731202794440        3.8782366157597505     
   129.05722027780089        4.1167257076840311     
   129.43667245326517        4.3547547145116248     
   129.81549723996125        4.5921626351065790     
   130.19362359112449        4.8289001950998856     
   130.57104004759933        5.0649484868848305     
   130.94773629614571        5.3002525065146120     
   131.32370431535475        5.5347102675045337     
   131.69877680155491        5.7682163456232267     
   132.07303224996198        6.0008566845375677     
   132.44675198284548        6.2328702076414784     
   132.82019440416389        6.4646465262248070     
   133.19329534264585        6.6964320121326013     
   133.56596942758236        6.9286787290526410     
   133.93816165502656        7.1619384353262845     
   134.30943600410851        7.3960707562976280     
   134.67971283369687        7.6303021989647712     
   135.04837163051684        7.8641961694999729     
   135.41507434947863        8.0969929258880331     
   135.78060938048645        8.3282289452855878     
   136.14488848804231        8.5576624395098211     
   136.50721667436005        8.7852567392628647     
   136.86682560305775        9.0110943504649192     
   137.22316981832964        9.2352085046671810     
   137.57638396525383        9.4574628379182037     
   137.92760937572646        9.6770334369315147     
   138.27680250495632        9.8932281687098573     
   138.62437817437555        10.105975986488611     
   138.96973019465372        10.315421275628132     
   139.31203923616667        10.521717015855465     
   139.65134540595886        10.725041969997712     
   139.98959561456405        10.926238958948058     
   140.32617679715844        11.125639725260656     
   140.66015904326648        11.323208745553194     
   140.99130744019860        11.518836011932068     
   141.31971136936846        11.711894135629066     
   141.64711262242474        11.901419401659600     
   141.97619894430960        12.086246413900801     
   142.30549726057276        12.265149615662988     
   142.63195313329336        12.437662619313906     
   142.95464410044696        12.604072476700926     
   143.27518590297078        12.764891412078642     
   143.59577927169474        12.920520495892484     
   143.91464631863005        13.071740669595483     
   144.22814761596325        13.219433142252027     
   144.53553774562363        13.363770374153654     
   144.81682105407535        13.495278508421510     
   144.91408923145903        13.539699352084083     
>
